name,score,label
abc_00000020_ad34a3f60c4a4caa99646600_trimesh_000.obj,8.076217757964817e-05,0
abc_00000027_ad34a3f60c4a4caa99646600_trimesh_007.obj,0.00016115526826373147,0
abc_00000032_ad34a3f60c4a4caa99646600_trimesh_012.obj,5.326609546803714e-05,0
abc_00000061_767e4372b5f94a88a7a17d90_trimesh_002.obj,2.3544896369761165e-05,0
abc_00000063_767e4372b5f94a88a7a17d90_trimesh_004.obj,2.1028182648781996e-05,0
abc_00000066_767e4372b5f94a88a7a17d90_trimesh_007.obj,0.00863930628741135,0
abc_00000098_72cf0f9ca5324822a4d41a80_trimesh_000.obj,3.538106830092147e-05,0
abc_00000129_e18c7feacfb54f3880659b43_trimesh_004.obj,1.2413606782502029e-05,0
abc_00000130_e18c7feacfb54f3880659b43_trimesh_005.obj,1.3820586900692433e-05,0
abc_00000134_1418f3c3ca954e799c8860af_trimesh_000.obj,4.203028917496947e-06,0
abc_00000140_2fc54fcd110d4f49969163c4_trimesh_003.obj,7.958087394399627e-06,0
abc_00000154_a951550b8a1043a68423c541_trimesh_004.obj,5.718722301632321e-05,0
abc_00000161_a583c6c3cdc143bab3f6c856_trimesh_000.obj,1.4755660686205374e-05,0
abc_00000168_bfdc19149a8b4e72b3d0f5c5_trimesh_000.obj,3.050048978063084e-05,0
abc_00000172_b21aa794b6b64d87a57c245e_trimesh_002.obj,8.262306801043451e-05,0
abc_00000243_4829bc0645d6414d9b5cec31_trimesh_006.obj,1.2026840977341635e-05,0
abc_00000259_845fb06d7f2f4802a806a600_trimesh_004.obj,3.787853165704291e-05,0
abc_00000267_845fb06d7f2f4802a806a600_trimesh_012.obj,2.2823183826403692e-05,0
abc_00000269_845fb06d7f2f4802a806a600_trimesh_014.obj,1.8234278968520812e-05,0
abc_00000280_5a6ef3285b89452ea6b390e7_trimesh_001.obj,2.5537216667241108e-05,0
abc_00000291_58f8ff46b7564e989f9695b7_trimesh_004.obj,2.0006979705537256e-06,0
abc_00000295_52a153d2417747b5926ff9df_trimesh_000.obj,1.0873869731161298e-05,0
abc_00000296_52a153d2417747b5926ff9df_trimesh_001.obj,2.3950665005637955e-05,0
abc_00000318_3062bccff48e47a2b9de05e3_trimesh_013.obj,6.251147957906748e-05,0
abc_00000329_12a935cd9b684f879c0505fe_trimesh_000.obj,4.446668299351586e-05,0
abc_00000336_1a821c3883f7459a9615fca4_trimesh_000.obj,2.1967824219852144e-05,0
abc_00000342_fe70be720f7e49fa90ded969_trimesh_001.obj,4.287932597435429e-06,0
abc_00000352_4185972a944744d8a7a0f2b4_trimesh_008.obj,2.492454200364591e-05,0
abc_00000355_68d1a5c2319a4a419ff625c6_trimesh_001.obj,1.6104469220105482e-05,0
abc_00000357_68d1a5c2319a4a419ff625c6_trimesh_003.obj,1.0172140188539439e-05,0
abc_00000361_9ee540a56d79451e8026e1e6_trimesh_003.obj,2.362660779908765e-05,0
abc_00000362_9ee540a56d79451e8026e1e6_trimesh_004.obj,3.157825146142083e-05,0
abc_00000369_23c957e8e7b2428282a13ae2_trimesh_002.obj,2.1086816474280567e-05,0
abc_00000377_23c957e8e7b2428282a13ae2_trimesh_010.obj,2.112614401994506e-05,0
abc_00000378_23c957e8e7b2428282a13ae2_trimesh_011.obj,2.085966737771135e-05,0
abc_00000399_2a4de304cbd9449ba073b442_trimesh_003.obj,0.009928798380618295,0
abc_00000420_bd0972033f464f8f961a150a_trimesh_001.obj,4.473525890110371e-05,0
abc_00000461_516b1784884d4facbc4c0d74_trimesh_009.obj,2.3835097332873072e-05,0
abc_00000486_a7d0c851b5f24a97a7cac950_trimesh_003.obj,0.00010441598230196784,0
abc_00000500_5499914343bd4f549b38046d_trimesh_001.obj,0.00010847047572800268,0
abc_00000501_5499914343bd4f549b38046d_trimesh_002.obj,9.665615895452599e-05,0
abc_00000526_f9d6559308dc4c85aab9fa38_trimesh_000.obj,4.932501061224078e-06,0
abc_00000541_ee945ee6b30a473d9b86447f_trimesh_000.obj,2.2738016923540272e-05,0
abc_00000566_2f2b015ef4904c1caef56154_trimesh_000.obj,1.7422903814197827e-05,0
abc_00000611_04e799936ae446b9a3d8d2b8_trimesh_002.obj,4.761637137562502e-05,0
abc_00000616_c710d414bbbc4340b682c58a_trimesh_002.obj,3.7490998844684023e-06,0
abc_00000632_4f322b34e87c43289916c298_trimesh_001.obj,1.883054513503642e-05,0
abc_00000655_d87d11d9c3ca4ee5a88797ae_trimesh_003.obj,0.00014936588559066877,0
abc_00000660_6fae5591b3034f949b7e8eae_trimesh_001.obj,2.39940363826463e-05,0
abc_00000694_45f6100bfa3948e69405bb21_trimesh_000.obj,1.1548656705902735e-05,0
abc_00000711_7ad02ca9009d40fd8c345639_trimesh_000.obj,3.9392469867986314e-05,0
abc_00000714_7ad02ca9009d40fd8c345639_trimesh_003.obj,6.553171616966817e-05,0
abc_00000719_4332e25d10a247f084c68cba_trimesh_002.obj,0.0001422935626275527,0
abc_00000733_4a23e5ff37ae4a19b5c7859d_trimesh_000.obj,2.489953688685394e-05,0
abc_00000746_6cb3ddbb49974d7db0e97135_trimesh_001.obj,3.5468604134318106e-05,0
abc_00000752_6f0d90054d40400593050930_trimesh_001.obj,1.2838053711069127e-05,0
abc_00000806_05cadeb104be4c8aa75ccc71_trimesh_000.obj,6.910543485597979e-06,0
abc_00000813_36e6258346004cabb4c091b2_trimesh_001.obj,0.00019682468549338714,0
abc_00000818_6bbad2756d7845bd8d731d60_trimesh_000.obj,1.0779705765647426e-05,0
abc_00000848_2c1efcc32d094e9fb9e1a88e_trimesh_008.obj,4.958718697404644e-05,0
abc_00000850_2c1efcc32d094e9fb9e1a88e_trimesh_010.obj,0.0001983989932341501,0
abc_00000852_2c1efcc32d094e9fb9e1a88e_trimesh_012.obj,6.455010043282527e-05,0
abc_00000854_2c1efcc32d094e9fb9e1a88e_trimesh_014.obj,0.00011738143803086132,0
abc_00000862_029c2575dd474650ba1b8d21_trimesh_002.obj,6.834443532473718e-05,0
abc_00000873_029c2575dd474650ba1b8d21_trimesh_013.obj,0.0003452590123439829,0
abc_00000876_029c2575dd474650ba1b8d21_trimesh_016.obj,0.0003688906484361117,0
abc_00000878_029c2575dd474650ba1b8d21_trimesh_018.obj,0.22498131760706505,0
abc_00000883_029c2575dd474650ba1b8d21_trimesh_023.obj,0.00028830689067641896,0
abc_00000889_e2d3a4dc5f7c438bb240e9d1_trimesh_000.obj,2.2884465579409152e-05,0
abc_00000912_c9400dcd7ae9428caffe2204_trimesh_005.obj,3.0712604711879976e-05,0
abc_00000948_f297a24e1a4446cf9d74efd9_trimesh_007.obj,5.11228014753821e-05,0
abc_00000949_f297a24e1a4446cf9d74efd9_trimesh_008.obj,3.981661075158627e-05,0
abc_00000954_a741c7966d2c40a8a511263e_trimesh_000.obj,1.3019398769150333e-05,0
abc_00000984_0dd1386597104265ab67e6cf_trimesh_007.obj,1.5580027441804607e-05,0
abc_00000993_ac4ba032d4b5431ca04f542c_trimesh_000.obj,0.00021885196232081702,0
abc_00000994_ac4ba032d4b5431ca04f542c_trimesh_001.obj,0.0002172507083741948,0
abc_00001024_21adcacb9707488ea6655fd2_trimesh_000.obj,5.977677331732897e-05,0
abc_00001030_cde47df6e28543d1b434f206_trimesh_002.obj,5.568287576807052e-06,0
abc_00001037_be3ed2c9696e4e6a91b34f79_trimesh_002.obj,0.0003162798287424569,0
abc_00001049_2b2638f82b3946b1867f2d11_trimesh_005.obj,0.0003042546595679596,0
abc_00001129_c2db313c2ce749d784c610d2_trimesh_001.obj,6.437909784532773e-05,0
abc_00001173_0889c458f3f74dc288d2d531_trimesh_004.obj,2.11348348481503e-05,0
abc_00001192_c69a73fe64c84fa5a34c9f79_trimesh_000.obj,6.329015332084964e-05,0
abc_00001210_4be610c137ba42ae9933e69b_trimesh_000.obj,0.00020865209323043624,0
abc_00001212_4be610c137ba42ae9933e69b_trimesh_002.obj,1.8985008409799775e-06,0
abc_00001225_5b328344bcd7429b89dba948_trimesh_000.obj,5.0208082636042185e-05,0
abc_00001245_96503b6a26c64074ad598927_trimesh_007.obj,1.4985777776625278e-05,0
abc_00001246_96503b6a26c64074ad598927_trimesh_008.obj,1.708548925686652e-05,0
abc_00001247_96503b6a26c64074ad598927_trimesh_009.obj,6.467252357348722e-06,0
abc_00001249_96503b6a26c64074ad598927_trimesh_011.obj,4.819718318079443e-05,0
abc_00001289_b53ece83d8964b44bbf1f8ed_trimesh_025.obj,2.2921114426329343e-05,0
abc_00001345_d8d97699a52842539e08d117_trimesh_003.obj,2.9649646118438493e-05,0
abc_00001376_2e314c6e080b40fcb6a6db96_trimesh_019.obj,5.8023286934864395e-05,0
abc_00001386_be5d90220c204022acecd5f5_trimesh_000.obj,4.939216402514527e-05,0
abc_00001389_21b525da345e4e62aebd906b_trimesh_000.obj,7.304309061358556e-05,0
abc_00001401_49414db2dd594dc6a3907cf3_trimesh_004.obj,1.355562623454413e-05,0
abc_00001402_49414db2dd594dc6a3907cf3_trimesh_005.obj,1.9821475992406096e-05,0
abc_00001403_49414db2dd594dc6a3907cf3_trimesh_006.obj,1.1553527163717566e-05,0
abc_00001404_49414db2dd594dc6a3907cf3_trimesh_007.obj,9.170384161431382e-05,0
abc_00001417_a45f6c99e2154f3b94955175_trimesh_001.obj,7.173484179171889e-05,0
abc_00001432_a45f6c99e2154f3b94955175_trimesh_016.obj,4.3022373271620985e-05,0
abc_00001450_a45f6c99e2154f3b94955175_trimesh_034.obj,0.08066242838685866,0
abc_00001468_a45f6c99e2154f3b94955175_trimesh_052.obj,3.3157318587958194e-05,0
abc_00001469_a45f6c99e2154f3b94955175_trimesh_053.obj,4.108049937675181e-05,0
abc_00001486_a45f6c99e2154f3b94955175_trimesh_070.obj,1.6962346611156438e-05,0
abc_00001490_6c8ef6d2f5564d139a5077f8_trimesh_001.obj,1.7321926255438786e-05,0
abc_00001495_6c8ef6d2f5564d139a5077f8_trimesh_006.obj,2.3484773919335566e-05,0
abc_00001497_eb4e2b01aaca4131bfc64adb_trimesh_001.obj,3.24605165739437e-05,0
abc_00001500_eb4e2b01aaca4131bfc64adb_trimesh_004.obj,3.88155006779319e-05,0
abc_00001517_5696c053883042c4b316adf0_trimesh_001.obj,0.00010811809746276897,0
abc_00001535_e1d62958d7ca4ad18fefd54d_trimesh_002.obj,2.1808050102360237e-05,0
abc_00001542_e1d62958d7ca4ad18fefd54d_trimesh_009.obj,0.00010422921332065016,0
abc_00001550_a94d978cf62948ce80b417a9_trimesh_000.obj,3.57300198932838e-05,0
abc_00001560_b76a69da5d3445f9bf397a98_trimesh_000.obj,3.7680810237361584e-05,0
abc_00001563_2e9dc7e9a1a54dd7ab901478_trimesh_000.obj,5.9892590040059685e-06,0
abc_00001567_9280741c840d4aa1af32658e_trimesh_002.obj,5.244675937395489e-06,0
abc_00001598_c118664e9f6f4943855293fa_trimesh_000.obj,3.868334048699277e-05,0
abc_00001600_c118664e9f6f4943855293fa_trimesh_002.obj,3.271880753648778e-05,0
abc_00001614_8c3b97c1382c43bab3eb1b48_trimesh_002.obj,4.6724012160363294e-05,0
abc_00001628_403be38599f04115b74521a6_trimesh_000.obj,1.3623989919627396e-05,0
abc_00001630_c1de5979807b4b6a8c5b0e49_trimesh_001.obj,0.7763861020406088,0
abc_00001649_07f31e6ec73a4ba68df19f1f_trimesh_002.obj,0.00010244495933875442,0
abc_00001665_2d7a230277ef4271b7ffd737_trimesh_000.obj,7.0061193279495155e-06,0
abc_00001677_de1d70dc0e3b4652b6cfce4f_trimesh_004.obj,2.1640215891238768e-05,0
abc_00001679_de1d70dc0e3b4652b6cfce4f_trimesh_006.obj,2.0247877879834657e-05,0
abc_00001683_41da72eee5ca4a5492178124_trimesh_000.obj,2.7648058676277287e-05,0
abc_00001694_2d229d781dc9461a9375c9af_trimesh_003.obj,1.2452945460002715e-05,0
abc_00001703_46556a3837274c098a5fc60a_trimesh_000.obj,2.1025428319868904e-05,0
abc_00001705_46556a3837274c098a5fc60a_trimesh_002.obj,2.6469439111072763e-05,0
abc_00001722_ad7be758db3641a5a3e62d00_trimesh_000.obj,2.7344783726827398e-05,0
abc_00001729_2e4d39f311304cfcab975e6a_trimesh_002.obj,1.9381375447361886e-05,0
abc_00001735_ee1c39157f2e4a089c90e7e8_trimesh_000.obj,3.370918132835262e-05,0
abc_00001736_58088030d4b7419b8ad214f6_trimesh_000.obj,1.0015284412171846e-05,0
abc_00001749_74905c964c8c4708bf6e2e44_trimesh_012.obj,4.0269822117503885e-05,0
abc_00001779_b8592e9925204df1805bd0c3_trimesh_004.obj,4.29512807992675e-05,0
abc_00001794_23e6efbdae254d48b914d347_trimesh_012.obj,7.31020133268127e-05,0
abc_00001805_23e6efbdae254d48b914d347_trimesh_023.obj,0.0001503802353302793,0
abc_00001812_eb80cc3405004d2aadfec0d3_trimesh_001.obj,0.004256987919992146,0
abc_00001813_eb80cc3405004d2aadfec0d3_trimesh_002.obj,0.00014813783006199324,0
abc_00001828_f8ce225b03b045e1a8743a75_trimesh_000.obj,6.38313429609146e-06,0
abc_00001830_9588ed6efa3c45dca239e256_trimesh_000.obj,4.27094031086502e-05,0
abc_00001858_161dbdd1389245c6aa183461_trimesh_001.obj,0.00037857213950095076,0
abc_00001871_e6274ed08407419d8a719730_trimesh_001.obj,9.768297938232232e-06,0
abc_00001876_7dff003bccb549eca063340e_trimesh_002.obj,1.149645231635077e-05,0
abc_00001877_7dff003bccb549eca063340e_trimesh_003.obj,4.117476904260305e-05,0
abc_00001879_7dff003bccb549eca063340e_trimesh_005.obj,3.935151774688469e-05,0
abc_00001881_7dff003bccb549eca063340e_trimesh_007.obj,0.0032890548833771995,0
abc_00001885_7dff003bccb549eca063340e_trimesh_011.obj,1.800956488295924e-05,0
abc_00001894_7dff003bccb549eca063340e_trimesh_020.obj,0.00010093675033810238,0
abc_00001895_7dff003bccb549eca063340e_trimesh_021.obj,9.669202942556392e-05,0
abc_00001905_84deecba8b6449b5988f2e56_trimesh_001.obj,4.166730104770977e-05,0
abc_00001906_84deecba8b6449b5988f2e56_trimesh_002.obj,3.1829789501595464e-05,0
abc_00001909_84deecba8b6449b5988f2e56_trimesh_005.obj,2.469830421129397e-05,0
abc_00001913_9912faaee57b4176b1deb5d4_trimesh_001.obj,3.0437178338615922e-05,0
abc_00001924_bad445004ddc447b83171224_trimesh_003.obj,4.908774887250426e-05,0
abc_00001926_bad445004ddc447b83171224_trimesh_005.obj,0.0001446099207290293,0
abc_00001931_d686c9d7503a42478530b382_trimesh_000.obj,4.7049722373534074e-05,0
abc_00001969_72af61802aeb4e91b1b1b37b_trimesh_000.obj,2.533628927873603e-05,0
abc_00001984_72af61802aeb4e91b1b1b37b_trimesh_015.obj,5.081833781635699e-06,0
abc_00001992_79a5e839b001428dbc772925_trimesh_000.obj,5.466310722113121e-05,0
abc_00001998_b53d499a5d5c42dfade565bf_trimesh_000.obj,5.3718048244869955e-05,0
abc_00002008_be2dc79cac834a8895f8aa60_trimesh_000.obj,6.611628001943852e-05,0
abc_00002023_f024db94f83d4bbb94358624_trimesh_000.obj,4.28265533969352e-06,0
abc_00002056_fb7d8749f7824fc9a0b49831_trimesh_000.obj,2.7246148874837672e-06,0
abc_00002065_ec9ce2bb0d20437dad4533a2_trimesh_001.obj,6.7468143167085754e-06,0
abc_00002066_ec9ce2bb0d20437dad4533a2_trimesh_002.obj,3.6577244297101665e-06,0
abc_00002067_4ad58d9a4088415b9e0dbf18_trimesh_000.obj,2.406951686377094e-05,0
abc_00002138_05091350f8cd4cdda2981cab_trimesh_008.obj,2.0725290899766453e-05,0
abc_00002153_b82d66be3f1244d1a6e9b75a_trimesh_000.obj,1.9664154630542423e-05,0
abc_00002155_cde1f6a0f70c4897a0016114_trimesh_000.obj,7.10991516825743e-05,0
abc_00002165_af3af6b131e747f38dbcb2c5_trimesh_000.obj,2.9689873978592612e-05,0
abc_00002169_af3af6b131e747f38dbcb2c5_trimesh_004.obj,3.6284538509789854e-05,0
abc_00002195_c66535496d9741e3baa4a85c_trimesh_001.obj,4.5291320247997646e-05,0
abc_00002223_e38471b78a2f45118e2e8a1e_trimesh_003.obj,2.0134153298082918e-05,0
abc_00002235_c0346d7e928247129c7f105e_trimesh_000.obj,1.9631897885119542e-05,0
abc_00002237_70fc984390f94560b7b9dafa_trimesh_000.obj,4.3154455246015765e-05,0
abc_00002257_ee36ce2e0fc6420195435501_trimesh_000.obj,5.846838149636824e-06,0
abc_00002262_ee36ce2e0fc6420195435501_trimesh_005.obj,1.7767242752597667e-05,0
abc_00002275_d78016eb44004ecb82bdbaa7_trimesh_000.obj,0.00028563642505711567,0
abc_00002280_d78016eb44004ecb82bdbaa7_trimesh_005.obj,2.5054175542512287e-05,0
abc_00002283_d78016eb44004ecb82bdbaa7_trimesh_008.obj,5.4499788954368945e-05,0
abc_00002287_008ac7621b8c4a199f5780f1_trimesh_000.obj,9.403210242453497e-06,0
abc_00002291_121bc109bb5a40869e7cb6e3_trimesh_000.obj,1.941372223276024e-05,0
abc_00002298_e81bd6e8eea447f9ad6f246d_trimesh_000.obj,1.930018477954339e-05,0
abc_00002301_4809f34e75cd44d393946d41_trimesh_001.obj,0.0002649684756761417,0
abc_00002306_4809f34e75cd44d393946d41_trimesh_006.obj,0.00011983230441122335,0
abc_00002321_1e1145d05fff4ed3934ed4df_trimesh_000.obj,1.7359825505991466e-05,0
abc_00002333_f48c116e43104b4bb10898e9_trimesh_002.obj,6.572822591503306e-05,0
abc_00002334_f48c116e43104b4bb10898e9_trimesh_003.obj,6.412447207064058e-05,0
abc_00002335_f48c116e43104b4bb10898e9_trimesh_004.obj,0.0002394409675616771,0
abc_00002338_a60f038f2b574004ad1f6f50_trimesh_000.obj,5.555150664804387e-06,0
abc_00002340_f5a5af9c002e4bfba983a31d_trimesh_001.obj,0.00010423064910961936,0
abc_00002347_634ba60fb4fc40f89c56cb4a_trimesh_004.obj,2.6715933927334845e-05,0
abc_00002364_470c2865307645c78ae7a0cb_trimesh_007.obj,0.0013971447678310749,0
abc_00002366_470c2865307645c78ae7a0cb_trimesh_009.obj,3.844719253720541e-05,0
abc_00002407_c13dc1fdb43348c4a4298958_trimesh_004.obj,1.6614700750020955e-05,0
abc_00002409_c13dc1fdb43348c4a4298958_trimesh_006.obj,2.5054175542512287e-05,0
abc_00002412_50cd9407596747729fc8d773_trimesh_001.obj,1.9617920770542696e-05,0
abc_00002418_f439002a18b84d8798439932_trimesh_002.obj,2.045396346754084e-05,0
abc_00002438_179a8df075c94d0596b1f20d_trimesh_007.obj,5.624688613655356e-05,0
abc_00002443_ece945968068453ab36dc00a_trimesh_000.obj,7.658482672923128e-06,0
abc_00002450_8c12611557a543f99907ee82_trimesh_000.obj,3.7875259295105934e-05,0
abc_00002455_7d5c3882272742b980293bcd_trimesh_000.obj,1.1439929039624985e-05,0
abc_00002459_86f90a9ff5c5414cba6b0b14_trimesh_000.obj,1.670591397366176e-05,0
abc_00002478_4e29879a16ed4dadab2750bc_trimesh_003.obj,0.00011029643913692173,0
abc_00002481_6eda6b73d6ea4472bea05e8f_trimesh_001.obj,3.1458185427860975e-05,0
abc_00002496_61afe52ce5764b8bb0531667_trimesh_003.obj,3.6192187205112227e-05,0
abc_00002498_a6da4aea6b0047b6abb890a7_trimesh_000.obj,0.00011945394726353697,0
abc_00002505_e6ff054993ae478686179d0f_trimesh_001.obj,1.2405875016459808e-05,0
abc_00002530_8d3bbea092534341a45dd40c_trimesh_000.obj,0.001477718314466377,0
abc_00002533_6f7f8f03941c4d5d8882c21a_trimesh_001.obj,1.0932000085025114e-05,0
abc_00002572_800b457b0b614ceabc56bdea_trimesh_000.obj,3.747146644172972e-05,0
abc_00002577_8556c200606545a8bcf28a5e_trimesh_000.obj,1.5983298605230328e-05,0
abc_00002610_770f033464d542f88ec04d0f_trimesh_004.obj,3.0994295987814745e-05,0
abc_00002612_770f033464d542f88ec04d0f_trimesh_006.obj,4.851626689135931e-06,0
abc_00002616_0f526e008933416b8fbfdc0e_trimesh_000.obj,2.4868114678611164e-06,0
abc_00002626_89e4911a99ba40bfa29de7c4_trimesh_005.obj,2.638337112633356e-05,0
abc_00002646_b018db4e207246979202dbc2_trimesh_000.obj,2.5840660858496753e-06,0
abc_00002648_407d3a51eb214752976de9e9_trimesh_001.obj,0.00013358378782868385,0
abc_00002649_d97b4345cb5b41b4b6729b21_trimesh_000.obj,2.2163343894969025e-06,0
abc_00002653_185cf3437add427ba643feb3_trimesh_000.obj,1.2148559638565834e-05,0
abc_00002665_f161f588b3fc4bd39c387901_trimesh_000.obj,1.3057316512761949e-05,0
abc_00002678_5e64117cf77b4072b9b1ab29_trimesh_001.obj,3.638373452001057e-06,0
abc_00002680_5e64117cf77b4072b9b1ab29_trimesh_003.obj,3.097126394635552e-05,0
abc_00002682_5e64117cf77b4072b9b1ab29_trimesh_005.obj,8.053038830742784e-06,0
abc_00002690_294dc55ca19943afbe7b9ca2_trimesh_000.obj,0.0010033225789811695,0
abc_00002695_57d0ed693e5f43db94b48a6c_trimesh_004.obj,8.804878234514035e-06,0
abc_00002698_57d0ed693e5f43db94b48a6c_trimesh_007.obj,2.9023580585392967e-05,0
abc_00002706_57d0ed693e5f43db94b48a6c_trimesh_015.obj,4.582523464099116e-05,0
abc_00002712_6aaf2a59f56d47e4a209d1b5_trimesh_000.obj,4.323160680996807e-06,0
abc_00002728_98d8f78b1bb5495f9a193852_trimesh_014.obj,2.8433597075642563e-05,0
abc_00002730_98d8f78b1bb5495f9a193852_trimesh_016.obj,2.713584869222056e-05,0
abc_00002786_2150a50d7ae54ec1ab562d25_trimesh_012.obj,6.801588811337449e-05,0
abc_00002800_a13cab04d1224f3badc910a3_trimesh_000.obj,2.4094277857026707e-05,0
abc_00002840_b108e5f7e4f34918bd31b5de_trimesh_000.obj,0.00016607274907679917,0
abc_00002853_fd92ba86ea354cce817faf60_trimesh_000.obj,2.1222830885866035e-05,0
abc_00002855_86a580f378754e7ea677bb55_trimesh_000.obj,0.00023736748941397914,0
abc_00002859_0b97dd9849a14df99ab286a8_trimesh_002.obj,1.320517155060467e-05,0
abc_00002876_441b788f697449128e3c8032_trimesh_009.obj,7.811370596755296e-05,0
abc_00002885_e435fac25ee84f3697893a36_trimesh_001.obj,1.6963348267987993e-05,0
abc_00002899_635bf5c85753420fbc65a4c5_trimesh_001.obj,8.699800024677037e-06,0
abc_00002919_bc8a6e930c404316833d09a5_trimesh_004.obj,2.2436489113412488e-05,0
abc_00002958_1212f04812bc4821bfd87412_trimesh_002.obj,1.598608957920078e-05,0
abc_00002965_1212f04812bc4821bfd87412_trimesh_009.obj,7.630124552330624e-05,0
abc_00002966_1212f04812bc4821bfd87412_trimesh_010.obj,7.905740130809136e-05,0
abc_00002984_c80dedb4f61e401889b609e2_trimesh_000.obj,4.4577241775793176e-05,0
abc_00003008_42b012d55efa4bd480adc003_trimesh_000.obj,1.879122843699103e-05,0
abc_00003027_623a6f12d0724d62a351e2a1_trimesh_014.obj,0.24029202799361352,0
abc_00003036_623a6f12d0724d62a351e2a1_trimesh_023.obj,1.2439588545021252e-05,0
abc_00003043_623a6f12d0724d62a351e2a1_trimesh_030.obj,1.6549761767237214e-05,0
abc_00003049_623a6f12d0724d62a351e2a1_trimesh_036.obj,5.535427802290845e-05,0
abc_00003059_623a6f12d0724d62a351e2a1_trimesh_046.obj,1.3383484353350164e-05,0
abc_00003071_a7d9266fc0a542148831dbb5_trimesh_000.obj,6.814700464019552e-05,0
abc_00003072_a7d9266fc0a542148831dbb5_trimesh_001.obj,2.113738355546957e-05,0
abc_00003073_a7d9266fc0a542148831dbb5_trimesh_002.obj,2.175142314323845e-05,0
abc_00003075_a7d9266fc0a542148831dbb5_trimesh_004.obj,1.0066770225118185e-05,0
abc_00003095_5b5eaab14b374d1992e2fe9e_trimesh_008.obj,4.071288215830767e-05,0
abc_00003118_9212fac3cdd24372892212d1_trimesh_018.obj,3.0629708286748305e-06,0
abc_00003124_89e6a825d21e4fafaa8b314a_trimesh_000.obj,1.5212559295226432e-05,0
abc_00003143_bb4de5fef0c444bf9cde6caf_trimesh_000.obj,1.0249932955730401e-05,0
abc_00003151_9a1eacce39a7456ba698b8ff_trimesh_000.obj,5.54684080119235e-06,0
abc_00003156_dc2953ffcb9b4720b6486292_trimesh_000.obj,1.4366021559908404e-05,0
abc_00003159_e08de079271d427e8898090c_trimesh_001.obj,1.5548969713563565e-05,0
abc_00003198_7bec57689ee04fb4aecca452_trimesh_003.obj,1.1506178206370047e-05,0
abc_00003199_7bec57689ee04fb4aecca452_trimesh_004.obj,2.223597190701791e-05,0
abc_00003203_7bec57689ee04fb4aecca452_trimesh_008.obj,3.920933223374353e-05,0
abc_00003210_7bec57689ee04fb4aecca452_trimesh_015.obj,3.347500660311198e-05,0
abc_00003219_04893ba73e6f4c298353bb57_trimesh_000.obj,0.0002181243326049298,0
abc_00003220_04893ba73e6f4c298353bb57_trimesh_001.obj,5.282367662099811e-06,0
abc_00003232_96b00fb447eb427290194a85_trimesh_002.obj,5.354082394622613e-06,0
abc_00003245_64bf0eb2d82b4b9aac59e530_trimesh_009.obj,1.2456551000165442e-05,0
abc_00003260_31738bd32847475590f7ef21_trimesh_000.obj,3.950497860690423e-06,0
abc_00003265_85a3fae4f6be46b9a1c7c5df_trimesh_001.obj,3.4611720972558636e-05,0
abc_00003283_684f83cd472b461789191511_trimesh_001.obj,2.6838005093547206e-05,0
abc_00003286_684f83cd472b461789191511_trimesh_004.obj,0.0003896464380280425,0
abc_00003291_9500471d9e5c4cae8725de9c_trimesh_000.obj,9.526971477195426e-06,0
abc_00003292_d068cf20730349eba1ada81b_trimesh_000.obj,1.947612410428216e-05,0
abc_00003294_4c6dd8316dae41b58f49afa2_trimesh_000.obj,2.04533259117549e-05,0
abc_00003315_0397a0a89fda483c9ea0eea7_trimesh_003.obj,6.541196489706635e-05,0
abc_00003336_361fb11574184c04a2dc34be_trimesh_000.obj,6.174048394314013e-06,0
abc_00003338_ba3d8e31b77647b3a32b2e24_trimesh_001.obj,1.6987899963775515e-05,0
abc_00003346_dd2281fd5b874c50b5930664_trimesh_003.obj,1.6783513804815204e-05,0
abc_00003347_ad2574e1c85d4b07afe7076c_trimesh_000.obj,3.2107799294559904e-05,0
abc_00003359_9b231e07646740d3aa893236_trimesh_006.obj,1.273469532255452e-05,0
abc_00003377_e1bb8b6758e4454a93c2b3e7_trimesh_001.obj,3.962647285031077e-05,0
abc_00003392_ef8394ce96624d5984cc9e2a_trimesh_000.obj,0.0008808476753377666,0
abc_00003395_2dba1a55cece44d888641f5c_trimesh_000.obj,1.951005356204405e-05,0
abc_00003400_a77cf5d003fc4ab09e843c54_trimesh_002.obj,2.0167077309451997e-05,0
abc_00003408_a77cf5d003fc4ab09e843c54_trimesh_010.obj,1.1662666338452254e-05,0
abc_00003418_86545cc828ee4b3392520977_trimesh_003.obj,7.976579945534468e-05,0
abc_00003434_a23c770ac676468bac18a14e_trimesh_002.obj,0.00015047732874033196,0
abc_00003437_41db336d07d34605b95e17f8_trimesh_000.obj,5.718697745275373e-05,0
abc_00003456_a51abce06a2e4071ae9cd533_trimesh_007.obj,7.148513153272991e-05,0
abc_00003458_a51abce06a2e4071ae9cd533_trimesh_009.obj,1.546566278420869e-05,0
abc_00003501_86be4eefc6eb459e9a9370bc_trimesh_005.obj,0.000600734018159225,0
abc_00003524_1a90c3eacd054ae79754b726_trimesh_000.obj,0.005946604108127455,0
abc_00003540_f8a70fd3c80a412bb0c040b9_trimesh_000.obj,3.14578657404733e-05,0
abc_00003542_f8a70fd3c80a412bb0c040b9_trimesh_002.obj,2.2469514381858364e-05,0
abc_00003564_eda85e7e50824947bc393fff_trimesh_002.obj,0.00014435397921867357,0
abc_00003567_eda85e7e50824947bc393fff_trimesh_005.obj,0.1556652218181019,0
abc_00003569_b1a7c5bc57e448b68bfa699c_trimesh_000.obj,4.4518588159310944e-05,0
abc_00003587_08d53a45d78c4d88a2ca2ff3_trimesh_001.obj,5.662181611872559e-06,0
abc_00003588_b2e8be17a0874c08a01ba1c0_trimesh_000.obj,3.591984204831533e-05,0
abc_00003633_7ef2498822ef47b796e03092_trimesh_004.obj,1.166882983246372e-05,0
abc_00003640_809676ace5bb40fea5802468_trimesh_000.obj,8.671075617409467e-05,0
abc_00003666_ca90483ed4144d6db48c58b6_trimesh_000.obj,1.022290675223303e-06,0
abc_00003676_a2b0fad560234fbbbe012494_trimesh_001.obj,3.526913011834646e-05,0
abc_00003679_dd039a28e007439aa01edbad_trimesh_002.obj,0.00020473117425960177,0
abc_00003686_5818fd8428ed43a399bce519_trimesh_000.obj,1.8610464394441806e-05,0
abc_00003690_f45beab3d58b42c4b87ee28e_trimesh_000.obj,3.5430801896533616e-05,0
abc_00003712_939d7f2bcd8443da97eddf78_trimesh_000.obj,1.7982887584366836e-05,0
abc_00003731_1d05af96ba5b40bc88f9959f_trimesh_001.obj,0.0019401630558301501,0
abc_00003749_1d05af96ba5b40bc88f9959f_trimesh_019.obj,2.6551709500684712e-05,0
abc_00003750_1d05af96ba5b40bc88f9959f_trimesh_020.obj,1.3668459814653033e-05,0
abc_00003765_c781c748bead4016bf75490d_trimesh_001.obj,3.0569870432373136e-05,0
abc_00003778_d1d459383d9b43d59df3de80_trimesh_004.obj,3.272435985005965e-06,0
abc_00003781_d1d459383d9b43d59df3de80_trimesh_007.obj,2.6932353951754823e-05,0
abc_00003788_d1d459383d9b43d59df3de80_trimesh_014.obj,0.0034377510789151224,0
abc_00003801_78fee7c279f441e2939f6833_trimesh_000.obj,2.5254042460195098e-05,0
abc_00003805_83b7cdf86a9a4630a9217b6a_trimesh_002.obj,1.295528394014885e-05,0
abc_00003807_83b7cdf86a9a4630a9217b6a_trimesh_004.obj,1.3092923078753907e-05,0
abc_00003824_81b3bd441a5a497789f6c818_trimesh_001.obj,2.543027009475433e-05,0
abc_00003843_4b36a963a4b74718ba5af25b_trimesh_002.obj,0.0002416483718358601,0
abc_00003844_4b36a963a4b74718ba5af25b_trimesh_003.obj,1.7533018914643133e-05,0
abc_00003877_29a72d867dcb4b8ca6aa51eb_trimesh_005.obj,4.302101736186614e-06,0
abc_00003878_29a72d867dcb4b8ca6aa51eb_trimesh_006.obj,8.061405484719823e-05,0
abc_00003882_29a72d867dcb4b8ca6aa51eb_trimesh_010.obj,1.8637625511056893e-05,0
abc_00003895_0f131d41320541f4928a8004_trimesh_003.obj,9.846849085685487e-05,0
abc_00003896_0f131d41320541f4928a8004_trimesh_004.obj,9.591657362761907e-05,0
abc_00003915_1f103ae876d64e4b88f94d77_trimesh_005.obj,0.007864265780275067,0
abc_00003919_1f103ae876d64e4b88f94d77_trimesh_009.obj,4.869113398105658e-06,0
abc_00003920_1f103ae876d64e4b88f94d77_trimesh_010.obj,1.851653640490743e-06,0
abc_00003956_cb29926b8a244c868ae5ed86_trimesh_006.obj,6.533890033703453e-05,0
abc_00003957_cb29926b8a244c868ae5ed86_trimesh_007.obj,1.372611829234908e-05,0
abc_00003960_0ea41122faa643aebd0b25e8_trimesh_000.obj,1.2122349592876466e-05,0
abc_00003974_30214440d29b401c8b860c42_trimesh_009.obj,0.0010616216216779624,0
abc_00003988_30214440d29b401c8b860c42_trimesh_023.obj,1.0068801278369696e-05,0
abc_00004006_690490b212df4d5eacc6635c_trimesh_002.obj,1.7644204641934873e-05,0
abc_00004021_690490b212df4d5eacc6635c_trimesh_017.obj,4.571871784264658e-06,0
abc_00004038_f619073c02f94b0e8502739a_trimesh_003.obj,6.886679670969897e-07,0
abc_00004062_561b15139c044a0ba3e09633_trimesh_001.obj,4.312486756437769e-05,0
abc_00004070_99288b53db2442e39f5956e4_trimesh_003.obj,2.1680373113971047e-05,0
abc_00004085_45986d8635e748b49f3d9f7a_trimesh_000.obj,8.229729701270116e-06,0
abc_00004106_58cfb48e5d6440d28a263e2f_trimesh_001.obj,1.5059962303591115e-05,0
abc_00004131_640a2eb433a34aae908420ed_trimesh_001.obj,0.00023931219766382128,0
abc_00004132_640a2eb433a34aae908420ed_trimesh_002.obj,7.53632790898943e-06,0
abc_00004134_640a2eb433a34aae908420ed_trimesh_004.obj,1.7272947530955207e-05,0
abc_00004138_640a2eb433a34aae908420ed_trimesh_008.obj,0.0003459747676970437,0
abc_00004156_a051c8775c1b4f7e94096d2c_trimesh_001.obj,4.87539139915801e-05,0
abc_00004226_b75d70544ce4433fa538f2a2_trimesh_008.obj,0.00014033728048919633,0
abc_00004253_ee78e0a2efef4b598e976993_trimesh_006.obj,4.079495071588705e-05,0
abc_00004256_ee78e0a2efef4b598e976993_trimesh_009.obj,1.667870067952511e-05,0
abc_00004258_ee78e0a2efef4b598e976993_trimesh_011.obj,1.8526185309989767e-05,0
abc_00004279_f69bf34d6f7e4eb887450aa2_trimesh_005.obj,5.236857274818855e-05,0
abc_00004280_f69bf34d6f7e4eb887450aa2_trimesh_006.obj,1.0054619565380563e-05,0
abc_00004283_f69bf34d6f7e4eb887450aa2_trimesh_009.obj,1.8851019073432933e-05,0
abc_00004286_f69bf34d6f7e4eb887450aa2_trimesh_012.obj,0.0003610147653792713,0
abc_00004293_00e12f076c9f44728924a007_trimesh_005.obj,1.2474948562157806e-05,0
abc_00004296_00e12f076c9f44728924a007_trimesh_008.obj,1.2557987550583979e-05,0
abc_00004306_00e12f076c9f44728924a007_trimesh_018.obj,1.4659339664528185e-05,0
abc_00004313_00e12f076c9f44728924a007_trimesh_025.obj,0.00032041320082498714,0
abc_00004323_00e12f076c9f44728924a007_trimesh_035.obj,3.5721715372953135e-05,0
abc_00004342_c290684bc7264c05b2054a59_trimesh_003.obj,1.6953762155935692e-05,0
abc_00004346_c290684bc7264c05b2054a59_trimesh_007.obj,1.180790908013781e-05,0
abc_00004355_c290684bc7264c05b2054a59_trimesh_016.obj,0.00016945518533854434,0
abc_00004386_d82c8accf5f948f9b9935f36_trimesh_000.obj,1.845940611625944e-05,0
abc_00004389_478cd71be49144f0bb3ff944_trimesh_000.obj,6.505235675528336e-05,0
abc_00004393_147a0707012c4408b79a6041_trimesh_003.obj,1.8916747573409037e-05,0
abc_00004396_af6d85fa924447d6a5d0db39_trimesh_001.obj,9.06300674804091e-06,0
abc_00004397_af6d85fa924447d6a5d0db39_trimesh_002.obj,3.2817868789910186e-05,0
abc_00004398_af6d85fa924447d6a5d0db39_trimesh_003.obj,1.717522354738321e-05,0
abc_00004408_2f3c47ebc0054b4f8e0e4cf4_trimesh_006.obj,1.8826418151244677e-05,0
abc_00004415_2f3c47ebc0054b4f8e0e4cf4_trimesh_013.obj,1.588433497090591e-05,0
abc_00004420_2f3c47ebc0054b4f8e0e4cf4_trimesh_018.obj,1.0223114259133581e-05,0
abc_00004435_e100ebaee82a4a1ca7c82468_trimesh_002.obj,9.163192449553511e-06,0
abc_00004447_50a5c011c1d44d7ca5c90fbf_trimesh_001.obj,4.1022357436304446e-05,0
abc_00004449_50a5c011c1d44d7ca5c90fbf_trimesh_003.obj,1.29944115390875e-05,0
abc_00004452_50a5c011c1d44d7ca5c90fbf_trimesh_006.obj,1.6401324198038008e-05,0
abc_00004477_dd1a875303094c76b5517535_trimesh_000.obj,2.3691580281592906e-05,0
abc_00004480_f18ebc9adf1b48c3afba1b4c_trimesh_001.obj,1.4527898438624712e-05,0
abc_00004488_36e0a0ff049b4877b70b421a_trimesh_000.obj,1.1420328140350952e-05,0
abc_00004496_abc1a655d48842ae9f5adc64_trimesh_000.obj,1.6902206577166606e-05,0
abc_00004511_b6350639195e4a19957904f9_trimesh_000.obj,2.339902372720341e-05,0
abc_00004527_f94525731d404b9ba25613f4_trimesh_000.obj,2.4482255563877214e-05,0
abc_00004529_f930e8d581954005adfd5d39_trimesh_000.obj,4.140508059435888e-05,0
abc_00004537_671ca20207bf44269953cc33_trimesh_003.obj,4.232734439331883e-05,0
abc_00004539_a9de53e862dd4ad197873cc0_trimesh_001.obj,1.3123033568263054e-05,0
abc_00004551_7d8ef6c508d649a3bd208a47_trimesh_002.obj,1.445387169951573e-05,0
abc_00004554_7d8ef6c508d649a3bd208a47_trimesh_005.obj,2.5175406941950012e-05,0
abc_00004573_044763f9258c48bb92a22aa8_trimesh_000.obj,1.5144529394698717e-05,0
abc_00004594_ee924c64f16c4e15bc14d8ab_trimesh_000.obj,1.9195214614834793e-05,0
abc_00004618_3b6de5b6816c4a089c64ec20_trimesh_000.obj,0.00016183005467003872,0
abc_00004619_3dc4ec66fde64a1fb6527b4f_trimesh_000.obj,1.7300128395921394e-05,0
abc_00004639_baf77661114341479c1cc071_trimesh_000.obj,8.926159352995455e-06,0
abc_00004640_b65138ec4a0b4cfcb5abe830_trimesh_000.obj,2.3896200824916985e-05,0
abc_00004642_0fb5a9a4791542bfbe291b8c_trimesh_001.obj,3.990443595588052e-05,0
abc_00004647_50c6a7655c3a4fc2bf31808e_trimesh_002.obj,2.218223319990405e-05,0
abc_00004656_d580779d75894bb291e63623_trimesh_007.obj,2.1980573819746496e-05,0
abc_00004684_0f4d984eef2647c4a2fcd01f_trimesh_000.obj,3.886993545165751e-05,0
abc_00004701_5e32955b6a6546a9a1d8f64b_trimesh_000.obj,3.1051179272859976e-05,0
abc_00004706_ba569cff36cc4316b623ab23_trimesh_001.obj,2.2424145754484925e-05,0
abc_00004721_9c428a57184f47ec9235ae67_trimesh_001.obj,0.000145723670963586,0
abc_00004733_7f37dc7e41c24893bbf01471_trimesh_000.obj,1.1185930513117151e-05,0
abc_00004734_1c8688b494ca410495cced61_trimesh_000.obj,1.138066606169256e-05,0
abc_00004744_9381ca84764640298ab6da0d_trimesh_000.obj,3.5138848033966497e-05,0
abc_00004776_29ce3eb9259f4becb9a5e526_trimesh_022.obj,1.8204494457071025e-05,0
abc_00004777_29ce3eb9259f4becb9a5e526_trimesh_023.obj,2.196313410725755e-05,0
abc_00004790_29ce3eb9259f4becb9a5e526_trimesh_036.obj,1.0492960276072457e-05,0
abc_00004797_29ce3eb9259f4becb9a5e526_trimesh_043.obj,0.21423502266407013,0
abc_00004805_29ce3eb9259f4becb9a5e526_trimesh_051.obj,1.6207770992574904e-05,0
abc_00004807_29ce3eb9259f4becb9a5e526_trimesh_053.obj,7.37371019567945e-05,0
abc_00004809_29ce3eb9259f4becb9a5e526_trimesh_055.obj,2.05672104129917e-05,0
abc_00004833_29ce3eb9259f4becb9a5e526_trimesh_079.obj,0.00016673122687886158,0
abc_00004835_29ce3eb9259f4becb9a5e526_trimesh_081.obj,0.00024166282188768187,0
abc_00004849_29ce3eb9259f4becb9a5e526_trimesh_095.obj,1.8958445859122246e-05,0
abc_00004855_29ce3eb9259f4becb9a5e526_trimesh_101.obj,0.04417369537986815,0
abc_00004857_29ce3eb9259f4becb9a5e526_trimesh_103.obj,2.7225390823559792e-05,0
abc_00004870_29ce3eb9259f4becb9a5e526_trimesh_116.obj,0.0001687061885604635,0
abc_00004883_29ce3eb9259f4becb9a5e526_trimesh_129.obj,1.336440876305763e-05,0
abc_00004887_29ce3eb9259f4becb9a5e526_trimesh_133.obj,2.143226273195372e-06,0
abc_00004893_29ce3eb9259f4becb9a5e526_trimesh_139.obj,0.08201443286015693,0
abc_00004895_29ce3eb9259f4becb9a5e526_trimesh_141.obj,0.00010565512153940897,0
abc_00004899_29ce3eb9259f4becb9a5e526_trimesh_145.obj,2.1411589841591194e-05,0
abc_00004900_29ce3eb9259f4becb9a5e526_trimesh_146.obj,2.1881988989965368e-05,0
abc_00004909_4d0817c82a684de48cbe9816_trimesh_000.obj,5.3294732424546964e-05,0
abc_00004935_42840156b4aa4709ab90d3f9_trimesh_001.obj,2.273349552221286e-05,0
abc_00004938_d6f9da33017048c683ac514f_trimesh_002.obj,0.0003270397575055502,0
abc_00004951_d6f9da33017048c683ac514f_trimesh_015.obj,3.477983712703766e-05,0
abc_00004952_d6f9da33017048c683ac514f_trimesh_016.obj,3.425410644316192e-05,0
abc_00004957_d6f9da33017048c683ac514f_trimesh_021.obj,0.0002610996756023572,0
abc_00004970_d6f9da33017048c683ac514f_trimesh_034.obj,2.122287740273047e-05,0
abc_00004974_d6f9da33017048c683ac514f_trimesh_038.obj,2.7330614102538675e-05,0
abc_00004975_d6f9da33017048c683ac514f_trimesh_039.obj,2.7816682328799896e-05,0
abc_00004985_d6f9da33017048c683ac514f_trimesh_049.obj,0.00016494491743893983,0
abc_00004986_d6f9da33017048c683ac514f_trimesh_050.obj,3.1507008619276654e-05,0
abc_00004989_d6f9da33017048c683ac514f_trimesh_053.obj,7.216351756748433e-05,0
abc_00004996_d6f9da33017048c683ac514f_trimesh_060.obj,1.707658695219531e-05,0
abc_00005010_97731583b3104939acf30c9a_trimesh_005.obj,5.9469604214730985e-05,0
abc_00005013_5001e2de07c44b8ab04f8ce7_trimesh_000.obj,1.8499683998622157e-05,0
abc_00005025_38e260715fbb4c19bab37a75_trimesh_001.obj,1.5059962303591115e-05,0
abc_00005040_51a7e299c47e4228b019c74b_trimesh_006.obj,1.8548268144513713e-05,0
abc_00005041_51a7e299c47e4228b019c74b_trimesh_007.obj,2.7630166035426857e-05,0
abc_00005051_d29ff8e74a0f49809e533f48_trimesh_003.obj,0.00011673025922694553,0
abc_00005055_d29ff8e74a0f49809e533f48_trimesh_007.obj,3.180766483031524e-05,0
abc_00005066_d29ff8e74a0f49809e533f48_trimesh_018.obj,1.5326054381148424e-05,0
abc_00005082_9a19028ec476443d95ce902a_trimesh_002.obj,1.3680770886518681e-05,0
abc_00005092_c5feaa3ac05c4f43abf1e725_trimesh_002.obj,1.0644526507045763e-05,0
abc_00005099_c5feaa3ac05c4f43abf1e725_trimesh_009.obj,1.8102918412902607e-05,0
abc_00005103_f00fdbe69a2f4524a58ad1d6_trimesh_002.obj,8.725347053465763e-06,0
abc_00005104_f00fdbe69a2f4524a58ad1d6_trimesh_003.obj,7.4403925509614055e-06,0
abc_00005112_a4d13a0ea546408bb7e08479_trimesh_005.obj,2.366825280356958e-06,0
abc_00005116_8df83a229f094c96a1198497_trimesh_002.obj,0.00011236384568746871,0
abc_00005125_c4185a5498ce4a2f86e6f014_trimesh_004.obj,2.8065371983151028e-05,0
abc_00005126_c4185a5498ce4a2f86e6f014_trimesh_005.obj,7.638683276430433e-06,0
abc_00005128_b1721210d59544ada810caa1_trimesh_001.obj,8.665101480194911e-06,0
abc_00005129_b1721210d59544ada810caa1_trimesh_002.obj,4.068256779040288e-05,0
abc_00005177_e85b98fbe73143b9b7ce7b73_trimesh_001.obj,2.0917893986431107e-05,0
abc_00005178_e85b98fbe73143b9b7ce7b73_trimesh_002.obj,4.787848471702697e-05,0
abc_00005180_e85b98fbe73143b9b7ce7b73_trimesh_004.obj,1.1456767955072185e-06,0
abc_00005189_e85b98fbe73143b9b7ce7b73_trimesh_013.obj,2.2270006259835404e-06,0
abc_00005225_e85b98fbe73143b9b7ce7b73_trimesh_049.obj,3.953821684869278e-06,0
abc_00005255_bacfba9898a6423d833880ae_trimesh_004.obj,3.334003728620397e-05,0
abc_00005256_bacfba9898a6423d833880ae_trimesh_005.obj,0.0012556173041957663,0
abc_00005257_bacfba9898a6423d833880ae_trimesh_006.obj,2.7359905592068873e-05,0
abc_00005261_bacfba9898a6423d833880ae_trimesh_010.obj,2.1729321209325764e-05,0
abc_00005268_a8ded82a1fd74021ac459ffb_trimesh_004.obj,3.209355357588114e-05,0
abc_00005270_a8ded82a1fd74021ac459ffb_trimesh_006.obj,8.379024582912583e-06,0
abc_00005274_a8ded82a1fd74021ac459ffb_trimesh_010.obj,0.07940175967060743,0
abc_00005278_a8ded82a1fd74021ac459ffb_trimesh_014.obj,5.457390651978737e-06,0
abc_00005283_a8ded82a1fd74021ac459ffb_trimesh_019.obj,0.0004840419821145285,0
abc_00005288_8a58a06c9bba479a9127d831_trimesh_000.obj,2.687999585759826e-05,0
abc_00005292_7bf855de16b54fb6add38973_trimesh_002.obj,0.00012468152029517418,0
abc_00005310_9eb3b088ee874600bb384ad5_trimesh_002.obj,1.6139625283055164e-05,0
abc_00005311_9eb3b088ee874600bb384ad5_trimesh_003.obj,0.00021946211927570403,0
abc_00005312_9eb3b088ee874600bb384ad5_trimesh_004.obj,1.693154793732295e-05,0
abc_00005314_9eb3b088ee874600bb384ad5_trimesh_006.obj,1.660215490358515e-05,0
abc_00005319_9eb3b088ee874600bb384ad5_trimesh_011.obj,0.00010544238951600467,0
abc_00005320_9eb3b088ee874600bb384ad5_trimesh_012.obj,1.1612123671511654e-05,0
abc_00005321_9eb3b088ee874600bb384ad5_trimesh_013.obj,3.6467932659434155e-05,0
abc_00005322_9eb3b088ee874600bb384ad5_trimesh_014.obj,0.00039459360603425847,0
abc_00005359_264a4d4786e34d9898f87b2d_trimesh_000.obj,3.96031913396655e-06,0
abc_00005367_264a4d4786e34d9898f87b2d_trimesh_008.obj,5.166619662115105e-05,0
abc_00005370_264a4d4786e34d9898f87b2d_trimesh_011.obj,2.243897870357614e-05,0
abc_00005377_264a4d4786e34d9898f87b2d_trimesh_018.obj,1.2566421939178932e-05,0
abc_00005383_264a4d4786e34d9898f87b2d_trimesh_024.obj,7.839108093321556e-06,0
abc_00005400_82e81ca0cde24645852f50f3_trimesh_004.obj,0.00035645921404163045,0
abc_00005402_82e81ca0cde24645852f50f3_trimesh_006.obj,2.0115889734976616e-05,0
abc_00005414_6477e8ad02554200884775b4_trimesh_001.obj,1.77241160296641e-05,0
abc_00005422_6477e8ad02554200884775b4_trimesh_009.obj,1.2523505574790761e-05,0
abc_00005439_19cdae3511744c81a1e86391_trimesh_000.obj,5.328493413495986e-05,0
abc_00005443_8a4327334ab1443dae44fd75_trimesh_000.obj,1.4125221089974124e-05,0
abc_00005445_3c849aec1cc940888a3d827b_trimesh_000.obj,0.03049231028868841,0
abc_00005447_2ccd2dfb9ffc4cf29e94e0cf_trimesh_001.obj,0.00011471259009946759,0
abc_00005453_2ccd2dfb9ffc4cf29e94e0cf_trimesh_007.obj,7.201810997988407e-05,0
abc_00005457_2ccd2dfb9ffc4cf29e94e0cf_trimesh_011.obj,1.9057011134767283e-05,0
abc_00005461_2ccd2dfb9ffc4cf29e94e0cf_trimesh_015.obj,5.832712001089627e-05,0
abc_00005490_315403c3759345ca9b2768d7_trimesh_009.obj,6.0680369642795995e-05,0
abc_00005507_fe86467a300e4511abf78b3a_trimesh_000.obj,1.0554237595291246e-05,0
abc_00005511_d4d5a3c91ba445c2b24cdf18_trimesh_003.obj,4.687893973217191e-05,0
abc_00005513_d4d5a3c91ba445c2b24cdf18_trimesh_005.obj,3.859332233939009e-05,0
t10k_100330.obj,6.170406133302701e-06,0
t10k_1005287.obj,5.568136420682397e-06,0
t10k_100639.obj,1.8035251969195087e-05,0
t10k_100730.obj,1.4869585659956405e-05,0
t10k_100831.obj,0.00023694025973478952,0
t10k_101340.obj,0.00014425753245935388,0
t10k_1015841.obj,2.5110593924182467e-05,0
t10k_1015842.obj,2.1676046647674713e-05,0
t10k_1017017.obj,7.773398635890771e-06,0
t10k_1017019.obj,9.03066362904307e-06,0
t10k_101864.obj,1.4274467654710557e-05,0
t10k_101865.obj,4.237689187410372e-06,0
t10k_1036309.obj,3.0243018045439385e-05,0
t10k_1036428.obj,1.3950569458150616e-05,0
t10k_1037021.obj,0.5206573990484079,0
t10k_104187.obj,6.111321605809887e-06,0
t10k_104290.obj,7.035850436902062e-05,0
t10k_104930.obj,6.210449403927971e-05,0
t10k_105103.obj,2.818939719873015e-05,0
t10k_105326.obj,0.21358837592075966,0
t10k_1053874.obj,1.9512903842648182e-05,0
t10k_1055250.obj,5.687827789794634e-05,0
t10k_105765.obj,9.659683928475715e-05,0
t10k_105804.obj,6.1403687444302095e-06,0
t10k_105862.obj,1.8161486271613587e-05,0
t10k_105875.obj,4.8195898822693074e-05,0
t10k_105924.obj,5.082093518164281e-06,0
t10k_1064467.obj,2.601457496590835e-05,0
t10k_106782.obj,2.9763943227105e-05,0
t10k_107069.obj,2.6546662866167026e-05,0
t10k_107071.obj,1.6515038623765577e-05,0
t10k_1075457.obj,7.10740891918249e-06,0
t10k_107558.obj,1.7209844979030702e-05,0
t10k_1079827.obj,6.668125721868516e-05,0
t10k_108199.obj,2.7227778142939012e-05,0
t10k_1082149.obj,5.707948275812669e-06,0
t10k_108452.obj,1.1570114414401663e-05,0
t10k_108517.obj,2.223065227250724e-05,0
t10k_1087135.obj,3.748621111299144e-05,0
t10k_1088056.obj,1.5496946919787053e-05,0
t10k_1093140.obj,5.773727419485416e-05,0
t10k_109344.obj,6.2973456162277825e-06,0
t10k_109459.obj,2.250346733490005e-05,0
t10k_1099672.obj,1.2830304437253895e-05,0
t10k_110025.obj,1.7071244277152193e-05,0
t10k_110173.obj,3.1542825430127173e-05,0
t10k_110445.obj,5.420945853984449e-05,0
t10k_110707.obj,6.70946504518118e-06,0
t10k_110803.obj,2.4832460743103486e-05,0
t10k_110905.obj,1.616546296645538e-05,0
t10k_110907.obj,2.0993452229352744e-05,0
t10k_110911.obj,1.1627380293551445e-05,0
t10k_110955.obj,7.832044502720237e-06,0
t10k_111046.obj,1.3313673207449028e-05,0
t10k_111048.obj,1.4417527817537726e-05,0
t10k_111394.obj,1.2048145739148216e-05,0
t10k_1120776.obj,8.658815924415345e-06,0
t10k_1120779.obj,1.3778758633028096e-05,0
t10k_112542.obj,2.9742831126592744e-05,0
t10k_112544.obj,9.953258404493681e-05,0
t10k_1126615.obj,0.000130301239551045,0
t10k_112916.obj,3.1894704685934507e-05,0
t10k_112925.obj,2.6469574246827204e-05,0
t10k_112927.obj,1.4522801393468399e-05,0
t10k_112929.obj,7.784027767835747e-06,0
t10k_1129818.obj,1.7173437148206478e-05,0
t10k_113125.obj,1.7835751502085866e-05,0
t10k_113127.obj,0.0055161801286279415,0
t10k_1131601.obj,2.0301521241587277e-05,0
t10k_114020.obj,1.2131815954793032e-05,0
t10k_114077.obj,3.2932960190616235e-05,0
t10k_1146171.obj,1.7540144957213972e-05,0
t10k_1146183.obj,1.4017905717385778e-05,0
t10k_1174395.obj,4.633513117369148e-05,0
t10k_1174397.obj,1.7893513055848114e-05,0
t10k_1176418.obj,2.0581516158320785e-05,0
t10k_117951.obj,0.00020724214118672535,0
t10k_118302.obj,2.483160430225932e-05,0
t10k_118304.obj,1.3019791064531698e-06,0
t10k_118657.obj,0.0009747819991995735,0
t10k_119051.obj,1.835506403343364e-05,0
t10k_1207657.obj,1.66328845807584e-05,0
t10k_122126.obj,3.0638194402854424e-05,0
t10k_1224384.obj,1.26883361038684e-05,0
t10k_1228190.obj,1.554086111354991e-05,0
t10k_124336.obj,0.013430966869539892,0
t10k_124370.obj,1.734150343205935e-05,0
t10k_128482.obj,7.32357511878945e-05,0
t10k_129051.obj,7.970537262735888e-05,0
t10k_130037.obj,2.4534344144437153e-05,0
t10k_1307399.obj,4.556322342826509e-06,0
t10k_130969.obj,2.7133456266407546e-05,0
t10k_1312953.obj,3.4823849394645855e-05,0
t10k_131329.obj,4.725434079470384e-05,0
t10k_1313542.obj,3.155852452133937e-05,0
t10k_131443.obj,0.0002430254341258357,0
t10k_1315843.obj,8.573659215471707e-05,0
t10k_1315844.obj,2.3903198477152426e-05,0
t10k_132056.obj,1.2407973827066598e-05,0
t10k_1327299.obj,8.075330576199728e-05,0
t10k_133582.obj,0.0,0
t10k_1344041.obj,1.941731352417264e-05,0
t10k_1344059.obj,1.5845099672636327e-05,0
t10k_1344060.obj,7.213320698914079e-05,0
t10k_1356650.obj,0.00010857606685021892,0
t10k_1356651.obj,9.438661800231785e-05,0
t10k_1368076.obj,0.00016003131410495067,0
t10k_138197.obj,2.9765783134886686e-05,0
t10k_1387346.obj,3.698794201530594e-05,0
t10k_139430.obj,0.3581155588229497,0
t10k_1395585.obj,2.6812786018126644e-05,0
t10k_1396898.obj,0.19980580856402716,0
t10k_139763.obj,0.00019935272333289808,0
t10k_140511.obj,1.6864374022892054e-05,0
t10k_1417963.obj,1.414664711774094e-05,0
t10k_1451899.obj,1.8843633066959835e-05,0
t10k_1452677.obj,0.30108892420927685,0
t10k_1452681.obj,7.004202295017119e-05,0
t10k_145330.obj,0.047531877476084596,0
t10k_145419.obj,5.396951261597375e-05,0
t10k_1455627.obj,3.3621782828655945e-05,0
t10k_1458676.obj,3.2994408153778444e-05,0
t10k_1504272.obj,2.351572483879257e-05,0
t10k_1505017.obj,4.518435995729912e-06,0
t10k_1505025.obj,1.4547087232585909e-05,0
t10k_1516886.obj,3.207330003836736e-05,0
t10k_1527409.obj,1.5842642596908263e-05,0
t10k_153961.obj,8.632333447167184e-06,0
t10k_1582376.obj,1.232355680258479e-05,0
t10k_1582420.obj,8.970455722116337e-05,0
t10k_1582428.obj,9.507912667080139e-05,0
t10k_1582436.obj,0.0005848890997791992,0
t10k_1601406.obj,0.00012599969583485895,0
t10k_1614064.obj,0.00022021369394072585,0
t10k_161717.obj,1.7331975110816227e-05,0
t10k_161718.obj,1.4033954509310812e-05,0
t10k_1628449.obj,3.3428580157609154e-05,0
t10k_1681118.obj,1.1997185235183375e-05,0
t10k_1681119.obj,1.2025840987917036e-05,0
t10k_1681124.obj,9.3392424484288e-06,0
t10k_1681235.obj,3.5299665493463785e-05,0
t10k_1722413.obj,2.924999413759603e-05,0
t10k_1722423.obj,0.01774828180714394,0
t10k_1750620.obj,3.2927978888134625e-05,0
t10k_1772593.obj,0.0009763659407629651,0
t10k_178199.obj,1.4332671222897867e-05,0
t10k_186541.obj,3.860631323959751e-06,0
t10k_196211.obj,4.4347631046548486e-05,0
t10k_199660.obj,5.187282446665146e-05,0
t10k_200973.obj,1.251293754952106e-05,0
t10k_201962.obj,7.065075503002542e-05,0
t10k_203284.obj,1.5417960563960758e-05,0
t10k_203285.obj,0.0013030987271728616,0
t10k_203287.obj,6.995851072133519e-05,0
t10k_203983.obj,0.00011699547121679643,0
t10k_204392.obj,0.00010038135224021971,0
t10k_206492.obj,1.6309524956644356e-05,0
t10k_208721.obj,0.04996860205816726,0
t10k_211915.obj,0.0001917829504236579,0
t10k_212094.obj,3.3906784816887616e-06,0
t10k_217020.obj,1.5910858868058615e-05,0
t10k_222140.obj,0.00011623337316753653,0
t10k_225966.obj,6.406478739033143e-05,0
t10k_225969.obj,0.07995050201255556,0
t10k_239188.obj,3.812591770232151e-05,0
t10k_242222.obj,6.18925150774885e-06,0
t10k_247069.obj,0.0001787838373275008,0
t10k_247517.obj,3.776883204409387e-05,0
t10k_250767.obj,1.730057313883056e-05,0
t10k_255237.obj,0.009060568840747388,0
t10k_255496.obj,6.746346601479065e-05,0
t10k_257587.obj,0.0017852924453715484,0
t10k_257590.obj,0.002940283142379485,0
t10k_263995.obj,1.0081646223625285e-05,0
t10k_265590.obj,1.8683655677402083e-05,0
t10k_267853.obj,0.1590033955872059,0
t10k_269126.obj,5.172169039724395e-06,0
t10k_278457.obj,5.861663400234344e-05,0
t10k_280282.obj,3.4018300842338554e-05,0
t10k_280283.obj,0.016189179111582536,0
t10k_285605.obj,3.219139720537593e-05,0
t10k_288801.obj,2.5974196735963535e-05,0
t10k_288802.obj,2.0832942633812006e-05,0
t10k_289665.obj,9.344989848614205e-06,0
t10k_289691.obj,1.234707785139714e-05,0
t10k_294010.obj,0.00011424480787051532,0
t10k_298323.obj,2.012870587956665e-05,0
t10k_301888.obj,5.212399294881228e-05,0
t10k_301926.obj,2.5228478686282568e-05,0
t10k_301933.obj,6.16037044286107e-05,0
t10k_306466.obj,1.3860606183394944e-05,0
t10k_313444.obj,6.608600839778471e-05,0
t10k_313879.obj,2.0902119103993755e-05,0
t10k_313917.obj,4.056289587121379e-05,0
t10k_314003.obj,0.00011546103511742938,0
t10k_316358.obj,0.00013747066501916075,0
t10k_331754.obj,3.2056468019921645e-05,0
t10k_331784.obj,2.9916324516913544e-05,0
t10k_338910.obj,0.002822916491519815,0
t10k_343548.obj,2.205223518103594e-05,0
t10k_34783.obj,1.9467044694465585e-05,0
t10k_36075.obj,3.071662528479161e-05,0
t10k_366724.obj,0.0,0
t10k_367344.obj,1.5682845211510237e-05,0
t10k_369989.obj,2.177446185669396e-05,0
t10k_370988.obj,2.9818705418923248e-05,0
t10k_375251.obj,0.00010728136112447828,0
t10k_376245.obj,1.1745189264426395e-05,0
t10k_37868.obj,9.83968463212174e-06,0
t10k_384098.obj,4.411982930226562e-05,0
t10k_385609.obj,2.643193890132049e-05,0
t10k_38645.obj,3.329318800145605e-05,0
t10k_386839.obj,0.00016714166546686707,0
t10k_387223.obj,0.00012178011820651591,0
t10k_388570.obj,1.5012567018857226e-05,0
t10k_388632.obj,4.1480073074732594e-05,0
t10k_39123.obj,0.0009116704371384307,0
t10k_39208.obj,8.848872823818965e-06,0
t10k_39347.obj,0.00047168364229340415,0
t10k_39643.obj,1.817664603246764e-05,0
t10k_40176.obj,3.7334081450050384e-05,0
t10k_40360.obj,3.119914314690201e-05,0
t10k_40361.obj,2.1592368284473196e-05,0
t10k_40583.obj,1.764209506897411e-05,0
t10k_40663.obj,6.34897163157196e-05,0
t10k_40986.obj,3.756355105603385e-05,0
t10k_41081.obj,5.8332730380546614e-05,0
t10k_41089.obj,0.0001786649712206175,0
t10k_41521.obj,2.526571400570295e-05,0
t10k_41929.obj,4.7702636948088184e-05,0
t10k_41930.obj,6.124423028571376e-05,0
t10k_42025.obj,2.3659425096411724e-05,0
t10k_42036.obj,2.60864211062047e-05,0
t10k_42046.obj,6.783205769049043e-05,0
t10k_42192.obj,2.558248994925331e-05,0
t10k_422370.obj,1.4192341344217615e-05,0
t10k_42500.obj,2.083748019761818e-05,0
t10k_42721.obj,2.9952182482399317e-06,0
t10k_43188.obj,0.0013500067231386008,0
t10k_43389.obj,0.003475500242833126,0
t10k_43393.obj,8.287670198114938e-06,0
t10k_437347.obj,1.5328752927719808e-05,0
t10k_437375.obj,0.022995917436977226,0
t10k_43769.obj,3.207777626812458e-05,0
t10k_439142.obj,0.0003295733768027276,0
t10k_44037.obj,2.516809096656895e-05,0
t10k_44384.obj,2.6505545671777025e-05,0
t10k_44396.obj,2.684080300241476e-05,0
t10k_44398.obj,1.4605693043752884e-05,0
t10k_44740.obj,2.2363376804908814e-05,0
t10k_44874.obj,0.00016886356388567947,0
t10k_45009.obj,2.134720686323514e-05,0
t10k_451676.obj,3.260995254095178e-05,0
t10k_45514.obj,2.5064275481175475e-05,0
t10k_462512.obj,1.614431736622161e-05,0
t10k_46541.obj,0.00010808780886388074,0
t10k_47088.obj,5.128437427022921e-06,0
t10k_47089.obj,0.00012207899999339134,0
t10k_471994.obj,0.0001485507673351094,0
t10k_472012.obj,1.3694644167117076e-05,0
t10k_472026.obj,9.995329416293922e-06,0
t10k_472039.obj,2.1448740028517932e-05,0
t10k_472043.obj,1.761902730853156e-05,0
t10k_472056.obj,2.9833441961576074e-05,0
t10k_472083.obj,5.2398378860137505e-05,0
t10k_472092.obj,2.1163723431527615e-05,0
t10k_472131.obj,0.041448909448263294,0
t10k_472150.obj,7.6268215328430715e-06,0
t10k_472204.obj,2.224035536831555e-05,0
t10k_474712.obj,4.429883347256691e-06,0
t10k_48131.obj,3.7145413443795405e-05,0
t10k_482738.obj,6.076405043131672e-05,0
t10k_48495.obj,2.8662320498066645e-05,0
t10k_48554.obj,7.191271530852343e-05,0
t10k_48949.obj,4.078577694599517e-05,0
t10k_49546.obj,4.302973563123184e-05,0
t10k_496673.obj,4.374902497753889e-05,0
t10k_498431.obj,8.793807168672174e-06,0
t10k_498461.obj,4.5732046298023e-05,0
t10k_49886.obj,1.0837440640898421e-05,0
t10k_49888.obj,2.047217033881073e-05,0
t10k_500112.obj,2.2660495512620096e-06,0
t10k_500117.obj,3.6177639988939823e-06,0
t10k_50098.obj,4.495385292102583e-05,0
t10k_501150.obj,4.093853656665185e-06,0
t10k_502009.obj,2.4039549468094872e-05,0
t10k_50410.obj,0.0002060717297354131,0
t10k_50881.obj,1.4030932864746623e-05,0
t10k_51142.obj,6.764617804340863e-05,0
t10k_51354.obj,0.0,0
t10k_51508.obj,3.199417900153397e-05,0
t10k_51639.obj,2.0009038659433525e-05,0
t10k_51643.obj,1.197415895148879e-05,0
t10k_51653.obj,2.3822505075562123e-05,0
t10k_518082.obj,0.019867422763733582,0
t10k_520644.obj,1.6158625991617253e-05,0
t10k_520647.obj,2.7512451803583342e-05,0
t10k_52072.obj,5.8709744431932144e-05,0
t10k_52858.obj,1.6749395096364122e-05,0
t10k_52861.obj,2.0287766176352307e-05,0
t10k_53404.obj,1.610396490529335e-05,0
t10k_53430.obj,2.2559953019178163e-05,0
t10k_53439.obj,2.3125069067949273e-05,0
t10k_53520.obj,1.5762372337727964e-05,0
t10k_55092.obj,5.036053456327257e-05,0
t10k_55583.obj,1.1929607050357541e-05,0
t10k_557388.obj,0.00011299899870209629,0
t10k_56095.obj,0.00011980169316908966,0
t10k_56527.obj,0.0,0
t10k_56892.obj,4.324716792325489e-05,0
t10k_570154.obj,0.00014358449213129157,0
t10k_57179.obj,0.00027143803648262593,0
t10k_57420.obj,1.0117153465216688e-05,0
t10k_57896.obj,0.0,0
t10k_579054.obj,0.00012472531428405395,0
t10k_579055.obj,0.08480653451745941,0
t10k_57909.obj,0.0012561297098727664,0
t10k_579370.obj,0.01265191966376733,0
t10k_58007.obj,1.8052875494352822e-05,0
t10k_58051.obj,0.0010432622172326471,0
t10k_58053.obj,0.00043856735283043236,0
t10k_58877.obj,2.229954649616654e-05,0
t10k_591226.obj,1.153095316415905e-05,0
t10k_591246.obj,1.3089704831751684e-05,0
t10k_59230.obj,1.841382800193969e-05,0
t10k_59766.obj,7.386044141336849e-06,0
t10k_601646.obj,2.105877441257083e-05,0
t10k_60172.obj,1.2190986277952712e-05,0
t10k_60246.obj,3.551881673047319e-05,0
t10k_60813.obj,0.00012710578206072873,0
t10k_60843.obj,3.731339408356386e-05,0
t10k_60847.obj,7.2929921467827325e-06,0
t10k_60863.obj,2.5302719222963788e-05,0
t10k_61194.obj,1.6104751921375282e-05,0
t10k_61200.obj,9.510981180937961e-05,0
t10k_613661.obj,0.029100368061335757,0
t10k_61765.obj,0.00023648071995315453,0
t10k_619671.obj,0.015041730135787171,0
t10k_622001.obj,1.2262543502098803e-05,0
t10k_62288.obj,6.191430778320257e-05,0
t10k_62592.obj,8.775045216680155e-06,0
t10k_63461.obj,8.358374968035302e-05,0
t10k_63556.obj,5.331487288155282e-05,0
t10k_635754.obj,1.1084968643141716e-05,0
t10k_63942.obj,0.03175936390956243,0
t10k_64988.obj,0.23607629040877023,0
t10k_64989.obj,2.198233081192787e-05,0
t10k_650186.obj,1.2316228852190155e-05,0
t10k_65444.obj,1.1548083875823068e-05,0
t10k_65608.obj,1.701163970816803e-05,0
t10k_66479.obj,3.9494323573308066e-05,0
t10k_668419.obj,2.3825840495798427e-05,0
t10k_679618.obj,1.0467935984100526e-05,0
t10k_68215.obj,2.4963011128420476e-05,0
t10k_68334.obj,2.6855436772166286e-05,0
t10k_68500.obj,2.7039490381260595e-05,0
t10k_68647.obj,2.907162812941048e-05,0
t10k_68656.obj,2.1468849960607866e-05,0
t10k_688370.obj,0.00019117693106333414,0
t10k_693468.obj,3.277626456110738e-05,0
t10k_69880.obj,2.278307365107442e-05,0
t10k_700904.obj,1.1613274940221649e-05,0
t10k_700908.obj,1.1841551137573939e-05,0
t10k_702398.obj,4.1624509321991354e-05,0
t10k_702412.obj,0.014000404672212122,0
t10k_702426.obj,0.0009508456811696911,0
t10k_702427.obj,2.0417717981520884e-05,0
t10k_70378.obj,4.6598408819894153e-05,0
t10k_70558.obj,6.1002380486267306e-05,0
t10k_70833.obj,1.5399898529722122e-05,0
t10k_71157.obj,1.9094417439191602e-05,0
t10k_71693.obj,0.14739040533701578,0
t10k_72016.obj,7.548477939659885e-05,0
t10k_72227.obj,0.019156547874445096,0
t10k_72361.obj,7.866736723372014e-06,0
t10k_723831.obj,6.950892626870579e-05,0
t10k_72607.obj,1.5084809698843552e-05,0
t10k_72611.obj,3.7839506831005565e-05,0
t10k_73068.obj,9.71347884236214e-05,0
t10k_73084.obj,7.570299051925152e-06,0
t10k_73160.obj,1.5243512355785546e-05,0
t10k_73432.obj,8.488472758472199e-06,0
t10k_73470.obj,9.398934442591175e-06,0
t10k_73737.obj,3.550581762586565e-05,0
t10k_73739.obj,5.969509766146075e-05,0
t10k_740251.obj,0.11546270549297333,0
t10k_74448.obj,2.405383687194747e-05,0
t10k_74470.obj,6.539071606918394e-05,0
t10k_74494.obj,2.716852638210791e-05,0
t10k_74690.obj,5.949771760545749e-05,0
t10k_75092.obj,8.515899571648333e-05,0
t10k_75549.obj,1.846392994290606e-05,0
t10k_75653.obj,0.008542655496057705,0
t10k_75665.obj,3.889251987250949e-05,0
t10k_75991.obj,2.1218285837676376e-05,0
t10k_76204.obj,1.7187829598697135e-05,0
t10k_762589.obj,7.270417405891294e-06,0
t10k_763724.obj,3.0850530796063445e-05,0
t10k_76901.obj,1.6186595227433525e-05,0
t10k_77463.obj,2.11953662680268e-05,0
t10k_77525.obj,4.0197769825075134e-05,0
t10k_779964.obj,2.356192878020617e-05,0
t10k_779966.obj,5.5242602077972457e-05,0
t10k_78299.obj,0.0037896757615574947,0
t10k_78737.obj,0.10078865270285557,0
t10k_78738.obj,0.0006676295985622952,0
t10k_789072.obj,3.2631026745851464e-05,0
t10k_79787.obj,2.30952872944575e-06,0
t10k_79960.obj,4.6890834103881694e-05,0
t10k_80364.obj,1.8026909439565014e-05,0
t10k_804299.obj,0.0003848348197313574,0
t10k_80597.obj,0.0001303782883042004,0
t10k_80752.obj,9.526396070214105e-06,0
t10k_80904.obj,7.939226217483034e-06,0
t10k_81130.obj,1.2761971674990491e-05,0
t10k_81141.obj,1.0883389525891593e-05,0
t10k_81145.obj,0.00010486402546424263,0
t10k_81259.obj,3.1481445925389075e-05,0
t10k_81307.obj,4.9361641591379644e-05,0
t10k_81310.obj,0.24772873220657252,0
t10k_815478.obj,0.005208748974837363,0
t10k_81776.obj,0.04878824825088183,0
t10k_82063.obj,8.227055695897434e-05,0
t10k_82407.obj,1.0517458576941863e-05,0
t10k_82722.obj,0.1093418716142575,0
t10k_83005.obj,1.6263545148831327e-05,0
t10k_834595.obj,5.91628440815839e-06,0
t10k_83490.obj,0.003797773654393192,0
t10k_838515.obj,4.40693613275774e-06,0
t10k_84625.obj,0.00017061346928433826,0
t10k_84642.obj,3.2709334239674113e-05,0
t10k_84975.obj,4.2114343159482814e-05,0
t10k_852175.obj,8.865688414516626e-06,0
t10k_85440.obj,1.9169563074683538e-05,0
t10k_85493.obj,4.1172190321958624e-05,0
t10k_85534.obj,0.488487184047699,0
t10k_856328.obj,1.0902448745279495e-05,0
t10k_85800.obj,8.549720829857203e-05,0
t10k_858853.obj,1.4510765367958811e-05,0
t10k_86236.obj,6.0955762213173635e-05,0
t10k_87075.obj,0.00016378258199741444,0
t10k_87519.obj,0.00021275710120486716,0
t10k_88152.obj,0.00019412723031564383,0
t10k_88383.obj,7.724835813860409e-05,0
t10k_88581.obj,7.748117544300233e-05,0
t10k_88615.obj,2.4380572843559396e-05,0
t10k_888455.obj,5.559403446871632e-05,0
t10k_894831.obj,1.4417683511661986e-05,0
t10k_90283.obj,0.009879868302959949,0
t10k_903533.obj,7.852383077988634e-06,0
t10k_90439.obj,2.853657406376442e-05,0
t10k_90441.obj,4.5043166513399534e-05,0
t10k_90442.obj,1.990188775380375e-05,0
t10k_904474.obj,4.865264865353917e-06,0
t10k_908460.obj,0.0026723449457980073,0
t10k_91139.obj,3.6567109418683685e-05,0
t10k_914685.obj,0.005759486137928131,0
t10k_91469.obj,5.040559108238085e-05,0
t10k_91588.obj,6.013525398884667e-05,0
t10k_91610.obj,8.403007086599246e-06,0
t10k_91659.obj,0.00012448308856013077,0
t10k_91917.obj,0.02774006300023757,0
t10k_919992.obj,2.3220599662939396e-05,0
t10k_92068.obj,4.839797232610484e-05,0
t10k_92116.obj,3.160502766756205e-05,0
t10k_921797.obj,7.244290827657096e-05,0
t10k_92420.obj,5.2617688197642565e-06,0
t10k_93071.obj,6.811675484641455e-05,0
t10k_93101.obj,1.1721955085401229e-05,0
t10k_931874.obj,6.810653818926464e-05,0
t10k_94148.obj,0.14063666478856854,0
t10k_94675.obj,2.7004931932121206e-05,0
t10k_953787.obj,4.384367093734909e-05,0
t10k_95409.obj,0.0,0
t10k_95421.obj,0.0,0
t10k_95434.obj,0.0,0
t10k_95489.obj,3.087127818920029e-05,0
t10k_95500.obj,2.513437296632522e-05,0
t10k_95797.obj,2.9598152953743313e-05,0
t10k_958471.obj,4.7834124832964635e-06,0
t10k_96068.obj,8.434361370746046e-05,0
t10k_96123.obj,3.438603440978719e-05,0
t10k_96269.obj,8.655107376398519e-05,0
t10k_96541.obj,3.742526754043259e-05,0
t10k_96777.obj,6.234868245276932e-05,0
t10k_96779.obj,0.00011863098431300993,0
t10k_97254.obj,8.059474203037098e-05,0
t10k_97591.obj,7.195257057901472e-05,0
t10k_97595.obj,9.988715790617182e-05,0
t10k_976646.obj,7.834670896045282e-06,0
t10k_97866.obj,4.4589069148059934e-05,0
t10k_98009.obj,2.472699088684749e-05,0
t10k_985159.obj,2.311542236081247e-05,0
t10k_98657.obj,5.079489331668204e-06,0
t10k_98660.obj,1.758878579494194e-05,0
t10k_98667.obj,1.2963294769482067e-05,0
t10k_98671.obj,2.125391013881502e-05,0
t10k_98936.obj,0.0001704771966615226,0
t10k_993954.obj,4.0451546738040633e-05,0
t10k_99896.obj,6.728174533539762e-05,0
device_00_degenerate_0000.obj,0.9999731779098511,1
device_00_degenerate_0001.obj,0.9999731779098511,1
device_00_degenerate_0002.obj,0.9999731779098511,1
device_00_degenerate_0003.obj,0.9999731779098511,1
device_00_degenerate_0004.obj,0.9999731779098511,1
device_00_degenerate_0005.obj,0.9999731779098511,1
device_00_degenerate_0006.obj,0.9999731779098511,1
device_00_degenerate_0007.obj,0.9999731779098511,1
device_00_degenerate_0008.obj,0.9999731779098511,1
device_00_degenerate_0009.obj,0.9999731779098511,1
device_00_degenerate_0010.obj,0.9999731779098511,1
device_00_degenerate_0011.obj,0.9999731779098511,1
device_00_degenerate_0012.obj,0.9999731779098511,1
device_00_degenerate_0013.obj,0.9999731779098511,1
device_00_degenerate_0014.obj,0.9999731779098511,1
device_00_degenerate_0015.obj,0.9999731779098511,1
device_00_degenerate_0016.obj,0.9999731779098511,1
device_00_degenerate_0017.obj,0.9999731779098511,1
device_00_degenerate_0018.obj,0.9999731779098511,1
device_00_degenerate_0019.obj,0.9999731779098511,1
device_00_degenerate_0020.obj,0.9999731779098511,1
device_00_degenerate_0021.obj,0.9999731779098511,1
device_00_degenerate_0022.obj,0.9999731779098511,1
device_00_degenerate_0023.obj,0.9999731779098511,1
device_00_degenerate_0024.obj,0.9999731779098511,1
device_00_disconnected_0000.obj,0.9999731779098511,1
device_00_disconnected_0001.obj,0.9999731779098511,1
device_00_disconnected_0002.obj,0.9999731779098511,1
device_00_disconnected_0003.obj,0.9999731779098511,1
device_00_disconnected_0004.obj,0.9999731779098511,1
device_00_disconnected_0005.obj,0.9999731779098511,1
device_00_disconnected_0006.obj,0.9999731779098511,1
device_00_disconnected_0007.obj,0.9999731779098511,1
device_00_disconnected_0008.obj,0.9999731779098511,1
device_00_disconnected_0009.obj,0.9999731779098511,1
device_00_disconnected_0010.obj,0.9999731779098511,1
device_00_disconnected_0011.obj,0.9999731779098511,1
device_00_disconnected_0012.obj,0.9999731779098511,1
device_00_disconnected_0013.obj,0.9999731779098511,1
device_00_disconnected_0014.obj,0.9999731779098511,1
device_00_disconnected_0015.obj,0.9999731779098511,1
device_00_disconnected_0016.obj,0.9999731779098511,1
device_00_disconnected_0017.obj,0.9999731779098511,1
device_00_disconnected_0018.obj,0.9999731779098511,1
device_00_disconnected_0019.obj,0.9999731779098511,1
device_00_disconnected_0020.obj,0.9999731779098511,1
device_00_disconnected_0021.obj,0.9999731779098511,1
device_00_disconnected_0022.obj,0.9999731779098511,1
device_00_disconnected_0023.obj,0.9999731779098511,1
device_00_disconnected_0024.obj,0.9999731779098511,1
device_00_faceswap_0000.obj,0.9999585747718811,1
device_00_faceswap_0001.obj,0.9999719063440958,1
device_00_faceswap_0002.obj,0.9999550580978394,1
device_00_faceswap_0003.obj,0.9999662836392721,1
device_00_faceswap_0004.obj,0.9999645551045736,1
device_00_faceswap_0005.obj,0.9999369780222574,1
device_00_faceswap_0006.obj,0.9999643961588541,1
device_00_faceswap_0007.obj,0.9999672571818033,1
device_00_faceswap_0008.obj,0.9999701778093973,1
device_00_faceswap_0009.obj,0.9999695221583048,1
device_00_faceswap_0010.obj,0.9999694426854452,1
device_00_faceswap_0011.obj,0.9999714493751526,1
device_00_faceswap_0012.obj,0.9999700784683228,1
device_00_faceswap_0013.obj,0.9999668598175049,1
device_00_faceswap_0014.obj,0.9999727209409078,1
device_00_faceswap_0015.obj,0.999964435895284,1
device_00_faceswap_0016.obj,0.9999747077624003,1
device_00_faceswap_0017.obj,0.9999633232752482,1
device_00_faceswap_0018.obj,0.9999724626541138,1
device_00_faceswap_0019.obj,0.9999720851580302,1
device_00_faceswap_0020.obj,0.9999691843986511,1
device_00_faceswap_0021.obj,0.9999742905298868,1
device_00_faceswap_0022.obj,0.9999648531277975,1
device_00_faceswap_0023.obj,0.9999610384305319,1
device_00_faceswap_0024.obj,0.9999748667081197,1
device_00_jitter_0000.obj,0.999951700369517,1
device_00_jitter_0001.obj,0.9999512036641439,1
device_00_jitter_0002.obj,0.9999444882074991,1
device_00_jitter_0003.obj,0.9979035059611002,1
device_00_jitter_0004.obj,0.999963661034902,1
device_00_jitter_0005.obj,0.9999178051948547,1
device_00_jitter_0006.obj,0.999959409236908,1
device_00_jitter_0007.obj,0.9999486207962036,1
device_00_jitter_0008.obj,0.999967634677887,1
device_00_jitter_0009.obj,0.9999593695004781,1
device_00_jitter_0010.obj,0.9998886386553446,1
device_00_jitter_0011.obj,0.9999325474103292,1
device_00_jitter_0012.obj,0.999910036722819,1
device_00_jitter_0013.obj,0.9998862743377686,1
device_00_jitter_0014.obj,0.9999673763910929,1
device_00_jitter_0015.obj,0.9998570481936137,1
device_00_jitter_0016.obj,0.9999675353368124,1
device_00_jitter_0017.obj,0.9999198118845621,1
device_00_jitter_0018.obj,0.999971886475881,1
device_00_jitter_0019.obj,0.995141347249349,1
device_00_jitter_0020.obj,0.9999383290608724,1
device_00_jitter_0021.obj,0.9999558130900065,1
device_00_jitter_0022.obj,0.9999576012293497,1
device_00_jitter_0023.obj,0.9994526306788126,1
device_00_jitter_0024.obj,0.9999410708745321,1
device_00_rigid_0000.obj,0.9999731779098511,1
device_00_rigid_0001.obj,0.9999731779098511,1
device_00_rigid_0002.obj,0.9999731779098511,1
device_00_rigid_0003.obj,0.9999731779098511,1
device_00_rigid_0004.obj,0.9999731779098511,1
device_00_rigid_0005.obj,0.9999731779098511,1
device_00_rigid_0006.obj,0.9999731779098511,1
device_00_rigid_0007.obj,0.9999731779098511,1
device_00_rigid_0008.obj,0.9999731779098511,1
device_00_rigid_0009.obj,0.9999731779098511,1
device_00_rigid_0010.obj,0.9999731779098511,1
device_00_rigid_0011.obj,0.9999731779098511,1
device_00_rigid_0012.obj,0.9999731779098511,1
device_00_rigid_0013.obj,0.9999731779098511,1
device_00_rigid_0014.obj,0.9999731779098511,1
device_00_rigid_0015.obj,0.9999731779098511,1
device_00_rigid_0016.obj,0.9999731779098511,1
device_00_rigid_0017.obj,0.9999731779098511,1
device_00_rigid_0018.obj,0.9999731779098511,1
device_00_rigid_0019.obj,0.9999731779098511,1
device_00_rigid_0020.obj,0.9999731779098511,1
device_00_rigid_0021.obj,0.9999731779098511,1
device_00_rigid_0022.obj,0.9999731779098511,1
device_00_rigid_0023.obj,0.9999731779098511,1
device_00_rigid_0024.obj,0.9999731779098511,1
device_00_tetwild_0000.obj,0.9998019933700562,1
device_00_tetwild_0001.obj,0.9999263882637024,1
device_00_tetwild_0002.obj,0.9999139507611593,1
device_00_tetwild_0003.obj,0.9998712738355001,1
device_00_tetwild_0004.obj,0.9999209443728129,1
device_00_tetwild_0005.obj,0.9998909632364908,1
device_00_tetwild_0006.obj,0.9997884432474772,1
device_00_tetwild_0007.obj,0.9999209443728129,1
device_00_tetwild_0008.obj,0.9999358057975769,1
device_00_tetwild_0009.obj,0.9993798732757568,1
device_00_tetwild_0010.obj,0.9911213914553324,1
device_00_tetwild_0011.obj,0.9999372561772665,1
device_00_tetwild_0012.obj,0.9988540410995483,1
device_00_tetwild_0013.obj,0.9998066226641337,1
device_00_tetwild_0014.obj,0.9999146064122518,1
device_00_tetwild_0015.obj,0.9998948574066162,1
device_00_tetwild_0016.obj,0.9998780290285746,1
device_00_tetwild_0017.obj,0.9999235272407532,1
device_00_tetwild_0018.obj,0.9998932282129923,1
device_00_tetwild_0019.obj,0.9617678920427958,1
device_00_tetwild_0020.obj,0.999945322672526,1
device_00_tetwild_0021.obj,0.9998234709103903,1
device_00_tetwild_0022.obj,0.9999219377835592,1
device_00_tetwild_0023.obj,0.9995805422465006,1
device_00_tetwild_0024.obj,0.9997560977935791,1
device_01_degenerate_0000.obj,0.999914268652598,1
device_01_degenerate_0001.obj,0.999914268652598,1
device_01_degenerate_0002.obj,0.999914268652598,1
device_01_degenerate_0003.obj,0.999914268652598,1
device_01_degenerate_0004.obj,0.999914268652598,1
device_01_degenerate_0005.obj,0.999914268652598,1
device_01_degenerate_0006.obj,0.999914268652598,1
device_01_degenerate_0007.obj,0.999914268652598,1
device_01_degenerate_0008.obj,0.999914268652598,1
device_01_degenerate_0009.obj,0.999914268652598,1
device_01_degenerate_0010.obj,0.999914268652598,1
device_01_degenerate_0011.obj,0.999914268652598,1
device_01_degenerate_0012.obj,0.999914268652598,1
device_01_degenerate_0013.obj,0.999914268652598,1
device_01_degenerate_0014.obj,0.999914268652598,1
device_01_degenerate_0015.obj,0.999914268652598,1
device_01_degenerate_0016.obj,0.999914268652598,1
device_01_degenerate_0017.obj,0.999914268652598,1
device_01_degenerate_0018.obj,0.999914268652598,1
device_01_degenerate_0019.obj,0.999914268652598,1
device_01_degenerate_0020.obj,0.999914268652598,1
device_01_degenerate_0021.obj,0.999914268652598,1
device_01_degenerate_0022.obj,0.999914268652598,1
device_01_degenerate_0023.obj,0.999914268652598,1
device_01_degenerate_0024.obj,0.999914268652598,1
device_01_disconnected_0000.obj,0.999914268652598,1
device_01_disconnected_0001.obj,0.999914268652598,1
device_01_disconnected_0002.obj,0.999914268652598,1
device_01_disconnected_0003.obj,0.999914268652598,1
device_01_disconnected_0004.obj,0.999914268652598,1
device_01_disconnected_0005.obj,0.999914268652598,1
device_01_disconnected_0006.obj,0.999914268652598,1
device_01_disconnected_0007.obj,0.999914268652598,1
device_01_disconnected_0008.obj,0.999914268652598,1
device_01_disconnected_0009.obj,0.999914268652598,1
device_01_disconnected_0010.obj,0.999914268652598,1
device_01_disconnected_0011.obj,0.999914268652598,1
device_01_disconnected_0012.obj,0.999914268652598,1
device_01_disconnected_0013.obj,0.999914268652598,1
device_01_disconnected_0014.obj,0.999914268652598,1
device_01_disconnected_0015.obj,0.999914268652598,1
device_01_disconnected_0016.obj,0.999914268652598,1
device_01_disconnected_0017.obj,0.999914268652598,1
device_01_disconnected_0018.obj,0.999914268652598,1
device_01_disconnected_0019.obj,0.999914268652598,1
device_01_disconnected_0020.obj,0.999914268652598,1
device_01_disconnected_0021.obj,0.999914268652598,1
device_01_disconnected_0022.obj,0.999914268652598,1
device_01_disconnected_0023.obj,0.999914268652598,1
device_01_disconnected_0024.obj,0.999914268652598,1
device_01_faceswap_0000.obj,0.9994848966598511,1
device_01_faceswap_0001.obj,0.9918927351633707,1
device_01_faceswap_0002.obj,0.9998953541119894,1
device_01_faceswap_0003.obj,0.9998839497566223,1
device_01_faceswap_0004.obj,0.9994265039761862,1
device_01_faceswap_0005.obj,0.9994603196779887,1
device_01_faceswap_0006.obj,0.9998936653137207,1
device_01_faceswap_0007.obj,0.9998437960942587,1
device_01_faceswap_0008.obj,0.9999056458473206,1
device_01_faceswap_0009.obj,0.9999372561772665,1
device_01_faceswap_0010.obj,0.9996226827303568,1
device_01_faceswap_0011.obj,0.999174177646637,1
device_01_faceswap_0012.obj,0.9989203612009684,1
device_01_faceswap_0013.obj,0.9945594271024069,1
device_01_faceswap_0014.obj,0.9999465346336365,1
device_01_faceswap_0015.obj,0.999600907166799,1
device_01_faceswap_0016.obj,0.9998984734217325,1
device_01_faceswap_0017.obj,0.9999263087908427,1
device_01_faceswap_0018.obj,0.9996287822723389,1
device_01_faceswap_0019.obj,0.9999392429987589,1
device_01_faceswap_0020.obj,0.9998544851938883,1
device_01_faceswap_0021.obj,0.9999233285586039,1
device_01_faceswap_0022.obj,0.9998848835627238,1
device_01_faceswap_0023.obj,0.9911946455637614,1
device_01_faceswap_0024.obj,0.9998552004496256,1
device_01_jitter_0000.obj,0.9999311367670695,1
device_01_jitter_0001.obj,0.9999191562334696,1
device_01_jitter_0002.obj,0.9998592336972555,1
device_01_jitter_0003.obj,0.9997347593307495,1
device_01_jitter_0004.obj,0.9998998045921326,1
device_01_jitter_0005.obj,0.9999211033185323,1
device_01_jitter_0006.obj,0.9999022682507833,1
device_01_jitter_0007.obj,0.9998769164085388,1
device_01_jitter_0008.obj,0.9997258385022482,1
device_01_jitter_0009.obj,0.9997155467669169,1
device_01_jitter_0010.obj,0.9999264677365621,1
device_01_jitter_0011.obj,0.9998939832051595,1
device_01_jitter_0012.obj,0.9998884002367655,1
device_01_jitter_0013.obj,0.9998857577641805,1
device_01_jitter_0014.obj,0.9996268550554911,1
device_01_jitter_0015.obj,0.999949594338735,1
device_01_jitter_0016.obj,0.9997952381769816,1
device_01_jitter_0017.obj,0.9998263120651245,1
device_01_jitter_0018.obj,0.9998839497566223,1
device_01_jitter_0019.obj,0.999856173992157,1
device_01_jitter_0020.obj,0.9996058543523153,1
device_01_jitter_0021.obj,0.9999076724052429,1
device_01_jitter_0022.obj,0.9998794396718343,1
device_01_jitter_0023.obj,0.9999192357063293,1
device_01_jitter_0024.obj,0.9996734857559204,1
device_01_rigid_0000.obj,0.999914268652598,1
device_01_rigid_0001.obj,0.999914268652598,1
device_01_rigid_0002.obj,0.999914268652598,1
device_01_rigid_0003.obj,0.999914268652598,1
device_01_rigid_0004.obj,0.999914268652598,1
device_01_rigid_0005.obj,0.999914268652598,1
device_01_rigid_0006.obj,0.999914268652598,1
device_01_rigid_0007.obj,0.999914268652598,1
device_01_rigid_0008.obj,0.999914268652598,1
device_01_rigid_0009.obj,0.999914268652598,1
device_01_rigid_0010.obj,0.999914268652598,1
device_01_rigid_0011.obj,0.999914268652598,1
device_01_rigid_0012.obj,0.999914268652598,1
device_01_rigid_0013.obj,0.999914268652598,1
device_01_rigid_0014.obj,0.999914268652598,1
device_01_rigid_0015.obj,0.999914268652598,1
device_01_rigid_0016.obj,0.999914268652598,1
device_01_rigid_0017.obj,0.999914268652598,1
device_01_rigid_0018.obj,0.999914268652598,1
device_01_rigid_0019.obj,0.999914268652598,1
device_01_rigid_0020.obj,0.999914268652598,1
device_01_rigid_0021.obj,0.999914268652598,1
device_01_rigid_0022.obj,0.999914268652598,1
device_01_rigid_0023.obj,0.999914268652598,1
device_01_rigid_0024.obj,0.999914268652598,1
device_01_tetwild_0000.obj,0.9996062914530436,1
device_01_tetwild_0001.obj,0.9998967250188192,1
device_01_tetwild_0002.obj,0.9992846250534058,1
device_01_tetwild_0003.obj,0.9999122023582458,1
device_01_tetwild_0004.obj,0.9991808732350668,1
device_01_tetwild_0005.obj,0.9998819828033447,1
device_01_tetwild_0006.obj,0.9999001224835714,1
device_01_tetwild_0007.obj,0.9998617768287659,1
device_01_tetwild_0008.obj,0.999854306379954,1
device_01_tetwild_0009.obj,0.9999094605445862,1
device_01_tetwild_0011.obj,0.9998446901639303,1
device_01_tetwild_0012.obj,0.9997856219609579,1
device_01_tetwild_0013.obj,0.9998775124549866,1
device_01_tetwild_0014.obj,0.9999394218126932,1
device_01_tetwild_0015.obj,0.9999070763587952,1
device_01_tetwild_0016.obj,0.9995732506116232,1
device_01_tetwild_0017.obj,0.9996458689371744,1
device_01_tetwild_0018.obj,0.9999056657155355,1
device_01_tetwild_0019.obj,0.9998875061670939,1
device_01_tetwild_0020.obj,0.9997385740280151,1
device_01_tetwild_0021.obj,0.9998112320899963,1
device_01_tetwild_0022.obj,0.9998389879862467,1
device_01_tetwild_0023.obj,0.9990125497182211,1
device_01_tetwild_0024.obj,0.9995747407277426,1
device_02_degenerate_0000.obj,0.9999733964602152,1
device_02_degenerate_0001.obj,0.9999733964602152,1
device_02_degenerate_0002.obj,0.9999733964602152,1
device_02_degenerate_0003.obj,0.9999733964602152,1
device_02_degenerate_0004.obj,0.9999733964602152,1
device_02_degenerate_0005.obj,0.9999733964602152,1
device_02_degenerate_0006.obj,0.9999733964602152,1
device_02_degenerate_0007.obj,0.9999733964602152,1
device_02_degenerate_0008.obj,0.9999733964602152,1
device_02_degenerate_0009.obj,0.9999733964602152,1
device_02_degenerate_0010.obj,0.9999733964602152,1
device_02_degenerate_0011.obj,0.9999733964602152,1
device_02_degenerate_0012.obj,0.9999733964602152,1
device_02_degenerate_0013.obj,0.9999733964602152,1
device_02_degenerate_0014.obj,0.9999733964602152,1
device_02_degenerate_0015.obj,0.9999733964602152,1
device_02_degenerate_0016.obj,0.9999733964602152,1
device_02_degenerate_0017.obj,0.9999733964602152,1
device_02_degenerate_0018.obj,0.9999733964602152,1
device_02_degenerate_0019.obj,0.9999733964602152,1
device_02_degenerate_0020.obj,0.9999733964602152,1
device_02_degenerate_0021.obj,0.9999733964602152,1
device_02_degenerate_0022.obj,0.9999733964602152,1
device_02_degenerate_0023.obj,0.9999733964602152,1
device_02_degenerate_0024.obj,0.9999733964602152,1
device_02_disconnected_0000.obj,0.9999733964602152,1
device_02_disconnected_0001.obj,0.9999733964602152,1
device_02_disconnected_0002.obj,0.9999733964602152,1
device_02_disconnected_0003.obj,0.9999733964602152,1
device_02_disconnected_0004.obj,0.9999733964602152,1
device_02_disconnected_0005.obj,0.9999733964602152,1
device_02_disconnected_0006.obj,0.9999733964602152,1
device_02_disconnected_0007.obj,0.9999733964602152,1
device_02_disconnected_0008.obj,0.9999733964602152,1
device_02_disconnected_0009.obj,0.9999733964602152,1
device_02_disconnected_0010.obj,0.9999733964602152,1
device_02_disconnected_0011.obj,0.9999733964602152,1
device_02_disconnected_0012.obj,0.9999733964602152,1
device_02_disconnected_0013.obj,0.9999733964602152,1
device_02_disconnected_0014.obj,0.9999733964602152,1
device_02_disconnected_0015.obj,0.9999733964602152,1
device_02_disconnected_0016.obj,0.9999733964602152,1
device_02_disconnected_0017.obj,0.9999733964602152,1
device_02_disconnected_0018.obj,0.9999733964602152,1
device_02_disconnected_0019.obj,0.9999733964602152,1
device_02_disconnected_0020.obj,0.9999733964602152,1
device_02_disconnected_0021.obj,0.9999733964602152,1
device_02_disconnected_0022.obj,0.9999733964602152,1
device_02_disconnected_0023.obj,0.9999733964602152,1
device_02_disconnected_0024.obj,0.9999733964602152,1
device_02_faceswap_0000.obj,0.9999715089797974,1
device_02_faceswap_0001.obj,0.9999751249949137,1
device_02_faceswap_0002.obj,0.9999665021896362,1
device_02_faceswap_0003.obj,0.9999750653902689,1
device_02_faceswap_0004.obj,0.9999699195226034,1
device_02_faceswap_0005.obj,0.9999698996543884,1
device_02_faceswap_0006.obj,0.999972939491272,1
device_02_faceswap_0007.obj,0.9999764164288839,1
device_02_faceswap_0008.obj,0.9999728997548422,1
device_02_faceswap_0009.obj,0.9999668995539347,1
device_02_faceswap_0010.obj,0.9999736944834391,1
device_02_faceswap_0011.obj,0.9999734958012899,1
device_02_faceswap_0012.obj,0.9999716877937317,1
device_02_faceswap_0013.obj,0.9999748865763346,1
device_02_faceswap_0014.obj,0.9999748468399048,1
device_02_faceswap_0015.obj,0.9999783833821615,1
device_02_faceswap_0016.obj,0.99997345606486,1
device_02_faceswap_0017.obj,0.9999674359957377,1
device_02_faceswap_0018.obj,0.9999721844991049,1
device_02_faceswap_0019.obj,0.999970535437266,1
device_02_faceswap_0020.obj,0.9999810854593912,1
device_02_faceswap_0021.obj,0.9999758203824362,1
device_02_faceswap_0022.obj,0.9999703764915466,1
device_02_faceswap_0023.obj,0.9999743302663168,1
device_02_faceswap_0024.obj,0.999974807103475,1
device_02_jitter_0000.obj,0.9236062169075012,1
device_02_jitter_0001.obj,0.9953755140304565,1
device_02_jitter_0002.obj,0.9907819628715515,1
device_02_jitter_0003.obj,0.9992982149124146,1
device_02_jitter_0004.obj,0.9954875707626343,1
device_02_jitter_0005.obj,0.9867124756177267,1
device_02_jitter_0006.obj,0.9977489511171976,1
device_02_jitter_0007.obj,0.9981470108032227,1
device_02_jitter_0008.obj,0.9815904100735983,1
device_02_jitter_0009.obj,0.9837884902954102,1
device_02_jitter_0010.obj,0.9959196448326111,1
device_02_jitter_0011.obj,0.9303298791249593,1
device_02_jitter_0012.obj,0.9934209585189819,1
device_02_jitter_0013.obj,0.991999626159668,1
device_02_jitter_0014.obj,0.9986598292986552,1
device_02_jitter_0015.obj,0.9994927843411764,1
device_02_jitter_0016.obj,0.962082048257192,1
device_02_jitter_0017.obj,0.9935151934623718,1
device_02_jitter_0018.obj,0.9981944759686788,1
device_02_jitter_0019.obj,0.9973164796829224,1
device_02_jitter_0020.obj,0.9964521725972494,1
device_02_jitter_0021.obj,0.987299640973409,1
device_02_jitter_0022.obj,0.9944361845652262,1
device_02_jitter_0023.obj,0.9819817344347636,1
device_02_jitter_0024.obj,0.9810152848561605,1
device_02_rigid_0000.obj,0.9999733964602152,1
device_02_rigid_0001.obj,0.9999733964602152,1
device_02_rigid_0002.obj,0.9999733964602152,1
device_02_rigid_0003.obj,0.9999733964602152,1
device_02_rigid_0004.obj,0.9999733964602152,1
device_02_rigid_0005.obj,0.9999733964602152,1
device_02_rigid_0006.obj,0.9999733964602152,1
device_02_rigid_0007.obj,0.9999733964602152,1
device_02_rigid_0008.obj,0.9999733964602152,1
device_02_rigid_0009.obj,0.9999733964602152,1
device_02_rigid_0010.obj,0.9999733964602152,1
device_02_rigid_0011.obj,0.9999733964602152,1
device_02_rigid_0012.obj,0.9999733964602152,1
device_02_rigid_0013.obj,0.9999733964602152,1
device_02_rigid_0014.obj,0.9999733964602152,1
device_02_rigid_0015.obj,0.9999733964602152,1
device_02_rigid_0016.obj,0.9999733964602152,1
device_02_rigid_0017.obj,0.9999733964602152,1
device_02_rigid_0018.obj,0.9999733964602152,1
device_02_rigid_0019.obj,0.9999733964602152,1
device_02_rigid_0020.obj,0.9999733964602152,1
device_02_rigid_0021.obj,0.9999733964602152,1
device_02_rigid_0022.obj,0.9999733964602152,1
device_02_rigid_0023.obj,0.9999733964602152,1
device_02_rigid_0024.obj,0.9999733964602152,1
device_02_tetwild_0000.obj,0.9999511440594991,1
device_02_tetwild_0001.obj,0.9999513228734335,1
device_02_tetwild_0002.obj,0.999959925810496,1
device_02_tetwild_0003.obj,0.9999693036079407,1
device_02_tetwild_0004.obj,0.9999354481697083,1
device_02_tetwild_0006.obj,0.9997627933820089,1
device_02_tetwild_0007.obj,0.9999606013298035,1
device_02_tetwild_0008.obj,0.9999077518781027,1
device_02_tetwild_0009.obj,0.9999512434005737,1
device_02_tetwild_0010.obj,0.9999298453330994,1
device_02_tetwild_0011.obj,0.9999621113141378,1
device_02_tetwild_0012.obj,0.9998195767402649,1
device_02_tetwild_0013.obj,0.9999486605326334,1
device_02_tetwild_0014.obj,0.9999027053515116,1
device_02_tetwild_0015.obj,0.9999511440594991,1
device_02_tetwild_0016.obj,0.9999674956003824,1
device_02_tetwild_0018.obj,0.9999531706174215,1
device_02_tetwild_0019.obj,0.9999611179033915,1
device_02_tetwild_0020.obj,0.9999649127324423,1
device_02_tetwild_0021.obj,0.9998997847239176,1
device_02_tetwild_0022.obj,0.999929408232371,1
device_02_tetwild_0023.obj,0.9999423225720724,1
device_02_tetwild_0024.obj,0.9999558925628662,1
device_03_degenerate_0000.obj,0.9999279379844666,1
device_03_degenerate_0001.obj,0.9999279379844666,1
device_03_degenerate_0002.obj,0.9999279379844666,1
device_03_degenerate_0003.obj,0.9999279379844666,1
device_03_degenerate_0004.obj,0.9999279379844666,1
device_03_degenerate_0005.obj,0.9999279379844666,1
device_03_degenerate_0006.obj,0.9999279379844666,1
device_03_degenerate_0007.obj,0.9999279379844666,1
device_03_degenerate_0008.obj,0.9999279379844666,1
device_03_degenerate_0009.obj,0.9999279379844666,1
device_03_degenerate_0010.obj,0.9999279379844666,1
device_03_degenerate_0011.obj,0.9999279379844666,1
device_03_degenerate_0012.obj,0.9999279379844666,1
device_03_degenerate_0013.obj,0.9999279379844666,1
device_03_degenerate_0014.obj,0.9999279379844666,1
device_03_degenerate_0015.obj,0.9999279379844666,1
device_03_degenerate_0016.obj,0.9999279379844666,1
device_03_degenerate_0017.obj,0.9999279379844666,1
device_03_degenerate_0018.obj,0.9999279379844666,1
device_03_degenerate_0019.obj,0.9999279379844666,1
device_03_degenerate_0020.obj,0.9999279379844666,1
device_03_degenerate_0021.obj,0.9999279379844666,1
device_03_degenerate_0022.obj,0.9999279379844666,1
device_03_degenerate_0023.obj,0.9999279379844666,1
device_03_degenerate_0024.obj,0.9999279379844666,1
device_03_disconnected_0000.obj,0.9999279379844666,1
device_03_disconnected_0001.obj,0.9999279379844666,1
device_03_disconnected_0002.obj,0.9999279379844666,1
device_03_disconnected_0003.obj,0.9999279379844666,1
device_03_disconnected_0004.obj,0.9999279379844666,1
device_03_disconnected_0005.obj,0.9999279379844666,1
device_03_disconnected_0006.obj,0.9999279379844666,1
device_03_disconnected_0007.obj,0.9999279379844666,1
device_03_disconnected_0008.obj,0.9999279379844666,1
device_03_disconnected_0009.obj,0.9999279379844666,1
device_03_disconnected_0010.obj,0.9999279379844666,1
device_03_disconnected_0011.obj,0.9999279379844666,1
device_03_disconnected_0012.obj,0.9999279379844666,1
device_03_disconnected_0013.obj,0.9999279379844666,1
device_03_disconnected_0014.obj,0.9999279379844666,1
device_03_disconnected_0015.obj,0.9999279379844666,1
device_03_disconnected_0016.obj,0.9999279379844666,1
device_03_disconnected_0017.obj,0.9999279379844666,1
device_03_disconnected_0018.obj,0.9999279379844666,1
device_03_disconnected_0019.obj,0.9999279379844666,1
device_03_disconnected_0020.obj,0.9999279379844666,1
device_03_disconnected_0021.obj,0.9999279379844666,1
device_03_disconnected_0022.obj,0.9999279379844666,1
device_03_disconnected_0023.obj,0.9999279379844666,1
device_03_disconnected_0024.obj,0.9999279379844666,1
device_03_faceswap_0000.obj,0.9999715487162272,1
device_03_faceswap_0001.obj,0.9999543229738871,1
device_03_faceswap_0002.obj,0.999974250793457,1
device_03_faceswap_0003.obj,0.998724897702535,1
device_03_faceswap_0004.obj,0.9998746514320374,1
device_03_faceswap_0005.obj,0.9997668862342834,1
device_03_faceswap_0006.obj,0.9947900772094727,1
device_03_faceswap_0007.obj,0.9998489022254944,1
device_03_faceswap_0008.obj,0.9999082088470459,1
device_03_faceswap_0009.obj,0.9999471505482992,1
device_03_faceswap_0010.obj,0.9999387462933859,1
device_03_faceswap_0011.obj,0.9999231497446696,1
device_03_faceswap_0012.obj,0.9994955857594808,1
device_03_faceswap_0013.obj,0.9998182058334351,1
device_03_faceswap_0014.obj,0.9999640186627706,1
device_03_faceswap_0015.obj,0.9999788602193197,1
device_03_faceswap_0016.obj,0.9998337825139364,1
device_03_faceswap_0017.obj,0.9999273419380188,1
device_03_faceswap_0018.obj,0.9999728997548422,1
device_03_faceswap_0019.obj,0.9842918316523234,1
device_03_faceswap_0020.obj,0.9999276002248129,1
device_03_faceswap_0021.obj,0.99937504529953,1
device_03_faceswap_0022.obj,0.999535322189331,1
device_03_faceswap_0023.obj,0.999953826268514,1
device_03_faceswap_0024.obj,0.9997965693473816,1
device_03_jitter_0000.obj,0.9998909632364908,1
device_03_jitter_0001.obj,0.9998403390248617,1
device_03_jitter_0002.obj,0.9997926950454712,1
device_03_jitter_0003.obj,0.9997073411941528,1
device_03_jitter_0004.obj,0.9999029239018759,1
device_03_jitter_0005.obj,0.9998711744944254,1
device_03_jitter_0006.obj,0.9999420444170634,1
device_03_jitter_0007.obj,0.9999078909556071,1
device_03_jitter_0008.obj,0.9999208648999532,1
device_03_jitter_0009.obj,0.9994247555732727,1
device_03_jitter_0010.obj,0.9994538625081381,1
device_03_jitter_0011.obj,0.9999361435572306,1
device_03_jitter_0012.obj,0.9998436570167542,1
device_03_jitter_0013.obj,0.9998632868131002,1
device_03_jitter_0014.obj,0.9999457995096842,1
device_03_jitter_0015.obj,0.999848743279775,1
device_03_jitter_0016.obj,0.9999402364095052,1
device_03_jitter_0017.obj,0.999462366104126,1
device_03_jitter_0018.obj,0.9999150435129801,1
device_03_jitter_0019.obj,0.9998845855394999,1
device_03_jitter_0020.obj,0.9999226729075114,1
device_03_jitter_0021.obj,0.9999215006828308,1
device_03_jitter_0022.obj,0.9999425808588663,1
device_03_jitter_0023.obj,0.9998387893040975,1
device_03_jitter_0024.obj,0.9998346169789633,1
device_03_rigid_0000.obj,0.9999279379844666,1
device_03_rigid_0001.obj,0.9999279379844666,1
device_03_rigid_0002.obj,0.9999279379844666,1
device_03_rigid_0003.obj,0.9999279379844666,1
device_03_rigid_0004.obj,0.9999279379844666,1
device_03_rigid_0005.obj,0.9999279379844666,1
device_03_rigid_0006.obj,0.9999279379844666,1
device_03_rigid_0007.obj,0.9999279379844666,1
device_03_rigid_0008.obj,0.9999279379844666,1
device_03_rigid_0009.obj,0.9999279379844666,1
device_03_rigid_0010.obj,0.9999279379844666,1
device_03_rigid_0011.obj,0.9999279379844666,1
device_03_rigid_0012.obj,0.9999279379844666,1
device_03_rigid_0013.obj,0.9999279379844666,1
device_03_rigid_0014.obj,0.9999279379844666,1
device_03_rigid_0015.obj,0.9999279379844666,1
device_03_rigid_0016.obj,0.9999279379844666,1
device_03_rigid_0017.obj,0.9999279379844666,1
device_03_rigid_0018.obj,0.9999279379844666,1
device_03_rigid_0019.obj,0.9999279379844666,1
device_03_rigid_0020.obj,0.9999279379844666,1
device_03_rigid_0021.obj,0.9999279379844666,1
device_03_rigid_0022.obj,0.9999279379844666,1
device_03_rigid_0023.obj,0.9999279379844666,1
device_03_rigid_0024.obj,0.9999279379844666,1
device_03_tetwild_0000.obj,0.9999362031618754,1
device_03_tetwild_0001.obj,0.9999770919481913,1
device_03_tetwild_0002.obj,0.9999564488728842,1
device_03_tetwild_0003.obj,0.9999525745709738,1
device_03_tetwild_0004.obj,0.9999756813049316,1
device_03_tetwild_0005.obj,0.9996286630630493,1
device_03_tetwild_0006.obj,0.9999557336171468,1
device_03_tetwild_0007.obj,0.9999336202939352,1
device_03_tetwild_0008.obj,0.9999474287033081,1
device_03_tetwild_0009.obj,0.9999660650889078,1
device_03_tetwild_0010.obj,0.9999720851580302,1
device_03_tetwild_0011.obj,0.9999353090922037,1
device_03_tetwild_0012.obj,0.999953031539917,1
device_03_tetwild_0013.obj,0.9999211033185323,1
device_03_tetwild_0014.obj,0.9999672770500183,1
device_03_tetwild_0015.obj,0.9999704162279764,1
device_03_tetwild_0016.obj,0.9999560117721558,1
device_03_tetwild_0017.obj,0.999969998995463,1
device_03_tetwild_0018.obj,0.999967614809672,1
device_03_tetwild_0019.obj,0.9999769528706869,1
device_03_tetwild_0020.obj,0.9999487996101379,1
device_03_tetwild_0021.obj,0.9999707539876302,1
device_03_tetwild_0022.obj,0.9999282956123352,1
device_03_tetwild_0023.obj,0.9999194145202637,1
device_03_tetwild_0024.obj,0.9999649922053019,1
device_04_degenerate_0000.obj,0.99985271692276,1
device_04_degenerate_0001.obj,0.99985271692276,1
device_04_degenerate_0002.obj,0.99985271692276,1
device_04_degenerate_0003.obj,0.99985271692276,1
device_04_degenerate_0004.obj,0.99985271692276,1
device_04_degenerate_0005.obj,0.99985271692276,1
device_04_degenerate_0006.obj,0.99985271692276,1
device_04_degenerate_0007.obj,0.99985271692276,1
device_04_degenerate_0008.obj,0.99985271692276,1
device_04_degenerate_0009.obj,0.99985271692276,1
device_04_degenerate_0010.obj,0.99985271692276,1
device_04_degenerate_0011.obj,0.99985271692276,1
device_04_degenerate_0012.obj,0.99985271692276,1
device_04_degenerate_0013.obj,0.99985271692276,1
device_04_degenerate_0014.obj,0.99985271692276,1
device_04_degenerate_0015.obj,0.99985271692276,1
device_04_degenerate_0016.obj,0.99985271692276,1
device_04_degenerate_0017.obj,0.99985271692276,1
device_04_degenerate_0018.obj,0.99985271692276,1
device_04_degenerate_0019.obj,0.99985271692276,1
device_04_degenerate_0020.obj,0.99985271692276,1
device_04_degenerate_0021.obj,0.99985271692276,1
device_04_degenerate_0022.obj,0.99985271692276,1
device_04_degenerate_0023.obj,0.99985271692276,1
device_04_degenerate_0024.obj,0.99985271692276,1
device_04_disconnected_0000.obj,0.99985271692276,1
device_04_disconnected_0001.obj,0.99985271692276,1
device_04_disconnected_0002.obj,0.99985271692276,1
device_04_disconnected_0003.obj,0.99985271692276,1
device_04_disconnected_0004.obj,0.99985271692276,1
device_04_disconnected_0005.obj,0.99985271692276,1
device_04_disconnected_0006.obj,0.99985271692276,1
device_04_disconnected_0007.obj,0.99985271692276,1
device_04_disconnected_0008.obj,0.99985271692276,1
device_04_disconnected_0009.obj,0.99985271692276,1
device_04_disconnected_0010.obj,0.99985271692276,1
device_04_disconnected_0011.obj,0.99985271692276,1
device_04_disconnected_0012.obj,0.99985271692276,1
device_04_disconnected_0013.obj,0.99985271692276,1
device_04_disconnected_0014.obj,0.99985271692276,1
device_04_disconnected_0015.obj,0.99985271692276,1
device_04_disconnected_0016.obj,0.99985271692276,1
device_04_disconnected_0017.obj,0.99985271692276,1
device_04_disconnected_0018.obj,0.99985271692276,1
device_04_disconnected_0019.obj,0.99985271692276,1
device_04_disconnected_0020.obj,0.99985271692276,1
device_04_disconnected_0021.obj,0.99985271692276,1
device_04_disconnected_0022.obj,0.99985271692276,1
device_04_disconnected_0023.obj,0.99985271692276,1
device_04_disconnected_0024.obj,0.99985271692276,1
device_04_faceswap_0000.obj,0.9623524149258932,1
device_04_faceswap_0001.obj,0.9997112353642782,1
device_04_faceswap_0002.obj,0.9825965364774069,1
device_04_faceswap_0003.obj,0.9927788376808167,1
device_04_faceswap_0004.obj,0.9995230635007223,1
device_04_faceswap_0005.obj,0.856331984202067,1
device_04_faceswap_0006.obj,0.9985310037930807,1
device_04_faceswap_0007.obj,0.9973734418551127,1
device_04_faceswap_0008.obj,0.976991335550944,1
device_04_faceswap_0009.obj,0.9616423845291138,1
device_04_faceswap_0010.obj,0.9998768170674642,1
device_04_faceswap_0011.obj,0.9998166163762411,1
device_04_faceswap_0012.obj,0.9359085559844971,1
device_04_faceswap_0013.obj,0.9499305685361227,1
device_04_faceswap_0014.obj,0.9487096269925436,1
device_04_faceswap_0015.obj,0.9966664512952169,1
device_04_faceswap_0016.obj,0.9997522830963135,1
device_04_faceswap_0017.obj,0.9996162056922913,1
device_04_faceswap_0018.obj,0.9997661908467611,1
device_04_faceswap_0019.obj,0.9993530114491781,1
device_04_faceswap_0020.obj,0.9968745112419128,1
device_04_faceswap_0021.obj,0.9589704076449076,1
device_04_faceswap_0022.obj,0.9830974737803141,1
device_04_faceswap_0023.obj,0.9697482585906982,1
device_04_faceswap_0024.obj,0.894487182299296,1
device_04_jitter_0000.obj,0.999812384446462,1
device_04_jitter_0001.obj,0.9999193549156189,1
device_04_jitter_0002.obj,0.9998747110366821,1
device_04_jitter_0003.obj,0.9998454451560974,1
device_04_jitter_0004.obj,0.9998851418495178,1
device_04_jitter_0005.obj,0.99930473168691,1
device_04_jitter_0006.obj,0.9999206860860189,1
device_04_jitter_0007.obj,0.9998377362887064,1
device_04_jitter_0008.obj,0.9995195070902506,1
device_04_jitter_0009.obj,0.999819835027059,1
device_04_jitter_0010.obj,0.9998270471890768,1
device_04_jitter_0011.obj,0.9997585217157999,1
device_04_jitter_0012.obj,0.9998637835184733,1
device_04_jitter_0013.obj,0.9998315572738647,1
device_04_jitter_0014.obj,0.9997557600339254,1
device_04_jitter_0015.obj,0.9998432795206705,1
device_04_jitter_0016.obj,0.9998111923535665,1
device_04_jitter_0017.obj,0.9998520811398824,1
device_04_jitter_0018.obj,0.9998345375061035,1
device_04_jitter_0019.obj,0.9998202721277872,1
device_04_jitter_0020.obj,0.9996991157531738,1
device_04_jitter_0021.obj,0.9996207157770792,1
device_04_jitter_0022.obj,0.9996662537256876,1
device_04_jitter_0023.obj,0.9998882015546163,1
device_04_jitter_0024.obj,0.9996929168701172,1
device_04_rigid_0000.obj,0.99985271692276,1
device_04_rigid_0001.obj,0.99985271692276,1
device_04_rigid_0002.obj,0.99985271692276,1
device_04_rigid_0003.obj,0.99985271692276,1
device_04_rigid_0004.obj,0.99985271692276,1
device_04_rigid_0005.obj,0.99985271692276,1
device_04_rigid_0006.obj,0.99985271692276,1
device_04_rigid_0007.obj,0.99985271692276,1
device_04_rigid_0008.obj,0.99985271692276,1
device_04_rigid_0009.obj,0.99985271692276,1
device_04_rigid_0010.obj,0.99985271692276,1
device_04_rigid_0011.obj,0.99985271692276,1
device_04_rigid_0012.obj,0.99985271692276,1
device_04_rigid_0013.obj,0.99985271692276,1
device_04_rigid_0014.obj,0.99985271692276,1
device_04_rigid_0015.obj,0.99985271692276,1
device_04_rigid_0016.obj,0.99985271692276,1
device_04_rigid_0017.obj,0.99985271692276,1
device_04_rigid_0018.obj,0.99985271692276,1
device_04_rigid_0019.obj,0.99985271692276,1
device_04_rigid_0020.obj,0.99985271692276,1
device_04_rigid_0021.obj,0.99985271692276,1
device_04_rigid_0022.obj,0.99985271692276,1
device_04_rigid_0023.obj,0.99985271692276,1
device_04_rigid_0024.obj,0.99985271692276,1
device_04_tetwild_0000.obj,0.989966094493866,1
device_04_tetwild_0001.obj,0.9998528758684794,1
device_04_tetwild_0002.obj,0.9989221890767416,1
device_04_tetwild_0003.obj,0.9996457695960999,1
device_04_tetwild_0004.obj,0.9972736239433289,1
device_04_tetwild_0005.obj,0.999464770158132,1
device_04_tetwild_0006.obj,0.9999300241470337,1
device_04_tetwild_0007.obj,0.9998776714007059,1
device_04_tetwild_0008.obj,0.9995907147725424,1
device_04_tetwild_0009.obj,0.9972174763679504,1
device_04_tetwild_0010.obj,0.9973211288452148,1
device_04_tetwild_0011.obj,0.9998397628466288,1
device_04_tetwild_0012.obj,0.9997153282165527,1
device_04_tetwild_0013.obj,0.9823309183120728,1
device_04_tetwild_0014.obj,0.9998596906661987,1
device_04_tetwild_0015.obj,0.9998760422070821,1
device_04_tetwild_0016.obj,0.9977342287699381,1
device_04_tetwild_0017.obj,0.999864419301351,1
device_04_tetwild_0018.obj,0.9973846872647604,1
device_04_tetwild_0019.obj,0.9994319478670756,1
device_04_tetwild_0020.obj,0.9997966488202413,1
device_04_tetwild_0021.obj,0.9999037981033325,1
device_04_tetwild_0022.obj,0.9996896386146545,1
device_04_tetwild_0023.obj,0.9947452346483866,1
device_04_tetwild_0024.obj,0.9996063709259033,1
device_05_degenerate_0000.obj,0.9997385541598002,1
device_05_degenerate_0001.obj,0.9997385541598002,1
device_05_degenerate_0002.obj,0.9997385541598002,1
device_05_degenerate_0003.obj,0.9997385541598002,1
device_05_degenerate_0004.obj,0.9997385541598002,1
device_05_degenerate_0005.obj,0.9997385541598002,1
device_05_degenerate_0006.obj,0.9997385541598002,1
device_05_degenerate_0007.obj,0.9997385541598002,1
device_05_degenerate_0008.obj,0.9997385541598002,1
device_05_degenerate_0009.obj,0.9997385541598002,1
device_05_degenerate_0010.obj,0.9997385541598002,1
device_05_degenerate_0011.obj,0.9997385541598002,1
device_05_degenerate_0012.obj,0.9997385541598002,1
device_05_degenerate_0013.obj,0.9997385541598002,1
device_05_degenerate_0014.obj,0.9997385541598002,1
device_05_degenerate_0015.obj,0.9997385541598002,1
device_05_degenerate_0016.obj,0.9997385541598002,1
device_05_degenerate_0017.obj,0.9997385541598002,1
device_05_degenerate_0018.obj,0.9997385541598002,1
device_05_degenerate_0019.obj,0.9997385541598002,1
device_05_degenerate_0020.obj,0.9997385541598002,1
device_05_degenerate_0021.obj,0.9997385541598002,1
device_05_degenerate_0022.obj,0.9997385541598002,1
device_05_degenerate_0023.obj,0.9997385541598002,1
device_05_degenerate_0024.obj,0.9997385541598002,1
device_05_disconnected_0000.obj,0.9997385541598002,1
device_05_disconnected_0001.obj,0.9997385541598002,1
device_05_disconnected_0002.obj,0.9997385541598002,1
device_05_disconnected_0003.obj,0.9997385541598002,1
device_05_disconnected_0004.obj,0.9997385541598002,1
device_05_disconnected_0005.obj,0.9997385541598002,1
device_05_disconnected_0006.obj,0.9997385541598002,1
device_05_disconnected_0007.obj,0.9997385541598002,1
device_05_disconnected_0008.obj,0.9997385541598002,1
device_05_disconnected_0009.obj,0.9997385541598002,1
device_05_disconnected_0010.obj,0.9997385541598002,1
device_05_disconnected_0011.obj,0.9997385541598002,1
device_05_disconnected_0012.obj,0.9997385541598002,1
device_05_disconnected_0013.obj,0.9997385541598002,1
device_05_disconnected_0014.obj,0.9997385541598002,1
device_05_disconnected_0015.obj,0.9997385541598002,1
device_05_disconnected_0016.obj,0.9997385541598002,1
device_05_disconnected_0017.obj,0.9997385541598002,1
device_05_disconnected_0018.obj,0.9997385541598002,1
device_05_disconnected_0019.obj,0.9997385541598002,1
device_05_disconnected_0020.obj,0.9997385541598002,1
device_05_disconnected_0021.obj,0.9997385541598002,1
device_05_disconnected_0022.obj,0.9997385541598002,1
device_05_disconnected_0023.obj,0.9997385541598002,1
device_05_disconnected_0024.obj,0.9997385541598002,1
device_05_faceswap_0000.obj,0.9997142553329468,1
device_05_faceswap_0001.obj,0.9993993242581686,1
device_05_faceswap_0002.obj,0.9973074992497762,1
device_05_faceswap_0003.obj,0.9908023675282797,1
device_05_faceswap_0004.obj,0.9781030217806498,1
device_05_faceswap_0005.obj,0.995270291964213,1
device_05_faceswap_0006.obj,0.8758205970128378,1
device_05_faceswap_0007.obj,0.9997468789418539,1
device_05_faceswap_0008.obj,0.987004816532135,1
device_05_faceswap_0009.obj,0.9995814363161722,1
device_05_faceswap_0010.obj,0.9757575194040934,1
device_05_faceswap_0011.obj,0.9982902407646179,1
device_05_faceswap_0012.obj,0.9994044303894043,1
device_05_faceswap_0013.obj,0.9997530579566956,1
device_05_faceswap_0014.obj,0.9996357758839926,1
device_05_faceswap_0015.obj,0.9992721279462179,1
device_05_faceswap_0016.obj,0.9968668421109518,1
device_05_faceswap_0017.obj,0.9965174198150635,1
device_05_faceswap_0018.obj,0.9996865391731262,1
device_05_faceswap_0019.obj,0.9992778499921163,1
device_05_faceswap_0020.obj,0.9987608393033346,1
device_05_faceswap_0021.obj,0.7746054927508036,1
device_05_faceswap_0022.obj,0.9998569091161092,1
device_05_faceswap_0023.obj,0.9985779722531637,1
device_05_faceswap_0024.obj,0.9995682835578918,1
device_05_jitter_0000.obj,0.9985450903574625,1
device_05_jitter_0001.obj,0.9996180136998495,1
device_05_jitter_0002.obj,0.9997399648030599,1
device_05_jitter_0003.obj,0.9998203913370768,1
device_05_jitter_0004.obj,0.9995685815811157,1
device_05_jitter_0005.obj,0.9995056390762329,1
device_05_jitter_0006.obj,0.9979075392087301,1
device_05_jitter_0007.obj,0.9991574287414551,1
device_05_jitter_0008.obj,0.9997445344924927,1
device_05_jitter_0009.obj,0.9997343023618063,1
device_05_jitter_0010.obj,0.9995831449826559,1
device_05_jitter_0011.obj,0.9998242060343424,1
device_05_jitter_0012.obj,0.9998071988423666,1
device_05_jitter_0013.obj,0.9995721181233724,1
device_05_jitter_0014.obj,0.9982973535855612,1
device_05_jitter_0015.obj,0.9994393984476725,1
device_05_jitter_0016.obj,0.999846359093984,1
device_05_jitter_0017.obj,0.9996442198753357,1
device_05_jitter_0018.obj,0.9998315374056498,1
device_05_jitter_0019.obj,0.9995602369308472,1
device_05_jitter_0020.obj,0.9998093247413635,1
device_05_jitter_0021.obj,0.9994077285130819,1
device_05_jitter_0022.obj,0.9992700616518656,1
device_05_jitter_0023.obj,0.9997668862342834,1
device_05_jitter_0024.obj,0.9997841517130533,1
device_05_rigid_0000.obj,0.9997385541598002,1
device_05_rigid_0001.obj,0.9997385541598002,1
device_05_rigid_0002.obj,0.9997385541598002,1
device_05_rigid_0003.obj,0.9997385541598002,1
device_05_rigid_0004.obj,0.9997385541598002,1
device_05_rigid_0005.obj,0.9997385541598002,1
device_05_rigid_0006.obj,0.9997385541598002,1
device_05_rigid_0007.obj,0.9997385541598002,1
device_05_rigid_0008.obj,0.9997385541598002,1
device_05_rigid_0009.obj,0.9997385541598002,1
device_05_rigid_0010.obj,0.9997385541598002,1
device_05_rigid_0011.obj,0.9997385541598002,1
device_05_rigid_0012.obj,0.9997385541598002,1
device_05_rigid_0013.obj,0.9997385541598002,1
device_05_rigid_0014.obj,0.9997385541598002,1
device_05_rigid_0015.obj,0.9997385541598002,1
device_05_rigid_0016.obj,0.9997385541598002,1
device_05_rigid_0017.obj,0.9997385541598002,1
device_05_rigid_0018.obj,0.9997385541598002,1
device_05_rigid_0019.obj,0.9997385541598002,1
device_05_rigid_0020.obj,0.9997385541598002,1
device_05_rigid_0021.obj,0.9997385541598002,1
device_05_rigid_0022.obj,0.9997385541598002,1
device_05_rigid_0023.obj,0.9997385541598002,1
device_05_rigid_0024.obj,0.9997385541598002,1
device_05_tetwild_0000.obj,0.9791832566261292,1
device_05_tetwild_0001.obj,0.995507538318634,1
device_05_tetwild_0002.obj,0.9737122456232706,1
device_05_tetwild_0003.obj,0.620495488246282,1
device_05_tetwild_0004.obj,0.9962693452835083,1
device_05_tetwild_0005.obj,0.997964878877004,1
device_05_tetwild_0006.obj,0.9277472496032715,1
device_05_tetwild_0007.obj,0.9952469865481058,1
device_05_tetwild_0008.obj,0.9970941543579102,1
device_05_tetwild_0009.obj,0.9988178014755249,1
device_05_tetwild_0010.obj,0.9976982871691386,1
device_05_tetwild_0011.obj,0.9341550866762797,1
device_05_tetwild_0012.obj,0.9972084561983744,1
device_05_tetwild_0013.obj,0.9974125027656555,1
device_05_tetwild_0014.obj,0.9976902405420939,1
device_05_tetwild_0015.obj,0.9984596570332845,1
device_05_tetwild_0016.obj,0.9985808730125427,1
device_05_tetwild_0017.obj,0.995544453461965,1
device_05_tetwild_0018.obj,0.9976122776667277,1
device_05_tetwild_0020.obj,0.9925142526626587,1
device_05_tetwild_0021.obj,0.9987796743710836,1
device_05_tetwild_0022.obj,0.9376514951388041,1
device_05_tetwild_0023.obj,0.9933128158251444,1
device_05_tetwild_0024.obj,0.9994663000106812,1
device_06_degenerate_0000.obj,0.9993474284807841,1
device_06_degenerate_0001.obj,0.9993474284807841,1
device_06_degenerate_0002.obj,0.9993474284807841,1
device_06_degenerate_0003.obj,0.9993474284807841,1
device_06_degenerate_0004.obj,0.9993474284807841,1
device_06_degenerate_0005.obj,0.9993474284807841,1
device_06_degenerate_0006.obj,0.9993474284807841,1
device_06_degenerate_0007.obj,0.9993474284807841,1
device_06_degenerate_0008.obj,0.9993474284807841,1
device_06_degenerate_0009.obj,0.9993474284807841,1
device_06_degenerate_0010.obj,0.9993474284807841,1
device_06_degenerate_0011.obj,0.9993474284807841,1
device_06_degenerate_0012.obj,0.9993474284807841,1
device_06_degenerate_0013.obj,0.9993474284807841,1
device_06_degenerate_0014.obj,0.9993474284807841,1
device_06_degenerate_0015.obj,0.9993474284807841,1
device_06_degenerate_0016.obj,0.9993474284807841,1
device_06_degenerate_0017.obj,0.9993474284807841,1
device_06_degenerate_0018.obj,0.9993474284807841,1
device_06_degenerate_0019.obj,0.9993474284807841,1
device_06_degenerate_0020.obj,0.9993474284807841,1
device_06_degenerate_0021.obj,0.9993474284807841,1
device_06_degenerate_0022.obj,0.9993474284807841,1
device_06_degenerate_0023.obj,0.9993474284807841,1
device_06_degenerate_0024.obj,0.9993474284807841,1
device_06_disconnected_0000.obj,0.9993474284807841,1
device_06_disconnected_0001.obj,0.9993474284807841,1
device_06_disconnected_0002.obj,0.9993474284807841,1
device_06_disconnected_0003.obj,0.9993474284807841,1
device_06_disconnected_0004.obj,0.9993474284807841,1
device_06_disconnected_0005.obj,0.9993474284807841,1
device_06_disconnected_0006.obj,0.9993474284807841,1
device_06_disconnected_0007.obj,0.9993474284807841,1
device_06_disconnected_0008.obj,0.9993474284807841,1
device_06_disconnected_0009.obj,0.9993474284807841,1
device_06_disconnected_0010.obj,0.9993474284807841,1
device_06_disconnected_0011.obj,0.9993474284807841,1
device_06_disconnected_0012.obj,0.9993474284807841,1
device_06_disconnected_0013.obj,0.9993474284807841,1
device_06_disconnected_0014.obj,0.9993474284807841,1
device_06_disconnected_0015.obj,0.9993474284807841,1
device_06_disconnected_0016.obj,0.9993474284807841,1
device_06_disconnected_0017.obj,0.9993474284807841,1
device_06_disconnected_0018.obj,0.9993474284807841,1
device_06_disconnected_0019.obj,0.9993474284807841,1
device_06_disconnected_0020.obj,0.9993474284807841,1
device_06_disconnected_0021.obj,0.9993474284807841,1
device_06_disconnected_0022.obj,0.9993474284807841,1
device_06_disconnected_0023.obj,0.9993474284807841,1
device_06_disconnected_0024.obj,0.9993474284807841,1
device_06_faceswap_0000.obj,0.9994178811709086,1
device_06_faceswap_0001.obj,0.9979362487792969,1
device_06_faceswap_0002.obj,0.9991222222646078,1
device_06_faceswap_0003.obj,0.9996650815010071,1
device_06_faceswap_0004.obj,0.9997250239054362,1
device_06_faceswap_0005.obj,0.9996044238408407,1
device_06_faceswap_0006.obj,0.9989624420801798,1
device_06_faceswap_0007.obj,0.9994853138923645,1
device_06_faceswap_0008.obj,0.9997129837671915,1
device_06_faceswap_0009.obj,0.9995854496955872,1
device_06_faceswap_0010.obj,0.9994069735209147,1
device_06_faceswap_0011.obj,0.9988987644513448,1
device_06_faceswap_0012.obj,0.9996240933736166,1
device_06_faceswap_0013.obj,0.9994579752286276,1
device_06_faceswap_0014.obj,0.9990551869074503,1
device_06_faceswap_0015.obj,0.9993313948313395,1
device_06_faceswap_0016.obj,0.9997119506200155,1
device_06_faceswap_0017.obj,0.9989824891090393,1
device_06_faceswap_0018.obj,0.9982441862424215,1
device_06_faceswap_0019.obj,0.9997111360232035,1
device_06_faceswap_0020.obj,0.9993563095728556,1
device_06_faceswap_0021.obj,0.9997517267862955,1
device_06_faceswap_0022.obj,0.9987893104553223,1
device_06_faceswap_0023.obj,0.9994767109553019,1
device_06_faceswap_0024.obj,0.9978072245915731,1
device_06_jitter_0000.obj,0.9993163744608561,1
device_06_jitter_0001.obj,0.9991557598114014,1
device_06_jitter_0002.obj,0.9996347030003866,1
device_06_jitter_0003.obj,0.9997765024503072,1
device_06_jitter_0004.obj,0.99970543384552,1
device_06_jitter_0005.obj,0.9995720982551575,1
device_06_jitter_0006.obj,0.9996261795361837,1
device_06_jitter_0007.obj,0.9993496338526408,1
device_06_jitter_0008.obj,0.9996340473492941,1
device_06_jitter_0009.obj,0.9983259836832682,1
device_06_jitter_0010.obj,0.9991713364919027,1
device_06_jitter_0011.obj,0.9996935526529948,1
device_06_jitter_0012.obj,0.9965769648551941,1
device_06_jitter_0013.obj,0.9987043937047323,1
device_06_jitter_0014.obj,0.9987603425979614,1
device_06_jitter_0015.obj,0.9996732076009115,1
device_06_jitter_0016.obj,0.9995615482330322,1
device_06_jitter_0017.obj,0.9997234145800272,1
device_06_jitter_0018.obj,0.9992520610491434,1
device_06_jitter_0019.obj,0.9996585051218668,1
device_06_jitter_0020.obj,0.9988672931989034,1
device_06_jitter_0021.obj,0.9995677669843038,1
device_06_jitter_0022.obj,0.9997792641321818,1
device_06_jitter_0023.obj,0.9994010527928671,1
device_06_jitter_0024.obj,0.9990554451942444,1
device_06_rigid_0000.obj,0.9993474284807841,1
device_06_rigid_0001.obj,0.9993474284807841,1
device_06_rigid_0002.obj,0.9993474284807841,1
device_06_rigid_0003.obj,0.9993474284807841,1
device_06_rigid_0004.obj,0.9993474284807841,1
device_06_rigid_0005.obj,0.9993474284807841,1
device_06_rigid_0006.obj,0.9993474284807841,1
device_06_rigid_0007.obj,0.9993474284807841,1
device_06_rigid_0008.obj,0.9993474284807841,1
device_06_rigid_0009.obj,0.9993474284807841,1
device_06_rigid_0010.obj,0.9993474284807841,1
device_06_rigid_0011.obj,0.9993474284807841,1
device_06_rigid_0012.obj,0.9993474284807841,1
device_06_rigid_0013.obj,0.9993474284807841,1
device_06_rigid_0014.obj,0.9993474284807841,1
device_06_rigid_0015.obj,0.9993474284807841,1
device_06_rigid_0016.obj,0.9993474284807841,1
device_06_rigid_0017.obj,0.9993474284807841,1
device_06_rigid_0018.obj,0.9993474284807841,1
device_06_rigid_0019.obj,0.9993474284807841,1
device_06_rigid_0020.obj,0.9993474284807841,1
device_06_rigid_0021.obj,0.9993474284807841,1
device_06_rigid_0022.obj,0.9993474284807841,1
device_06_rigid_0023.obj,0.9993474284807841,1
device_06_rigid_0024.obj,0.9993474284807841,1
device_06_tetwild_0000.obj,0.9964879552523295,1
device_06_tetwild_0001.obj,0.9989722371101379,1
device_06_tetwild_0002.obj,0.9996357560157776,1
device_06_tetwild_0003.obj,0.9996269742647806,1
device_06_tetwild_0004.obj,0.9991504549980164,1
device_06_tetwild_0005.obj,0.9997105598449707,1
device_06_tetwild_0006.obj,0.9996018012364706,1
device_06_tetwild_0007.obj,0.9996195634206136,1
device_06_tetwild_0008.obj,0.9993520379066467,1
device_06_tetwild_0009.obj,0.9984676440556844,1
device_06_tetwild_0010.obj,0.9271004796028137,1
device_06_tetwild_0011.obj,0.9908214410146078,1
device_06_tetwild_0012.obj,0.9994952281316122,1
device_06_tetwild_0013.obj,0.9984600941340128,1
device_06_tetwild_0014.obj,0.9997416734695435,1
device_06_tetwild_0015.obj,0.9969374537467957,1
device_06_tetwild_0016.obj,0.9947754740715027,1
device_06_tetwild_0017.obj,0.9997337063153585,1
device_06_tetwild_0018.obj,0.9993696411450704,1
device_06_tetwild_0019.obj,0.9993153214454651,1
device_06_tetwild_0020.obj,0.9995267987251282,1
device_06_tetwild_0021.obj,0.9975368976593018,1
device_06_tetwild_0022.obj,0.9989729921023051,1
device_06_tetwild_0023.obj,0.999268094698588,1
device_06_tetwild_0024.obj,0.9996448755264282,1
device_07_degenerate_0000.obj,0.9998300274213155,1
device_07_degenerate_0001.obj,0.9998300274213155,1
device_07_degenerate_0002.obj,0.9998300274213155,1
device_07_degenerate_0003.obj,0.9998300274213155,1
device_07_degenerate_0004.obj,0.9998300274213155,1
device_07_degenerate_0005.obj,0.9998300274213155,1
device_07_degenerate_0006.obj,0.9998300274213155,1
device_07_degenerate_0007.obj,0.9998300274213155,1
device_07_degenerate_0008.obj,0.9998300274213155,1
device_07_degenerate_0009.obj,0.9998300274213155,1
device_07_degenerate_0010.obj,0.9998300274213155,1
device_07_degenerate_0011.obj,0.9998300274213155,1
device_07_degenerate_0012.obj,0.9998300274213155,1
device_07_degenerate_0013.obj,0.9998300274213155,1
device_07_degenerate_0014.obj,0.9998300274213155,1
device_07_degenerate_0015.obj,0.9998300274213155,1
device_07_degenerate_0016.obj,0.9998300274213155,1
device_07_degenerate_0017.obj,0.9998300274213155,1
device_07_degenerate_0018.obj,0.9998300274213155,1
device_07_degenerate_0019.obj,0.9998300274213155,1
device_07_degenerate_0020.obj,0.9998300274213155,1
device_07_degenerate_0021.obj,0.9998300274213155,1
device_07_degenerate_0022.obj,0.9998300274213155,1
device_07_degenerate_0023.obj,0.9998300274213155,1
device_07_degenerate_0024.obj,0.9998300274213155,1
device_07_disconnected_0000.obj,0.9998300274213155,1
device_07_disconnected_0001.obj,0.9998300274213155,1
device_07_disconnected_0002.obj,0.9998300274213155,1
device_07_disconnected_0003.obj,0.9998300274213155,1
device_07_disconnected_0004.obj,0.9998300274213155,1
device_07_disconnected_0005.obj,0.9998300274213155,1
device_07_disconnected_0006.obj,0.9998300274213155,1
device_07_disconnected_0007.obj,0.9998300274213155,1
device_07_disconnected_0008.obj,0.9998300274213155,1
device_07_disconnected_0009.obj,0.9998300274213155,1
device_07_disconnected_0010.obj,0.9998300274213155,1
device_07_disconnected_0011.obj,0.9998300274213155,1
device_07_disconnected_0012.obj,0.9998300274213155,1
device_07_disconnected_0013.obj,0.9998300274213155,1
device_07_disconnected_0014.obj,0.9998300274213155,1
device_07_disconnected_0015.obj,0.9998300274213155,1
device_07_disconnected_0016.obj,0.9998300274213155,1
device_07_disconnected_0017.obj,0.9998300274213155,1
device_07_disconnected_0018.obj,0.9998300274213155,1
device_07_disconnected_0019.obj,0.9998300274213155,1
device_07_disconnected_0020.obj,0.9998300274213155,1
device_07_disconnected_0021.obj,0.9998300274213155,1
device_07_disconnected_0022.obj,0.9998300274213155,1
device_07_disconnected_0023.obj,0.9998300274213155,1
device_07_disconnected_0024.obj,0.9998300274213155,1
device_07_faceswap_0000.obj,0.9998729626337687,1
device_07_faceswap_0001.obj,0.9999597668647766,1
device_07_faceswap_0002.obj,0.999928871790568,1
device_07_faceswap_0003.obj,0.9999640782674154,1
device_07_faceswap_0004.obj,0.9999726215998331,1
device_07_faceswap_0005.obj,0.9999666015307108,1
device_07_faceswap_0006.obj,0.9999635616938273,1
device_07_faceswap_0007.obj,0.9999619325002035,1
device_07_faceswap_0008.obj,0.9998507102330526,1
device_07_faceswap_0009.obj,0.9997925957043966,1
device_07_faceswap_0010.obj,0.999977727731069,1
device_07_faceswap_0011.obj,0.9999619921048483,1
device_07_faceswap_0012.obj,0.9997208913167318,1
device_07_faceswap_0013.obj,0.9999623696009318,1
device_07_faceswap_0014.obj,0.9998259743054708,1
device_07_faceswap_0015.obj,0.9998892943064371,1
device_07_faceswap_0016.obj,0.999908447265625,1
device_07_faceswap_0017.obj,0.9999647736549377,1
device_07_faceswap_0018.obj,0.9999667207400004,1
device_07_faceswap_0019.obj,0.9992794394493103,1
device_07_faceswap_0020.obj,0.9996374249458313,1
device_07_faceswap_0021.obj,0.9999648928642273,1
device_07_faceswap_0022.obj,0.9999709725379944,1
device_07_faceswap_0023.obj,0.9999226331710815,1
device_07_faceswap_0024.obj,0.9999633630116781,1
device_07_jitter_0000.obj,0.9998348951339722,1
device_07_jitter_0001.obj,0.9999307990074158,1
device_07_jitter_0002.obj,0.9997896353403727,1
device_07_jitter_0003.obj,0.9998142520586649,1
device_07_jitter_0004.obj,0.9998369812965393,1
device_07_jitter_0005.obj,0.9998733003934225,1
device_07_jitter_0006.obj,0.9998800754547119,1
device_07_jitter_0007.obj,0.9999632438023885,1
device_07_jitter_0008.obj,0.9998225768407186,1
device_07_jitter_0009.obj,0.9998952547709147,1
device_07_jitter_0010.obj,0.9999363819758097,1
device_07_jitter_0011.obj,0.9998536308606466,1
device_07_jitter_0012.obj,0.9998380144437155,1
device_07_jitter_0013.obj,0.9998990694681803,1
device_07_jitter_0014.obj,0.9999469319979349,1
device_07_jitter_0015.obj,0.9999117453893026,1
device_07_jitter_0016.obj,0.9998677174250284,1
device_07_jitter_0017.obj,0.9998571674029032,1
device_07_jitter_0018.obj,0.9998622337977091,1
device_07_jitter_0019.obj,0.9997360706329346,1
device_07_jitter_0020.obj,0.9998348752657572,1
device_07_jitter_0021.obj,0.9998391469319662,1
device_07_jitter_0022.obj,0.9998685916264852,1
device_07_jitter_0023.obj,0.99990447362264,1
device_07_jitter_0024.obj,0.999785840511322,1
device_07_rigid_0000.obj,0.9998300274213155,1
device_07_rigid_0001.obj,0.9998300274213155,1
device_07_rigid_0002.obj,0.9998300274213155,1
device_07_rigid_0003.obj,0.9998300274213155,1
device_07_rigid_0004.obj,0.9998300274213155,1
device_07_rigid_0005.obj,0.9998300274213155,1
device_07_rigid_0006.obj,0.9998300274213155,1
device_07_rigid_0007.obj,0.9998300274213155,1
device_07_rigid_0008.obj,0.9998300274213155,1
device_07_rigid_0009.obj,0.9998300274213155,1
device_07_rigid_0010.obj,0.9998300274213155,1
device_07_rigid_0011.obj,0.9998300274213155,1
device_07_rigid_0012.obj,0.9998300274213155,1
device_07_rigid_0013.obj,0.9998300274213155,1
device_07_rigid_0014.obj,0.9998300274213155,1
device_07_rigid_0015.obj,0.9998300274213155,1
device_07_rigid_0016.obj,0.9998300274213155,1
device_07_rigid_0017.obj,0.9998300274213155,1
device_07_rigid_0018.obj,0.9998300274213155,1
device_07_rigid_0019.obj,0.9998300274213155,1
device_07_rigid_0020.obj,0.9998300274213155,1
device_07_rigid_0021.obj,0.9998300274213155,1
device_07_rigid_0022.obj,0.9998300274213155,1
device_07_rigid_0023.obj,0.9998300274213155,1
device_07_rigid_0024.obj,0.9998300274213155,1
device_07_tetwild_0000.obj,0.9998421867688497,1
device_07_tetwild_0001.obj,0.9968620538711548,1
device_07_tetwild_0002.obj,0.999731163183848,1
device_07_tetwild_0003.obj,0.9992693861325582,1
device_07_tetwild_0004.obj,0.9999567667643229,1
device_07_tetwild_0005.obj,0.9999536673227946,1
device_07_tetwild_0006.obj,0.9991678396860758,1
device_07_tetwild_0007.obj,0.9996557633082072,1
device_07_tetwild_0008.obj,0.9999109109242758,1
device_07_tetwild_0009.obj,0.9997304876645406,1
device_07_tetwild_0010.obj,0.9999423821767172,1
device_07_tetwild_0011.obj,0.9997403621673584,1
device_07_tetwild_0012.obj,0.9996436834335327,1
device_07_tetwild_0013.obj,0.9994089404741923,1
device_07_tetwild_0014.obj,0.9976452390352885,1
device_07_tetwild_0015.obj,0.9997787475585938,1
device_07_tetwild_0016.obj,0.9999350706736246,1
device_07_tetwild_0017.obj,0.9997366666793823,1
device_07_tetwild_0018.obj,0.9999469916025797,1
device_07_tetwild_0019.obj,0.9994256893793741,1
device_07_tetwild_0020.obj,0.9996874928474426,1
device_07_tetwild_0021.obj,0.9995527068773905,1
device_07_tetwild_0022.obj,0.9997126261393229,1
device_07_tetwild_0023.obj,0.9999412695566813,1
device_07_tetwild_0024.obj,0.9995614290237427,1
device_08_degenerate_0000.obj,0.9999696413675944,1
device_08_degenerate_0001.obj,0.9999696413675944,1
device_08_degenerate_0002.obj,0.9999696413675944,1
device_08_degenerate_0003.obj,0.9999696413675944,1
device_08_degenerate_0004.obj,0.9999696413675944,1
device_08_degenerate_0005.obj,0.9999696413675944,1
device_08_degenerate_0006.obj,0.9999696413675944,1
device_08_degenerate_0007.obj,0.9999696413675944,1
device_08_degenerate_0008.obj,0.9999696413675944,1
device_08_degenerate_0009.obj,0.9999696413675944,1
device_08_degenerate_0010.obj,0.9999696413675944,1
device_08_degenerate_0011.obj,0.9999696413675944,1
device_08_degenerate_0012.obj,0.9999696413675944,1
device_08_degenerate_0013.obj,0.9999696413675944,1
device_08_degenerate_0014.obj,0.9999696413675944,1
device_08_degenerate_0015.obj,0.9999696413675944,1
device_08_degenerate_0016.obj,0.9999696413675944,1
device_08_degenerate_0017.obj,0.9999696413675944,1
device_08_degenerate_0018.obj,0.9999696413675944,1
device_08_degenerate_0019.obj,0.9999696413675944,1
device_08_degenerate_0020.obj,0.9999696413675944,1
device_08_degenerate_0021.obj,0.9999696413675944,1
device_08_degenerate_0022.obj,0.9999696413675944,1
device_08_degenerate_0023.obj,0.9999696413675944,1
device_08_degenerate_0024.obj,0.9999696413675944,1
device_08_disconnected_0000.obj,0.9999696413675944,1
device_08_disconnected_0001.obj,0.9999696413675944,1
device_08_disconnected_0002.obj,0.9999696413675944,1
device_08_disconnected_0003.obj,0.9999696413675944,1
device_08_disconnected_0004.obj,0.9999696413675944,1
device_08_disconnected_0005.obj,0.9999696413675944,1
device_08_disconnected_0006.obj,0.9999696413675944,1
device_08_disconnected_0007.obj,0.9999696413675944,1
device_08_disconnected_0008.obj,0.9999696413675944,1
device_08_disconnected_0009.obj,0.9999696413675944,1
device_08_disconnected_0010.obj,0.9999696413675944,1
device_08_disconnected_0011.obj,0.9999696413675944,1
device_08_disconnected_0012.obj,0.9999696413675944,1
device_08_disconnected_0013.obj,0.9999696413675944,1
device_08_disconnected_0014.obj,0.9999696413675944,1
device_08_disconnected_0015.obj,0.9999696413675944,1
device_08_disconnected_0016.obj,0.9999696413675944,1
device_08_disconnected_0017.obj,0.9999696413675944,1
device_08_disconnected_0018.obj,0.9999696413675944,1
device_08_disconnected_0019.obj,0.9999696413675944,1
device_08_disconnected_0020.obj,0.9999696413675944,1
device_08_disconnected_0021.obj,0.9999696413675944,1
device_08_disconnected_0022.obj,0.9999696413675944,1
device_08_disconnected_0023.obj,0.9999696413675944,1
device_08_disconnected_0024.obj,0.9999696413675944,1
device_08_faceswap_0000.obj,0.9999414285024008,1
device_08_faceswap_0001.obj,0.9998188018798828,1
device_08_faceswap_0002.obj,0.9997148712476095,1
device_08_faceswap_0003.obj,0.9999547600746155,1
device_08_faceswap_0004.obj,0.9999227722485861,1
device_08_faceswap_0005.obj,0.9997937679290771,1
device_08_faceswap_0006.obj,0.9999396006266276,1
device_08_faceswap_0007.obj,0.9997055927912394,1
device_08_faceswap_0008.obj,0.9998086293538412,1
device_08_faceswap_0009.obj,0.9999539256095886,1
device_08_faceswap_0010.obj,0.9999691645304362,1
device_08_faceswap_0011.obj,0.9991109768549601,1
device_08_faceswap_0012.obj,0.9986608624458313,1
device_08_faceswap_0013.obj,0.9993691841761271,1
device_08_faceswap_0014.obj,0.9998900095621744,1
device_08_faceswap_0015.obj,0.9997661113739014,1
device_08_faceswap_0016.obj,0.9999147057533264,1
device_08_faceswap_0017.obj,0.9999318917592367,1
device_08_faceswap_0018.obj,0.9999109903971354,1
device_08_faceswap_0019.obj,0.9998408754666647,1
device_08_faceswap_0020.obj,0.9996490081151327,1
device_08_faceswap_0021.obj,0.9999463558197021,1
device_08_faceswap_0022.obj,0.9999231298764547,1
device_08_faceswap_0023.obj,0.9999538461367289,1
device_08_faceswap_0024.obj,0.9995481570561727,1
device_08_jitter_0000.obj,0.9999470512072245,1
device_08_jitter_0001.obj,0.9999549786249796,1
device_08_jitter_0002.obj,0.9999632835388184,1
device_08_jitter_0003.obj,0.9999670187632242,1
device_08_jitter_0004.obj,0.9999515612920126,1
device_08_jitter_0005.obj,0.9999459783236185,1
device_08_jitter_0006.obj,0.9999439318974813,1
device_08_jitter_0007.obj,0.9999548395474752,1
device_08_jitter_0008.obj,0.9999601046244303,1
device_08_jitter_0009.obj,0.999917467435201,1
device_08_jitter_0010.obj,0.9999537070592245,1
device_08_jitter_0011.obj,0.9999611775080363,1
device_08_jitter_0012.obj,0.9999616742134094,1
device_08_jitter_0013.obj,0.9999655683835348,1
device_08_jitter_0014.obj,0.9999375740687052,1
device_08_jitter_0015.obj,0.9999386866887411,1
device_08_jitter_0016.obj,0.9999478061993917,1
device_08_jitter_0017.obj,0.999961237112681,1
device_08_jitter_0018.obj,0.9999571243921915,1
device_08_jitter_0019.obj,0.999966045220693,1
device_08_jitter_0020.obj,0.9999531904856364,1
device_08_jitter_0021.obj,0.9999648133913676,1
device_08_jitter_0022.obj,0.9999509255091349,1
device_08_jitter_0023.obj,0.9999402562777201,1
device_08_jitter_0024.obj,0.9999377330144247,1
device_08_rigid_0000.obj,0.9999696413675944,1
device_08_rigid_0001.obj,0.9999696413675944,1
device_08_rigid_0002.obj,0.9999696413675944,1
device_08_rigid_0003.obj,0.9999696413675944,1
device_08_rigid_0004.obj,0.9999696413675944,1
device_08_rigid_0005.obj,0.9999696413675944,1
device_08_rigid_0006.obj,0.9999696413675944,1
device_08_rigid_0007.obj,0.9999696413675944,1
device_08_rigid_0008.obj,0.9999696413675944,1
device_08_rigid_0009.obj,0.9999696413675944,1
device_08_rigid_0010.obj,0.9999696413675944,1
device_08_rigid_0011.obj,0.9999696413675944,1
device_08_rigid_0012.obj,0.9999696413675944,1
device_08_rigid_0013.obj,0.9999696413675944,1
device_08_rigid_0014.obj,0.9999696413675944,1
device_08_rigid_0015.obj,0.9999696413675944,1
device_08_rigid_0016.obj,0.9999696413675944,1
device_08_rigid_0017.obj,0.9999696413675944,1
device_08_rigid_0018.obj,0.9999696413675944,1
device_08_rigid_0019.obj,0.9999696413675944,1
device_08_rigid_0020.obj,0.9999696413675944,1
device_08_rigid_0021.obj,0.9999696413675944,1
device_08_rigid_0022.obj,0.9999696413675944,1
device_08_rigid_0023.obj,0.9999696413675944,1
device_08_rigid_0024.obj,0.9999696413675944,1
device_08_tetwild_0000.obj,0.9999230702718099,1
device_08_tetwild_0001.obj,0.9999527931213379,1
device_08_tetwild_0002.obj,0.9999270041783651,1
device_08_tetwild_0003.obj,0.9999305804570516,1
device_08_tetwild_0004.obj,0.9999508062998453,1
device_08_tetwild_0005.obj,0.9999569853146871,1
device_08_tetwild_0006.obj,0.9999268452326456,1
device_08_tetwild_0007.obj,0.9999104738235474,1
device_08_tetwild_0008.obj,0.9999642769495646,1
device_08_tetwild_0009.obj,0.9999129374821981,1
device_08_tetwild_0010.obj,0.9999463756879171,1
device_08_tetwild_0011.obj,0.9999531308809916,1
device_08_tetwild_0012.obj,0.9999534686406454,1
device_08_tetwild_0013.obj,0.9999504486719767,1
device_08_tetwild_0014.obj,0.9998588363329569,1
device_08_tetwild_0015.obj,0.9999359647432963,1
device_08_tetwild_0016.obj,0.9999581575393677,1
device_08_tetwild_0017.obj,0.99981689453125,1
device_08_tetwild_0018.obj,0.9999487996101379,1
device_08_tetwild_0019.obj,0.9999480048815409,1
device_08_tetwild_0020.obj,0.9999602834383646,1
device_08_tetwild_0021.obj,0.9999447266260783,1
device_08_tetwild_0022.obj,0.9999614953994751,1
device_08_tetwild_0023.obj,0.999962329864502,1
device_08_tetwild_0024.obj,0.9999627272288004,1
device_09_degenerate_0000.obj,0.9999062220255533,1
device_09_degenerate_0001.obj,0.9999062220255533,1
device_09_degenerate_0002.obj,0.9999062220255533,1
device_09_degenerate_0003.obj,0.9999062220255533,1
device_09_degenerate_0004.obj,0.9999062220255533,1
device_09_degenerate_0005.obj,0.9999062220255533,1
device_09_degenerate_0006.obj,0.9999062220255533,1
device_09_degenerate_0007.obj,0.9999062220255533,1
device_09_degenerate_0008.obj,0.9999062220255533,1
device_09_degenerate_0009.obj,0.9999062220255533,1
device_09_degenerate_0010.obj,0.9999062220255533,1
device_09_degenerate_0011.obj,0.9999062220255533,1
device_09_degenerate_0012.obj,0.9999062220255533,1
device_09_degenerate_0013.obj,0.9999062220255533,1
device_09_degenerate_0014.obj,0.9999062220255533,1
device_09_degenerate_0015.obj,0.9999062220255533,1
device_09_degenerate_0016.obj,0.9999062220255533,1
device_09_degenerate_0017.obj,0.9999062220255533,1
device_09_degenerate_0018.obj,0.9999062220255533,1
device_09_degenerate_0019.obj,0.9999062220255533,1
device_09_degenerate_0020.obj,0.9999062220255533,1
device_09_degenerate_0021.obj,0.9999062220255533,1
device_09_degenerate_0022.obj,0.9999062220255533,1
device_09_degenerate_0023.obj,0.9999062220255533,1
device_09_degenerate_0024.obj,0.9999062220255533,1
device_09_disconnected_0000.obj,0.9999062220255533,1
device_09_disconnected_0001.obj,0.9999062220255533,1
device_09_disconnected_0002.obj,0.9999062220255533,1
device_09_disconnected_0003.obj,0.9999062220255533,1
device_09_disconnected_0004.obj,0.9999062220255533,1
device_09_disconnected_0005.obj,0.9999062220255533,1
device_09_disconnected_0006.obj,0.9999062220255533,1
device_09_disconnected_0007.obj,0.9999062220255533,1
device_09_disconnected_0008.obj,0.9999062220255533,1
device_09_disconnected_0009.obj,0.9999062220255533,1
device_09_disconnected_0010.obj,0.9999062220255533,1
device_09_disconnected_0011.obj,0.9999062220255533,1
device_09_disconnected_0012.obj,0.9999062220255533,1
device_09_disconnected_0013.obj,0.9999062220255533,1
device_09_disconnected_0014.obj,0.9999062220255533,1
device_09_disconnected_0015.obj,0.9999062220255533,1
device_09_disconnected_0016.obj,0.9999062220255533,1
device_09_disconnected_0017.obj,0.9999062220255533,1
device_09_disconnected_0018.obj,0.9999062220255533,1
device_09_disconnected_0019.obj,0.9999062220255533,1
device_09_disconnected_0020.obj,0.9999062220255533,1
device_09_disconnected_0021.obj,0.9999062220255533,1
device_09_disconnected_0022.obj,0.9999062220255533,1
device_09_disconnected_0023.obj,0.9999062220255533,1
device_09_disconnected_0024.obj,0.9999062220255533,1
device_09_faceswap_0000.obj,0.9998575647672018,1
device_09_faceswap_0001.obj,0.9998687505722046,1
device_09_faceswap_0002.obj,0.9998980164527893,1
device_09_faceswap_0003.obj,0.9997553030649821,1
device_09_faceswap_0004.obj,0.9998876452445984,1
device_09_faceswap_0005.obj,0.9999179442723592,1
device_09_faceswap_0006.obj,0.9999013543128967,1
device_09_faceswap_0007.obj,0.9999178051948547,1
device_09_faceswap_0008.obj,0.9992448886235555,1
device_09_faceswap_0009.obj,0.9999154408772787,1
device_09_faceswap_0010.obj,0.9998873869578043,1
device_09_faceswap_0011.obj,0.9999080300331116,1
device_09_faceswap_0012.obj,0.9997456669807434,1
device_09_faceswap_0013.obj,0.9998450875282288,1
device_09_faceswap_0014.obj,0.9998455047607422,1
device_09_faceswap_0015.obj,0.9998177488644918,1
device_09_faceswap_0016.obj,0.9998666246732076,1
device_09_faceswap_0017.obj,0.9998072385787964,1
device_09_faceswap_0018.obj,0.9999090035756429,1
device_09_faceswap_0019.obj,0.9999001820882162,1
device_09_faceswap_0020.obj,0.9997431635856628,1
device_09_faceswap_0021.obj,0.9999101161956787,1
device_09_faceswap_0022.obj,0.9997688929239908,1
device_09_faceswap_0023.obj,0.999906857808431,1
device_09_faceswap_0024.obj,0.9999032020568848,1
device_09_jitter_0000.obj,0.9998381932576498,1
device_09_jitter_0001.obj,0.9998680353164673,1
device_09_jitter_0002.obj,0.9998860557874044,1
device_09_jitter_0003.obj,0.999772290388743,1
device_09_jitter_0004.obj,0.9998815457026163,1
device_09_jitter_0005.obj,0.9998233119646708,1
device_09_jitter_0006.obj,0.9999034802118937,1
device_09_jitter_0007.obj,0.9997786283493042,1
device_09_jitter_0008.obj,0.9998918771743774,1
device_09_jitter_0009.obj,0.9998835325241089,1
device_09_jitter_0010.obj,0.9999003410339355,1
device_09_jitter_0011.obj,0.9999013940493265,1
device_09_jitter_0012.obj,0.9998694658279419,1
device_09_jitter_0013.obj,0.9998406767845154,1
device_09_jitter_0014.obj,0.9998868306477865,1
device_09_jitter_0015.obj,0.9998969833056132,1
device_09_jitter_0016.obj,0.99990314245224,1
device_09_jitter_0017.obj,0.9998098413149515,1
device_09_jitter_0018.obj,0.9998591939608256,1
device_09_jitter_0019.obj,0.9998687903086344,1
device_09_jitter_0020.obj,0.9998626907666525,1
device_09_jitter_0021.obj,0.9999001224835714,1
device_09_jitter_0022.obj,0.9998894333839417,1
device_09_jitter_0023.obj,0.9998777508735657,1
device_09_jitter_0024.obj,0.999880850315094,1
device_09_rigid_0000.obj,0.9999062220255533,1
device_09_rigid_0001.obj,0.9999062220255533,1
device_09_rigid_0002.obj,0.9999062220255533,1
device_09_rigid_0003.obj,0.9999062220255533,1
device_09_rigid_0004.obj,0.9999062220255533,1
device_09_rigid_0005.obj,0.9999062220255533,1
device_09_rigid_0006.obj,0.9999062220255533,1
device_09_rigid_0007.obj,0.9999062220255533,1
device_09_rigid_0008.obj,0.9999062220255533,1
device_09_rigid_0009.obj,0.9999062220255533,1
device_09_rigid_0010.obj,0.9999062220255533,1
device_09_rigid_0011.obj,0.9999062220255533,1
device_09_rigid_0012.obj,0.9999062220255533,1
device_09_rigid_0013.obj,0.9999062220255533,1
device_09_rigid_0014.obj,0.9999062220255533,1
device_09_rigid_0015.obj,0.9999062220255533,1
device_09_rigid_0016.obj,0.9999062220255533,1
device_09_rigid_0017.obj,0.9999062220255533,1
device_09_rigid_0018.obj,0.9999062220255533,1
device_09_rigid_0019.obj,0.9999062220255533,1
device_09_rigid_0020.obj,0.9999062220255533,1
device_09_rigid_0021.obj,0.9999062220255533,1
device_09_rigid_0022.obj,0.9999062220255533,1
device_09_rigid_0023.obj,0.9999062220255533,1
device_09_rigid_0024.obj,0.9999062220255533,1
device_09_tetwild_0000.obj,0.9998513261477152,1
device_09_tetwild_0001.obj,0.9999074538548788,1
device_09_tetwild_0003.obj,0.9998976389567057,1
device_09_tetwild_0004.obj,0.9998562137285868,1
device_09_tetwild_0005.obj,0.9998947183291117,1
device_09_tetwild_0006.obj,0.9998883008956909,1
device_09_tetwild_0007.obj,0.9998745719591776,1
device_09_tetwild_0008.obj,0.9998281399408976,1
device_09_tetwild_0009.obj,0.999842365582784,1
device_09_tetwild_0010.obj,0.9999052882194519,1
device_09_tetwild_0011.obj,0.999895711739858,1
device_09_tetwild_0012.obj,0.9999036987622579,1
device_09_tetwild_0013.obj,0.9999060034751892,1
device_09_tetwild_0014.obj,0.9998451471328735,1
device_09_tetwild_0015.obj,0.999896248181661,1
device_09_tetwild_0016.obj,0.9998317956924438,1
device_09_tetwild_0017.obj,0.999795118967692,1
device_09_tetwild_0018.obj,0.9996758302052816,1
device_09_tetwild_0019.obj,0.9999253153800964,1
device_09_tetwild_0020.obj,0.9998915394147238,1
device_09_tetwild_0021.obj,0.9997201760609945,1
device_09_tetwild_0022.obj,0.9998684724171957,1
device_09_tetwild_0023.obj,0.9998504718144735,1
device_09_tetwild_0024.obj,0.9999151627222697,1
device_10_degenerate_0000.obj,0.9997698863347372,1
device_10_degenerate_0001.obj,0.9997698863347372,1
device_10_degenerate_0002.obj,0.9997698863347372,1
device_10_degenerate_0003.obj,0.9997698863347372,1
device_10_degenerate_0004.obj,0.9997698863347372,1
device_10_degenerate_0005.obj,0.9997698863347372,1
device_10_degenerate_0006.obj,0.9997698863347372,1
device_10_degenerate_0007.obj,0.9997698863347372,1
device_10_degenerate_0008.obj,0.9997698863347372,1
device_10_degenerate_0009.obj,0.9997698863347372,1
device_10_degenerate_0010.obj,0.9997698863347372,1
device_10_degenerate_0011.obj,0.9997698863347372,1
device_10_degenerate_0012.obj,0.9997698863347372,1
device_10_degenerate_0013.obj,0.9997698863347372,1
device_10_degenerate_0014.obj,0.9997698863347372,1
device_10_degenerate_0015.obj,0.9997698863347372,1
device_10_degenerate_0016.obj,0.9997698863347372,1
device_10_degenerate_0017.obj,0.9997698863347372,1
device_10_degenerate_0018.obj,0.9997698863347372,1
device_10_degenerate_0019.obj,0.9997698863347372,1
device_10_degenerate_0020.obj,0.9997698863347372,1
device_10_degenerate_0021.obj,0.9997698863347372,1
device_10_degenerate_0022.obj,0.9997698863347372,1
device_10_degenerate_0023.obj,0.9997698863347372,1
device_10_degenerate_0024.obj,0.9997698863347372,1
device_10_disconnected_0000.obj,0.9997698863347372,1
device_10_disconnected_0001.obj,0.9997698863347372,1
device_10_disconnected_0002.obj,0.9997698863347372,1
device_10_disconnected_0003.obj,0.9997698863347372,1
device_10_disconnected_0004.obj,0.9997698863347372,1
device_10_disconnected_0005.obj,0.9997698863347372,1
device_10_disconnected_0006.obj,0.9997698863347372,1
device_10_disconnected_0007.obj,0.9997698863347372,1
device_10_disconnected_0008.obj,0.9997698863347372,1
device_10_disconnected_0009.obj,0.9997698863347372,1
device_10_disconnected_0010.obj,0.9997698863347372,1
device_10_disconnected_0011.obj,0.9997698863347372,1
device_10_disconnected_0012.obj,0.9997698863347372,1
device_10_disconnected_0013.obj,0.9997698863347372,1
device_10_disconnected_0014.obj,0.9997698863347372,1
device_10_disconnected_0015.obj,0.9997698863347372,1
device_10_disconnected_0016.obj,0.9997698863347372,1
device_10_disconnected_0017.obj,0.9997698863347372,1
device_10_disconnected_0018.obj,0.9997698863347372,1
device_10_disconnected_0019.obj,0.9997698863347372,1
device_10_disconnected_0020.obj,0.9997698863347372,1
device_10_disconnected_0021.obj,0.9997698863347372,1
device_10_disconnected_0022.obj,0.9997698863347372,1
device_10_disconnected_0023.obj,0.9997698863347372,1
device_10_disconnected_0024.obj,0.9997698863347372,1
device_10_faceswap_0000.obj,0.9986016750335693,1
device_10_faceswap_0001.obj,0.99971604347229,1
device_10_faceswap_0002.obj,0.9992931683858236,1
device_10_faceswap_0003.obj,0.9982872009277344,1
device_10_faceswap_0004.obj,0.9923621614774069,1
device_10_faceswap_0005.obj,0.9980931282043457,1
device_10_faceswap_0006.obj,0.9988493323326111,1
device_10_faceswap_0007.obj,0.9779826402664185,1
device_10_faceswap_0008.obj,0.9997398257255554,1
device_10_faceswap_0009.obj,0.9990314443906149,1
device_10_faceswap_0010.obj,0.9959442814191183,1
device_10_faceswap_0011.obj,0.9974631071090698,1
device_10_faceswap_0012.obj,0.999311645825704,1
device_10_faceswap_0013.obj,0.9993874828020731,1
device_10_faceswap_0014.obj,0.9923563798268636,1
device_10_faceswap_0015.obj,0.9997017780939738,1
device_10_faceswap_0016.obj,0.9990330934524536,1
device_10_faceswap_0017.obj,0.993283232053121,1
device_10_faceswap_0018.obj,0.9994598428408304,1
device_10_faceswap_0019.obj,0.9992185433705648,1
device_10_faceswap_0020.obj,0.9994622270266215,1
device_10_faceswap_0021.obj,0.9937522411346436,1
device_10_faceswap_0022.obj,0.9992761214574178,1
device_10_faceswap_0023.obj,0.9948769013086954,1
device_10_faceswap_0024.obj,0.9995553493499756,1
device_10_jitter_0000.obj,0.9997793634732565,1
device_10_jitter_0001.obj,0.9997657338778178,1
device_10_jitter_0002.obj,0.9997909466425577,1
device_10_jitter_0003.obj,0.9996927579243978,1
device_10_jitter_0004.obj,0.9998212059338888,1
device_10_jitter_0005.obj,0.9998515446980795,1
device_10_jitter_0006.obj,0.9998081723848978,1
device_10_jitter_0007.obj,0.9996758500734965,1
device_10_jitter_0008.obj,0.9993194142977396,1
device_10_jitter_0009.obj,0.9998660087585449,1
device_10_jitter_0010.obj,0.9998479684193929,1
device_10_jitter_0011.obj,0.9997025926907858,1
device_10_jitter_0012.obj,0.9998439153035482,1
device_10_jitter_0013.obj,0.9998298088709513,1
device_10_jitter_0014.obj,0.9998176097869873,1
device_10_jitter_0015.obj,0.9992964466412863,1
device_10_jitter_0016.obj,0.9997616211573283,1
device_10_jitter_0017.obj,0.9988904396692911,1
device_10_jitter_0018.obj,0.9996757308642069,1
device_10_jitter_0019.obj,0.999794065952301,1
device_10_jitter_0020.obj,0.9997250835100809,1
device_10_jitter_0021.obj,0.999822199344635,1
device_10_jitter_0022.obj,0.9997081160545349,1
device_10_jitter_0023.obj,0.9998276432355245,1
device_10_jitter_0024.obj,0.9997199972470602,1
device_10_rigid_0000.obj,0.9997698863347372,1
device_10_rigid_0001.obj,0.9997698863347372,1
device_10_rigid_0002.obj,0.9997698863347372,1
device_10_rigid_0003.obj,0.9997698863347372,1
device_10_rigid_0004.obj,0.9997698863347372,1
device_10_rigid_0005.obj,0.9997698863347372,1
device_10_rigid_0006.obj,0.9997698863347372,1
device_10_rigid_0007.obj,0.9997698863347372,1
device_10_rigid_0008.obj,0.9997698863347372,1
device_10_rigid_0009.obj,0.9997698863347372,1
device_10_rigid_0010.obj,0.9997698863347372,1
device_10_rigid_0011.obj,0.9997698863347372,1
device_10_rigid_0012.obj,0.9997698863347372,1
device_10_rigid_0013.obj,0.9997698863347372,1
device_10_rigid_0014.obj,0.9997698863347372,1
device_10_rigid_0015.obj,0.9997698863347372,1
device_10_rigid_0016.obj,0.9997698863347372,1
device_10_rigid_0017.obj,0.9997698863347372,1
device_10_rigid_0018.obj,0.9997698863347372,1
device_10_rigid_0019.obj,0.9997698863347372,1
device_10_rigid_0020.obj,0.9997698863347372,1
device_10_rigid_0021.obj,0.9997698863347372,1
device_10_rigid_0022.obj,0.9997698863347372,1
device_10_rigid_0023.obj,0.9997698863347372,1
device_10_rigid_0024.obj,0.9997698863347372,1
device_10_tetwild_0000.obj,0.9977551301320394,1
device_10_tetwild_0001.obj,0.9989333550135294,1
device_10_tetwild_0002.obj,0.9976369937260946,1
device_10_tetwild_0003.obj,0.9940371910730997,1
device_10_tetwild_0004.obj,0.999335765838623,1
device_10_tetwild_0005.obj,0.9724556008974711,1
device_10_tetwild_0006.obj,0.9973669052124023,1
device_10_tetwild_0007.obj,0.9998214840888977,1
device_10_tetwild_0008.obj,0.9996886650721232,1
device_10_tetwild_0009.obj,0.8617164691289266,1
device_10_tetwild_0010.obj,0.9989949266115824,1
device_10_tetwild_0011.obj,0.9973317980766296,1
device_10_tetwild_0012.obj,0.9553293387095133,1
device_10_tetwild_0013.obj,0.9980224370956421,1
device_10_tetwild_0014.obj,0.9996182322502136,1
device_10_tetwild_0015.obj,0.9925114512443542,1
device_10_tetwild_0016.obj,0.9981717069943746,1
device_10_tetwild_0017.obj,0.9982336163520813,1
device_10_tetwild_0018.obj,0.9983216126759847,1
device_10_tetwild_0019.obj,0.9986006418863932,1
device_10_tetwild_0020.obj,0.9997316797574362,1
device_10_tetwild_0021.obj,0.9987937410672506,1
device_10_tetwild_0022.obj,0.9992090463638306,1
device_10_tetwild_0023.obj,0.9937602678934733,1
device_10_tetwild_0024.obj,0.9992055495580038,1
device_11_degenerate_0000.obj,0.9999641180038452,1
device_11_degenerate_0001.obj,0.9999641180038452,1
device_11_degenerate_0002.obj,0.9999641180038452,1
device_11_degenerate_0003.obj,0.9999641180038452,1
device_11_degenerate_0004.obj,0.9999641180038452,1
device_11_degenerate_0005.obj,0.9999641180038452,1
device_11_degenerate_0006.obj,0.9999641180038452,1
device_11_degenerate_0007.obj,0.9999641180038452,1
device_11_degenerate_0008.obj,0.9999641180038452,1
device_11_degenerate_0009.obj,0.9999641180038452,1
device_11_degenerate_0010.obj,0.9999641180038452,1
device_11_degenerate_0011.obj,0.9999641180038452,1
device_11_degenerate_0012.obj,0.9999641180038452,1
device_11_degenerate_0013.obj,0.9999641180038452,1
device_11_degenerate_0014.obj,0.9999641180038452,1
device_11_degenerate_0015.obj,0.9999641180038452,1
device_11_degenerate_0016.obj,0.9999641180038452,1
device_11_degenerate_0017.obj,0.9999641180038452,1
device_11_degenerate_0018.obj,0.9999641180038452,1
device_11_degenerate_0019.obj,0.9999641180038452,1
device_11_degenerate_0020.obj,0.9999641180038452,1
device_11_degenerate_0021.obj,0.9999641180038452,1
device_11_degenerate_0022.obj,0.9999641180038452,1
device_11_degenerate_0023.obj,0.9999641180038452,1
device_11_degenerate_0024.obj,0.9999641180038452,1
device_11_disconnected_0000.obj,0.9999641180038452,1
device_11_disconnected_0001.obj,0.9999641180038452,1
device_11_disconnected_0002.obj,0.9999641180038452,1
device_11_disconnected_0003.obj,0.9999641180038452,1
device_11_disconnected_0004.obj,0.9999641180038452,1
device_11_disconnected_0005.obj,0.9999641180038452,1
device_11_disconnected_0006.obj,0.9999641180038452,1
device_11_disconnected_0007.obj,0.9999641180038452,1
device_11_disconnected_0008.obj,0.9999641180038452,1
device_11_disconnected_0009.obj,0.9999641180038452,1
device_11_disconnected_0010.obj,0.9999641180038452,1
device_11_disconnected_0011.obj,0.9999641180038452,1
device_11_disconnected_0012.obj,0.9999641180038452,1
device_11_disconnected_0013.obj,0.9999641180038452,1
device_11_disconnected_0014.obj,0.9999641180038452,1
device_11_disconnected_0015.obj,0.9999641180038452,1
device_11_disconnected_0016.obj,0.9999641180038452,1
device_11_disconnected_0017.obj,0.9999641180038452,1
device_11_disconnected_0018.obj,0.9999641180038452,1
device_11_disconnected_0019.obj,0.9999641180038452,1
device_11_disconnected_0020.obj,0.9999641180038452,1
device_11_disconnected_0021.obj,0.9999641180038452,1
device_11_disconnected_0022.obj,0.9999641180038452,1
device_11_disconnected_0023.obj,0.9999641180038452,1
device_11_disconnected_0024.obj,0.9999641180038452,1
device_11_faceswap_0000.obj,0.999960462252299,1
device_11_faceswap_0001.obj,0.9999339977900187,1
device_11_faceswap_0002.obj,0.9999773104985555,1
device_11_faceswap_0003.obj,0.9999721050262451,1
device_11_faceswap_0004.obj,0.9999732176462809,1
device_11_faceswap_0005.obj,0.9999709526697794,1
device_11_faceswap_0006.obj,0.9999731580416361,1
device_11_faceswap_0007.obj,0.9999750653902689,1
device_11_faceswap_0008.obj,0.9999611973762512,1
device_11_faceswap_0009.obj,0.9999519387880961,1
device_11_faceswap_0010.obj,0.9999563892682394,1
device_11_faceswap_0011.obj,0.9999737739562988,1
device_11_faceswap_0012.obj,0.9999761780103048,1
device_11_faceswap_0013.obj,0.9999670187632242,1
device_11_faceswap_0014.obj,0.9999025066693624,1
device_11_faceswap_0015.obj,0.9999649127324423,1
device_11_faceswap_0016.obj,0.999967078367869,1
device_11_faceswap_0017.obj,0.9999695221583048,1
device_11_faceswap_0018.obj,0.9999741713205973,1
device_11_faceswap_0019.obj,0.9999538064002991,1
device_11_faceswap_0020.obj,0.9999493956565857,1
device_11_faceswap_0021.obj,0.9999768535296122,1
device_11_faceswap_0022.obj,0.9999547004699707,1
device_11_faceswap_0023.obj,0.9999691247940063,1
device_11_faceswap_0024.obj,0.9998286167780558,1
device_11_jitter_0000.obj,0.9999529123306274,1
device_11_jitter_0001.obj,0.9999497334162394,1
device_11_jitter_0002.obj,0.9999289115269979,1
device_11_jitter_0003.obj,0.9999497930208842,1
device_11_jitter_0004.obj,0.9999683300654093,1
device_11_jitter_0005.obj,0.9999609986941019,1
device_11_jitter_0006.obj,0.9999540249506632,1
device_11_jitter_0007.obj,0.999954084555308,1
device_11_jitter_0008.obj,0.9999614953994751,1
device_11_jitter_0009.obj,0.9999659458796183,1
device_11_jitter_0010.obj,0.9999604225158691,1
device_11_jitter_0011.obj,0.9999679327011108,1
device_11_jitter_0012.obj,0.9999487400054932,1
device_11_jitter_0013.obj,0.9999264081319174,1
device_11_jitter_0014.obj,0.9999452233314514,1
device_11_jitter_0015.obj,0.9999636014302572,1
device_11_jitter_0016.obj,0.9999703566233317,1
device_11_jitter_0017.obj,0.9999562899271647,1
device_11_jitter_0018.obj,0.9999697009722391,1
device_11_jitter_0019.obj,0.999968687693278,1
device_11_jitter_0020.obj,0.9999438126881918,1
device_11_jitter_0021.obj,0.9999436934789022,1
device_11_jitter_0022.obj,0.9999715487162272,1
device_11_jitter_0023.obj,0.9999367793401083,1
device_11_jitter_0024.obj,0.9999682903289795,1
device_11_rigid_0000.obj,0.9999641180038452,1
device_11_rigid_0001.obj,0.9999641180038452,1
device_11_rigid_0002.obj,0.9999641180038452,1
device_11_rigid_0003.obj,0.9999641180038452,1
device_11_rigid_0004.obj,0.9999641180038452,1
device_11_rigid_0005.obj,0.9999641180038452,1
device_11_rigid_0006.obj,0.9999641180038452,1
device_11_rigid_0007.obj,0.9999641180038452,1
device_11_rigid_0008.obj,0.9999641180038452,1
device_11_rigid_0009.obj,0.9999641180038452,1
device_11_rigid_0010.obj,0.9999641180038452,1
device_11_rigid_0011.obj,0.9999641180038452,1
device_11_rigid_0012.obj,0.9999641180038452,1
device_11_rigid_0013.obj,0.9999641180038452,1
device_11_rigid_0014.obj,0.9999641180038452,1
device_11_rigid_0015.obj,0.9999641180038452,1
device_11_rigid_0016.obj,0.9999641180038452,1
device_11_rigid_0017.obj,0.9999641180038452,1
device_11_rigid_0018.obj,0.9999641180038452,1
device_11_rigid_0019.obj,0.9999641180038452,1
device_11_rigid_0020.obj,0.9999641180038452,1
device_11_rigid_0021.obj,0.9999641180038452,1
device_11_rigid_0022.obj,0.9999641180038452,1
device_11_rigid_0023.obj,0.9999641180038452,1
device_11_rigid_0024.obj,0.9999641180038452,1
device_11_tetwild_0000.obj,0.9999707937240601,1
device_11_tetwild_0001.obj,0.9999707937240601,1
device_11_tetwild_0002.obj,0.9999427994092306,1
device_11_tetwild_0003.obj,0.9999526341756185,1
device_11_tetwild_0004.obj,0.9999689261118571,1
device_11_tetwild_0005.obj,0.9999732375144958,1
device_11_tetwild_0006.obj,0.9999676942825317,1
device_11_tetwild_0007.obj,0.9999547004699707,1
device_11_tetwild_0008.obj,0.9999634226163229,1
device_11_tetwild_0009.obj,0.9999384880065918,1
device_11_tetwild_0010.obj,0.9998059272766113,1
device_11_tetwild_0011.obj,0.9999385476112366,1
device_11_tetwild_0012.obj,0.9999630451202393,1
device_11_tetwild_0013.obj,0.9999717076619467,1
device_11_tetwild_0014.obj,0.999952514966329,1
device_11_tetwild_0015.obj,0.9999147057533264,1
device_11_tetwild_0016.obj,0.9999536871910095,1
device_11_tetwild_0017.obj,0.9999556342760721,1
device_11_tetwild_0018.obj,0.9999253352483114,1
device_11_tetwild_0019.obj,0.9999595681826273,1
device_11_tetwild_0020.obj,0.9999587734540304,1
device_11_tetwild_0021.obj,0.9999589522679647,1
device_11_tetwild_0022.obj,0.999950647354126,1
device_11_tetwild_0023.obj,0.9999633034070333,1
device_11_tetwild_0024.obj,0.9999553163846334,1
device_12_degenerate_0000.obj,0.9996925592422485,1
device_12_degenerate_0001.obj,0.9996925592422485,1
device_12_degenerate_0002.obj,0.9996925592422485,1
device_12_degenerate_0003.obj,0.9996925592422485,1
device_12_degenerate_0004.obj,0.9996925592422485,1
device_12_degenerate_0005.obj,0.9996925592422485,1
device_12_degenerate_0006.obj,0.9996925592422485,1
device_12_degenerate_0007.obj,0.9996925592422485,1
device_12_degenerate_0008.obj,0.9996925592422485,1
device_12_degenerate_0009.obj,0.9996925592422485,1
device_12_degenerate_0010.obj,0.9996925592422485,1
device_12_degenerate_0011.obj,0.9996925592422485,1
device_12_degenerate_0012.obj,0.9996925592422485,1
device_12_degenerate_0013.obj,0.9996925592422485,1
device_12_degenerate_0014.obj,0.9996925592422485,1
device_12_degenerate_0015.obj,0.9996925592422485,1
device_12_degenerate_0016.obj,0.9996925592422485,1
device_12_degenerate_0017.obj,0.9996925592422485,1
device_12_degenerate_0018.obj,0.9996925592422485,1
device_12_degenerate_0019.obj,0.9996925592422485,1
device_12_degenerate_0020.obj,0.9996925592422485,1
device_12_degenerate_0021.obj,0.9996925592422485,1
device_12_degenerate_0022.obj,0.9996925592422485,1
device_12_degenerate_0023.obj,0.9996925592422485,1
device_12_degenerate_0024.obj,0.9996925592422485,1
device_12_disconnected_0000.obj,0.9996925592422485,1
device_12_disconnected_0001.obj,0.9996925592422485,1
device_12_disconnected_0002.obj,0.9996925592422485,1
device_12_disconnected_0003.obj,0.9996925592422485,1
device_12_disconnected_0004.obj,0.9996925592422485,1
device_12_disconnected_0005.obj,0.9996925592422485,1
device_12_disconnected_0006.obj,0.9996925592422485,1
device_12_disconnected_0007.obj,0.9996925592422485,1
device_12_disconnected_0008.obj,0.9996925592422485,1
device_12_disconnected_0009.obj,0.9996925592422485,1
device_12_disconnected_0010.obj,0.9996925592422485,1
device_12_disconnected_0011.obj,0.9996925592422485,1
device_12_disconnected_0012.obj,0.9996925592422485,1
device_12_disconnected_0013.obj,0.9996925592422485,1
device_12_disconnected_0014.obj,0.9996925592422485,1
device_12_disconnected_0015.obj,0.9996925592422485,1
device_12_disconnected_0016.obj,0.9996925592422485,1
device_12_disconnected_0017.obj,0.9996925592422485,1
device_12_disconnected_0018.obj,0.9996925592422485,1
device_12_disconnected_0019.obj,0.9996925592422485,1
device_12_disconnected_0020.obj,0.9996925592422485,1
device_12_disconnected_0021.obj,0.9996925592422485,1
device_12_disconnected_0022.obj,0.9996925592422485,1
device_12_disconnected_0023.obj,0.9996925592422485,1
device_12_disconnected_0024.obj,0.9996925592422485,1
device_12_faceswap_0000.obj,0.990226149559021,1
device_12_faceswap_0001.obj,0.9951823751131693,1
device_12_faceswap_0002.obj,0.9986899495124817,1
device_12_faceswap_0003.obj,0.9871542453765869,1
device_12_faceswap_0004.obj,0.9991587599118551,1
device_12_faceswap_0005.obj,0.9996976653734843,1
device_12_faceswap_0006.obj,0.9910297989845276,1
device_12_faceswap_0007.obj,0.9970105687777201,1
device_12_faceswap_0008.obj,0.9714133143424988,1
device_12_faceswap_0009.obj,0.9990301529566447,1
device_12_faceswap_0010.obj,0.9993126591046652,1
device_12_faceswap_0011.obj,0.9976193904876709,1
device_12_faceswap_0012.obj,0.992299497127533,1
device_12_faceswap_0013.obj,0.9920410911242167,1
device_12_faceswap_0014.obj,0.9868171016375223,1
device_12_faceswap_0015.obj,0.9996826450030009,1
device_12_faceswap_0016.obj,0.9981622099876404,1
device_12_faceswap_0017.obj,0.9991872509320577,1
device_12_faceswap_0018.obj,0.9980749686559042,1
device_12_faceswap_0019.obj,0.9982421199480692,1
device_12_faceswap_0020.obj,0.9990931153297424,1
device_12_faceswap_0021.obj,0.99932461977005,1
device_12_faceswap_0022.obj,0.9954778552055359,1
device_12_faceswap_0023.obj,0.9986115296681722,1
device_12_faceswap_0024.obj,0.9922879139582316,1
device_12_jitter_0000.obj,0.9984204173088074,1
device_12_jitter_0001.obj,0.9994445443153381,1
device_12_jitter_0002.obj,0.9973544478416443,1
device_12_jitter_0003.obj,0.9963456988334656,1
device_12_jitter_0004.obj,0.9994782010714213,1
device_12_jitter_0005.obj,0.998262882232666,1
device_12_jitter_0006.obj,0.9895229736963908,1
device_12_jitter_0007.obj,0.9971603552500407,1
device_12_jitter_0008.obj,0.9988845388094584,1
device_12_jitter_0009.obj,0.9994557698567709,1
device_12_jitter_0010.obj,0.9945101539293925,1
device_12_jitter_0011.obj,0.999062697092692,1
device_12_jitter_0012.obj,0.9978717366854349,1
device_12_jitter_0013.obj,0.9988843003908793,1
device_12_jitter_0014.obj,0.9996130665143331,1
device_12_jitter_0015.obj,0.9989107052485148,1
device_12_jitter_0016.obj,0.9996121327082316,1
device_12_jitter_0017.obj,0.9989808996518453,1
device_12_jitter_0018.obj,0.9982738494873047,1
device_12_jitter_0019.obj,0.9986459414164225,1
device_12_jitter_0020.obj,0.9990778565406799,1
device_12_jitter_0021.obj,0.993314286073049,1
device_12_jitter_0022.obj,0.9989230632781982,1
device_12_jitter_0023.obj,0.9990429878234863,1
device_12_jitter_0024.obj,0.9962197144826254,1
device_12_rigid_0000.obj,0.9996925592422485,1
device_12_rigid_0001.obj,0.9996925592422485,1
device_12_rigid_0002.obj,0.9996925592422485,1
device_12_rigid_0003.obj,0.9996925592422485,1
device_12_rigid_0004.obj,0.9996925592422485,1
device_12_rigid_0005.obj,0.9996925592422485,1
device_12_rigid_0006.obj,0.9996925592422485,1
device_12_rigid_0007.obj,0.9996925592422485,1
device_12_rigid_0008.obj,0.9996925592422485,1
device_12_rigid_0009.obj,0.9996925592422485,1
device_12_rigid_0010.obj,0.9996925592422485,1
device_12_rigid_0011.obj,0.9996925592422485,1
device_12_rigid_0012.obj,0.9996925592422485,1
device_12_rigid_0013.obj,0.9996925592422485,1
device_12_rigid_0014.obj,0.9996925592422485,1
device_12_rigid_0015.obj,0.9996925592422485,1
device_12_rigid_0016.obj,0.9996925592422485,1
device_12_rigid_0017.obj,0.9996925592422485,1
device_12_rigid_0018.obj,0.9996925592422485,1
device_12_rigid_0019.obj,0.9996925592422485,1
device_12_rigid_0020.obj,0.9996925592422485,1
device_12_rigid_0021.obj,0.9996925592422485,1
device_12_rigid_0022.obj,0.9996925592422485,1
device_12_rigid_0023.obj,0.9996925592422485,1
device_12_rigid_0024.obj,0.9996925592422485,1
device_12_tetwild_0000.obj,0.9991283615430196,1
device_12_tetwild_0001.obj,0.9938868681589762,1
device_12_tetwild_0002.obj,0.9967631697654724,1
device_12_tetwild_0003.obj,0.9974775314331055,1
device_12_tetwild_0004.obj,0.9992076357205709,1
device_12_tetwild_0005.obj,0.9703499476114908,1
device_12_tetwild_0006.obj,0.9793947140375773,1
device_12_tetwild_0007.obj,0.9982749422391256,1
device_12_tetwild_0008.obj,0.9950756033261617,1
device_12_tetwild_0009.obj,0.9971147775650024,1
device_12_tetwild_0010.obj,0.9987301230430603,1
device_12_tetwild_0011.obj,0.8547995487848917,1
device_12_tetwild_0012.obj,0.998904824256897,1
device_12_tetwild_0013.obj,0.9967634280522665,1
device_12_tetwild_0014.obj,0.9976885120073954,1
device_12_tetwild_0015.obj,0.4583373765150706,1
device_12_tetwild_0016.obj,0.9071384270985922,1
device_12_tetwild_0017.obj,0.9993238846460978,1
device_12_tetwild_0018.obj,0.992916206518809,1
device_12_tetwild_0019.obj,0.9777582486470541,1
device_12_tetwild_0020.obj,0.9990142782529196,1
device_12_tetwild_0021.obj,0.9947256247202555,1
device_12_tetwild_0022.obj,0.9994017680486044,1
device_12_tetwild_0023.obj,0.9970290660858154,1
device_12_tetwild_0024.obj,0.9939995010693868,1
device_13_degenerate_0000.obj,0.9999608794848124,1
device_13_degenerate_0001.obj,0.9999608794848124,1
device_13_degenerate_0002.obj,0.9999608794848124,1
device_13_degenerate_0003.obj,0.9999608794848124,1
device_13_degenerate_0004.obj,0.9999608794848124,1
device_13_degenerate_0005.obj,0.9999608794848124,1
device_13_degenerate_0006.obj,0.9999608794848124,1
device_13_degenerate_0007.obj,0.9999608794848124,1
device_13_degenerate_0008.obj,0.9999608794848124,1
device_13_degenerate_0009.obj,0.9999608794848124,1
device_13_degenerate_0010.obj,0.9999608794848124,1
device_13_degenerate_0011.obj,0.9999608794848124,1
device_13_degenerate_0012.obj,0.9999608794848124,1
device_13_degenerate_0013.obj,0.9999608794848124,1
device_13_degenerate_0014.obj,0.9999608794848124,1
device_13_degenerate_0015.obj,0.9999608794848124,1
device_13_degenerate_0016.obj,0.9999608794848124,1
device_13_degenerate_0017.obj,0.9999608794848124,1
device_13_degenerate_0018.obj,0.9999608794848124,1
device_13_degenerate_0019.obj,0.9999608794848124,1
device_13_degenerate_0020.obj,0.9999608794848124,1
device_13_degenerate_0021.obj,0.9999608794848124,1
device_13_degenerate_0022.obj,0.9999608794848124,1
device_13_degenerate_0023.obj,0.9999608794848124,1
device_13_degenerate_0024.obj,0.9999608794848124,1
device_13_disconnected_0000.obj,0.9999608794848124,1
device_13_disconnected_0001.obj,0.9999608794848124,1
device_13_disconnected_0002.obj,0.9999608794848124,1
device_13_disconnected_0003.obj,0.9999608794848124,1
device_13_disconnected_0004.obj,0.9999608794848124,1
device_13_disconnected_0005.obj,0.9999608794848124,1
device_13_disconnected_0006.obj,0.9999608794848124,1
device_13_disconnected_0007.obj,0.9999608794848124,1
device_13_disconnected_0008.obj,0.9999608794848124,1
device_13_disconnected_0009.obj,0.9999608794848124,1
device_13_disconnected_0010.obj,0.9999608794848124,1
device_13_disconnected_0011.obj,0.9999608794848124,1
device_13_disconnected_0012.obj,0.9999608794848124,1
device_13_disconnected_0013.obj,0.9999608794848124,1
device_13_disconnected_0014.obj,0.9999608794848124,1
device_13_disconnected_0015.obj,0.9999608794848124,1
device_13_disconnected_0016.obj,0.9999608794848124,1
device_13_disconnected_0017.obj,0.9999608794848124,1
device_13_disconnected_0018.obj,0.9999608794848124,1
device_13_disconnected_0019.obj,0.9999608794848124,1
device_13_disconnected_0020.obj,0.9999608794848124,1
device_13_disconnected_0021.obj,0.9999608794848124,1
device_13_disconnected_0022.obj,0.9999608794848124,1
device_13_disconnected_0023.obj,0.9999608794848124,1
device_13_disconnected_0024.obj,0.9999608794848124,1
device_13_faceswap_0000.obj,0.9999478061993917,1
device_13_faceswap_0001.obj,0.9999549388885498,1
device_13_faceswap_0002.obj,0.9999565879503886,1
device_13_faceswap_0003.obj,0.9999625285466512,1
device_13_faceswap_0004.obj,0.9999616146087646,1
device_13_faceswap_0005.obj,0.999961773554484,1
device_13_faceswap_0006.obj,0.999946673711141,1
device_13_faceswap_0007.obj,0.9999598662058512,1
device_13_faceswap_0008.obj,0.9999610582987467,1
device_13_faceswap_0009.obj,0.9999584952990214,1
device_13_faceswap_0010.obj,0.999956746896108,1
device_13_faceswap_0011.obj,0.9999282161394755,1
device_13_faceswap_0012.obj,0.9999599456787109,1
device_13_faceswap_0013.obj,0.9999537865320841,1
device_13_faceswap_0014.obj,0.9999593695004781,1
device_13_faceswap_0015.obj,0.9999598860740662,1
device_13_faceswap_0016.obj,0.9999614556630453,1
device_13_faceswap_0017.obj,0.9999619325002035,1
device_13_faceswap_0018.obj,0.9999597867329916,1
device_13_faceswap_0019.obj,0.9999484419822693,1
device_13_faceswap_0020.obj,0.9999592701594034,1
device_13_faceswap_0021.obj,0.999957005182902,1
device_13_faceswap_0022.obj,0.9999630053838094,1
device_13_faceswap_0023.obj,0.9999586145083109,1
device_13_faceswap_0024.obj,0.9999587933222452,1
device_13_jitter_0000.obj,0.9999573429425558,1
device_13_jitter_0001.obj,0.9999357064565023,1
device_13_jitter_0002.obj,0.999952475229899,1
device_13_jitter_0003.obj,0.9999329845110575,1
device_13_jitter_0004.obj,0.9999540050824484,1
device_13_jitter_0005.obj,0.9999423424402872,1
device_13_jitter_0006.obj,0.9999640385309855,1
device_13_jitter_0007.obj,0.9999558528264364,1
device_13_jitter_0008.obj,0.9999526739120483,1
device_13_jitter_0009.obj,0.9999633034070333,1
device_13_jitter_0010.obj,0.9999545017878214,1
device_13_jitter_0011.obj,0.9999623696009318,1
device_13_jitter_0012.obj,0.9999510049819946,1
device_13_jitter_0013.obj,0.9999475479125977,1
device_13_jitter_0014.obj,0.9999629259109497,1
device_13_jitter_0015.obj,0.9999367992083231,1
device_13_jitter_0016.obj,0.9999565283457438,1
device_13_jitter_0017.obj,0.9999352097511292,1
device_13_jitter_0018.obj,0.9999168912569681,1
device_13_jitter_0019.obj,0.9999557932217916,1
device_13_jitter_0020.obj,0.999948521455129,1
device_13_jitter_0021.obj,0.9999087850252787,1
device_13_jitter_0022.obj,0.9999635219573975,1
device_13_jitter_0023.obj,0.9999604821205139,1
device_13_jitter_0024.obj,0.9999483823776245,1
device_13_rigid_0000.obj,0.9999608794848124,1
device_13_rigid_0001.obj,0.9999608794848124,1
device_13_rigid_0002.obj,0.9999608794848124,1
device_13_rigid_0003.obj,0.9999608794848124,1
device_13_rigid_0004.obj,0.9999608794848124,1
device_13_rigid_0005.obj,0.9999608794848124,1
device_13_rigid_0006.obj,0.9999608794848124,1
device_13_rigid_0007.obj,0.9999608794848124,1
device_13_rigid_0008.obj,0.9999608794848124,1
device_13_rigid_0009.obj,0.9999608794848124,1
device_13_rigid_0010.obj,0.9999608794848124,1
device_13_rigid_0011.obj,0.9999608794848124,1
device_13_rigid_0012.obj,0.9999608794848124,1
device_13_rigid_0013.obj,0.9999608794848124,1
device_13_rigid_0014.obj,0.9999608794848124,1
device_13_rigid_0015.obj,0.9999608794848124,1
device_13_rigid_0016.obj,0.9999608794848124,1
device_13_rigid_0017.obj,0.9999608794848124,1
device_13_rigid_0018.obj,0.9999608794848124,1
device_13_rigid_0019.obj,0.9999608794848124,1
device_13_rigid_0020.obj,0.9999608794848124,1
device_13_rigid_0021.obj,0.9999608794848124,1
device_13_rigid_0022.obj,0.9999608794848124,1
device_13_rigid_0023.obj,0.9999608794848124,1
device_13_rigid_0024.obj,0.9999608794848124,1
device_13_tetwild_0000.obj,0.9999594489733378,1
device_13_tetwild_0001.obj,0.9999559919039408,1
device_13_tetwild_0002.obj,0.9999547203381857,1
device_13_tetwild_0003.obj,0.9999646743138632,1
device_13_tetwild_0004.obj,0.9999653100967407,1
device_13_tetwild_0005.obj,0.9999621510505676,1
device_13_tetwild_0006.obj,0.9999548395474752,1
device_13_tetwild_0007.obj,0.9999611576398214,1
device_13_tetwild_0008.obj,0.9999613761901855,1
device_13_tetwild_0009.obj,0.9999622901280721,1
device_13_tetwild_0010.obj,0.9999269048372904,1
device_13_tetwild_0011.obj,0.9999295473098755,1
device_13_tetwild_0012.obj,0.999947706858317,1
device_13_tetwild_0013.obj,0.9999243418375651,1
device_13_tetwild_0014.obj,0.9999502102533976,1
device_13_tetwild_0015.obj,0.9999597072601318,1
device_13_tetwild_0016.obj,0.9999578793843588,1
device_13_tetwild_0017.obj,0.9999596277872721,1
device_13_tetwild_0018.obj,0.9999601046244303,1
device_13_tetwild_0019.obj,0.9999452630678812,1
device_13_tetwild_0020.obj,0.9999420642852783,1
device_13_tetwild_0021.obj,0.9999644756317139,1
device_13_tetwild_0022.obj,0.9999609986941019,1
device_13_tetwild_0023.obj,0.9999580581982931,1
device_13_tetwild_0024.obj,0.9999446272850037,1
device_14_degenerate_0000.obj,0.9999608794848124,1
device_14_degenerate_0001.obj,0.9999608794848124,1
device_14_degenerate_0002.obj,0.9999608794848124,1
device_14_degenerate_0003.obj,0.9999608794848124,1
device_14_degenerate_0004.obj,0.9999608794848124,1
device_14_degenerate_0005.obj,0.9999608794848124,1
device_14_degenerate_0006.obj,0.9999608794848124,1
device_14_degenerate_0007.obj,0.9999608794848124,1
device_14_degenerate_0008.obj,0.9999608794848124,1
device_14_degenerate_0009.obj,0.9999608794848124,1
device_14_degenerate_0010.obj,0.9999608794848124,1
device_14_degenerate_0011.obj,0.9999608794848124,1
device_14_degenerate_0012.obj,0.9999608794848124,1
device_14_degenerate_0013.obj,0.9999608794848124,1
device_14_degenerate_0014.obj,0.9999608794848124,1
device_14_degenerate_0015.obj,0.9999608794848124,1
device_14_degenerate_0016.obj,0.9999608794848124,1
device_14_degenerate_0017.obj,0.9999608794848124,1
device_14_degenerate_0018.obj,0.9999608794848124,1
device_14_degenerate_0019.obj,0.9999608794848124,1
device_14_degenerate_0020.obj,0.9999608794848124,1
device_14_degenerate_0021.obj,0.9999608794848124,1
device_14_degenerate_0022.obj,0.9999608794848124,1
device_14_degenerate_0023.obj,0.9999608794848124,1
device_14_degenerate_0024.obj,0.9999608794848124,1
device_14_disconnected_0000.obj,0.9999608794848124,1
device_14_disconnected_0001.obj,0.9999608794848124,1
device_14_disconnected_0002.obj,0.9999608794848124,1
device_14_disconnected_0003.obj,0.9999608794848124,1
device_14_disconnected_0004.obj,0.9999608794848124,1
device_14_disconnected_0005.obj,0.9999608794848124,1
device_14_disconnected_0006.obj,0.9999608794848124,1
device_14_disconnected_0007.obj,0.9999608794848124,1
device_14_disconnected_0008.obj,0.9999608794848124,1
device_14_disconnected_0009.obj,0.9999608794848124,1
device_14_disconnected_0010.obj,0.9999608794848124,1
device_14_disconnected_0011.obj,0.9999608794848124,1
device_14_disconnected_0012.obj,0.9999608794848124,1
device_14_disconnected_0013.obj,0.9999608794848124,1
device_14_disconnected_0014.obj,0.9999608794848124,1
device_14_disconnected_0015.obj,0.9999608794848124,1
device_14_disconnected_0016.obj,0.9999608794848124,1
device_14_disconnected_0017.obj,0.9999608794848124,1
device_14_disconnected_0018.obj,0.9999608794848124,1
device_14_disconnected_0019.obj,0.9999608794848124,1
device_14_disconnected_0020.obj,0.9999608794848124,1
device_14_disconnected_0021.obj,0.9999608794848124,1
device_14_disconnected_0022.obj,0.9999608794848124,1
device_14_disconnected_0023.obj,0.9999608794848124,1
device_14_disconnected_0024.obj,0.9999608794848124,1
device_14_faceswap_0000.obj,0.9999576409657797,1
device_14_faceswap_0001.obj,0.9999610980351766,1
device_14_faceswap_0002.obj,0.9999506076176962,1
device_14_faceswap_0003.obj,0.9999592701594034,1
device_14_faceswap_0004.obj,0.9999549388885498,1
device_14_faceswap_0005.obj,0.9999604821205139,1
device_14_faceswap_0006.obj,0.9999617139498392,1
device_14_faceswap_0007.obj,0.9999602635701498,1
device_14_faceswap_0008.obj,0.9999563296635946,1
device_14_faceswap_0009.obj,0.9999569257100424,1
device_14_faceswap_0010.obj,0.9999613364537557,1
device_14_faceswap_0011.obj,0.999960720539093,1
device_14_faceswap_0012.obj,0.9999584952990214,1
device_14_faceswap_0013.obj,0.999960462252299,1
device_14_faceswap_0014.obj,0.9999611775080363,1
device_14_faceswap_0015.obj,0.9999406337738037,1
device_14_faceswap_0016.obj,0.9999528725941976,1
device_14_faceswap_0017.obj,0.9999582568804423,1
device_14_faceswap_0018.obj,0.9999579588572184,1
device_14_faceswap_0019.obj,0.9999554554621378,1
device_14_faceswap_0020.obj,0.9999599655469259,1
device_14_faceswap_0021.obj,0.9999459783236185,1
device_14_faceswap_0022.obj,0.9999482035636902,1
device_14_faceswap_0023.obj,0.9999600648880005,1
device_14_faceswap_0024.obj,0.9999522765477499,1
device_14_jitter_0000.obj,0.9999458193778992,1
device_14_jitter_0001.obj,0.9999649524688721,1
device_14_jitter_0002.obj,0.9999661644299825,1
device_14_jitter_0003.obj,0.9999624093373617,1
device_14_jitter_0004.obj,0.9999633232752482,1
device_14_jitter_0005.obj,0.9999526341756185,1
device_14_jitter_0006.obj,0.999962051709493,1
device_14_jitter_0007.obj,0.9999590714772543,1
device_14_jitter_0008.obj,0.9999537269274393,1
device_14_jitter_0009.obj,0.9999027649561564,1
device_14_jitter_0010.obj,0.9999213218688965,1
device_14_jitter_0011.obj,0.9999569654464722,1
device_14_jitter_0012.obj,0.9999568661053976,1
device_14_jitter_0013.obj,0.999954879283905,1
device_14_jitter_0014.obj,0.9999650716781616,1
device_14_jitter_0015.obj,0.9999637405077616,1
device_14_jitter_0016.obj,0.9999554753303528,1
device_14_jitter_0017.obj,0.9999577204386393,1
device_14_jitter_0018.obj,0.9999594887097677,1
device_14_jitter_0019.obj,0.9999614953994751,1
device_14_jitter_0020.obj,0.9999283154805502,1
device_14_jitter_0021.obj,0.9999668796857198,1
device_14_jitter_0022.obj,0.999953011671702,1
device_14_jitter_0023.obj,0.9999576807022095,1
device_14_jitter_0024.obj,0.9999399979909261,1
device_14_rigid_0000.obj,0.9999608794848124,1
device_14_rigid_0001.obj,0.9999608794848124,1
device_14_rigid_0002.obj,0.9999608794848124,1
device_14_rigid_0003.obj,0.9999608794848124,1
device_14_rigid_0004.obj,0.9999608794848124,1
device_14_rigid_0005.obj,0.9999608794848124,1
device_14_rigid_0006.obj,0.9999608794848124,1
device_14_rigid_0007.obj,0.9999608794848124,1
device_14_rigid_0008.obj,0.9999608794848124,1
device_14_rigid_0009.obj,0.9999608794848124,1
device_14_rigid_0010.obj,0.9999608794848124,1
device_14_rigid_0011.obj,0.9999608794848124,1
device_14_rigid_0012.obj,0.9999608794848124,1
device_14_rigid_0013.obj,0.9999608794848124,1
device_14_rigid_0014.obj,0.9999608794848124,1
device_14_rigid_0015.obj,0.9999608794848124,1
device_14_rigid_0016.obj,0.9999608794848124,1
device_14_rigid_0017.obj,0.9999608794848124,1
device_14_rigid_0018.obj,0.9999608794848124,1
device_14_rigid_0019.obj,0.9999608794848124,1
device_14_rigid_0020.obj,0.9999608794848124,1
device_14_rigid_0021.obj,0.9999608794848124,1
device_14_rigid_0022.obj,0.9999608794848124,1
device_14_rigid_0023.obj,0.9999608794848124,1
device_14_rigid_0024.obj,0.9999608794848124,1
device_14_tetwild_0000.obj,0.9999396006266276,1
device_14_tetwild_0001.obj,0.999947985013326,1
device_14_tetwild_0002.obj,0.9999483625094095,1
device_14_tetwild_0003.obj,0.999950627485911,1
device_14_tetwild_0004.obj,0.9999593496322632,1
device_14_tetwild_0005.obj,0.9999635616938273,1
device_14_tetwild_0006.obj,0.9999477863311768,1
device_14_tetwild_0007.obj,0.9999635616938273,1
device_14_tetwild_0008.obj,0.9999258518218994,1
device_14_tetwild_0009.obj,0.9999406735102335,1
device_14_tetwild_0010.obj,0.9999500314394633,1
device_14_tetwild_0011.obj,0.9999589920043945,1
device_14_tetwild_0012.obj,0.9999003807703654,1
device_14_tetwild_0013.obj,0.9999553561210632,1
device_14_tetwild_0014.obj,0.9999571839968363,1
device_14_tetwild_0015.obj,0.9999622106552124,1
device_14_tetwild_0016.obj,0.9998946984608968,1
device_14_tetwild_0017.obj,0.9999569058418274,1
device_14_tetwild_0018.obj,0.9999434351921082,1
device_14_tetwild_0019.obj,0.9999594688415527,1
device_14_tetwild_0020.obj,0.9999176661173502,1
device_14_tetwild_0021.obj,0.9998718698819479,1
device_14_tetwild_0022.obj,0.9999446272850037,1
device_14_tetwild_0023.obj,0.9999614755312601,1
device_14_tetwild_0024.obj,0.9999589920043945,1
device_15_degenerate_0000.obj,0.9999275008837382,1
device_15_degenerate_0001.obj,0.9999275008837382,1
device_15_degenerate_0002.obj,0.9999275008837382,1
device_15_degenerate_0003.obj,0.9999275008837382,1
device_15_degenerate_0004.obj,0.9999275008837382,1
device_15_degenerate_0005.obj,0.9999275008837382,1
device_15_degenerate_0006.obj,0.9999275008837382,1
device_15_degenerate_0007.obj,0.9999275008837382,1
device_15_degenerate_0008.obj,0.9999275008837382,1
device_15_degenerate_0009.obj,0.9999275008837382,1
device_15_degenerate_0010.obj,0.9999275008837382,1
device_15_degenerate_0011.obj,0.9999275008837382,1
device_15_degenerate_0012.obj,0.9999275008837382,1
device_15_degenerate_0013.obj,0.9999275008837382,1
device_15_degenerate_0014.obj,0.9999275008837382,1
device_15_degenerate_0015.obj,0.9999275008837382,1
device_15_degenerate_0016.obj,0.9999275008837382,1
device_15_degenerate_0017.obj,0.9999275008837382,1
device_15_degenerate_0018.obj,0.9999275008837382,1
device_15_degenerate_0019.obj,0.9999275008837382,1
device_15_degenerate_0020.obj,0.9999275008837382,1
device_15_degenerate_0021.obj,0.9999275008837382,1
device_15_degenerate_0022.obj,0.9999275008837382,1
device_15_degenerate_0023.obj,0.9999275008837382,1
device_15_degenerate_0024.obj,0.9999275008837382,1
device_15_disconnected_0000.obj,0.9999275008837382,1
device_15_disconnected_0001.obj,0.9999275008837382,1
device_15_disconnected_0002.obj,0.9999275008837382,1
device_15_disconnected_0003.obj,0.9999275008837382,1
device_15_disconnected_0004.obj,0.9999275008837382,1
device_15_disconnected_0005.obj,0.9999275008837382,1
device_15_disconnected_0006.obj,0.9999275008837382,1
device_15_disconnected_0007.obj,0.9999275008837382,1
device_15_disconnected_0008.obj,0.9999275008837382,1
device_15_disconnected_0009.obj,0.9999275008837382,1
device_15_disconnected_0010.obj,0.9999275008837382,1
device_15_disconnected_0011.obj,0.9999275008837382,1
device_15_disconnected_0012.obj,0.9999275008837382,1
device_15_disconnected_0013.obj,0.9999275008837382,1
device_15_disconnected_0014.obj,0.9999275008837382,1
device_15_disconnected_0015.obj,0.9999275008837382,1
device_15_disconnected_0016.obj,0.9999275008837382,1
device_15_disconnected_0017.obj,0.9999275008837382,1
device_15_disconnected_0018.obj,0.9999275008837382,1
device_15_disconnected_0019.obj,0.9999275008837382,1
device_15_disconnected_0020.obj,0.9999275008837382,1
device_15_disconnected_0021.obj,0.9999275008837382,1
device_15_disconnected_0022.obj,0.9999275008837382,1
device_15_disconnected_0023.obj,0.9999275008837382,1
device_15_disconnected_0024.obj,0.9999275008837382,1
device_15_faceswap_0000.obj,0.9995410044987997,1
device_15_faceswap_0001.obj,0.9989877343177795,1
device_15_faceswap_0002.obj,0.9972514907519022,1
device_15_faceswap_0003.obj,0.9995609720547994,1
device_15_faceswap_0004.obj,0.9997360905011495,1
device_15_faceswap_0005.obj,0.9995932976404825,1
device_15_faceswap_0006.obj,0.9994207223256429,1
device_15_faceswap_0007.obj,0.9991980393727621,1
device_15_faceswap_0008.obj,0.9993484616279602,1
device_15_faceswap_0009.obj,0.9996081193288168,1
device_15_faceswap_0010.obj,0.9995452165603638,1
device_15_faceswap_0011.obj,0.9914557536443075,1
device_15_faceswap_0012.obj,0.9997727473576864,1
device_15_faceswap_0013.obj,0.9980939626693726,1
device_15_faceswap_0014.obj,0.9962863524754842,1
device_15_faceswap_0015.obj,0.9998755057652792,1
device_15_faceswap_0016.obj,0.9917361736297607,1
device_15_faceswap_0017.obj,0.9995429317156473,1
device_15_faceswap_0018.obj,0.9981915553410848,1
device_15_faceswap_0019.obj,0.9997798999150594,1
device_15_faceswap_0020.obj,0.9995424350102743,1
device_15_faceswap_0021.obj,0.9982170263926188,1
device_15_faceswap_0022.obj,0.9994455973307291,1
device_15_faceswap_0023.obj,0.9996617436408997,1
device_15_faceswap_0024.obj,0.9990079402923584,1
device_15_jitter_0000.obj,0.9998341997464498,1
device_15_jitter_0001.obj,0.9997618993123373,1
device_15_jitter_0002.obj,0.999835749467214,1
device_15_jitter_0003.obj,0.9998634258906046,1
device_15_jitter_0004.obj,0.9998446106910706,1
device_15_jitter_0005.obj,0.9997004071871439,1
device_15_jitter_0006.obj,0.9997897545496622,1
device_15_jitter_0007.obj,0.9997247457504272,1
device_15_jitter_0008.obj,0.9998394449551901,1
device_15_jitter_0009.obj,0.9997523228327433,1
device_15_jitter_0010.obj,0.9998620748519897,1
device_15_jitter_0011.obj,0.9998022516568502,1
device_15_jitter_0012.obj,0.9998663067817688,1
device_15_jitter_0013.obj,0.99979035059611,1
device_15_jitter_0014.obj,0.9998081723848978,1
device_15_jitter_0015.obj,0.999898890654246,1
device_15_jitter_0016.obj,0.9998783667882284,1
device_15_jitter_0017.obj,0.9997845888137817,1
device_15_jitter_0018.obj,0.9997854828834534,1
device_15_jitter_0019.obj,0.9998345375061035,1
device_15_jitter_0020.obj,0.9997448722521464,1
device_15_jitter_0021.obj,0.9996519883473715,1
device_15_jitter_0022.obj,0.9998714923858643,1
device_15_jitter_0023.obj,0.9998483459154764,1
device_15_jitter_0024.obj,0.9996492266654968,1
device_15_rigid_0000.obj,0.9999275008837382,1
device_15_rigid_0001.obj,0.9999275008837382,1
device_15_rigid_0002.obj,0.9999275008837382,1
device_15_rigid_0003.obj,0.9999275008837382,1
device_15_rigid_0004.obj,0.9999275008837382,1
device_15_rigid_0005.obj,0.9999275008837382,1
device_15_rigid_0006.obj,0.9999275008837382,1
device_15_rigid_0007.obj,0.9999275008837382,1
device_15_rigid_0008.obj,0.9999275008837382,1
device_15_rigid_0009.obj,0.9999275008837382,1
device_15_rigid_0010.obj,0.9999275008837382,1
device_15_rigid_0011.obj,0.9999275008837382,1
device_15_rigid_0012.obj,0.9999275008837382,1
device_15_rigid_0013.obj,0.9999275008837382,1
device_15_rigid_0014.obj,0.9999275008837382,1
device_15_rigid_0015.obj,0.9999275008837382,1
device_15_rigid_0016.obj,0.9999275008837382,1
device_15_rigid_0017.obj,0.9999275008837382,1
device_15_rigid_0018.obj,0.9999275008837382,1
device_15_rigid_0019.obj,0.9999275008837382,1
device_15_rigid_0020.obj,0.9999275008837382,1
device_15_rigid_0021.obj,0.9999275008837382,1
device_15_rigid_0022.obj,0.9999275008837382,1
device_15_rigid_0023.obj,0.9999275008837382,1
device_15_rigid_0024.obj,0.9999275008837382,1
device_15_tetwild_0000.obj,0.999688446521759,1
device_15_tetwild_0001.obj,0.9998873273531595,1
device_15_tetwild_0002.obj,0.9942058324813843,1
device_15_tetwild_0003.obj,0.9987385272979736,1
device_15_tetwild_0004.obj,0.9874235192934672,1
device_15_tetwild_0005.obj,0.9988013704617819,1
device_15_tetwild_0006.obj,0.9995871186256409,1
device_15_tetwild_0007.obj,0.9990527431170145,1
device_15_tetwild_0008.obj,0.9990782936414083,1
device_15_tetwild_0009.obj,0.998802383740743,1
device_15_tetwild_0010.obj,0.9989905754725138,1
device_15_tetwild_0011.obj,0.9972610672314962,1
device_15_tetwild_0012.obj,0.9997970660527548,1
device_15_tetwild_0013.obj,0.9915946125984192,1
device_15_tetwild_0014.obj,0.9993147651354471,1
device_15_tetwild_0015.obj,0.9996775587399801,1
device_15_tetwild_0016.obj,0.9997682174046835,1
device_15_tetwild_0017.obj,0.9982390999794006,1
device_15_tetwild_0018.obj,0.9995308518409729,1
device_15_tetwild_0019.obj,0.999442438284556,1
device_15_tetwild_0021.obj,0.9994625647862753,1
device_15_tetwild_0022.obj,0.9992682139078776,1
device_15_tetwild_0023.obj,0.9970883925755819,1
device_15_tetwild_0024.obj,0.9977088769276937,1
device_16_degenerate_0000.obj,0.9999746481577555,1
device_16_degenerate_0001.obj,0.9999746481577555,1
device_16_degenerate_0002.obj,0.9999746481577555,1
device_16_degenerate_0003.obj,0.9999746481577555,1
device_16_degenerate_0004.obj,0.9999746481577555,1
device_16_degenerate_0005.obj,0.9999746481577555,1
device_16_degenerate_0006.obj,0.9999746481577555,1
device_16_degenerate_0007.obj,0.9999746481577555,1
device_16_degenerate_0008.obj,0.9999746481577555,1
device_16_degenerate_0009.obj,0.9999746481577555,1
device_16_degenerate_0010.obj,0.9999746481577555,1
device_16_degenerate_0011.obj,0.9999746481577555,1
device_16_degenerate_0012.obj,0.9999746481577555,1
device_16_degenerate_0013.obj,0.9999746481577555,1
device_16_degenerate_0014.obj,0.9999746481577555,1
device_16_degenerate_0015.obj,0.9999746481577555,1
device_16_degenerate_0016.obj,0.9999746481577555,1
device_16_degenerate_0017.obj,0.9999746481577555,1
device_16_degenerate_0018.obj,0.9999746481577555,1
device_16_degenerate_0019.obj,0.9999746481577555,1
device_16_degenerate_0020.obj,0.9999746481577555,1
device_16_degenerate_0021.obj,0.9999746481577555,1
device_16_degenerate_0022.obj,0.9999746481577555,1
device_16_degenerate_0023.obj,0.9999746481577555,1
device_16_degenerate_0024.obj,0.9999746481577555,1
device_16_disconnected_0000.obj,0.9999746481577555,1
device_16_disconnected_0001.obj,0.9999746481577555,1
device_16_disconnected_0002.obj,0.9999746481577555,1
device_16_disconnected_0003.obj,0.9999746481577555,1
device_16_disconnected_0004.obj,0.9999746481577555,1
device_16_disconnected_0005.obj,0.9999746481577555,1
device_16_disconnected_0006.obj,0.9999746481577555,1
device_16_disconnected_0007.obj,0.9999746481577555,1
device_16_disconnected_0008.obj,0.9999746481577555,1
device_16_disconnected_0009.obj,0.9999746481577555,1
device_16_disconnected_0010.obj,0.9999746481577555,1
device_16_disconnected_0011.obj,0.9999746481577555,1
device_16_disconnected_0012.obj,0.9999746481577555,1
device_16_disconnected_0013.obj,0.9999746481577555,1
device_16_disconnected_0014.obj,0.9999746481577555,1
device_16_disconnected_0015.obj,0.9999746481577555,1
device_16_disconnected_0016.obj,0.9999746481577555,1
device_16_disconnected_0017.obj,0.9999746481577555,1
device_16_disconnected_0018.obj,0.9999746481577555,1
device_16_disconnected_0019.obj,0.9999746481577555,1
device_16_disconnected_0020.obj,0.9999746481577555,1
device_16_disconnected_0021.obj,0.9999746481577555,1
device_16_disconnected_0022.obj,0.9999746481577555,1
device_16_disconnected_0023.obj,0.9999746481577555,1
device_16_disconnected_0024.obj,0.9999746481577555,1
device_16_faceswap_0000.obj,0.9999744097391764,1
device_16_faceswap_0001.obj,0.9999750653902689,1
device_16_faceswap_0002.obj,0.9999722838401794,1
device_16_faceswap_0003.obj,0.9998484055201212,1
device_16_faceswap_0004.obj,0.9997590978940328,1
device_16_faceswap_0005.obj,0.9999742309252421,1
device_16_faceswap_0006.obj,0.9999715685844421,1
device_16_faceswap_0007.obj,0.9999610582987467,1
device_16_faceswap_0008.obj,0.9999696016311646,1
device_16_faceswap_0009.obj,0.9999654094378153,1
device_16_faceswap_0010.obj,0.9999618530273438,1
device_16_faceswap_0011.obj,0.9999715288480123,1
device_16_faceswap_0012.obj,0.99995090564092,1
device_16_faceswap_0013.obj,0.9999710122744242,1
device_16_faceswap_0014.obj,0.9999728004137675,1
device_16_faceswap_0015.obj,0.9999754627545675,1
device_16_faceswap_0016.obj,0.9999757210413615,1
device_16_faceswap_0017.obj,0.999971846739451,1
device_16_faceswap_0018.obj,0.9999741514523824,1
device_16_faceswap_0019.obj,0.9999756813049316,1
device_16_faceswap_0020.obj,0.9999744097391764,1
device_16_faceswap_0021.obj,0.9999746878941854,1
device_16_faceswap_0022.obj,0.9999730587005615,1
device_16_faceswap_0023.obj,0.9999735355377197,1
device_16_faceswap_0024.obj,0.999965767065684,1
device_16_jitter_0000.obj,0.9999629656473795,1
device_16_jitter_0001.obj,0.9999713699022929,1
device_16_jitter_0002.obj,0.99994295835495,1
device_16_jitter_0003.obj,0.9999547799428304,1
device_16_jitter_0004.obj,0.9999745090802511,1
device_16_jitter_0005.obj,0.9999710520108541,1
device_16_jitter_0006.obj,0.9999703566233317,1
device_16_jitter_0007.obj,0.9999691843986511,1
device_16_jitter_0008.obj,0.999921957651774,1
device_16_jitter_0009.obj,0.9999615152676901,1
device_16_jitter_0010.obj,0.9999608993530273,1
device_16_jitter_0011.obj,0.9999706546465555,1
device_16_jitter_0012.obj,0.9999664227167765,1
device_16_jitter_0013.obj,0.9999710917472839,1
device_16_jitter_0014.obj,0.9999599059422811,1
device_16_jitter_0015.obj,0.9999718070030212,1
device_16_jitter_0016.obj,0.9999707142512003,1
device_16_jitter_0017.obj,0.9999581972757975,1
device_16_jitter_0018.obj,0.9999728600184122,1
device_16_jitter_0019.obj,0.9999500115712484,1
device_16_jitter_0020.obj,0.9999659856160482,1
device_16_jitter_0021.obj,0.9999656677246094,1
device_16_jitter_0022.obj,0.9999606013298035,1
device_16_jitter_0023.obj,0.9999690651893616,1
device_16_jitter_0024.obj,0.9999583760897318,1
device_16_rigid_0000.obj,0.9999746481577555,1
device_16_rigid_0001.obj,0.9999746481577555,1
device_16_rigid_0002.obj,0.9999746481577555,1
device_16_rigid_0003.obj,0.9999746481577555,1
device_16_rigid_0004.obj,0.9999746481577555,1
device_16_rigid_0005.obj,0.9999746481577555,1
device_16_rigid_0006.obj,0.9999746481577555,1
device_16_rigid_0007.obj,0.9999746481577555,1
device_16_rigid_0008.obj,0.9999746481577555,1
device_16_rigid_0009.obj,0.9999746481577555,1
device_16_rigid_0010.obj,0.9999746481577555,1
device_16_rigid_0011.obj,0.9999746481577555,1
device_16_rigid_0012.obj,0.9999746481577555,1
device_16_rigid_0013.obj,0.9999746481577555,1
device_16_rigid_0014.obj,0.9999746481577555,1
device_16_rigid_0015.obj,0.9999746481577555,1
device_16_rigid_0016.obj,0.9999746481577555,1
device_16_rigid_0017.obj,0.9999746481577555,1
device_16_rigid_0018.obj,0.9999746481577555,1
device_16_rigid_0019.obj,0.9999746481577555,1
device_16_rigid_0020.obj,0.9999746481577555,1
device_16_rigid_0021.obj,0.9999746481577555,1
device_16_rigid_0022.obj,0.9999746481577555,1
device_16_rigid_0023.obj,0.9999746481577555,1
device_16_rigid_0024.obj,0.9999746481577555,1
device_16_tetwild_0000.obj,0.999971608320872,1
device_16_tetwild_0001.obj,0.9999706149101257,1
device_16_tetwild_0002.obj,0.999975860118866,1
device_16_tetwild_0003.obj,0.9999608794848124,1
device_16_tetwild_0004.obj,0.9999758005142212,1
device_16_tetwild_0005.obj,0.9999682307243347,1
device_16_tetwild_0006.obj,0.9999706745147705,1
device_16_tetwild_0007.obj,0.9999705155690511,1
device_16_tetwild_0008.obj,0.9999610582987467,1
device_16_tetwild_0009.obj,0.9999397993087769,1
device_16_tetwild_0010.obj,0.9999607801437378,1
device_16_tetwild_0011.obj,0.9999422828356425,1
device_16_tetwild_0012.obj,0.9999715288480123,1
device_16_tetwild_0013.obj,0.9999723037083944,1
device_16_tetwild_0014.obj,0.9999626080195109,1
device_16_tetwild_0015.obj,0.999973992506663,1
device_16_tetwild_0016.obj,0.9999568263689677,1
device_16_tetwild_0017.obj,0.9999680320421854,1
device_16_tetwild_0018.obj,0.9999489784240723,1
device_16_tetwild_0019.obj,0.9999750852584839,1
device_16_tetwild_0020.obj,0.9999655286471049,1
device_16_tetwild_0021.obj,0.9999609788258871,1
device_16_tetwild_0022.obj,0.9999656279881796,1
device_16_tetwild_0023.obj,0.9999712506930033,1
device_16_tetwild_0024.obj,0.9998849431673685,1
device_17_degenerate_0000.obj,0.9999669591585795,1
device_17_degenerate_0001.obj,0.9999669591585795,1
device_17_degenerate_0002.obj,0.9999669591585795,1
device_17_degenerate_0003.obj,0.9999669591585795,1
device_17_degenerate_0004.obj,0.9999669591585795,1
device_17_degenerate_0005.obj,0.9999669591585795,1
device_17_degenerate_0006.obj,0.9999669591585795,1
device_17_degenerate_0007.obj,0.9999669591585795,1
device_17_degenerate_0008.obj,0.9999669591585795,1
device_17_degenerate_0009.obj,0.9999669591585795,1
device_17_degenerate_0010.obj,0.9999669591585795,1
device_17_degenerate_0011.obj,0.9999669591585795,1
device_17_degenerate_0012.obj,0.9999669591585795,1
device_17_degenerate_0013.obj,0.9999669591585795,1
device_17_degenerate_0014.obj,0.9999669591585795,1
device_17_degenerate_0015.obj,0.9999669591585795,1
device_17_degenerate_0016.obj,0.9999669591585795,1
device_17_degenerate_0017.obj,0.9999669591585795,1
device_17_degenerate_0018.obj,0.9999669591585795,1
device_17_degenerate_0019.obj,0.9999669591585795,1
device_17_degenerate_0020.obj,0.9999669591585795,1
device_17_degenerate_0021.obj,0.9999669591585795,1
device_17_degenerate_0022.obj,0.9999669591585795,1
device_17_degenerate_0023.obj,0.9999669591585795,1
device_17_degenerate_0024.obj,0.9999669591585795,1
device_17_disconnected_0000.obj,0.9999669591585795,1
device_17_disconnected_0001.obj,0.9999669591585795,1
device_17_disconnected_0002.obj,0.9999669591585795,1
device_17_disconnected_0003.obj,0.9999669591585795,1
device_17_disconnected_0004.obj,0.9999669591585795,1
device_17_disconnected_0005.obj,0.9999669591585795,1
device_17_disconnected_0006.obj,0.9999669591585795,1
device_17_disconnected_0007.obj,0.9999669591585795,1
device_17_disconnected_0008.obj,0.9999669591585795,1
device_17_disconnected_0009.obj,0.9999669591585795,1
device_17_disconnected_0010.obj,0.9999669591585795,1
device_17_disconnected_0011.obj,0.9999669591585795,1
device_17_disconnected_0012.obj,0.9999669591585795,1
device_17_disconnected_0013.obj,0.9999669591585795,1
device_17_disconnected_0014.obj,0.9999669591585795,1
device_17_disconnected_0015.obj,0.9999669591585795,1
device_17_disconnected_0016.obj,0.9999669591585795,1
device_17_disconnected_0017.obj,0.9999669591585795,1
device_17_disconnected_0018.obj,0.9999669591585795,1
device_17_disconnected_0019.obj,0.9999669591585795,1
device_17_disconnected_0020.obj,0.9999669591585795,1
device_17_disconnected_0021.obj,0.9999669591585795,1
device_17_disconnected_0022.obj,0.9999669591585795,1
device_17_disconnected_0023.obj,0.9999669591585795,1
device_17_disconnected_0024.obj,0.9999669591585795,1
device_17_faceswap_0000.obj,0.9999636809031168,1
device_17_faceswap_0001.obj,0.9999712705612183,1
device_17_faceswap_0002.obj,0.9998599688212076,1
device_17_faceswap_0003.obj,0.9999545613924662,1
device_17_faceswap_0004.obj,0.9949495792388916,1
device_17_faceswap_0005.obj,0.9999618927637736,1
device_17_faceswap_0006.obj,0.9992720683415731,1
device_17_faceswap_0007.obj,0.9999285340309143,1
device_17_faceswap_0008.obj,0.9998623132705688,1
device_17_faceswap_0009.obj,0.9999479055404663,1
device_17_faceswap_0010.obj,0.9999489386876425,1
device_17_faceswap_0011.obj,0.9999465743700663,1
device_17_faceswap_0012.obj,0.9998903671900431,1
device_17_faceswap_0013.obj,0.9998935659726461,1
device_17_faceswap_0014.obj,0.9998896320660909,1
device_17_faceswap_0015.obj,0.9999605019887289,1
device_17_faceswap_0016.obj,0.9997066060702006,1
device_17_faceswap_0017.obj,0.9999539256095886,1
device_17_faceswap_0018.obj,0.9999129970868429,1
device_17_faceswap_0019.obj,0.9999494751294454,1
device_17_faceswap_0020.obj,0.9997554222742716,1
device_17_faceswap_0021.obj,0.9995259443918864,1
device_17_faceswap_0022.obj,0.9997835755348206,1
device_17_faceswap_0023.obj,0.9999333620071411,1
device_17_faceswap_0024.obj,0.9999312957127889,1
device_17_jitter_0000.obj,0.9999349514643351,1
device_17_jitter_0001.obj,0.9999675750732422,1
device_17_jitter_0002.obj,0.9999394416809082,1
device_17_jitter_0003.obj,0.9999529918034872,1
device_17_jitter_0004.obj,0.9999432563781738,1
device_17_jitter_0005.obj,0.9999632040659586,1
device_17_jitter_0006.obj,0.9999745488166809,1
device_17_jitter_0007.obj,0.9999664028485616,1
device_17_jitter_0008.obj,0.9999613563219706,1
device_17_jitter_0009.obj,0.9999648133913676,1
device_17_jitter_0010.obj,0.9999698996543884,1
device_17_jitter_0011.obj,0.9999491373697916,1
device_17_jitter_0012.obj,0.9999703168869019,1
device_17_jitter_0013.obj,0.999965488910675,1
device_17_jitter_0014.obj,0.9999663432439169,1
device_17_jitter_0015.obj,0.9999595880508423,1
device_17_jitter_0016.obj,0.999948521455129,1
device_17_jitter_0017.obj,0.9999366203943888,1
device_17_jitter_0018.obj,0.9999407132466634,1
device_17_jitter_0019.obj,0.9999660849571228,1
device_17_jitter_0020.obj,0.9999684492746989,1
device_17_jitter_0021.obj,0.999943753083547,1
device_17_jitter_0022.obj,0.9999591906865438,1
device_17_jitter_0023.obj,0.9999198317527771,1
device_17_jitter_0024.obj,0.9999589920043945,1
device_17_rigid_0000.obj,0.9999669591585795,1
device_17_rigid_0001.obj,0.9999669591585795,1
device_17_rigid_0002.obj,0.9999669591585795,1
device_17_rigid_0003.obj,0.9999669591585795,1
device_17_rigid_0004.obj,0.9999669591585795,1
device_17_rigid_0005.obj,0.9999669591585795,1
device_17_rigid_0006.obj,0.9999669591585795,1
device_17_rigid_0007.obj,0.9999669591585795,1
device_17_rigid_0008.obj,0.9999669591585795,1
device_17_rigid_0009.obj,0.9999669591585795,1
device_17_rigid_0010.obj,0.9999669591585795,1
device_17_rigid_0011.obj,0.9999669591585795,1
device_17_rigid_0012.obj,0.9999669591585795,1
device_17_rigid_0013.obj,0.9999669591585795,1
device_17_rigid_0014.obj,0.9999669591585795,1
device_17_rigid_0015.obj,0.9999669591585795,1
device_17_rigid_0016.obj,0.9999669591585795,1
device_17_rigid_0017.obj,0.9999669591585795,1
device_17_rigid_0018.obj,0.9999669591585795,1
device_17_rigid_0019.obj,0.9999669591585795,1
device_17_rigid_0020.obj,0.9999669591585795,1
device_17_rigid_0021.obj,0.9999669591585795,1
device_17_rigid_0022.obj,0.9999669591585795,1
device_17_rigid_0023.obj,0.9999669591585795,1
device_17_rigid_0024.obj,0.9999669591585795,1
device_17_tetwild_0000.obj,0.9998947580655416,1
device_17_tetwild_0001.obj,0.9999527533849081,1
device_17_tetwild_0002.obj,0.9999584555625916,1
device_17_tetwild_0003.obj,0.999936044216156,1
device_17_tetwild_0004.obj,0.9996011654535929,1
device_17_tetwild_0005.obj,0.9989232420921326,1
device_17_tetwild_0007.obj,0.9999080499013265,1
device_17_tetwild_0008.obj,0.9999011158943176,1
device_17_tetwild_0009.obj,0.9998575448989868,1
device_17_tetwild_0010.obj,0.9999588131904602,1
device_17_tetwild_0011.obj,0.9999580184618632,1
device_17_tetwild_0012.obj,0.9996033708254496,1
device_17_tetwild_0013.obj,0.9999342759450277,1
device_17_tetwild_0014.obj,0.9999526341756185,1
device_17_tetwild_0015.obj,0.9998990893363953,1
device_17_tetwild_0016.obj,0.9999326467514038,1
device_17_tetwild_0017.obj,0.9998902479807535,1
device_17_tetwild_0018.obj,0.9999427795410156,1
device_17_tetwild_0019.obj,0.9999437729517618,1
device_17_tetwild_0020.obj,0.9999097585678101,1
device_17_tetwild_0021.obj,0.9999507069587708,1
device_17_tetwild_0022.obj,0.9999462962150574,1
device_17_tetwild_0023.obj,0.9999243418375651,1
device_17_tetwild_0024.obj,0.9999664624532064,1
device_18_degenerate_0000.obj,0.9984423716862997,1
device_18_degenerate_0001.obj,0.9984423716862997,1
device_18_degenerate_0002.obj,0.9984423716862997,1
device_18_degenerate_0003.obj,0.9984423716862997,1
device_18_degenerate_0004.obj,0.9984423716862997,1
device_18_degenerate_0005.obj,0.9984423716862997,1
device_18_degenerate_0006.obj,0.9984423716862997,1
device_18_degenerate_0007.obj,0.9984423716862997,1
device_18_degenerate_0008.obj,0.9984423716862997,1
device_18_degenerate_0009.obj,0.9984423716862997,1
device_18_degenerate_0010.obj,0.9984423716862997,1
device_18_degenerate_0011.obj,0.9984423716862997,1
device_18_degenerate_0012.obj,0.9984423716862997,1
device_18_degenerate_0013.obj,0.9984423716862997,1
device_18_degenerate_0014.obj,0.9984423716862997,1
device_18_degenerate_0015.obj,0.9984423716862997,1
device_18_degenerate_0016.obj,0.9984423716862997,1
device_18_degenerate_0017.obj,0.9984423716862997,1
device_18_degenerate_0018.obj,0.9984423716862997,1
device_18_degenerate_0019.obj,0.9984423716862997,1
device_18_degenerate_0020.obj,0.9984423716862997,1
device_18_degenerate_0021.obj,0.9984423716862997,1
device_18_degenerate_0022.obj,0.9984423716862997,1
device_18_degenerate_0023.obj,0.9984423716862997,1
device_18_degenerate_0024.obj,0.9984423716862997,1
device_18_disconnected_0000.obj,0.9984423716862997,1
device_18_disconnected_0001.obj,0.9984423716862997,1
device_18_disconnected_0002.obj,0.9984423716862997,1
device_18_disconnected_0003.obj,0.9984423716862997,1
device_18_disconnected_0004.obj,0.9984423716862997,1
device_18_disconnected_0005.obj,0.9984423716862997,1
device_18_disconnected_0006.obj,0.9984423716862997,1
device_18_disconnected_0007.obj,0.9984423716862997,1
device_18_disconnected_0008.obj,0.9984423716862997,1
device_18_disconnected_0009.obj,0.9984423716862997,1
device_18_disconnected_0010.obj,0.9984423716862997,1
device_18_disconnected_0011.obj,0.9984423716862997,1
device_18_disconnected_0012.obj,0.9984423716862997,1
device_18_disconnected_0013.obj,0.9984423716862997,1
device_18_disconnected_0014.obj,0.9984423716862997,1
device_18_disconnected_0015.obj,0.9984423716862997,1
device_18_disconnected_0016.obj,0.9984423716862997,1
device_18_disconnected_0017.obj,0.9984423716862997,1
device_18_disconnected_0018.obj,0.9984423716862997,1
device_18_disconnected_0019.obj,0.9984423716862997,1
device_18_disconnected_0020.obj,0.9984423716862997,1
device_18_disconnected_0021.obj,0.9984423716862997,1
device_18_disconnected_0022.obj,0.9984423716862997,1
device_18_disconnected_0023.obj,0.9984423716862997,1
device_18_disconnected_0024.obj,0.9984423716862997,1
device_18_faceswap_0000.obj,0.9969369173049927,1
device_18_faceswap_0001.obj,0.9977605938911438,1
device_18_faceswap_0002.obj,0.9967220425605774,1
device_18_faceswap_0003.obj,0.9929853081703186,1
device_18_faceswap_0004.obj,0.995703121026357,1
device_18_faceswap_0005.obj,0.9984256625175476,1
device_18_faceswap_0006.obj,0.9965664148330688,1
device_18_faceswap_0007.obj,0.9974514245986938,1
device_18_faceswap_0008.obj,0.9980536301930746,1
device_18_faceswap_0009.obj,0.9979947408040365,1
device_18_faceswap_0010.obj,0.9960023760795593,1
device_18_faceswap_0011.obj,0.9973553617795309,1
device_18_faceswap_0012.obj,0.9712928930918375,1
device_18_faceswap_0013.obj,0.9957131147384644,1
device_18_faceswap_0014.obj,0.9159700274467468,1
device_18_faceswap_0015.obj,0.9942479332288107,1
device_18_faceswap_0016.obj,0.9989125728607178,1
device_18_faceswap_0017.obj,0.996681829293569,1
device_18_faceswap_0018.obj,0.9976608753204346,1
device_18_faceswap_0019.obj,0.997516949971517,1
device_18_faceswap_0020.obj,0.9980496168136597,1
device_18_faceswap_0021.obj,0.9884021083513895,1
device_18_faceswap_0022.obj,0.9971074263254801,1
device_18_faceswap_0023.obj,0.9906459053357443,1
device_18_faceswap_0024.obj,0.9952149391174316,1
device_18_jitter_0000.obj,0.9985307653745016,1
device_18_jitter_0001.obj,0.9954086343447367,1
device_18_jitter_0002.obj,0.9988829692204794,1
device_18_jitter_0003.obj,0.9987833897272745,1
device_18_jitter_0004.obj,0.996617833773295,1
device_18_jitter_0005.obj,0.9960412184397379,1
device_18_jitter_0006.obj,0.9966702858606974,1
device_18_jitter_0007.obj,0.9932681719462076,1
device_18_jitter_0008.obj,0.9958725372950236,1
device_18_jitter_0009.obj,0.9989121158917745,1
device_18_jitter_0010.obj,0.9969402750333151,1
device_18_jitter_0011.obj,0.9987484018007914,1
device_18_jitter_0012.obj,0.99846484263738,1
device_18_jitter_0013.obj,0.9971076250076294,1
device_18_jitter_0014.obj,0.9986774921417236,1
device_18_jitter_0015.obj,0.9968481461207072,1
device_18_jitter_0016.obj,0.9982531865437826,1
device_18_jitter_0017.obj,0.9943525791168213,1
device_18_jitter_0018.obj,0.9966476559638977,1
device_18_jitter_0019.obj,0.9974333047866821,1
device_18_jitter_0020.obj,0.9975030620892843,1
device_18_jitter_0021.obj,0.997125526269277,1
device_18_jitter_0022.obj,0.9976134300231934,1
device_18_jitter_0023.obj,0.9965346455574036,1
device_18_jitter_0024.obj,0.9981124401092529,1
device_18_rigid_0000.obj,0.9984423716862997,1
device_18_rigid_0001.obj,0.9984423716862997,1
device_18_rigid_0002.obj,0.9984423716862997,1
device_18_rigid_0003.obj,0.9984423716862997,1
device_18_rigid_0004.obj,0.9984423716862997,1
device_18_rigid_0005.obj,0.9984423716862997,1
device_18_rigid_0006.obj,0.9984423716862997,1
device_18_rigid_0007.obj,0.9984423716862997,1
device_18_rigid_0008.obj,0.9984423716862997,1
device_18_rigid_0009.obj,0.9984423716862997,1
device_18_rigid_0010.obj,0.9984423716862997,1
device_18_rigid_0011.obj,0.9984423716862997,1
device_18_rigid_0012.obj,0.9984423716862997,1
device_18_rigid_0013.obj,0.9984423716862997,1
device_18_rigid_0014.obj,0.9984423716862997,1
device_18_rigid_0015.obj,0.9984423716862997,1
device_18_rigid_0016.obj,0.9984423716862997,1
device_18_rigid_0017.obj,0.9984423716862997,1
device_18_rigid_0018.obj,0.9984423716862997,1
device_18_rigid_0019.obj,0.9984423716862997,1
device_18_rigid_0020.obj,0.9984423716862997,1
device_18_rigid_0021.obj,0.9984423716862997,1
device_18_rigid_0022.obj,0.9984423716862997,1
device_18_rigid_0023.obj,0.9984423716862997,1
device_18_rigid_0024.obj,0.9984423716862997,1
device_18_tetwild_0000.obj,0.9832684795061747,1
device_18_tetwild_0001.obj,0.9981614748636881,1
device_18_tetwild_0002.obj,0.9960132439931234,1
device_18_tetwild_0003.obj,0.9983157515525818,1
device_18_tetwild_0004.obj,0.9993610978126526,1
device_18_tetwild_0005.obj,0.999703566233317,1
device_18_tetwild_0006.obj,0.998607337474823,1
device_18_tetwild_0007.obj,0.9991779724756876,1
device_18_tetwild_0008.obj,0.9988228877385458,1
device_18_tetwild_0009.obj,0.99927818775177,1
device_18_tetwild_0010.obj,0.9992367029190063,1
device_18_tetwild_0011.obj,0.9989975293477377,1
device_18_tetwild_0012.obj,0.9949644009272257,1
device_18_tetwild_0013.obj,0.9981626272201538,1
device_18_tetwild_0014.obj,0.9997344613075256,1
device_18_tetwild_0015.obj,0.9421721498171488,1
device_18_tetwild_0016.obj,0.999444584051768,1
device_18_tetwild_0017.obj,0.9993921915690104,1
device_18_tetwild_0018.obj,0.998642365137736,1
device_18_tetwild_0019.obj,0.9990066885948181,1
device_18_tetwild_0020.obj,0.9932895104090372,1
device_18_tetwild_0021.obj,0.933331032594045,1
device_18_tetwild_0022.obj,0.9112622340520223,1
device_18_tetwild_0023.obj,0.9995952447255453,1
device_18_tetwild_0024.obj,0.9978896776835123,1
device_19_degenerate_0000.obj,0.9999017119407654,1
device_19_degenerate_0001.obj,0.9999017119407654,1
device_19_degenerate_0002.obj,0.9999017119407654,1
device_19_degenerate_0003.obj,0.9999017119407654,1
device_19_degenerate_0004.obj,0.9999017119407654,1
device_19_degenerate_0005.obj,0.9999017119407654,1
device_19_degenerate_0006.obj,0.9999017119407654,1
device_19_degenerate_0007.obj,0.9999017119407654,1
device_19_degenerate_0008.obj,0.9999017119407654,1
device_19_degenerate_0009.obj,0.9999017119407654,1
device_19_degenerate_0010.obj,0.9999017119407654,1
device_19_degenerate_0011.obj,0.9999017119407654,1
device_19_degenerate_0012.obj,0.9999017119407654,1
device_19_degenerate_0013.obj,0.9999017119407654,1
device_19_degenerate_0014.obj,0.9999017119407654,1
device_19_degenerate_0015.obj,0.9999017119407654,1
device_19_degenerate_0016.obj,0.9999017119407654,1
device_19_degenerate_0017.obj,0.9999017119407654,1
device_19_degenerate_0018.obj,0.9999017119407654,1
device_19_degenerate_0019.obj,0.9999017119407654,1
device_19_degenerate_0020.obj,0.9999017119407654,1
device_19_degenerate_0021.obj,0.9999017119407654,1
device_19_degenerate_0022.obj,0.9999017119407654,1
device_19_degenerate_0023.obj,0.9999017119407654,1
device_19_degenerate_0024.obj,0.9999017119407654,1
device_19_disconnected_0000.obj,0.9999017119407654,1
device_19_disconnected_0001.obj,0.9999017119407654,1
device_19_disconnected_0002.obj,0.9999017119407654,1
device_19_disconnected_0003.obj,0.9999017119407654,1
device_19_disconnected_0004.obj,0.9999017119407654,1
device_19_disconnected_0005.obj,0.9999017119407654,1
device_19_disconnected_0006.obj,0.9999017119407654,1
device_19_disconnected_0007.obj,0.9999017119407654,1
device_19_disconnected_0008.obj,0.9999017119407654,1
device_19_disconnected_0009.obj,0.9999017119407654,1
device_19_disconnected_0010.obj,0.9999017119407654,1
device_19_disconnected_0011.obj,0.9999017119407654,1
device_19_disconnected_0012.obj,0.9999017119407654,1
device_19_disconnected_0013.obj,0.9999017119407654,1
device_19_disconnected_0014.obj,0.9999017119407654,1
device_19_disconnected_0015.obj,0.9999017119407654,1
device_19_disconnected_0016.obj,0.9999017119407654,1
device_19_disconnected_0017.obj,0.9999017119407654,1
device_19_disconnected_0018.obj,0.9999017119407654,1
device_19_disconnected_0019.obj,0.9999017119407654,1
device_19_disconnected_0020.obj,0.9999017119407654,1
device_19_disconnected_0021.obj,0.9999017119407654,1
device_19_disconnected_0022.obj,0.9999017119407654,1
device_19_disconnected_0023.obj,0.9999017119407654,1
device_19_disconnected_0024.obj,0.9999017119407654,1
device_19_faceswap_0000.obj,0.9986674388249716,1
device_19_faceswap_0001.obj,0.9992846250534058,1
device_19_faceswap_0002.obj,0.9995934168497721,1
device_19_faceswap_0003.obj,0.9998893539110819,1
device_19_faceswap_0004.obj,0.9989368915557861,1
device_19_faceswap_0005.obj,0.9978152910868326,1
device_19_faceswap_0006.obj,0.9990687370300293,1
device_19_faceswap_0007.obj,0.9955468575159708,1
device_19_faceswap_0008.obj,0.9998814860979716,1
device_19_faceswap_0009.obj,0.6890971759955088,1
device_19_faceswap_0010.obj,0.9979413151741028,1
device_19_faceswap_0011.obj,0.9997208714485168,1
device_19_faceswap_0012.obj,0.9983211358388265,1
device_19_faceswap_0013.obj,0.9995646675427755,1
device_19_faceswap_0014.obj,0.9963786403338114,1
device_19_faceswap_0015.obj,0.9991471767425537,1
device_19_faceswap_0016.obj,0.9998701413472494,1
device_19_faceswap_0017.obj,0.9990287025769552,1
device_19_faceswap_0018.obj,0.9918952981630961,1
device_19_faceswap_0019.obj,0.9997621377309164,1
device_19_faceswap_0020.obj,0.9984287222226461,1
device_19_faceswap_0021.obj,0.9991146723429362,1
device_19_faceswap_0022.obj,0.3717588931322098,1
device_19_faceswap_0023.obj,0.9983451962471008,1
device_19_faceswap_0024.obj,0.9999238053957621,1
device_19_jitter_0000.obj,0.999911348025004,1
device_19_jitter_0001.obj,0.9994522134462992,1
device_19_jitter_0002.obj,0.999535342057546,1
device_19_jitter_0003.obj,0.9998724261919657,1
device_19_jitter_0004.obj,0.999874214331309,1
device_19_jitter_0005.obj,0.9998955130577087,1
device_19_jitter_0006.obj,0.9996522466341654,1
device_19_jitter_0007.obj,0.9993471304575602,1
device_19_jitter_0008.obj,0.9998674988746643,1
device_19_jitter_0009.obj,0.9996951023737589,1
device_19_jitter_0010.obj,0.9998595317204794,1
device_19_jitter_0011.obj,0.9997488061587015,1
device_19_jitter_0012.obj,0.9995726744333903,1
device_19_jitter_0013.obj,0.999877134958903,1
device_19_jitter_0014.obj,0.9999527732531229,1
device_19_jitter_0015.obj,0.9998919367790222,1
device_19_jitter_0016.obj,0.9998448689778646,1
device_19_jitter_0017.obj,0.9999039173126221,1
device_19_jitter_0018.obj,0.9999162356058756,1
device_19_jitter_0019.obj,0.9998521606127421,1
device_19_jitter_0020.obj,0.9983841379483541,1
device_19_jitter_0021.obj,0.9997978806495667,1
device_19_jitter_0022.obj,0.9999081889788309,1
device_19_jitter_0023.obj,0.9998820424079895,1
device_19_jitter_0024.obj,0.9987067381540934,1
device_19_rigid_0000.obj,0.9999017119407654,1
device_19_rigid_0001.obj,0.9999017119407654,1
device_19_rigid_0002.obj,0.9999017119407654,1
device_19_rigid_0003.obj,0.9999017119407654,1
device_19_rigid_0004.obj,0.9999017119407654,1
device_19_rigid_0005.obj,0.9999017119407654,1
device_19_rigid_0006.obj,0.9999017119407654,1
device_19_rigid_0007.obj,0.9999017119407654,1
device_19_rigid_0008.obj,0.9999017119407654,1
device_19_rigid_0009.obj,0.9999017119407654,1
device_19_rigid_0010.obj,0.9999017119407654,1
device_19_rigid_0011.obj,0.9999017119407654,1
device_19_rigid_0012.obj,0.9999017119407654,1
device_19_rigid_0013.obj,0.9999017119407654,1
device_19_rigid_0014.obj,0.9999017119407654,1
device_19_rigid_0015.obj,0.9999017119407654,1
device_19_rigid_0016.obj,0.9999017119407654,1
device_19_rigid_0017.obj,0.9999017119407654,1
device_19_rigid_0018.obj,0.9999017119407654,1
device_19_rigid_0019.obj,0.9999017119407654,1
device_19_rigid_0020.obj,0.9999017119407654,1
device_19_rigid_0021.obj,0.9999017119407654,1
device_19_rigid_0022.obj,0.9999017119407654,1
device_19_rigid_0023.obj,0.9999017119407654,1
device_19_rigid_0024.obj,0.9999017119407654,1
device_19_tetwild_0000.obj,0.9994472662607828,1
device_19_tetwild_0001.obj,0.9910919666290283,1
device_19_tetwild_0002.obj,0.9993419448534647,1
device_19_tetwild_0003.obj,0.9982827305793762,1
device_19_tetwild_0004.obj,0.9997555812199911,1
device_19_tetwild_0005.obj,0.9993644952774048,1
device_19_tetwild_0006.obj,0.9994033773740133,1
device_19_tetwild_0007.obj,0.9966428279876709,1
device_19_tetwild_0008.obj,0.9965457916259766,1
device_19_tetwild_0009.obj,0.999512771765391,1
device_19_tetwild_0010.obj,0.999489426612854,1
device_19_tetwild_0011.obj,0.9995577136675516,1
device_19_tetwild_0012.obj,0.999004582564036,1
device_19_tetwild_0013.obj,0.9993046919504801,1
device_19_tetwild_0014.obj,0.999562680721283,1
device_19_tetwild_0015.obj,0.9997329314549764,1
device_19_tetwild_0016.obj,0.9991956154505411,1
device_19_tetwild_0017.obj,0.9968505501747131,1
device_19_tetwild_0018.obj,0.9886624813079834,1
device_19_tetwild_0019.obj,0.88653697570165,1
device_19_tetwild_0020.obj,0.99958868821462,1
device_19_tetwild_0021.obj,0.9990889430046082,1
device_19_tetwild_0022.obj,0.9980847835540771,1
device_19_tetwild_0023.obj,0.9997857014338175,1
device_19_tetwild_0024.obj,0.999455471833547,1
device_20_degenerate_0000.obj,0.9996644655863444,1
device_20_degenerate_0001.obj,0.9996644655863444,1
device_20_degenerate_0002.obj,0.9996644655863444,1
device_20_degenerate_0003.obj,0.9996644655863444,1
device_20_degenerate_0004.obj,0.9996644655863444,1
device_20_degenerate_0005.obj,0.9996644655863444,1
device_20_degenerate_0006.obj,0.9996644655863444,1
device_20_degenerate_0007.obj,0.9996644655863444,1
device_20_degenerate_0008.obj,0.9996644655863444,1
device_20_degenerate_0009.obj,0.9996644655863444,1
device_20_degenerate_0010.obj,0.9996644655863444,1
device_20_degenerate_0011.obj,0.9996644655863444,1
device_20_degenerate_0012.obj,0.9996644655863444,1
device_20_degenerate_0013.obj,0.9996644655863444,1
device_20_degenerate_0014.obj,0.9996644655863444,1
device_20_degenerate_0015.obj,0.9996644655863444,1
device_20_degenerate_0016.obj,0.9996644655863444,1
device_20_degenerate_0017.obj,0.9996644655863444,1
device_20_degenerate_0018.obj,0.9996644655863444,1
device_20_degenerate_0019.obj,0.9996644655863444,1
device_20_degenerate_0020.obj,0.9996644655863444,1
device_20_degenerate_0021.obj,0.9996644655863444,1
device_20_degenerate_0022.obj,0.9996644655863444,1
device_20_degenerate_0023.obj,0.9996644655863444,1
device_20_degenerate_0024.obj,0.9996644655863444,1
device_20_disconnected_0000.obj,0.9996644655863444,1
device_20_disconnected_0001.obj,0.9996644655863444,1
device_20_disconnected_0002.obj,0.9996644655863444,1
device_20_disconnected_0003.obj,0.9996644655863444,1
device_20_disconnected_0004.obj,0.9996644655863444,1
device_20_disconnected_0005.obj,0.9996644655863444,1
device_20_disconnected_0006.obj,0.9996644655863444,1
device_20_disconnected_0007.obj,0.9996644655863444,1
device_20_disconnected_0008.obj,0.9996644655863444,1
device_20_disconnected_0009.obj,0.9996644655863444,1
device_20_disconnected_0010.obj,0.9996644655863444,1
device_20_disconnected_0011.obj,0.9996644655863444,1
device_20_disconnected_0012.obj,0.9996644655863444,1
device_20_disconnected_0013.obj,0.9996644655863444,1
device_20_disconnected_0014.obj,0.9996644655863444,1
device_20_disconnected_0015.obj,0.9996644655863444,1
device_20_disconnected_0016.obj,0.9996644655863444,1
device_20_disconnected_0017.obj,0.9996644655863444,1
device_20_disconnected_0018.obj,0.9996644655863444,1
device_20_disconnected_0019.obj,0.9996644655863444,1
device_20_disconnected_0020.obj,0.9996644655863444,1
device_20_disconnected_0021.obj,0.9996644655863444,1
device_20_disconnected_0022.obj,0.9996644655863444,1
device_20_disconnected_0023.obj,0.9996644655863444,1
device_20_disconnected_0024.obj,0.9996644655863444,1
device_20_faceswap_0000.obj,0.9998749295870463,1
device_20_faceswap_0001.obj,0.9998436371485392,1
device_20_faceswap_0002.obj,0.9997930328051249,1
device_20_faceswap_0003.obj,0.9998467564582825,1
device_20_faceswap_0004.obj,0.9998842279116312,1
device_20_faceswap_0005.obj,0.9999092221260071,1
device_20_faceswap_0006.obj,0.9999064008394877,1
device_20_faceswap_0007.obj,0.9997061491012573,1
device_20_faceswap_0008.obj,0.9998048146565756,1
device_20_faceswap_0009.obj,0.9997274279594421,1
device_20_faceswap_0010.obj,0.9924958546956381,1
device_20_faceswap_0011.obj,0.9998922149340311,1
device_20_faceswap_0012.obj,0.9998987317085266,1
device_20_faceswap_0013.obj,0.9996372660001119,1
device_20_faceswap_0014.obj,0.9998501737912496,1
device_20_faceswap_0015.obj,0.999837597211202,1
device_20_faceswap_0016.obj,0.9998803536097208,1
device_20_faceswap_0017.obj,0.9998289346694946,1
device_20_faceswap_0018.obj,0.999279240767161,1
device_20_faceswap_0019.obj,0.9998944799105326,1
device_20_faceswap_0020.obj,0.9992414712905884,1
device_20_faceswap_0021.obj,0.9990020195643107,1
device_20_faceswap_0022.obj,0.9997421105702718,1
device_20_faceswap_0023.obj,0.9998032450675964,1
device_20_faceswap_0024.obj,0.9998976786931356,1
device_20_jitter_0000.obj,0.9997219244639078,1
device_20_jitter_0001.obj,0.9998491406440735,1
device_20_jitter_0002.obj,0.9998961091041565,1
device_20_jitter_0003.obj,0.9995124936103821,1
device_20_jitter_0004.obj,0.9994936386744181,1
device_20_jitter_0005.obj,0.9997275869051615,1
device_20_jitter_0006.obj,0.9998513460159302,1
device_20_jitter_0007.obj,0.9997881054878235,1
device_20_jitter_0008.obj,0.9995289444923401,1
device_20_jitter_0009.obj,0.9999139904975891,1
device_20_jitter_0010.obj,0.9995991985003153,1
device_20_jitter_0011.obj,0.9995595415433248,1
device_20_jitter_0012.obj,0.9995717207590739,1
device_20_jitter_0013.obj,0.9993041356404623,1
device_20_jitter_0014.obj,0.9998616377512614,1
device_20_jitter_0015.obj,0.9997173150380453,1
device_20_jitter_0016.obj,0.9998907446861267,1
device_20_jitter_0017.obj,0.9998674790064493,1
device_20_jitter_0018.obj,0.9999232292175293,1
device_20_jitter_0019.obj,0.9998705784479777,1
device_20_jitter_0020.obj,0.9995507597923279,1
device_20_jitter_0021.obj,0.9991113940874735,1
device_20_jitter_0022.obj,0.9999012351036072,1
device_20_jitter_0023.obj,0.9998627702395121,1
device_20_jitter_0024.obj,0.9998381932576498,1
device_20_rigid_0000.obj,0.9996644655863444,1
device_20_rigid_0001.obj,0.9996644655863444,1
device_20_rigid_0002.obj,0.9996644655863444,1
device_20_rigid_0003.obj,0.9996644655863444,1
device_20_rigid_0004.obj,0.9996644655863444,1
device_20_rigid_0005.obj,0.9996644655863444,1
device_20_rigid_0006.obj,0.9996644655863444,1
device_20_rigid_0007.obj,0.9996644655863444,1
device_20_rigid_0008.obj,0.9996644655863444,1
device_20_rigid_0009.obj,0.9996644655863444,1
device_20_rigid_0010.obj,0.9996644655863444,1
device_20_rigid_0011.obj,0.9996644655863444,1
device_20_rigid_0012.obj,0.9996644655863444,1
device_20_rigid_0013.obj,0.9996644655863444,1
device_20_rigid_0014.obj,0.9996644655863444,1
device_20_rigid_0015.obj,0.9996644655863444,1
device_20_rigid_0016.obj,0.9996644655863444,1
device_20_rigid_0017.obj,0.9996644655863444,1
device_20_rigid_0018.obj,0.9996644655863444,1
device_20_rigid_0019.obj,0.9996644655863444,1
device_20_rigid_0020.obj,0.9996644655863444,1
device_20_rigid_0021.obj,0.9996644655863444,1
device_20_rigid_0022.obj,0.9996644655863444,1
device_20_rigid_0023.obj,0.9996644655863444,1
device_20_rigid_0024.obj,0.9996644655863444,1
device_20_tetwild_0000.obj,0.9480365514755249,1
device_20_tetwild_0001.obj,0.999564528465271,1
device_20_tetwild_0002.obj,0.9994767308235168,1
device_20_tetwild_0003.obj,0.999049186706543,1
device_20_tetwild_0004.obj,0.9986898501714071,1
device_20_tetwild_0005.obj,0.9996105035146078,1
device_20_tetwild_0006.obj,0.9966875712076823,1
device_20_tetwild_0007.obj,0.9985392093658447,1
device_20_tetwild_0008.obj,0.9997097452481588,1
device_20_tetwild_0009.obj,0.9205734928448995,1
device_20_tetwild_0010.obj,0.9997798204421997,1
device_20_tetwild_0011.obj,0.9986733595530192,1
device_20_tetwild_0012.obj,0.9973454276720682,1
device_20_tetwild_0014.obj,0.9390881260236105,1
device_20_tetwild_0015.obj,0.9983714620272318,1
device_20_tetwild_0016.obj,0.9995744824409485,1
device_20_tetwild_0017.obj,0.8535493810971578,1
device_20_tetwild_0018.obj,0.9992582400639852,1
device_20_tetwild_0019.obj,0.995984673500061,1
device_20_tetwild_0020.obj,0.9380574425061544,1
device_20_tetwild_0021.obj,0.995459794998169,1
device_20_tetwild_0022.obj,0.9989734490712484,1
device_20_tetwild_0023.obj,0.9995304147402445,1
device_20_tetwild_0024.obj,0.9991421699523926,1
device_21_degenerate_0000.obj,0.9999642372131348,1
device_21_degenerate_0001.obj,0.9999642372131348,1
device_21_degenerate_0002.obj,0.9999642372131348,1
device_21_degenerate_0003.obj,0.9999642372131348,1
device_21_degenerate_0004.obj,0.9999642372131348,1
device_21_degenerate_0005.obj,0.9999642372131348,1
device_21_degenerate_0006.obj,0.9999642372131348,1
device_21_degenerate_0007.obj,0.9999642372131348,1
device_21_degenerate_0008.obj,0.9999642372131348,1
device_21_degenerate_0009.obj,0.9999642372131348,1
device_21_degenerate_0010.obj,0.9999642372131348,1
device_21_degenerate_0011.obj,0.9999642372131348,1
device_21_degenerate_0012.obj,0.9999642372131348,1
device_21_degenerate_0013.obj,0.9999642372131348,1
device_21_degenerate_0014.obj,0.9999642372131348,1
device_21_degenerate_0015.obj,0.9999642372131348,1
device_21_degenerate_0016.obj,0.9999642372131348,1
device_21_degenerate_0017.obj,0.9999642372131348,1
device_21_degenerate_0018.obj,0.9999642372131348,1
device_21_degenerate_0019.obj,0.9999642372131348,1
device_21_degenerate_0020.obj,0.9999642372131348,1
device_21_degenerate_0021.obj,0.9999642372131348,1
device_21_degenerate_0022.obj,0.9999642372131348,1
device_21_degenerate_0023.obj,0.9999642372131348,1
device_21_degenerate_0024.obj,0.9999642372131348,1
device_21_disconnected_0000.obj,0.9999642372131348,1
device_21_disconnected_0001.obj,0.9999642372131348,1
device_21_disconnected_0002.obj,0.9999642372131348,1
device_21_disconnected_0003.obj,0.9999642372131348,1
device_21_disconnected_0004.obj,0.9999642372131348,1
device_21_disconnected_0005.obj,0.9999642372131348,1
device_21_disconnected_0006.obj,0.9999642372131348,1
device_21_disconnected_0007.obj,0.9999642372131348,1
device_21_disconnected_0008.obj,0.9999642372131348,1
device_21_disconnected_0009.obj,0.9999642372131348,1
device_21_disconnected_0010.obj,0.9999642372131348,1
device_21_disconnected_0011.obj,0.9999642372131348,1
device_21_disconnected_0012.obj,0.9999642372131348,1
device_21_disconnected_0013.obj,0.9999642372131348,1
device_21_disconnected_0014.obj,0.9999642372131348,1
device_21_disconnected_0015.obj,0.9999642372131348,1
device_21_disconnected_0016.obj,0.9999642372131348,1
device_21_disconnected_0017.obj,0.9999642372131348,1
device_21_disconnected_0018.obj,0.9999642372131348,1
device_21_disconnected_0019.obj,0.9999642372131348,1
device_21_disconnected_0020.obj,0.9999642372131348,1
device_21_disconnected_0021.obj,0.9999642372131348,1
device_21_disconnected_0022.obj,0.9999642372131348,1
device_21_disconnected_0023.obj,0.9999642372131348,1
device_21_disconnected_0024.obj,0.9999642372131348,1
device_21_faceswap_0000.obj,0.9999545812606812,1
device_21_faceswap_0001.obj,0.9999527136484782,1
device_21_faceswap_0002.obj,0.9999657273292542,1
device_21_faceswap_0003.obj,0.9999135533968607,1
device_21_faceswap_0004.obj,0.999941865603129,1
device_21_faceswap_0005.obj,0.9999631841977438,1
device_21_faceswap_0006.obj,0.9999273220698038,1
device_21_faceswap_0007.obj,0.9998772144317627,1
device_21_faceswap_0008.obj,0.9999580780665079,1
device_21_faceswap_0009.obj,0.9999168912569681,1
device_21_faceswap_0010.obj,0.9999618132909139,1
device_21_faceswap_0011.obj,0.9999321500460306,1
device_21_faceswap_0012.obj,0.9999003012975057,1
device_21_faceswap_0013.obj,0.9999537070592245,1
device_21_faceswap_0014.obj,0.9998976588249207,1
device_21_faceswap_0015.obj,0.999662180741628,1
device_21_faceswap_0016.obj,0.9999669988950094,1
device_21_faceswap_0017.obj,0.9998799761136373,1
device_21_faceswap_0018.obj,0.9999800523122152,1
device_21_faceswap_0019.obj,0.9997480710347494,1
device_21_faceswap_0020.obj,0.9998754461606344,1
device_21_faceswap_0021.obj,0.9999675353368124,1
device_21_faceswap_0022.obj,0.9999646743138632,1
device_21_faceswap_0023.obj,0.9999621113141378,1
device_21_faceswap_0024.obj,0.999965767065684,1
device_21_jitter_0000.obj,0.999863068262736,1
device_21_jitter_0001.obj,0.9998956720034281,1
device_21_jitter_0002.obj,0.9998617172241211,1
device_21_jitter_0003.obj,0.9999421040217081,1
device_21_jitter_0004.obj,0.9999148646990458,1
device_21_jitter_0005.obj,0.9999311963717142,1
device_21_jitter_0006.obj,0.999491274356842,1
device_21_jitter_0007.obj,0.9998966058095297,1
device_21_jitter_0008.obj,0.9998289346694946,1
device_21_jitter_0009.obj,0.9998273253440857,1
device_21_jitter_0010.obj,0.9998888174692789,1
device_21_jitter_0011.obj,0.9998497565587362,1
device_21_jitter_0012.obj,0.9998172918955485,1
device_21_jitter_0013.obj,0.9998670220375061,1
device_21_jitter_0014.obj,0.9997439384460449,1
device_21_jitter_0015.obj,0.9998514850934347,1
device_21_jitter_0016.obj,0.999832034111023,1
device_21_jitter_0017.obj,0.9999070962270101,1
device_21_jitter_0018.obj,0.9998877048492432,1
device_21_jitter_0019.obj,0.99992303053538,1
device_21_jitter_0020.obj,0.9999097983042399,1
device_21_jitter_0021.obj,0.9999014735221863,1
device_21_jitter_0022.obj,0.9998542865117391,1
device_21_jitter_0023.obj,0.9997920989990234,1
device_21_jitter_0024.obj,0.9998188813527426,1
device_21_rigid_0000.obj,0.9999642372131348,1
device_21_rigid_0001.obj,0.9999642372131348,1
device_21_rigid_0002.obj,0.9999642372131348,1
device_21_rigid_0003.obj,0.9999642372131348,1
device_21_rigid_0004.obj,0.9999642372131348,1
device_21_rigid_0005.obj,0.9999642372131348,1
device_21_rigid_0006.obj,0.9999642372131348,1
device_21_rigid_0007.obj,0.9999642372131348,1
device_21_rigid_0008.obj,0.9999642372131348,1
device_21_rigid_0009.obj,0.9999642372131348,1
device_21_rigid_0010.obj,0.9999642372131348,1
device_21_rigid_0011.obj,0.9999642372131348,1
device_21_rigid_0012.obj,0.9999642372131348,1
device_21_rigid_0013.obj,0.9999642372131348,1
device_21_rigid_0014.obj,0.9999642372131348,1
device_21_rigid_0015.obj,0.9999642372131348,1
device_21_rigid_0016.obj,0.9999642372131348,1
device_21_rigid_0017.obj,0.9999642372131348,1
device_21_rigid_0018.obj,0.9999642372131348,1
device_21_rigid_0019.obj,0.9999642372131348,1
device_21_rigid_0020.obj,0.9999642372131348,1
device_21_rigid_0021.obj,0.9999642372131348,1
device_21_rigid_0022.obj,0.9999642372131348,1
device_21_rigid_0023.obj,0.9999642372131348,1
device_21_rigid_0024.obj,0.9999642372131348,1
device_21_tetwild_0000.obj,0.9998912413914999,1
device_21_tetwild_0001.obj,0.9999026457468668,1
device_21_tetwild_0002.obj,0.9999740918477377,1
device_21_tetwild_0003.obj,0.9998465975125631,1
device_21_tetwild_0004.obj,0.9998984734217325,1
device_21_tetwild_0005.obj,0.9999030033747355,1
device_21_tetwild_0006.obj,0.9999608596165975,1
device_21_tetwild_0007.obj,0.999963124593099,1
device_21_tetwild_0008.obj,0.9998578230539957,1
device_21_tetwild_0009.obj,0.9999745686848959,1
device_21_tetwild_0010.obj,0.9999338587125143,1
device_21_tetwild_0011.obj,0.9999575018882751,1
device_21_tetwild_0012.obj,0.9999780853589376,1
device_21_tetwild_0013.obj,0.9999135533968607,1
device_21_tetwild_0014.obj,0.9999682307243347,1
device_21_tetwild_0015.obj,0.9999635020891825,1
device_21_tetwild_0016.obj,0.9999441703160604,1
device_21_tetwild_0017.obj,0.9992538293202718,1
device_21_tetwild_0018.obj,0.9999661644299825,1
device_21_tetwild_0019.obj,0.9999635020891825,1
device_21_tetwild_0020.obj,0.9999756415685018,1
device_21_tetwild_0021.obj,0.999661922454834,1
device_21_tetwild_0022.obj,0.9999376932779948,1
device_21_tetwild_0023.obj,0.9999016523361206,1
device_21_tetwild_0024.obj,0.9999040961265564,1
device_22_degenerate_0000.obj,0.9999705155690511,1
device_22_degenerate_0001.obj,0.9999705155690511,1
device_22_degenerate_0002.obj,0.9999705155690511,1
device_22_degenerate_0003.obj,0.9999705155690511,1
device_22_degenerate_0004.obj,0.9999705155690511,1
device_22_degenerate_0005.obj,0.9999705155690511,1
device_22_degenerate_0006.obj,0.9999705155690511,1
device_22_degenerate_0007.obj,0.9999705155690511,1
device_22_degenerate_0008.obj,0.9999705155690511,1
device_22_degenerate_0009.obj,0.9999705155690511,1
device_22_degenerate_0010.obj,0.9999705155690511,1
device_22_degenerate_0011.obj,0.9999705155690511,1
device_22_degenerate_0012.obj,0.9999705155690511,1
device_22_degenerate_0013.obj,0.9999705155690511,1
device_22_degenerate_0014.obj,0.9999705155690511,1
device_22_degenerate_0015.obj,0.9999705155690511,1
device_22_degenerate_0016.obj,0.9999705155690511,1
device_22_degenerate_0017.obj,0.9999705155690511,1
device_22_degenerate_0018.obj,0.9999705155690511,1
device_22_degenerate_0019.obj,0.9999705155690511,1
device_22_degenerate_0020.obj,0.9999705155690511,1
device_22_degenerate_0021.obj,0.9999705155690511,1
device_22_degenerate_0022.obj,0.9999705155690511,1
device_22_degenerate_0023.obj,0.9999705155690511,1
device_22_degenerate_0024.obj,0.9999705155690511,1
device_22_disconnected_0000.obj,0.9999705155690511,1
device_22_disconnected_0001.obj,0.9999705155690511,1
device_22_disconnected_0002.obj,0.9999705155690511,1
device_22_disconnected_0003.obj,0.9999705155690511,1
device_22_disconnected_0004.obj,0.9999705155690511,1
device_22_disconnected_0005.obj,0.9999705155690511,1
device_22_disconnected_0006.obj,0.9999705155690511,1
device_22_disconnected_0007.obj,0.9999705155690511,1
device_22_disconnected_0008.obj,0.9999705155690511,1
device_22_disconnected_0009.obj,0.9999705155690511,1
device_22_disconnected_0010.obj,0.9999705155690511,1
device_22_disconnected_0011.obj,0.9999705155690511,1
device_22_disconnected_0012.obj,0.9999705155690511,1
device_22_disconnected_0013.obj,0.9999705155690511,1
device_22_disconnected_0014.obj,0.9999705155690511,1
device_22_disconnected_0015.obj,0.9999705155690511,1
device_22_disconnected_0016.obj,0.9999705155690511,1
device_22_disconnected_0017.obj,0.9999705155690511,1
device_22_disconnected_0018.obj,0.9999705155690511,1
device_22_disconnected_0019.obj,0.9999705155690511,1
device_22_disconnected_0020.obj,0.9999705155690511,1
device_22_disconnected_0021.obj,0.9999705155690511,1
device_22_disconnected_0022.obj,0.9999705155690511,1
device_22_disconnected_0023.obj,0.9999705155690511,1
device_22_disconnected_0024.obj,0.9999705155690511,1
device_22_faceswap_0000.obj,0.9999410510063171,1
device_22_faceswap_0001.obj,0.9998911221822103,1
device_22_faceswap_0002.obj,0.9998670419057211,1
device_22_faceswap_0003.obj,0.9999703367551168,1
device_22_faceswap_0004.obj,0.9999726414680481,1
device_22_faceswap_0005.obj,0.9999715487162272,1
device_22_faceswap_0006.obj,0.999956488609314,1
device_22_faceswap_0007.obj,0.9999719063440958,1
device_22_faceswap_0008.obj,0.9999281962712606,1
device_22_faceswap_0009.obj,0.9999628265698751,1
device_22_faceswap_0010.obj,0.9999631643295288,1
device_22_faceswap_0011.obj,0.9999751249949137,1
device_22_faceswap_0012.obj,0.9999614159266154,1
device_22_faceswap_0013.obj,0.9999602238337199,1
device_22_faceswap_0014.obj,0.9999683101971945,1
device_22_faceswap_0015.obj,0.9999679525693258,1
device_22_faceswap_0016.obj,0.9999701778093973,1
device_22_faceswap_0017.obj,0.9999690850575765,1
device_22_faceswap_0018.obj,0.9999610384305319,1
device_22_faceswap_0019.obj,0.999957541624705,1
device_22_faceswap_0020.obj,0.9999670386314392,1
device_22_faceswap_0021.obj,0.999963641166687,1
device_22_faceswap_0022.obj,0.9999433557192484,1
device_22_faceswap_0023.obj,0.9999487400054932,1
device_22_faceswap_0024.obj,0.9999732772509257,1
device_22_jitter_0000.obj,0.9999518394470215,1
device_22_jitter_0001.obj,0.9999607602755228,1
device_22_jitter_0002.obj,0.9999693234761556,1
device_22_jitter_0003.obj,0.9999486207962036,1
device_22_jitter_0004.obj,0.9999594688415527,1
device_22_jitter_0005.obj,0.999964714050293,1
device_22_jitter_0006.obj,0.9999717076619467,1
device_22_jitter_0007.obj,0.9999726613362631,1
device_22_jitter_0008.obj,0.9999609986941019,1
device_22_jitter_0009.obj,0.9999570647875468,1
device_22_jitter_0010.obj,0.9999745090802511,1
device_22_jitter_0011.obj,0.9999714295069376,1
device_22_jitter_0012.obj,0.999972422917684,1
device_22_jitter_0013.obj,0.9999727408091227,1
device_22_jitter_0014.obj,0.9999593695004781,1
device_22_jitter_0015.obj,0.9999267856280009,1
device_22_jitter_0016.obj,0.9999700784683228,1
device_22_jitter_0017.obj,0.9999666611353556,1
device_22_jitter_0018.obj,0.9999072949091593,1
device_22_jitter_0019.obj,0.9999663233757019,1
device_22_jitter_0020.obj,0.999946673711141,1
device_22_jitter_0021.obj,0.9999684691429138,1
device_22_jitter_0022.obj,0.9998694856961569,1
device_22_jitter_0023.obj,0.9999151428540548,1
device_22_jitter_0024.obj,0.9999367992083231,1
device_22_rigid_0000.obj,0.9999705155690511,1
device_22_rigid_0001.obj,0.9999705155690511,1
device_22_rigid_0002.obj,0.9999705155690511,1
device_22_rigid_0003.obj,0.9999705155690511,1
device_22_rigid_0004.obj,0.9999705155690511,1
device_22_rigid_0005.obj,0.9999705155690511,1
device_22_rigid_0006.obj,0.9999705155690511,1
device_22_rigid_0007.obj,0.9999705155690511,1
device_22_rigid_0008.obj,0.9999705155690511,1
device_22_rigid_0009.obj,0.9999705155690511,1
device_22_rigid_0010.obj,0.9999705155690511,1
device_22_rigid_0011.obj,0.9999705155690511,1
device_22_rigid_0012.obj,0.9999705155690511,1
device_22_rigid_0013.obj,0.9999705155690511,1
device_22_rigid_0014.obj,0.9999705155690511,1
device_22_rigid_0015.obj,0.9999705155690511,1
device_22_rigid_0016.obj,0.9999705155690511,1
device_22_rigid_0017.obj,0.9999705155690511,1
device_22_rigid_0018.obj,0.9999705155690511,1
device_22_rigid_0019.obj,0.9999705155690511,1
device_22_rigid_0020.obj,0.9999705155690511,1
device_22_rigid_0021.obj,0.9999705155690511,1
device_22_rigid_0022.obj,0.9999705155690511,1
device_22_rigid_0023.obj,0.9999705155690511,1
device_22_rigid_0024.obj,0.9999705155690511,1
device_22_tetwild_0000.obj,0.9999165534973145,1
device_22_tetwild_0001.obj,0.9998900492986044,1
device_22_tetwild_0002.obj,0.999962329864502,1
device_22_tetwild_0003.obj,0.9999564488728842,1
device_22_tetwild_0004.obj,0.9999728202819824,1
device_22_tetwild_0005.obj,0.9999497532844543,1
device_22_tetwild_0006.obj,0.9988725384076437,1
device_22_tetwild_0007.obj,0.9998416503270467,1
device_22_tetwild_0008.obj,0.9997348586718241,1
device_22_tetwild_0009.obj,0.999609649181366,1
device_22_tetwild_0010.obj,0.9999251763025919,1
device_22_tetwild_0011.obj,0.9997573296229044,1
device_22_tetwild_0012.obj,0.9999614159266154,1
device_22_tetwild_0013.obj,0.9996032317479452,1
device_22_tetwild_0014.obj,0.9999737739562988,1
device_22_tetwild_0015.obj,0.9999636809031168,1
device_22_tetwild_0016.obj,0.999833325544993,1
device_22_tetwild_0017.obj,0.9997206727663676,1
device_22_tetwild_0018.obj,0.9998981157938639,1
device_22_tetwild_0019.obj,0.999962329864502,1
device_22_tetwild_0020.obj,0.999951183795929,1
device_22_tetwild_0021.obj,0.9999599456787109,1
device_22_tetwild_0022.obj,0.9999394019444784,1
device_22_tetwild_0023.obj,0.9999443689982096,1
device_22_tetwild_0024.obj,0.9996447960535685,1
device_23_degenerate_0000.obj,0.9997818072636923,1
device_23_degenerate_0001.obj,0.9997818072636923,1
device_23_degenerate_0002.obj,0.9997818072636923,1
device_23_degenerate_0003.obj,0.9997818072636923,1
device_23_degenerate_0004.obj,0.9997818072636923,1
device_23_degenerate_0005.obj,0.9997818072636923,1
device_23_degenerate_0006.obj,0.9997818072636923,1
device_23_degenerate_0007.obj,0.9997818072636923,1
device_23_degenerate_0008.obj,0.9997818072636923,1
device_23_degenerate_0009.obj,0.9997818072636923,1
device_23_degenerate_0010.obj,0.9997818072636923,1
device_23_degenerate_0011.obj,0.9997818072636923,1
device_23_degenerate_0012.obj,0.9997818072636923,1
device_23_degenerate_0013.obj,0.9997818072636923,1
device_23_degenerate_0014.obj,0.9997818072636923,1
device_23_degenerate_0015.obj,0.9997818072636923,1
device_23_degenerate_0016.obj,0.9997818072636923,1
device_23_degenerate_0017.obj,0.9997818072636923,1
device_23_degenerate_0018.obj,0.9997818072636923,1
device_23_degenerate_0019.obj,0.9997818072636923,1
device_23_degenerate_0020.obj,0.9997818072636923,1
device_23_degenerate_0021.obj,0.9997818072636923,1
device_23_degenerate_0022.obj,0.9997818072636923,1
device_23_degenerate_0023.obj,0.9997818072636923,1
device_23_degenerate_0024.obj,0.9997818072636923,1
device_23_disconnected_0000.obj,0.9997818072636923,1
device_23_disconnected_0001.obj,0.9997818072636923,1
device_23_disconnected_0002.obj,0.9997818072636923,1
device_23_disconnected_0003.obj,0.9997818072636923,1
device_23_disconnected_0004.obj,0.9997818072636923,1
device_23_disconnected_0005.obj,0.9997818072636923,1
device_23_disconnected_0006.obj,0.9997818072636923,1
device_23_disconnected_0007.obj,0.9997818072636923,1
device_23_disconnected_0008.obj,0.9997818072636923,1
device_23_disconnected_0009.obj,0.9997818072636923,1
device_23_disconnected_0010.obj,0.9997818072636923,1
device_23_disconnected_0011.obj,0.9997818072636923,1
device_23_disconnected_0012.obj,0.9997818072636923,1
device_23_disconnected_0013.obj,0.9997818072636923,1
device_23_disconnected_0014.obj,0.9997818072636923,1
device_23_disconnected_0015.obj,0.9997818072636923,1
device_23_disconnected_0016.obj,0.9997818072636923,1
device_23_disconnected_0017.obj,0.9997818072636923,1
device_23_disconnected_0018.obj,0.9997818072636923,1
device_23_disconnected_0019.obj,0.9997818072636923,1
device_23_disconnected_0020.obj,0.9997818072636923,1
device_23_disconnected_0021.obj,0.9997818072636923,1
device_23_disconnected_0022.obj,0.9997818072636923,1
device_23_disconnected_0023.obj,0.9997818072636923,1
device_23_disconnected_0024.obj,0.9997818072636923,1
device_23_faceswap_0000.obj,0.9992097616195679,1
device_23_faceswap_0001.obj,0.99049045642217,1
device_23_faceswap_0002.obj,0.9977296988169352,1
device_23_faceswap_0003.obj,0.9985396862030029,1
device_23_faceswap_0004.obj,0.8750038345654806,1
device_23_faceswap_0005.obj,0.9746625820795695,1
device_23_faceswap_0006.obj,0.6623225808143616,1
device_23_faceswap_0007.obj,0.9595413605372111,1
device_23_faceswap_0008.obj,0.9693836371103922,1
device_23_faceswap_0009.obj,0.9919597307840983,1
device_23_faceswap_0010.obj,0.9923319021860758,1
device_23_faceswap_0011.obj,0.9944087068239847,1
device_23_faceswap_0012.obj,0.6984508832295736,1
device_23_faceswap_0013.obj,0.9516403675079346,1
device_23_faceswap_0014.obj,0.9987327257792155,1
device_23_faceswap_0015.obj,0.9971766869227091,1
device_23_faceswap_0016.obj,0.9968698620796204,1
device_23_faceswap_0017.obj,0.9992011785507202,1
device_23_faceswap_0018.obj,0.9022603829701742,1
device_23_faceswap_0019.obj,0.9995615084966024,1
device_23_faceswap_0020.obj,0.988666315873464,1
device_23_faceswap_0021.obj,0.5647950967152914,1
device_23_faceswap_0022.obj,0.9981204271316528,1
device_23_faceswap_0023.obj,0.9968934853871664,1
device_23_faceswap_0024.obj,0.9980430205663046,1
device_23_jitter_0000.obj,0.9947260022163391,1
device_23_jitter_0001.obj,0.9993836085001627,1
device_23_jitter_0002.obj,0.9992315173149109,1
device_23_jitter_0003.obj,0.9991335868835449,1
device_23_jitter_0004.obj,0.9994779825210571,1
device_23_jitter_0005.obj,0.9845750331878662,1
device_23_jitter_0006.obj,0.9987412889798483,1
device_23_jitter_0007.obj,0.999722421169281,1
device_23_jitter_0008.obj,0.995248277982076,1
device_23_jitter_0009.obj,0.9131880203882853,1
device_23_jitter_0010.obj,0.9990835388501486,1
device_23_jitter_0011.obj,0.9994501272837321,1
device_23_jitter_0012.obj,0.9874377846717834,1
device_23_jitter_0013.obj,0.9940185149510702,1
device_23_jitter_0014.obj,0.9978975653648376,1
device_23_jitter_0015.obj,0.9944440523783366,1
device_23_jitter_0016.obj,0.9931543270746866,1
device_23_jitter_0017.obj,0.9982894460360209,1
device_23_jitter_0018.obj,0.8672348658243815,1
device_23_jitter_0019.obj,0.9701261123021444,1
device_23_jitter_0020.obj,0.9984782735506693,1
device_23_jitter_0021.obj,0.9925032655398051,1
device_23_jitter_0022.obj,0.9980184237162272,1
device_23_jitter_0023.obj,0.9805546601613363,1
device_23_jitter_0024.obj,0.991660495599111,1
device_23_rigid_0000.obj,0.9997818072636923,1
device_23_rigid_0001.obj,0.9997818072636923,1
device_23_rigid_0002.obj,0.9997818072636923,1
device_23_rigid_0003.obj,0.9997818072636923,1
device_23_rigid_0004.obj,0.9997818072636923,1
device_23_rigid_0005.obj,0.9997818072636923,1
device_23_rigid_0006.obj,0.9997818072636923,1
device_23_rigid_0007.obj,0.9997818072636923,1
device_23_rigid_0008.obj,0.9997818072636923,1
device_23_rigid_0009.obj,0.9997818072636923,1
device_23_rigid_0010.obj,0.9997818072636923,1
device_23_rigid_0011.obj,0.9997818072636923,1
device_23_rigid_0012.obj,0.9997818072636923,1
device_23_rigid_0013.obj,0.9997818072636923,1
device_23_rigid_0014.obj,0.9997818072636923,1
device_23_rigid_0015.obj,0.9997818072636923,1
device_23_rigid_0016.obj,0.9997818072636923,1
device_23_rigid_0017.obj,0.9997818072636923,1
device_23_rigid_0018.obj,0.9997818072636923,1
device_23_rigid_0019.obj,0.9997818072636923,1
device_23_rigid_0020.obj,0.9997818072636923,1
device_23_rigid_0021.obj,0.9997818072636923,1
device_23_rigid_0022.obj,0.9997818072636923,1
device_23_rigid_0023.obj,0.9997818072636923,1
device_23_rigid_0024.obj,0.9997818072636923,1
device_23_tetwild_0000.obj,0.9737823605537415,1
device_23_tetwild_0001.obj,0.9979022741317749,1
device_23_tetwild_0002.obj,0.8776811957359314,1
device_23_tetwild_0003.obj,0.9815524220466614,1
device_23_tetwild_0004.obj,0.92442254225413,1
device_23_tetwild_0005.obj,0.9991064270337423,1
device_23_tetwild_0006.obj,0.9670015772183737,1
device_23_tetwild_0007.obj,0.9985987742741903,1
device_23_tetwild_0008.obj,0.9967141548792521,1
device_23_tetwild_0009.obj,0.9956508874893188,1
device_23_tetwild_0010.obj,0.9947996536890665,1
device_23_tetwild_0011.obj,0.9793835481007894,1
device_23_tetwild_0012.obj,0.9977248509724935,1
device_23_tetwild_0013.obj,0.9690141479174296,1
device_23_tetwild_0014.obj,0.9964188734690348,1
device_23_tetwild_0015.obj,0.9743786056836446,1
device_23_tetwild_0016.obj,0.9834280014038086,1
device_23_tetwild_0017.obj,0.9969783822695414,1
device_23_tetwild_0018.obj,0.977610190709432,1
device_23_tetwild_0019.obj,0.8638500769933065,1
device_23_tetwild_0020.obj,0.9622179865837097,1
device_23_tetwild_0021.obj,0.9364261627197266,1
device_23_tetwild_0022.obj,0.9080154101053873,1
device_23_tetwild_0023.obj,0.9981163740158081,1
device_23_tetwild_0024.obj,0.9918752710024515,1
device_24_degenerate_0000.obj,0.9999644954999288,1
device_24_degenerate_0001.obj,0.9999644954999288,1
device_24_degenerate_0002.obj,0.9999644954999288,1
device_24_degenerate_0003.obj,0.9999644954999288,1
device_24_degenerate_0004.obj,0.9999644954999288,1
device_24_degenerate_0005.obj,0.9999644954999288,1
device_24_degenerate_0006.obj,0.9999644954999288,1
device_24_degenerate_0007.obj,0.9999644954999288,1
device_24_degenerate_0008.obj,0.9999644954999288,1
device_24_degenerate_0009.obj,0.9999644954999288,1
device_24_degenerate_0010.obj,0.9999644954999288,1
device_24_degenerate_0011.obj,0.9999644954999288,1
device_24_degenerate_0012.obj,0.9999644954999288,1
device_24_degenerate_0013.obj,0.9999644954999288,1
device_24_degenerate_0014.obj,0.9999644954999288,1
device_24_degenerate_0015.obj,0.9999644954999288,1
device_24_degenerate_0016.obj,0.9999644954999288,1
device_24_degenerate_0017.obj,0.9999644954999288,1
device_24_degenerate_0018.obj,0.9999644954999288,1
device_24_degenerate_0019.obj,0.9999644954999288,1
device_24_degenerate_0020.obj,0.9999644954999288,1
device_24_degenerate_0021.obj,0.9999644954999288,1
device_24_degenerate_0022.obj,0.9999644954999288,1
device_24_degenerate_0023.obj,0.9999644954999288,1
device_24_degenerate_0024.obj,0.9999644954999288,1
device_24_disconnected_0000.obj,0.9999644954999288,1
device_24_disconnected_0001.obj,0.9999644954999288,1
device_24_disconnected_0002.obj,0.9999644954999288,1
device_24_disconnected_0003.obj,0.9999644954999288,1
device_24_disconnected_0004.obj,0.9999644954999288,1
device_24_disconnected_0005.obj,0.9999644954999288,1
device_24_disconnected_0006.obj,0.9999644954999288,1
device_24_disconnected_0007.obj,0.9999644954999288,1
device_24_disconnected_0008.obj,0.9999644954999288,1
device_24_disconnected_0009.obj,0.9999644954999288,1
device_24_disconnected_0010.obj,0.9999644954999288,1
device_24_disconnected_0011.obj,0.9999644954999288,1
device_24_disconnected_0012.obj,0.9999644954999288,1
device_24_disconnected_0013.obj,0.9999644954999288,1
device_24_disconnected_0014.obj,0.9999644954999288,1
device_24_disconnected_0015.obj,0.9999644954999288,1
device_24_disconnected_0016.obj,0.9999644954999288,1
device_24_disconnected_0017.obj,0.9999644954999288,1
device_24_disconnected_0018.obj,0.9999644954999288,1
device_24_disconnected_0019.obj,0.9999644954999288,1
device_24_disconnected_0020.obj,0.9999644954999288,1
device_24_disconnected_0021.obj,0.9999644954999288,1
device_24_disconnected_0022.obj,0.9999644954999288,1
device_24_disconnected_0023.obj,0.9999644954999288,1
device_24_disconnected_0024.obj,0.9999644954999288,1
device_24_faceswap_0000.obj,0.9999374548594157,1
device_24_faceswap_0001.obj,0.9999406139055887,1
device_24_faceswap_0002.obj,0.9999432563781738,1
device_24_faceswap_0003.obj,0.9999430378278097,1
device_24_faceswap_0004.obj,0.999967078367869,1
device_24_faceswap_0005.obj,0.9999586939811707,1
device_24_faceswap_0006.obj,0.9999692241350809,1
device_24_faceswap_0007.obj,0.9999170104662577,1
device_24_faceswap_0008.obj,0.9999178250630697,1
device_24_faceswap_0009.obj,0.9999616742134094,1
device_24_faceswap_0010.obj,0.9999554554621378,1
device_24_faceswap_0011.obj,0.9999695420265198,1
device_24_faceswap_0012.obj,0.999961237112681,1
device_24_faceswap_0013.obj,0.9999563296635946,1
device_24_faceswap_0014.obj,0.9999726414680481,1
device_24_faceswap_0015.obj,0.9999721844991049,1
device_24_faceswap_0016.obj,0.9999613563219706,1
device_24_faceswap_0017.obj,0.9999648729960123,1
device_24_faceswap_0018.obj,0.9999686082204183,1
device_24_faceswap_0019.obj,0.9999607801437378,1
device_24_faceswap_0020.obj,0.9999705950419108,1
device_24_faceswap_0021.obj,0.9999658068021139,1
device_24_faceswap_0022.obj,0.9999682108561198,1
device_24_faceswap_0023.obj,0.9999608397483826,1
device_24_faceswap_0024.obj,0.9999404549598694,1
device_24_jitter_0000.obj,0.9999664425849915,1
device_24_jitter_0001.obj,0.9999498327573141,1
device_24_jitter_0002.obj,0.9999580581982931,1
device_24_jitter_0003.obj,0.999964694182078,1
device_24_jitter_0004.obj,0.9999666015307108,1
device_24_jitter_0005.obj,0.9999730984369913,1
device_24_jitter_0006.obj,0.999950130780538,1
device_24_jitter_0007.obj,0.9999576608339945,1
device_24_jitter_0008.obj,0.9999714096387228,1
device_24_jitter_0009.obj,0.9999732375144958,1
device_24_jitter_0010.obj,0.9999575813611349,1
device_24_jitter_0011.obj,0.9999499320983887,1
device_24_jitter_0012.obj,0.9999685287475586,1
device_24_jitter_0013.obj,0.9999378522237142,1
device_24_jitter_0014.obj,0.9999653299649557,1
device_24_jitter_0015.obj,0.9999749859174093,1
device_24_jitter_0016.obj,0.9999704758326212,1
device_24_jitter_0017.obj,0.9999521573384603,1
device_24_jitter_0018.obj,0.9999734958012899,1
device_24_jitter_0019.obj,0.9999519983927408,1
device_24_jitter_0020.obj,0.9998871485392252,1
device_24_jitter_0021.obj,0.9999707937240601,1
device_24_jitter_0022.obj,0.9999675750732422,1
device_24_jitter_0023.obj,0.9999751051266988,1
device_24_jitter_0024.obj,0.9999653895696005,1
device_24_rigid_0000.obj,0.9999644954999288,1
device_24_rigid_0001.obj,0.9999644954999288,1
device_24_rigid_0002.obj,0.9999644954999288,1
device_24_rigid_0003.obj,0.9999644954999288,1
device_24_rigid_0004.obj,0.9999644954999288,1
device_24_rigid_0005.obj,0.9999644954999288,1
device_24_rigid_0006.obj,0.9999644954999288,1
device_24_rigid_0007.obj,0.9999644954999288,1
device_24_rigid_0008.obj,0.9999644954999288,1
device_24_rigid_0009.obj,0.9999644954999288,1
device_24_rigid_0010.obj,0.9999644954999288,1
device_24_rigid_0011.obj,0.9999644954999288,1
device_24_rigid_0012.obj,0.9999644954999288,1
device_24_rigid_0013.obj,0.9999644954999288,1
device_24_rigid_0014.obj,0.9999644954999288,1
device_24_rigid_0015.obj,0.9999644954999288,1
device_24_rigid_0016.obj,0.9999644954999288,1
device_24_rigid_0017.obj,0.9999644954999288,1
device_24_rigid_0018.obj,0.9999644954999288,1
device_24_rigid_0019.obj,0.9999644954999288,1
device_24_rigid_0020.obj,0.9999644954999288,1
device_24_rigid_0021.obj,0.9999644954999288,1
device_24_rigid_0022.obj,0.9999644954999288,1
device_24_rigid_0023.obj,0.9999644954999288,1
device_24_rigid_0024.obj,0.9999644954999288,1
device_24_tetwild_0000.obj,0.9999279181162516,1
device_24_tetwild_0001.obj,0.9999568065007528,1
device_24_tetwild_0002.obj,0.9999229907989502,1
device_24_tetwild_0003.obj,0.9999563892682394,1
device_24_tetwild_0004.obj,0.9999593496322632,1
device_24_tetwild_0005.obj,0.9999417463938395,1
device_24_tetwild_0006.obj,0.999795118967692,1
device_24_tetwild_0007.obj,0.9999607801437378,1
device_24_tetwild_0008.obj,0.9999645948410034,1
device_24_tetwild_0009.obj,0.9999656677246094,1
device_24_tetwild_0010.obj,0.9999724626541138,1
device_24_tetwild_0011.obj,0.9999011754989624,1
device_24_tetwild_0012.obj,0.9999581575393677,1
device_24_tetwild_0013.obj,0.9999548395474752,1
device_24_tetwild_0014.obj,0.9999506870905558,1
device_24_tetwild_0015.obj,0.9998584191004435,1
device_24_tetwild_0016.obj,0.9998371998469034,1
device_24_tetwild_0017.obj,0.9998332858085632,1
device_24_tetwild_0018.obj,0.9999515612920126,1
device_24_tetwild_0019.obj,0.9999676942825317,1
device_24_tetwild_0020.obj,0.9999449849128723,1
device_24_tetwild_0021.obj,0.9999747077624003,1
device_24_tetwild_0022.obj,0.9999667406082153,1
device_24_tetwild_0023.obj,0.9999634822209676,1
device_24_tetwild_0024.obj,0.9998382329940796,1
device_25_degenerate_0000.obj,0.9999520381291708,1
device_25_degenerate_0001.obj,0.9999520381291708,1
device_25_degenerate_0002.obj,0.9999520381291708,1
device_25_degenerate_0003.obj,0.9999520381291708,1
device_25_degenerate_0004.obj,0.9999520381291708,1
device_25_degenerate_0005.obj,0.9999520381291708,1
device_25_degenerate_0006.obj,0.9999520381291708,1
device_25_degenerate_0007.obj,0.9999520381291708,1
device_25_degenerate_0008.obj,0.9999520381291708,1
device_25_degenerate_0009.obj,0.9999520381291708,1
device_25_degenerate_0010.obj,0.9999520381291708,1
device_25_degenerate_0011.obj,0.9999520381291708,1
device_25_degenerate_0012.obj,0.9999520381291708,1
device_25_degenerate_0013.obj,0.9999520381291708,1
device_25_degenerate_0014.obj,0.9999520381291708,1
device_25_degenerate_0015.obj,0.9999520381291708,1
device_25_degenerate_0016.obj,0.9999520381291708,1
device_25_degenerate_0017.obj,0.9999520381291708,1
device_25_degenerate_0018.obj,0.9999520381291708,1
device_25_degenerate_0019.obj,0.9999520381291708,1
device_25_degenerate_0020.obj,0.9999520381291708,1
device_25_degenerate_0021.obj,0.9999520381291708,1
device_25_degenerate_0022.obj,0.9999520381291708,1
device_25_degenerate_0023.obj,0.9999520381291708,1
device_25_degenerate_0024.obj,0.9999520381291708,1
device_25_disconnected_0000.obj,0.9999520381291708,1
device_25_disconnected_0001.obj,0.9999520381291708,1
device_25_disconnected_0002.obj,0.9999520381291708,1
device_25_disconnected_0003.obj,0.9999520381291708,1
device_25_disconnected_0004.obj,0.9999520381291708,1
device_25_disconnected_0005.obj,0.9999520381291708,1
device_25_disconnected_0006.obj,0.9999520381291708,1
device_25_disconnected_0007.obj,0.9999520381291708,1
device_25_disconnected_0008.obj,0.9999520381291708,1
device_25_disconnected_0009.obj,0.9999520381291708,1
device_25_disconnected_0010.obj,0.9999520381291708,1
device_25_disconnected_0011.obj,0.9999520381291708,1
device_25_disconnected_0012.obj,0.9999520381291708,1
device_25_disconnected_0013.obj,0.9999520381291708,1
device_25_disconnected_0014.obj,0.9999520381291708,1
device_25_disconnected_0015.obj,0.9999520381291708,1
device_25_disconnected_0016.obj,0.9999520381291708,1
device_25_disconnected_0017.obj,0.9999520381291708,1
device_25_disconnected_0018.obj,0.9999520381291708,1
device_25_disconnected_0019.obj,0.9999520381291708,1
device_25_disconnected_0020.obj,0.9999520381291708,1
device_25_disconnected_0021.obj,0.9999520381291708,1
device_25_disconnected_0022.obj,0.9999520381291708,1
device_25_disconnected_0023.obj,0.9999520381291708,1
device_25_disconnected_0024.obj,0.9999520381291708,1
device_25_faceswap_0000.obj,0.9999326467514038,1
device_25_faceswap_0001.obj,0.9998923738797506,1
device_25_faceswap_0002.obj,0.9999319314956665,1
device_25_faceswap_0003.obj,0.9999300440152487,1
device_25_faceswap_0004.obj,0.9998976588249207,1
device_25_faceswap_0005.obj,0.9998462994893392,1
device_25_faceswap_0006.obj,0.9999074339866638,1
device_25_faceswap_0007.obj,0.9999149839083353,1
device_25_faceswap_0008.obj,0.9999164342880249,1
device_25_faceswap_0009.obj,0.9999067982037863,1
device_25_faceswap_0010.obj,0.9995767076810201,1
device_25_faceswap_0011.obj,0.9998464981714884,1
device_25_faceswap_0012.obj,0.9999326467514038,1
device_25_faceswap_0013.obj,0.9999248186747233,1
device_25_faceswap_0014.obj,0.9999202887217203,1
device_25_faceswap_0015.obj,0.9997629721959432,1
device_25_faceswap_0016.obj,0.9999046723047892,1
device_25_faceswap_0017.obj,0.9999314745267233,1
device_25_faceswap_0018.obj,0.9999397397041321,1
device_25_faceswap_0019.obj,0.9998854200045267,1
device_25_faceswap_0020.obj,0.9999184211095175,1
device_25_faceswap_0021.obj,0.9999480644861857,1
device_25_faceswap_0022.obj,0.99989120165507,1
device_25_faceswap_0023.obj,0.9999344746271769,1
device_25_faceswap_0024.obj,0.9998447895050049,1
device_25_jitter_0000.obj,0.9999011953671774,1
device_25_jitter_0001.obj,0.9998952349026998,1
device_25_jitter_0002.obj,0.9999431173006693,1
device_25_jitter_0003.obj,0.9998904863993326,1
device_25_jitter_0004.obj,0.9999183615048727,1
device_25_jitter_0005.obj,0.9999357064565023,1
device_25_jitter_0006.obj,0.9999465545018514,1
device_25_jitter_0007.obj,0.9999483426411947,1
device_25_jitter_0008.obj,0.9999479055404663,1
device_25_jitter_0009.obj,0.9999468922615051,1
device_25_jitter_0010.obj,0.9999439517656962,1
device_25_jitter_0011.obj,0.99990447362264,1
device_25_jitter_0012.obj,0.9999187390009562,1
device_25_jitter_0013.obj,0.9998784065246582,1
device_25_jitter_0014.obj,0.9999425212542216,1
device_25_jitter_0015.obj,0.9999289313952128,1
device_25_jitter_0016.obj,0.9999304016431173,1
device_25_jitter_0017.obj,0.9999333818753561,1
device_25_jitter_0018.obj,0.9999153216679891,1
device_25_jitter_0019.obj,0.9999180436134338,1
device_25_jitter_0020.obj,0.999860405921936,1
device_25_jitter_0021.obj,0.9999416669209799,1
device_25_jitter_0022.obj,0.9999426205952963,1
device_25_jitter_0023.obj,0.9999276995658875,1
device_25_jitter_0024.obj,0.999937117099762,1
device_25_rigid_0000.obj,0.9999520381291708,1
device_25_rigid_0001.obj,0.9999520381291708,1
device_25_rigid_0002.obj,0.9999520381291708,1
device_25_rigid_0003.obj,0.9999520381291708,1
device_25_rigid_0004.obj,0.9999520381291708,1
device_25_rigid_0005.obj,0.9999520381291708,1
device_25_rigid_0006.obj,0.9999520381291708,1
device_25_rigid_0007.obj,0.9999520381291708,1
device_25_rigid_0008.obj,0.9999520381291708,1
device_25_rigid_0009.obj,0.9999520381291708,1
device_25_rigid_0010.obj,0.9999520381291708,1
device_25_rigid_0011.obj,0.9999520381291708,1
device_25_rigid_0012.obj,0.9999520381291708,1
device_25_rigid_0013.obj,0.9999520381291708,1
device_25_rigid_0014.obj,0.9999520381291708,1
device_25_rigid_0015.obj,0.9999520381291708,1
device_25_rigid_0016.obj,0.9999520381291708,1
device_25_rigid_0017.obj,0.9999520381291708,1
device_25_rigid_0018.obj,0.9999520381291708,1
device_25_rigid_0019.obj,0.9999520381291708,1
device_25_rigid_0020.obj,0.9999520381291708,1
device_25_rigid_0021.obj,0.9999520381291708,1
device_25_rigid_0022.obj,0.9999520381291708,1
device_25_rigid_0023.obj,0.9999520381291708,1
device_25_rigid_0024.obj,0.9999520381291708,1
device_25_tetwild_0000.obj,0.9998760223388672,1
device_25_tetwild_0001.obj,0.9999343156814575,1
device_25_tetwild_0002.obj,0.9820164243380228,1
device_25_tetwild_0003.obj,0.9998800357182821,1
device_25_tetwild_0004.obj,0.9964336156845093,1
device_25_tetwild_0005.obj,0.9999357461929321,1
device_25_tetwild_0006.obj,0.9998732407887777,1
device_25_tetwild_0007.obj,0.9998717705408732,1
device_25_tetwild_0008.obj,0.9998063445091248,1
device_25_tetwild_0009.obj,0.9999337593714396,1
device_25_tetwild_0010.obj,0.9998650550842285,1
device_25_tetwild_0011.obj,0.9998813271522522,1
device_25_tetwild_0012.obj,0.999781588713328,1
device_25_tetwild_0013.obj,0.9999158581097921,1
device_25_tetwild_0014.obj,0.9998888770739237,1
device_25_tetwild_0015.obj,0.9999295473098755,1
device_25_tetwild_0016.obj,0.9994559288024902,1
device_25_tetwild_0017.obj,0.9997864762941996,1
device_25_tetwild_0018.obj,0.9999031027158102,1
device_25_tetwild_0019.obj,0.9999212423960367,1
device_25_tetwild_0020.obj,0.9315178791681925,1
device_25_tetwild_0021.obj,0.9998274048169454,1
device_25_tetwild_0022.obj,0.9998975396156311,1
device_25_tetwild_0023.obj,0.9999069174130758,1
device_25_tetwild_0024.obj,0.9999366402626038,1
device_26_degenerate_0000.obj,0.9999610582987467,1
device_26_degenerate_0001.obj,0.9999610582987467,1
device_26_degenerate_0002.obj,0.9999610582987467,1
device_26_degenerate_0003.obj,0.9999610582987467,1
device_26_degenerate_0004.obj,0.9999610582987467,1
device_26_degenerate_0005.obj,0.9999610582987467,1
device_26_degenerate_0006.obj,0.9999610582987467,1
device_26_degenerate_0007.obj,0.9999610582987467,1
device_26_degenerate_0008.obj,0.9999610582987467,1
device_26_degenerate_0009.obj,0.9999610582987467,1
device_26_degenerate_0010.obj,0.9999610582987467,1
device_26_degenerate_0011.obj,0.9999610582987467,1
device_26_degenerate_0012.obj,0.9999610582987467,1
device_26_degenerate_0013.obj,0.9999610582987467,1
device_26_degenerate_0014.obj,0.9999610582987467,1
device_26_degenerate_0015.obj,0.9999610582987467,1
device_26_degenerate_0016.obj,0.9999610582987467,1
device_26_degenerate_0017.obj,0.9999610582987467,1
device_26_degenerate_0018.obj,0.9999610582987467,1
device_26_degenerate_0019.obj,0.9999610582987467,1
device_26_degenerate_0020.obj,0.9999610582987467,1
device_26_degenerate_0021.obj,0.9999610582987467,1
device_26_degenerate_0022.obj,0.9999610582987467,1
device_26_degenerate_0023.obj,0.9999610582987467,1
device_26_degenerate_0024.obj,0.9999610582987467,1
device_26_disconnected_0000.obj,0.9999610582987467,1
device_26_disconnected_0001.obj,0.9999610582987467,1
device_26_disconnected_0002.obj,0.9999610582987467,1
device_26_disconnected_0003.obj,0.9999610582987467,1
device_26_disconnected_0004.obj,0.9999610582987467,1
device_26_disconnected_0005.obj,0.9999610582987467,1
device_26_disconnected_0006.obj,0.9999610582987467,1
device_26_disconnected_0007.obj,0.9999610582987467,1
device_26_disconnected_0008.obj,0.9999610582987467,1
device_26_disconnected_0009.obj,0.9999610582987467,1
device_26_disconnected_0010.obj,0.9999610582987467,1
device_26_disconnected_0011.obj,0.9999610582987467,1
device_26_disconnected_0012.obj,0.9999610582987467,1
device_26_disconnected_0013.obj,0.9999610582987467,1
device_26_disconnected_0014.obj,0.9999610582987467,1
device_26_disconnected_0015.obj,0.9999610582987467,1
device_26_disconnected_0016.obj,0.9999610582987467,1
device_26_disconnected_0017.obj,0.9999610582987467,1
device_26_disconnected_0018.obj,0.9999610582987467,1
device_26_disconnected_0019.obj,0.9999610582987467,1
device_26_disconnected_0020.obj,0.9999610582987467,1
device_26_disconnected_0021.obj,0.9999610582987467,1
device_26_disconnected_0022.obj,0.9999610582987467,1
device_26_disconnected_0023.obj,0.9999610582987467,1
device_26_disconnected_0024.obj,0.9999610582987467,1
device_26_faceswap_0000.obj,0.9999426205952963,1
device_26_faceswap_0001.obj,0.999957263469696,1
device_26_faceswap_0002.obj,0.9997827013333639,1
device_26_faceswap_0003.obj,0.999966045220693,1
device_26_faceswap_0004.obj,0.9998442927996317,1
device_26_faceswap_0005.obj,0.9999604423840841,1
device_26_faceswap_0006.obj,0.9999661644299825,1
device_26_faceswap_0007.obj,0.9999580780665079,1
device_26_faceswap_0008.obj,0.999971071879069,1
device_26_faceswap_0009.obj,0.9999554951985677,1
device_26_faceswap_0010.obj,0.9999390244483948,1
device_26_faceswap_0011.obj,0.9999292294184366,1
device_26_faceswap_0012.obj,0.9999533295631409,1
device_26_faceswap_0013.obj,0.9999532302220663,1
device_26_faceswap_0014.obj,0.9999422033627828,1
device_26_faceswap_0015.obj,0.999968945980072,1
device_26_faceswap_0016.obj,0.9999561905860901,1
device_26_faceswap_0017.obj,0.9999567866325378,1
device_26_faceswap_0018.obj,0.9999309579531351,1
device_26_faceswap_0019.obj,0.9999491572380066,1
device_26_faceswap_0020.obj,0.9999670386314392,1
device_26_faceswap_0021.obj,0.9999742110570272,1
device_26_faceswap_0022.obj,0.9999704162279764,1
device_26_faceswap_0023.obj,0.9999616940816244,1
device_26_faceswap_0024.obj,0.9999662836392721,1
device_26_jitter_0000.obj,0.999972383181254,1
device_26_jitter_0001.obj,0.9999332427978516,1
device_26_jitter_0002.obj,0.9999625484148661,1
device_26_jitter_0003.obj,0.9999551971753439,1
device_26_jitter_0004.obj,0.9999692638715109,1
device_26_jitter_0005.obj,0.9999749660491943,1
device_26_jitter_0006.obj,0.9999631444613138,1
device_26_jitter_0007.obj,0.9999597072601318,1
device_26_jitter_0008.obj,0.9999639391899109,1
device_26_jitter_0009.obj,0.9999681313832601,1
device_26_jitter_0010.obj,0.9999662836392721,1
device_26_jitter_0011.obj,0.9999671578407288,1
device_26_jitter_0012.obj,0.9999666412671407,1
device_26_jitter_0013.obj,0.9999538660049438,1
device_26_jitter_0014.obj,0.9999653299649557,1
device_26_jitter_0015.obj,0.9999657471974691,1
device_26_jitter_0016.obj,0.9999639391899109,1
device_26_jitter_0017.obj,0.9999638597170512,1
device_26_jitter_0018.obj,0.9999657273292542,1
device_26_jitter_0019.obj,0.9999750057856241,1
device_26_jitter_0020.obj,0.9999605814615885,1
device_26_jitter_0021.obj,0.999948779741923,1
device_26_jitter_0022.obj,0.9998944600423177,1
device_26_jitter_0023.obj,0.9999709328015646,1
device_26_jitter_0024.obj,0.9999566078186035,1
device_26_rigid_0000.obj,0.9999610582987467,1
device_26_rigid_0001.obj,0.9999610582987467,1
device_26_rigid_0002.obj,0.9999610582987467,1
device_26_rigid_0003.obj,0.9999610582987467,1
device_26_rigid_0004.obj,0.9999610582987467,1
device_26_rigid_0005.obj,0.9999610582987467,1
device_26_rigid_0006.obj,0.9999610582987467,1
device_26_rigid_0007.obj,0.9999610582987467,1
device_26_rigid_0008.obj,0.9999610582987467,1
device_26_rigid_0009.obj,0.9999610582987467,1
device_26_rigid_0010.obj,0.9999610582987467,1
device_26_rigid_0011.obj,0.9999610582987467,1
device_26_rigid_0012.obj,0.9999610582987467,1
device_26_rigid_0013.obj,0.9999610582987467,1
device_26_rigid_0014.obj,0.9999610582987467,1
device_26_rigid_0015.obj,0.9999610582987467,1
device_26_rigid_0016.obj,0.9999610582987467,1
device_26_rigid_0017.obj,0.9999610582987467,1
device_26_rigid_0018.obj,0.9999610582987467,1
device_26_rigid_0019.obj,0.9999610582987467,1
device_26_rigid_0020.obj,0.9999610582987467,1
device_26_rigid_0021.obj,0.9999610582987467,1
device_26_rigid_0022.obj,0.9999610582987467,1
device_26_rigid_0023.obj,0.9999610582987467,1
device_26_rigid_0024.obj,0.9999610582987467,1
device_26_tetwild_0000.obj,0.9999300241470337,1
device_26_tetwild_0001.obj,0.9998992880185446,1
device_26_tetwild_0002.obj,0.9999539256095886,1
device_26_tetwild_0003.obj,0.9951685070991516,1
device_26_tetwild_0004.obj,0.9986775318781534,1
device_26_tetwild_0005.obj,0.9998680949211121,1
device_26_tetwild_0006.obj,0.9999590714772543,1
device_26_tetwild_0007.obj,0.9999459385871887,1
device_26_tetwild_0008.obj,0.999853769938151,1
device_26_tetwild_0009.obj,0.999930183092753,1
device_26_tetwild_0010.obj,0.9999420642852783,1
device_26_tetwild_0011.obj,0.999899427096049,1
device_26_tetwild_0012.obj,0.9998287359873453,1
device_26_tetwild_0013.obj,0.9978426694869995,1
device_26_tetwild_0014.obj,0.9999502698580424,1
device_26_tetwild_0015.obj,0.9998352924982706,1
device_26_tetwild_0016.obj,0.9999445279439291,1
device_26_tetwild_0017.obj,0.9998436570167542,1
device_26_tetwild_0018.obj,0.9999339381853739,1
device_26_tetwild_0019.obj,0.999722937742869,1
device_26_tetwild_0020.obj,0.9943112134933472,1
device_26_tetwild_0021.obj,0.9999293287595113,1
device_26_tetwild_0022.obj,0.9999315539995829,1
device_26_tetwild_0023.obj,0.9999454021453857,1
device_27_degenerate_0000.obj,0.9999637405077616,1
device_27_degenerate_0001.obj,0.9999637405077616,1
device_27_degenerate_0002.obj,0.9999637405077616,1
device_27_degenerate_0003.obj,0.9999637405077616,1
device_27_degenerate_0004.obj,0.9999637405077616,1
device_27_degenerate_0005.obj,0.9999637405077616,1
device_27_degenerate_0006.obj,0.9999637405077616,1
device_27_degenerate_0007.obj,0.9999637405077616,1
device_27_degenerate_0008.obj,0.9999637405077616,1
device_27_degenerate_0009.obj,0.9999637405077616,1
device_27_degenerate_0010.obj,0.9999637405077616,1
device_27_degenerate_0011.obj,0.9999637405077616,1
device_27_degenerate_0012.obj,0.9999637405077616,1
device_27_degenerate_0013.obj,0.9999637405077616,1
device_27_degenerate_0014.obj,0.9999637405077616,1
device_27_degenerate_0015.obj,0.9999637405077616,1
device_27_degenerate_0016.obj,0.9999637405077616,1
device_27_degenerate_0017.obj,0.9999637405077616,1
device_27_degenerate_0018.obj,0.9999637405077616,1
device_27_degenerate_0019.obj,0.9999637405077616,1
device_27_degenerate_0020.obj,0.9999637405077616,1
device_27_degenerate_0021.obj,0.9999637405077616,1
device_27_degenerate_0022.obj,0.9999637405077616,1
device_27_degenerate_0023.obj,0.9999637405077616,1
device_27_degenerate_0024.obj,0.9999637405077616,1
device_27_disconnected_0000.obj,0.9999637405077616,1
device_27_disconnected_0001.obj,0.9999637405077616,1
device_27_disconnected_0002.obj,0.9999637405077616,1
device_27_disconnected_0003.obj,0.9999637405077616,1
device_27_disconnected_0004.obj,0.9999637405077616,1
device_27_disconnected_0005.obj,0.9999637405077616,1
device_27_disconnected_0006.obj,0.9999637405077616,1
device_27_disconnected_0007.obj,0.9999637405077616,1
device_27_disconnected_0008.obj,0.9999637405077616,1
device_27_disconnected_0009.obj,0.9999637405077616,1
device_27_disconnected_0010.obj,0.9999637405077616,1
device_27_disconnected_0011.obj,0.9999637405077616,1
device_27_disconnected_0012.obj,0.9999637405077616,1
device_27_disconnected_0013.obj,0.9999637405077616,1
device_27_disconnected_0014.obj,0.9999637405077616,1
device_27_disconnected_0015.obj,0.9999637405077616,1
device_27_disconnected_0016.obj,0.9999637405077616,1
device_27_disconnected_0017.obj,0.9999637405077616,1
device_27_disconnected_0018.obj,0.9999637405077616,1
device_27_disconnected_0019.obj,0.9999637405077616,1
device_27_disconnected_0020.obj,0.9999637405077616,1
device_27_disconnected_0021.obj,0.9999637405077616,1
device_27_disconnected_0022.obj,0.9999637405077616,1
device_27_disconnected_0023.obj,0.9999637405077616,1
device_27_disconnected_0024.obj,0.9999637405077616,1
device_27_faceswap_0000.obj,0.9999374349912008,1
device_27_faceswap_0001.obj,0.9999130566914877,1
device_27_faceswap_0002.obj,0.9999504884084066,1
device_27_faceswap_0003.obj,0.9999566872914633,1
device_27_faceswap_0004.obj,0.9999029437700907,1
device_27_faceswap_0005.obj,0.9999188383420309,1
device_27_faceswap_0006.obj,0.9999378522237142,1
device_27_faceswap_0007.obj,0.9998918175697327,1
device_27_faceswap_0008.obj,0.9999405344327291,1
device_27_faceswap_0009.obj,0.9999569455782572,1
device_27_faceswap_0010.obj,0.9999479452768961,1
device_27_faceswap_0011.obj,0.9999326864878336,1
device_27_faceswap_0012.obj,0.9998658895492554,1
device_27_faceswap_0013.obj,0.9998274445533752,1
device_27_faceswap_0014.obj,0.9999435742696127,1
device_27_faceswap_0015.obj,0.9999534289042155,1
device_27_faceswap_0016.obj,0.999951958656311,1
device_27_faceswap_0017.obj,0.9998929897944132,1
device_27_faceswap_0018.obj,0.9999438524246216,1
device_27_faceswap_0019.obj,0.9999220569928488,1
device_27_faceswap_0020.obj,0.999889612197876,1
device_27_faceswap_0021.obj,0.9999523957570394,1
device_27_faceswap_0022.obj,0.9999320109685262,1
device_27_faceswap_0023.obj,0.9999597469965616,1
device_27_faceswap_0024.obj,0.9999388853708903,1
device_27_jitter_0000.obj,0.999927302201589,1
device_27_jitter_0001.obj,0.9999681115150452,1
device_27_jitter_0002.obj,0.999966045220693,1
device_27_jitter_0003.obj,0.9999627470970154,1
device_27_jitter_0004.obj,0.9999659458796183,1
device_27_jitter_0005.obj,0.9999669194221497,1
device_27_jitter_0006.obj,0.9999706347783407,1
device_27_jitter_0007.obj,0.9999648332595825,1
device_27_jitter_0008.obj,0.999964694182078,1
device_27_jitter_0009.obj,0.9999657273292542,1
device_27_jitter_0010.obj,0.9999648531277975,1
device_27_jitter_0011.obj,0.9999609589576721,1
device_27_jitter_0012.obj,0.9999625086784363,1
device_27_jitter_0013.obj,0.999962568283081,1
device_27_jitter_0014.obj,0.9999666611353556,1
device_27_jitter_0015.obj,0.9999282956123352,1
device_27_jitter_0016.obj,0.9999642372131348,1
device_27_jitter_0017.obj,0.9999628861745199,1
device_27_jitter_0018.obj,0.999962051709493,1
device_27_jitter_0019.obj,0.9999649326006571,1
device_27_jitter_0020.obj,0.9999539653460184,1
device_27_jitter_0021.obj,0.9999720255533854,1
device_27_jitter_0022.obj,0.9999634226163229,1
device_27_jitter_0023.obj,0.9999619722366333,1
device_27_jitter_0024.obj,0.9999703566233317,1
device_27_rigid_0000.obj,0.9999637405077616,1
device_27_rigid_0001.obj,0.9999637405077616,1
device_27_rigid_0002.obj,0.9999637405077616,1
device_27_rigid_0003.obj,0.9999637405077616,1
device_27_rigid_0004.obj,0.9999637405077616,1
device_27_rigid_0005.obj,0.9999637405077616,1
device_27_rigid_0006.obj,0.9999637405077616,1
device_27_rigid_0007.obj,0.9999637405077616,1
device_27_rigid_0008.obj,0.9999637405077616,1
device_27_rigid_0009.obj,0.9999637405077616,1
device_27_rigid_0010.obj,0.9999637405077616,1
device_27_rigid_0011.obj,0.9999637405077616,1
device_27_rigid_0012.obj,0.9999637405077616,1
device_27_rigid_0013.obj,0.9999637405077616,1
device_27_rigid_0014.obj,0.9999637405077616,1
device_27_rigid_0015.obj,0.9999637405077616,1
device_27_rigid_0016.obj,0.9999637405077616,1
device_27_rigid_0017.obj,0.9999637405077616,1
device_27_rigid_0018.obj,0.9999637405077616,1
device_27_rigid_0019.obj,0.9999637405077616,1
device_27_rigid_0020.obj,0.9999637405077616,1
device_27_rigid_0021.obj,0.9999637405077616,1
device_27_rigid_0022.obj,0.9999637405077616,1
device_27_rigid_0023.obj,0.9999637405077616,1
device_27_rigid_0024.obj,0.9999637405077616,1
device_27_tetwild_0000.obj,0.9988080660502116,1
device_27_tetwild_0001.obj,0.9999298652013143,1
device_27_tetwild_0002.obj,0.9999263683954874,1
device_27_tetwild_0003.obj,0.9998892347017924,1
device_27_tetwild_0004.obj,0.9999092618624369,1
device_27_tetwild_0005.obj,0.9995582699775696,1
device_27_tetwild_0006.obj,0.9999016125996908,1
device_27_tetwild_0007.obj,0.9984032511711121,1
device_27_tetwild_0008.obj,0.9998007416725159,1
device_27_tetwild_0009.obj,0.9998385310173035,1
device_27_tetwild_0010.obj,0.9998104969660441,1
device_27_tetwild_0011.obj,0.9999086459477743,1
device_27_tetwild_0012.obj,0.9998999834060669,1
device_27_tetwild_0013.obj,0.9992980559666952,1
device_27_tetwild_0014.obj,0.9999080896377563,1
device_27_tetwild_0015.obj,0.999370257059733,1
device_27_tetwild_0016.obj,0.9999345739682516,1
device_27_tetwild_0017.obj,0.999858021736145,1
device_27_tetwild_0018.obj,0.9997848272323608,1
device_27_tetwild_0019.obj,0.9996090730031332,1
device_27_tetwild_0020.obj,0.9998425841331482,1
device_27_tetwild_0021.obj,0.9998823602994283,1
device_27_tetwild_0022.obj,0.9996516307195028,1
device_27_tetwild_0023.obj,0.9995237986246744,1
device_27_tetwild_0024.obj,0.9997936487197876,1
