name,score,label
abc_00000020_ad34a3f60c4a4caa99646600_trimesh_000.obj,0.38651812240668754,0
abc_00000027_ad34a3f60c4a4caa99646600_trimesh_007.obj,0.3134000639183674,0
abc_00000032_ad34a3f60c4a4caa99646600_trimesh_012.obj,0.35509042356728593,0
abc_00000061_767e4372b5f94a88a7a17d90_trimesh_002.obj,0.1414581316552181,0
abc_00000063_767e4372b5f94a88a7a17d90_trimesh_004.obj,0.0794253418412475,0
abc_00000066_767e4372b5f94a88a7a17d90_trimesh_007.obj,0.37991540894708953,0
abc_00000098_72cf0f9ca5324822a4d41a80_trimesh_000.obj,0.05804701556196839,0
abc_00000129_e18c7feacfb54f3880659b43_trimesh_004.obj,0.3131078716463033,0
abc_00000130_e18c7feacfb54f3880659b43_trimesh_005.obj,0.3131078716463054,0
abc_00000134_1418f3c3ca954e799c8860af_trimesh_000.obj,0.14590068264403563,0
abc_00000140_2fc54fcd110d4f49969163c4_trimesh_003.obj,0.41386662635077237,0
abc_00000154_a951550b8a1043a68423c541_trimesh_004.obj,0.08804896769514126,0
abc_00000161_a583c6c3cdc143bab3f6c856_trimesh_000.obj,0.05031438042272958,0
abc_00000168_bfdc19149a8b4e72b3d0f5c5_trimesh_000.obj,0.2830786079067977,0
abc_00000172_b21aa794b6b64d87a57c245e_trimesh_002.obj,0.07110347802360195,0
abc_00000243_4829bc0645d6414d9b5cec31_trimesh_006.obj,0.3982851806336093,0
abc_00000259_845fb06d7f2f4802a806a600_trimesh_004.obj,0.37523376452417634,0
abc_00000267_845fb06d7f2f4802a806a600_trimesh_012.obj,0.07307670802733765,0
abc_00000269_845fb06d7f2f4802a806a600_trimesh_014.obj,0.5664050967890516,0
abc_00000280_5a6ef3285b89452ea6b390e7_trimesh_001.obj,0.27650965488069856,0
abc_00000291_58f8ff46b7564e989f9695b7_trimesh_004.obj,0.28435795359839844,0
abc_00000295_52a153d2417747b5926ff9df_trimesh_000.obj,0.27135241165701945,0
abc_00000296_52a153d2417747b5926ff9df_trimesh_001.obj,0.3436862907266657,0
abc_00000318_3062bccff48e47a2b9de05e3_trimesh_013.obj,0.0329755302160559,0
abc_00000329_12a935cd9b684f879c0505fe_trimesh_000.obj,0.3555692070892092,0
abc_00000336_1a821c3883f7459a9615fca4_trimesh_000.obj,0.36135469828019556,0
abc_00000342_fe70be720f7e49fa90ded969_trimesh_001.obj,0.11037907064921333,0
abc_00000352_4185972a944744d8a7a0f2b4_trimesh_008.obj,0.36213550695728913,0
abc_00000355_68d1a5c2319a4a419ff625c6_trimesh_001.obj,0.039423914469321496,0
abc_00000357_68d1a5c2319a4a419ff625c6_trimesh_003.obj,0.3871106085655832,0
abc_00000361_9ee540a56d79451e8026e1e6_trimesh_003.obj,0.1486874265881802,0
abc_00000362_9ee540a56d79451e8026e1e6_trimesh_004.obj,0.26124904255318493,0
abc_00000369_23c957e8e7b2428282a13ae2_trimesh_002.obj,0.41785369749297563,0
abc_00000377_23c957e8e7b2428282a13ae2_trimesh_010.obj,0.3624056983668445,0
abc_00000378_23c957e8e7b2428282a13ae2_trimesh_011.obj,0.3333803210718472,0
abc_00000399_2a4de304cbd9449ba073b442_trimesh_003.obj,0.11262367519082221,0
abc_00000420_bd0972033f464f8f961a150a_trimesh_001.obj,1.982608457726511e-05,0
abc_00000461_516b1784884d4facbc4c0d74_trimesh_009.obj,0.35470388043864337,0
abc_00000486_a7d0c851b5f24a97a7cac950_trimesh_003.obj,0.39892321773973555,0
abc_00000500_5499914343bd4f549b38046d_trimesh_001.obj,0.19460929891078818,0
abc_00000501_5499914343bd4f549b38046d_trimesh_002.obj,0.16197097838595487,0
abc_00000526_f9d6559308dc4c85aab9fa38_trimesh_000.obj,0.29815854906916156,0
abc_00000541_ee945ee6b30a473d9b86447f_trimesh_000.obj,0.2877553854755751,0
abc_00000566_2f2b015ef4904c1caef56154_trimesh_000.obj,0.15928135292243342,0
abc_00000611_04e799936ae446b9a3d8d2b8_trimesh_002.obj,2.370343397841932e-14,0
abc_00000616_c710d414bbbc4340b682c58a_trimesh_002.obj,8.217723696352309e-06,0
abc_00000632_4f322b34e87c43289916c298_trimesh_001.obj,0.13024211846610362,0
abc_00000655_d87d11d9c3ca4ee5a88797ae_trimesh_003.obj,0.3358123888733915,0
abc_00000660_6fae5591b3034f949b7e8eae_trimesh_001.obj,0.03190619109206077,0
abc_00000694_45f6100bfa3948e69405bb21_trimesh_000.obj,0.0453733159594148,0
abc_00000711_7ad02ca9009d40fd8c345639_trimesh_000.obj,0.38159925887572954,0
abc_00000714_7ad02ca9009d40fd8c345639_trimesh_003.obj,0.36204506254366703,0
abc_00000719_4332e25d10a247f084c68cba_trimesh_002.obj,0.026917131693649617,0
abc_00000733_4a23e5ff37ae4a19b5c7859d_trimesh_000.obj,0.43614139565370585,0
abc_00000746_6cb3ddbb49974d7db0e97135_trimesh_001.obj,0.39044370895776137,0
abc_00000752_6f0d90054d40400593050930_trimesh_001.obj,0.05931188623947834,0
abc_00000806_05cadeb104be4c8aa75ccc71_trimesh_000.obj,1.1057844062386422e-14,0
abc_00000813_36e6258346004cabb4c091b2_trimesh_001.obj,1.5464038445153628e-14,0
abc_00000818_6bbad2756d7845bd8d731d60_trimesh_000.obj,9.338090586534798e-15,0
abc_00000848_2c1efcc32d094e9fb9e1a88e_trimesh_008.obj,0.3068250762761695,0
abc_00000850_2c1efcc32d094e9fb9e1a88e_trimesh_010.obj,0.020018072858256998,0
abc_00000852_2c1efcc32d094e9fb9e1a88e_trimesh_012.obj,0.3470207406661723,0
abc_00000854_2c1efcc32d094e9fb9e1a88e_trimesh_014.obj,0.03596294382003881,0
abc_00000862_029c2575dd474650ba1b8d21_trimesh_002.obj,0.3532827684554891,0
abc_00000873_029c2575dd474650ba1b8d21_trimesh_013.obj,0.0028889439582819314,0
abc_00000876_029c2575dd474650ba1b8d21_trimesh_016.obj,0.016331930205985484,0
abc_00000878_029c2575dd474650ba1b8d21_trimesh_018.obj,0.5065507792927039,0
abc_00000883_029c2575dd474650ba1b8d21_trimesh_023.obj,0.01286259446096063,0
abc_00000889_e2d3a4dc5f7c438bb240e9d1_trimesh_000.obj,0.2919147285608275,0
abc_00000912_c9400dcd7ae9428caffe2204_trimesh_005.obj,0.3862531843604105,0
abc_00000948_f297a24e1a4446cf9d74efd9_trimesh_007.obj,0.5393338195468134,0
abc_00000949_f297a24e1a4446cf9d74efd9_trimesh_008.obj,0.31583057653256813,0
abc_00000954_a741c7966d2c40a8a511263e_trimesh_000.obj,0.4444478172134339,0
abc_00000984_0dd1386597104265ab67e6cf_trimesh_007.obj,0.19646184075911743,0
abc_00000993_ac4ba032d4b5431ca04f542c_trimesh_000.obj,0.1326969915927492,0
abc_00000994_ac4ba032d4b5431ca04f542c_trimesh_001.obj,0.19506954420159764,0
abc_00001024_21adcacb9707488ea6655fd2_trimesh_000.obj,8.876566033117797e-15,0
abc_00001030_cde47df6e28543d1b434f206_trimesh_002.obj,0.3311808794399618,0
abc_00001037_be3ed2c9696e4e6a91b34f79_trimesh_002.obj,0.4575514855009741,0
abc_00001049_2b2638f82b3946b1867f2d11_trimesh_005.obj,0.09790101692116951,0
abc_00001129_c2db313c2ce749d784c610d2_trimesh_001.obj,0.36370328054671613,0
abc_00001173_0889c458f3f74dc288d2d531_trimesh_004.obj,0.09443898834341377,0
abc_00001192_c69a73fe64c84fa5a34c9f79_trimesh_000.obj,0.2908040119927355,0
abc_00001210_4be610c137ba42ae9933e69b_trimesh_000.obj,0.27526390010826923,0
abc_00001212_4be610c137ba42ae9933e69b_trimesh_002.obj,0.2766220163594905,0
abc_00001225_5b328344bcd7429b89dba948_trimesh_000.obj,0.3423965621162119,0
abc_00001245_96503b6a26c64074ad598927_trimesh_007.obj,0.38101144378078455,0
abc_00001246_96503b6a26c64074ad598927_trimesh_008.obj,0.3903235053539803,0
abc_00001247_96503b6a26c64074ad598927_trimesh_009.obj,0.2766976241255008,0
abc_00001249_96503b6a26c64074ad598927_trimesh_011.obj,0.44227189018548935,0
abc_00001289_b53ece83d8964b44bbf1f8ed_trimesh_025.obj,0.2537415702152591,0
abc_00001345_d8d97699a52842539e08d117_trimesh_003.obj,0.43466029545647866,0
abc_00001376_2e314c6e080b40fcb6a6db96_trimesh_019.obj,0.3757556077904978,0
abc_00001386_be5d90220c204022acecd5f5_trimesh_000.obj,0.29799462839532054,0
abc_00001389_21b525da345e4e62aebd906b_trimesh_000.obj,0.3652772739313308,0
abc_00001401_49414db2dd594dc6a3907cf3_trimesh_004.obj,0.384215178352761,0
abc_00001402_49414db2dd594dc6a3907cf3_trimesh_005.obj,0.10645623777916714,0
abc_00001403_49414db2dd594dc6a3907cf3_trimesh_006.obj,0.4003563714665659,0
abc_00001404_49414db2dd594dc6a3907cf3_trimesh_007.obj,0.02893293085802773,0
abc_00001417_a45f6c99e2154f3b94955175_trimesh_001.obj,0.3715498459783213,0
abc_00001432_a45f6c99e2154f3b94955175_trimesh_016.obj,0.20582188320096784,0
abc_00001450_a45f6c99e2154f3b94955175_trimesh_034.obj,0.3399259124021382,0
abc_00001468_a45f6c99e2154f3b94955175_trimesh_052.obj,2.0808341999762538e-14,0
abc_00001469_a45f6c99e2154f3b94955175_trimesh_053.obj,2.3426916116343974e-14,0
abc_00001486_a45f6c99e2154f3b94955175_trimesh_070.obj,0.2978039092157179,0
abc_00001490_6c8ef6d2f5564d139a5077f8_trimesh_001.obj,0.312109785913706,0
abc_00001495_6c8ef6d2f5564d139a5077f8_trimesh_006.obj,0.2662979313593366,0
abc_00001497_eb4e2b01aaca4131bfc64adb_trimesh_001.obj,0.38964691026934556,0
abc_00001500_eb4e2b01aaca4131bfc64adb_trimesh_004.obj,0.4063607857813732,0
abc_00001517_5696c053883042c4b316adf0_trimesh_001.obj,0.41123704728287575,0
abc_00001535_e1d62958d7ca4ad18fefd54d_trimesh_002.obj,0.10410076483216793,0
abc_00001542_e1d62958d7ca4ad18fefd54d_trimesh_009.obj,0.07230515401010633,0
abc_00001550_a94d978cf62948ce80b417a9_trimesh_000.obj,0.2951226607734728,0
abc_00001560_b76a69da5d3445f9bf397a98_trimesh_000.obj,0.5673202097763045,0
abc_00001563_2e9dc7e9a1a54dd7ab901478_trimesh_000.obj,0.45878762254532385,0
abc_00001567_9280741c840d4aa1af32658e_trimesh_002.obj,0.2031569033673478,0
abc_00001598_c118664e9f6f4943855293fa_trimesh_000.obj,1.3625650103670313e-14,0
abc_00001600_c118664e9f6f4943855293fa_trimesh_002.obj,2.840280580446231e-14,0
abc_00001614_8c3b97c1382c43bab3eb1b48_trimesh_002.obj,0.33592883628675796,0
abc_00001628_403be38599f04115b74521a6_trimesh_000.obj,0.43319848847645887,0
abc_00001630_c1de5979807b4b6a8c5b0e49_trimesh_001.obj,0.4095896717275894,0
abc_00001649_07f31e6ec73a4ba68df19f1f_trimesh_002.obj,0.3429280226033682,0
abc_00001665_2d7a230277ef4271b7ffd737_trimesh_000.obj,0.23483954574634647,0
abc_00001677_de1d70dc0e3b4652b6cfce4f_trimesh_004.obj,0.19026534738749726,0
abc_00001679_de1d70dc0e3b4652b6cfce4f_trimesh_006.obj,0.27738590941015534,0
abc_00001683_41da72eee5ca4a5492178124_trimesh_000.obj,0.05903155522181647,0
abc_00001694_2d229d781dc9461a9375c9af_trimesh_003.obj,0.27681680138039716,0
abc_00001703_46556a3837274c098a5fc60a_trimesh_000.obj,0.22129027665995116,0
abc_00001705_46556a3837274c098a5fc60a_trimesh_002.obj,0.3300597741776516,0
abc_00001722_ad7be758db3641a5a3e62d00_trimesh_000.obj,0.42095069876885244,0
abc_00001729_2e4d39f311304cfcab975e6a_trimesh_002.obj,0.18140380971093747,0
abc_00001735_ee1c39157f2e4a089c90e7e8_trimesh_000.obj,0.46526203736534627,0
abc_00001736_58088030d4b7419b8ad214f6_trimesh_000.obj,5.634769211615345e-15,0
abc_00001749_74905c964c8c4708bf6e2e44_trimesh_012.obj,0.30180222442771004,0
abc_00001779_b8592e9925204df1805bd0c3_trimesh_004.obj,0.2392255407317588,0
abc_00001794_23e6efbdae254d48b914d347_trimesh_012.obj,0.3937154419212615,0
abc_00001805_23e6efbdae254d48b914d347_trimesh_023.obj,0.0006386568936218236,0
abc_00001812_eb80cc3405004d2aadfec0d3_trimesh_001.obj,0.23314842007950648,0
abc_00001813_eb80cc3405004d2aadfec0d3_trimesh_002.obj,0.33612706030254313,0
abc_00001828_f8ce225b03b045e1a8743a75_trimesh_000.obj,0.15086774620791996,0
abc_00001830_9588ed6efa3c45dca239e256_trimesh_000.obj,0.36603475028892124,0
abc_00001858_161dbdd1389245c6aa183461_trimesh_001.obj,0.014604878583717227,0
abc_00001871_e6274ed08407419d8a719730_trimesh_001.obj,0.12572769518883323,0
abc_00001876_7dff003bccb549eca063340e_trimesh_002.obj,0.08296659033682276,0
abc_00001877_7dff003bccb549eca063340e_trimesh_003.obj,0.42555482009905565,0
abc_00001879_7dff003bccb549eca063340e_trimesh_005.obj,0.13133300771911469,0
abc_00001881_7dff003bccb549eca063340e_trimesh_007.obj,0.051945030948041745,0
abc_00001885_7dff003bccb549eca063340e_trimesh_011.obj,0.3407259008169231,0
abc_00001894_7dff003bccb549eca063340e_trimesh_020.obj,0.37699869547458287,0
abc_00001895_7dff003bccb549eca063340e_trimesh_021.obj,0.37556127474963175,0
abc_00001905_84deecba8b6449b5988f2e56_trimesh_001.obj,0.07224860389906557,0
abc_00001906_84deecba8b6449b5988f2e56_trimesh_002.obj,0.1333131291932209,0
abc_00001909_84deecba8b6449b5988f2e56_trimesh_005.obj,0.2559808867889676,0
abc_00001913_9912faaee57b4176b1deb5d4_trimesh_001.obj,0.20958057647479905,0
abc_00001924_bad445004ddc447b83171224_trimesh_003.obj,0.3280661921880218,0
abc_00001926_bad445004ddc447b83171224_trimesh_005.obj,0.29162273409359235,0
abc_00001931_d686c9d7503a42478530b382_trimesh_000.obj,0.13667561152413413,0
abc_00001969_72af61802aeb4e91b1b1b37b_trimesh_000.obj,0.1725369743544326,0
abc_00001984_72af61802aeb4e91b1b1b37b_trimesh_015.obj,0.2600508113977727,0
abc_00001992_79a5e839b001428dbc772925_trimesh_000.obj,0.2796221248058053,0
abc_00001998_b53d499a5d5c42dfade565bf_trimesh_000.obj,0.00534291968671059,0
abc_00002008_be2dc79cac834a8895f8aa60_trimesh_000.obj,0.19606824418916777,0
abc_00002023_f024db94f83d4bbb94358624_trimesh_000.obj,0.4266904860866356,0
abc_00002056_fb7d8749f7824fc9a0b49831_trimesh_000.obj,0.3571598331934128,0
abc_00002065_ec9ce2bb0d20437dad4533a2_trimesh_001.obj,0.2835126849761986,0
abc_00002066_ec9ce2bb0d20437dad4533a2_trimesh_002.obj,0.06650779251255377,0
abc_00002067_4ad58d9a4088415b9e0dbf18_trimesh_000.obj,0.3085907517183335,0
abc_00002138_05091350f8cd4cdda2981cab_trimesh_008.obj,0.03442210955560875,0
abc_00002153_b82d66be3f1244d1a6e9b75a_trimesh_000.obj,0.2755503479524756,0
abc_00002155_cde1f6a0f70c4897a0016114_trimesh_000.obj,0.33047285406656046,0
abc_00002165_af3af6b131e747f38dbcb2c5_trimesh_000.obj,0.32251208875659565,0
abc_00002169_af3af6b131e747f38dbcb2c5_trimesh_004.obj,0.3418731783655775,0
abc_00002195_c66535496d9741e3baa4a85c_trimesh_001.obj,0.2533703035538094,0
abc_00002223_e38471b78a2f45118e2e8a1e_trimesh_003.obj,0.27715985887579364,0
abc_00002235_c0346d7e928247129c7f105e_trimesh_000.obj,0.38405131476719184,0
abc_00002237_70fc984390f94560b7b9dafa_trimesh_000.obj,0.07228666103032373,0
abc_00002257_ee36ce2e0fc6420195435501_trimesh_000.obj,0.3381141230667197,0
abc_00002262_ee36ce2e0fc6420195435501_trimesh_005.obj,0.2791511397858441,0
abc_00002275_d78016eb44004ecb82bdbaa7_trimesh_000.obj,0.14504287041313946,0
abc_00002280_d78016eb44004ecb82bdbaa7_trimesh_005.obj,0.14187973807825094,0
abc_00002283_d78016eb44004ecb82bdbaa7_trimesh_008.obj,0.2805624193962744,0
abc_00002287_008ac7621b8c4a199f5780f1_trimesh_000.obj,0.17884622543491588,0
abc_00002291_121bc109bb5a40869e7cb6e3_trimesh_000.obj,0.3187379980676347,0
abc_00002298_e81bd6e8eea447f9ad6f246d_trimesh_000.obj,5.950369959193186e-15,0
abc_00002301_4809f34e75cd44d393946d41_trimesh_001.obj,0.017938537395829953,0
abc_00002306_4809f34e75cd44d393946d41_trimesh_006.obj,0.2876918521495984,0
abc_00002321_1e1145d05fff4ed3934ed4df_trimesh_000.obj,0.4216396532698458,0
abc_00002333_f48c116e43104b4bb10898e9_trimesh_002.obj,0.3982045462263815,0
abc_00002334_f48c116e43104b4bb10898e9_trimesh_003.obj,0.41947513321909785,0
abc_00002335_f48c116e43104b4bb10898e9_trimesh_004.obj,0.25897090694838504,0
abc_00002338_a60f038f2b574004ad1f6f50_trimesh_000.obj,0.3926472992247596,0
abc_00002340_f5a5af9c002e4bfba983a31d_trimesh_001.obj,0.160923182834069,0
abc_00002347_634ba60fb4fc40f89c56cb4a_trimesh_004.obj,1.51758374057185e-14,0
abc_00002364_470c2865307645c78ae7a0cb_trimesh_007.obj,0.5125574399215933,0
abc_00002366_470c2865307645c78ae7a0cb_trimesh_009.obj,0.25116731210920995,0
abc_00002407_c13dc1fdb43348c4a4298958_trimesh_004.obj,0.293795941314854,0
abc_00002409_c13dc1fdb43348c4a4298958_trimesh_006.obj,0.14187973807825716,0
abc_00002412_50cd9407596747729fc8d773_trimesh_001.obj,0.16517006753905908,0
abc_00002418_f439002a18b84d8798439932_trimesh_002.obj,0.3211815497832546,0
abc_00002438_179a8df075c94d0596b1f20d_trimesh_007.obj,2.1554444046211114e-14,0
abc_00002443_ece945968068453ab36dc00a_trimesh_000.obj,0.38329511719289633,0
abc_00002450_8c12611557a543f99907ee82_trimesh_000.obj,0.3340659231865985,0
abc_00002455_7d5c3882272742b980293bcd_trimesh_000.obj,0.0207550990099795,0
abc_00002459_86f90a9ff5c5414cba6b0b14_trimesh_000.obj,0.30787698587848433,0
abc_00002478_4e29879a16ed4dadab2750bc_trimesh_003.obj,2.625976175769543e-14,0
abc_00002481_6eda6b73d6ea4472bea05e8f_trimesh_001.obj,0.24253889478632346,0
abc_00002496_61afe52ce5764b8bb0531667_trimesh_003.obj,0.24287892849771736,0
abc_00002498_a6da4aea6b0047b6abb890a7_trimesh_000.obj,0.2839804117607282,0
abc_00002505_e6ff054993ae478686179d0f_trimesh_001.obj,0.29291922955497895,0
abc_00002530_8d3bbea092534341a45dd40c_trimesh_000.obj,0.35487048226958434,0
abc_00002533_6f7f8f03941c4d5d8882c21a_trimesh_001.obj,0.03956678696106066,0
abc_00002572_800b457b0b614ceabc56bdea_trimesh_000.obj,0.17458398295630917,0
abc_00002577_8556c200606545a8bcf28a5e_trimesh_000.obj,0.2769762228511329,0
abc_00002610_770f033464d542f88ec04d0f_trimesh_004.obj,0.4233208444525294,0
abc_00002612_770f033464d542f88ec04d0f_trimesh_006.obj,0.27442525878562835,0
abc_00002616_0f526e008933416b8fbfdc0e_trimesh_000.obj,0.17999767946341885,0
abc_00002626_89e4911a99ba40bfa29de7c4_trimesh_005.obj,0.21489220346325574,0
abc_00002646_b018db4e207246979202dbc2_trimesh_000.obj,0.20558229793241314,0
abc_00002648_407d3a51eb214752976de9e9_trimesh_001.obj,0.3857062365160365,0
abc_00002649_d97b4345cb5b41b4b6729b21_trimesh_000.obj,0.23652368304393487,0
abc_00002653_185cf3437add427ba643feb3_trimesh_000.obj,0.16594606444082036,0
abc_00002665_f161f588b3fc4bd39c387901_trimesh_000.obj,0.37175338257431395,0
abc_00002678_5e64117cf77b4072b9b1ab29_trimesh_001.obj,0.4739229148748477,0
abc_00002680_5e64117cf77b4072b9b1ab29_trimesh_003.obj,0.3299995182200847,0
abc_00002682_5e64117cf77b4072b9b1ab29_trimesh_005.obj,0.23967123175337574,0
abc_00002690_294dc55ca19943afbe7b9ca2_trimesh_000.obj,0.0011945865864725588,0
abc_00002695_57d0ed693e5f43db94b48a6c_trimesh_004.obj,0.2963221392918938,0
abc_00002698_57d0ed693e5f43db94b48a6c_trimesh_007.obj,0.36080122505018586,0
abc_00002706_57d0ed693e5f43db94b48a6c_trimesh_015.obj,0.2521573084298759,0
abc_00002712_6aaf2a59f56d47e4a209d1b5_trimesh_000.obj,0.16869195005662782,0
abc_00002728_98d8f78b1bb5495f9a193852_trimesh_014.obj,0.47612473333298166,0
abc_00002730_98d8f78b1bb5495f9a193852_trimesh_016.obj,0.1258994793844366,0
abc_00002786_2150a50d7ae54ec1ab562d25_trimesh_012.obj,3.003572059458086e-16,0
abc_00002800_a13cab04d1224f3badc910a3_trimesh_000.obj,0.15902015050269191,0
abc_00002840_b108e5f7e4f34918bd31b5de_trimesh_000.obj,0.09375573977073404,0
abc_00002853_fd92ba86ea354cce817faf60_trimesh_000.obj,0.3736752363251519,0
abc_00002855_86a580f378754e7ea677bb55_trimesh_000.obj,0.01639250085966401,0
abc_00002859_0b97dd9849a14df99ab286a8_trimesh_002.obj,0.3702752630841469,0
abc_00002876_441b788f697449128e3c8032_trimesh_009.obj,0.3511178916520054,0
abc_00002885_e435fac25ee84f3697893a36_trimesh_001.obj,0.3946401472134451,0
abc_00002899_635bf5c85753420fbc65a4c5_trimesh_001.obj,0.38780687720355506,0
abc_00002919_bc8a6e930c404316833d09a5_trimesh_004.obj,0.0017965555807555119,0
abc_00002958_1212f04812bc4821bfd87412_trimesh_002.obj,0.3457837783433031,0
abc_00002965_1212f04812bc4821bfd87412_trimesh_009.obj,0.30761812209492234,0
abc_00002966_1212f04812bc4821bfd87412_trimesh_010.obj,0.021580876090625627,0
abc_00002984_c80dedb4f61e401889b609e2_trimesh_000.obj,0.16980936822980405,0
abc_00003008_42b012d55efa4bd480adc003_trimesh_000.obj,0.3839388156764231,0
abc_00003027_623a6f12d0724d62a351e2a1_trimesh_014.obj,0.008115026944202968,0
abc_00003036_623a6f12d0724d62a351e2a1_trimesh_023.obj,5.861818257581322e-05,0
abc_00003043_623a6f12d0724d62a351e2a1_trimesh_030.obj,0.17934022600487606,0
abc_00003049_623a6f12d0724d62a351e2a1_trimesh_036.obj,0.29060040867114545,0
abc_00003059_623a6f12d0724d62a351e2a1_trimesh_046.obj,0.35798937581247486,0
abc_00003071_a7d9266fc0a542148831dbb5_trimesh_000.obj,0.31292037987228166,0
abc_00003072_a7d9266fc0a542148831dbb5_trimesh_001.obj,0.3717774533492264,0
abc_00003073_a7d9266fc0a542148831dbb5_trimesh_002.obj,0.18584124531604485,0
abc_00003075_a7d9266fc0a542148831dbb5_trimesh_004.obj,0.37144983357695954,0
abc_00003095_5b5eaab14b374d1992e2fe9e_trimesh_008.obj,0.41354474904092287,0
abc_00003118_9212fac3cdd24372892212d1_trimesh_018.obj,0.1976285332737009,0
abc_00003124_89e6a825d21e4fafaa8b314a_trimesh_000.obj,0.28814586303617923,0
abc_00003143_bb4de5fef0c444bf9cde6caf_trimesh_000.obj,2.2925181243304964e-14,0
abc_00003151_9a1eacce39a7456ba698b8ff_trimesh_000.obj,0.2381275784031639,0
abc_00003156_dc2953ffcb9b4720b6486292_trimesh_000.obj,0.1695078407967272,0
abc_00003159_e08de079271d427e8898090c_trimesh_001.obj,0.4756275963644231,0
abc_00003198_7bec57689ee04fb4aecca452_trimesh_003.obj,0.42921508743825065,0
abc_00003199_7bec57689ee04fb4aecca452_trimesh_004.obj,0.47547822914827825,0
abc_00003203_7bec57689ee04fb4aecca452_trimesh_008.obj,0.3906666955559351,0
abc_00003210_7bec57689ee04fb4aecca452_trimesh_015.obj,0.1327769208406659,0
abc_00003219_04893ba73e6f4c298353bb57_trimesh_000.obj,0.4353099514617384,0
abc_00003220_04893ba73e6f4c298353bb57_trimesh_001.obj,0.3995480271022961,0
abc_00003232_96b00fb447eb427290194a85_trimesh_002.obj,1.9266634147819508e-14,0
abc_00003245_64bf0eb2d82b4b9aac59e530_trimesh_009.obj,7.424639316787092e-15,0
abc_00003260_31738bd32847475590f7ef21_trimesh_000.obj,0.2437336992841626,0
abc_00003265_85a3fae4f6be46b9a1c7c5df_trimesh_001.obj,0.16227368042043502,0
abc_00003283_684f83cd472b461789191511_trimesh_001.obj,0.35958991135318036,0
abc_00003286_684f83cd472b461789191511_trimesh_004.obj,0.3771081769723976,0
abc_00003291_9500471d9e5c4cae8725de9c_trimesh_000.obj,0.2657755590353745,0
abc_00003292_d068cf20730349eba1ada81b_trimesh_000.obj,0.34444152948044143,0
abc_00003294_4c6dd8316dae41b58f49afa2_trimesh_000.obj,0.18547011023865018,0
abc_00003315_0397a0a89fda483c9ea0eea7_trimesh_003.obj,0.3907303117782524,0
abc_00003336_361fb11574184c04a2dc34be_trimesh_000.obj,0.2364443786052206,0
abc_00003338_ba3d8e31b77647b3a32b2e24_trimesh_001.obj,0.4499970491064219,0
abc_00003346_dd2281fd5b874c50b5930664_trimesh_003.obj,0.05005758096954479,0
abc_00003347_ad2574e1c85d4b07afe7076c_trimesh_000.obj,0.4346686235972938,0
abc_00003359_9b231e07646740d3aa893236_trimesh_006.obj,0.23558456292573993,0
abc_00003377_e1bb8b6758e4454a93c2b3e7_trimesh_001.obj,0.007742177759631599,0
abc_00003392_ef8394ce96624d5984cc9e2a_trimesh_000.obj,0.3418103166310989,0
abc_00003395_2dba1a55cece44d888641f5c_trimesh_000.obj,0.34629485781389024,0
abc_00003400_a77cf5d003fc4ab09e843c54_trimesh_002.obj,0.18080409623842064,0
abc_00003408_a77cf5d003fc4ab09e843c54_trimesh_010.obj,0.19244720767554707,0
abc_00003418_86545cc828ee4b3392520977_trimesh_003.obj,0.11100099376091671,0
abc_00003434_a23c770ac676468bac18a14e_trimesh_002.obj,0.36860529638745876,0
abc_00003437_41db336d07d34605b95e17f8_trimesh_000.obj,0.3197299336953975,0
abc_00003456_a51abce06a2e4071ae9cd533_trimesh_007.obj,1.669571913312826e-05,0
abc_00003458_a51abce06a2e4071ae9cd533_trimesh_009.obj,0.30473003567804324,0
abc_00003501_86be4eefc6eb459e9a9370bc_trimesh_005.obj,1.6620000314828906e-14,0
abc_00003524_1a90c3eacd054ae79754b726_trimesh_000.obj,0.4215185882191778,0
abc_00003540_f8a70fd3c80a412bb0c040b9_trimesh_000.obj,0.3835673869293628,0
abc_00003542_f8a70fd3c80a412bb0c040b9_trimesh_002.obj,0.38304910510835616,0
abc_00003564_eda85e7e50824947bc393fff_trimesh_002.obj,0.11720654042384608,0
abc_00003567_eda85e7e50824947bc393fff_trimesh_005.obj,0.43599429633835896,0
abc_00003569_b1a7c5bc57e448b68bfa699c_trimesh_000.obj,0.4022067878368451,0
abc_00003587_08d53a45d78c4d88a2ca2ff3_trimesh_001.obj,0.36475248781053043,0
abc_00003588_b2e8be17a0874c08a01ba1c0_trimesh_000.obj,0.1178612306619159,0
abc_00003633_7ef2498822ef47b796e03092_trimesh_004.obj,0.1922434796275697,0
abc_00003640_809676ace5bb40fea5802468_trimesh_000.obj,0.35721068929565125,0
abc_00003666_ca90483ed4144d6db48c58b6_trimesh_000.obj,0.3438151744199013,0
abc_00003676_a2b0fad560234fbbbe012494_trimesh_001.obj,0.3048956337606675,0
abc_00003679_dd039a28e007439aa01edbad_trimesh_002.obj,0.36184358362349656,0
abc_00003686_5818fd8428ed43a399bce519_trimesh_000.obj,0.0382196698282818,0
abc_00003690_f45beab3d58b42c4b87ee28e_trimesh_000.obj,0.5251749800760117,0
abc_00003712_939d7f2bcd8443da97eddf78_trimesh_000.obj,0.3960478002770554,0
abc_00003731_1d05af96ba5b40bc88f9959f_trimesh_001.obj,0.3112861130663156,0
abc_00003749_1d05af96ba5b40bc88f9959f_trimesh_019.obj,0.32770726754454554,0
abc_00003750_1d05af96ba5b40bc88f9959f_trimesh_020.obj,0.36004373715486754,0
abc_00003765_c781c748bead4016bf75490d_trimesh_001.obj,0.12229910443015511,0
abc_00003778_d1d459383d9b43d59df3de80_trimesh_004.obj,0.3517403464532118,0
abc_00003781_d1d459383d9b43d59df3de80_trimesh_007.obj,0.31358223696264653,0
abc_00003788_d1d459383d9b43d59df3de80_trimesh_014.obj,0.41080760299198044,0
abc_00003801_78fee7c279f441e2939f6833_trimesh_000.obj,0.2994224538780974,0
abc_00003805_83b7cdf86a9a4630a9217b6a_trimesh_002.obj,0.35043376552340644,0
abc_00003807_83b7cdf86a9a4630a9217b6a_trimesh_004.obj,0.36763186493415234,0
abc_00003824_81b3bd441a5a497789f6c818_trimesh_001.obj,0.3966127758063473,0
abc_00003843_4b36a963a4b74718ba5af25b_trimesh_002.obj,0.04971700866753901,0
abc_00003844_4b36a963a4b74718ba5af25b_trimesh_003.obj,0.3146652004296495,0
abc_00003877_29a72d867dcb4b8ca6aa51eb_trimesh_005.obj,0.35896297601071464,0
abc_00003878_29a72d867dcb4b8ca6aa51eb_trimesh_006.obj,0.22818240174250254,0
abc_00003882_29a72d867dcb4b8ca6aa51eb_trimesh_010.obj,1.4885977566814902e-14,0
abc_00003895_0f131d41320541f4928a8004_trimesh_003.obj,0.4118155189289989,0
abc_00003896_0f131d41320541f4928a8004_trimesh_004.obj,0.34836767083032655,0
abc_00003915_1f103ae876d64e4b88f94d77_trimesh_005.obj,0.368767264675891,0
abc_00003919_1f103ae876d64e4b88f94d77_trimesh_009.obj,0.39666287462510147,0
abc_00003920_1f103ae876d64e4b88f94d77_trimesh_010.obj,0.3651436862408527,0
abc_00003956_cb29926b8a244c868ae5ed86_trimesh_006.obj,0.11846999077629573,0
abc_00003957_cb29926b8a244c868ae5ed86_trimesh_007.obj,0.2208617330816647,0
abc_00003960_0ea41122faa643aebd0b25e8_trimesh_000.obj,0.2945083221951747,0
abc_00003974_30214440d29b401c8b860c42_trimesh_009.obj,0.4378387765413896,0
abc_00003988_30214440d29b401c8b860c42_trimesh_023.obj,0.3713793328941834,0
abc_00004006_690490b212df4d5eacc6635c_trimesh_002.obj,0.3869751017443278,0
abc_00004021_690490b212df4d5eacc6635c_trimesh_017.obj,0.3830636728246091,0
abc_00004038_f619073c02f94b0e8502739a_trimesh_003.obj,0.14448533459217633,0
abc_00004062_561b15139c044a0ba3e09633_trimesh_001.obj,0.07631638856169366,0
abc_00004070_99288b53db2442e39f5956e4_trimesh_003.obj,0.31806291920772034,0
abc_00004085_45986d8635e748b49f3d9f7a_trimesh_000.obj,0.1415921387864293,0
abc_00004106_58cfb48e5d6440d28a263e2f_trimesh_001.obj,0.35425593234975084,0
abc_00004131_640a2eb433a34aae908420ed_trimesh_001.obj,0.06904247351085288,0
abc_00004132_640a2eb433a34aae908420ed_trimesh_002.obj,0.19553058100294132,0
abc_00004134_640a2eb433a34aae908420ed_trimesh_004.obj,0.43929565476705557,0
abc_00004138_640a2eb433a34aae908420ed_trimesh_008.obj,0.41757903509730404,0
abc_00004156_a051c8775c1b4f7e94096d2c_trimesh_001.obj,0.4939845034209008,0
abc_00004226_b75d70544ce4433fa538f2a2_trimesh_008.obj,1.5117275416117197e-05,0
abc_00004253_ee78e0a2efef4b598e976993_trimesh_006.obj,0.3317510530814663,0
abc_00004256_ee78e0a2efef4b598e976993_trimesh_009.obj,0.25479540225553154,0
abc_00004258_ee78e0a2efef4b598e976993_trimesh_011.obj,0.25730703970591234,0
abc_00004279_f69bf34d6f7e4eb887450aa2_trimesh_005.obj,0.5245574035872045,0
abc_00004280_f69bf34d6f7e4eb887450aa2_trimesh_006.obj,0.292462783457782,0
abc_00004283_f69bf34d6f7e4eb887450aa2_trimesh_009.obj,0.16582016564954907,0
abc_00004286_f69bf34d6f7e4eb887450aa2_trimesh_012.obj,0.49358212977694754,0
abc_00004293_00e12f076c9f44728924a007_trimesh_005.obj,0.11049444260772955,0
abc_00004296_00e12f076c9f44728924a007_trimesh_008.obj,6.917367357083744e-05,0
abc_00004306_00e12f076c9f44728924a007_trimesh_018.obj,0.2347499993193582,0
abc_00004313_00e12f076c9f44728924a007_trimesh_025.obj,0.29268564923303253,0
abc_00004323_00e12f076c9f44728924a007_trimesh_035.obj,0.22433428934717217,0
abc_00004342_c290684bc7264c05b2054a59_trimesh_003.obj,0.29672123723014227,0
abc_00004346_c290684bc7264c05b2054a59_trimesh_007.obj,0.337228181044441,0
abc_00004355_c290684bc7264c05b2054a59_trimesh_016.obj,0.034709615251013626,0
abc_00004386_d82c8accf5f948f9b9935f36_trimesh_000.obj,0.4475526405137531,0
abc_00004389_478cd71be49144f0bb3ff944_trimesh_000.obj,0.2876149425837636,0
abc_00004393_147a0707012c4408b79a6041_trimesh_003.obj,0.30599191091376704,0
abc_00004396_af6d85fa924447d6a5d0db39_trimesh_001.obj,0.3054977219021395,0
abc_00004397_af6d85fa924447d6a5d0db39_trimesh_002.obj,0.40782060215598637,0
abc_00004398_af6d85fa924447d6a5d0db39_trimesh_003.obj,0.3688226236413969,0
abc_00004408_2f3c47ebc0054b4f8e0e4cf4_trimesh_006.obj,0.4140165712606792,0
abc_00004415_2f3c47ebc0054b4f8e0e4cf4_trimesh_013.obj,0.24151555149718895,0
abc_00004420_2f3c47ebc0054b4f8e0e4cf4_trimesh_018.obj,0.5477245163724568,0
abc_00004435_e100ebaee82a4a1ca7c82468_trimesh_002.obj,0.5448179425311382,0
abc_00004447_50a5c011c1d44d7ca5c90fbf_trimesh_001.obj,9.596363343730905e-15,0
abc_00004449_50a5c011c1d44d7ca5c90fbf_trimesh_003.obj,1.4020196046810494e-14,0
abc_00004452_50a5c011c1d44d7ca5c90fbf_trimesh_006.obj,1.291923183351495e-14,0
abc_00004477_dd1a875303094c76b5517535_trimesh_000.obj,0.3398548551415531,0
abc_00004480_f18ebc9adf1b48c3afba1b4c_trimesh_001.obj,0.41532190794818596,0
abc_00004488_36e0a0ff049b4877b70b421a_trimesh_000.obj,0.4278055880978031,0
abc_00004496_abc1a655d48842ae9f5adc64_trimesh_000.obj,0.18624175996652134,0
abc_00004511_b6350639195e4a19957904f9_trimesh_000.obj,0.4308985393999653,0
abc_00004527_f94525731d404b9ba25613f4_trimesh_000.obj,0.3015638630287477,0
abc_00004529_f930e8d581954005adfd5d39_trimesh_000.obj,0.48735980568702325,0
abc_00004537_671ca20207bf44269953cc33_trimesh_003.obj,0.39570716743456835,0
abc_00004539_a9de53e862dd4ad197873cc0_trimesh_001.obj,0.35614657130566546,0
abc_00004551_7d8ef6c508d649a3bd208a47_trimesh_002.obj,0.30256417207117553,0
abc_00004554_7d8ef6c508d649a3bd208a47_trimesh_005.obj,0.3677298557164874,0
abc_00004573_044763f9258c48bb92a22aa8_trimesh_000.obj,0.3869718373143977,0
abc_00004594_ee924c64f16c4e15bc14d8ab_trimesh_000.obj,0.1780704703633279,0
abc_00004618_3b6de5b6816c4a089c64ec20_trimesh_000.obj,0.25926099350268855,0
abc_00004619_3dc4ec66fde64a1fb6527b4f_trimesh_000.obj,0.16285951255447587,0
abc_00004639_baf77661114341479c1cc071_trimesh_000.obj,0.09296769761428827,0
abc_00004640_b65138ec4a0b4cfcb5abe830_trimesh_000.obj,0.3207072016246244,0
abc_00004642_0fb5a9a4791542bfbe291b8c_trimesh_001.obj,0.4367782337947977,0
abc_00004647_50c6a7655c3a4fc2bf31808e_trimesh_002.obj,0.47032461735397535,0
abc_00004656_d580779d75894bb291e63623_trimesh_007.obj,0.11162258071763495,0
abc_00004684_0f4d984eef2647c4a2fcd01f_trimesh_000.obj,0.3487929342034939,0
abc_00004701_5e32955b6a6546a9a1d8f64b_trimesh_000.obj,0.2596365416837569,0
abc_00004706_ba569cff36cc4316b623ab23_trimesh_001.obj,0.3516385763029077,0
abc_00004721_9c428a57184f47ec9235ae67_trimesh_001.obj,0.0005077999147889415,0
abc_00004733_7f37dc7e41c24893bbf01471_trimesh_000.obj,0.33674680179395716,0
abc_00004734_1c8688b494ca410495cced61_trimesh_000.obj,0.33070201000987676,0
abc_00004744_9381ca84764640298ab6da0d_trimesh_000.obj,0.23234947865664135,0
abc_00004776_29ce3eb9259f4becb9a5e526_trimesh_022.obj,0.30955780494427865,0
abc_00004777_29ce3eb9259f4becb9a5e526_trimesh_023.obj,0.26273309795782035,0
abc_00004790_29ce3eb9259f4becb9a5e526_trimesh_036.obj,0.16752328370626315,0
abc_00004797_29ce3eb9259f4becb9a5e526_trimesh_043.obj,0.1178698063111329,0
abc_00004805_29ce3eb9259f4becb9a5e526_trimesh_051.obj,0.06605355127461858,0
abc_00004807_29ce3eb9259f4becb9a5e526_trimesh_053.obj,0.39607250418037265,0
abc_00004809_29ce3eb9259f4becb9a5e526_trimesh_055.obj,0.21334713868670105,0
abc_00004833_29ce3eb9259f4becb9a5e526_trimesh_079.obj,0.016158270233716857,0
abc_00004835_29ce3eb9259f4becb9a5e526_trimesh_081.obj,0.030109255703236023,0
abc_00004849_29ce3eb9259f4becb9a5e526_trimesh_095.obj,0.1795577289923289,0
abc_00004855_29ce3eb9259f4becb9a5e526_trimesh_101.obj,0.27727923376096186,0
abc_00004857_29ce3eb9259f4becb9a5e526_trimesh_103.obj,0.37886977401768324,0
abc_00004870_29ce3eb9259f4becb9a5e526_trimesh_116.obj,0.543115530484619,0
abc_00004883_29ce3eb9259f4becb9a5e526_trimesh_129.obj,0.24042120630314062,0
abc_00004887_29ce3eb9259f4becb9a5e526_trimesh_133.obj,0.1620725565842307,0
abc_00004893_29ce3eb9259f4becb9a5e526_trimesh_139.obj,0.32315903847381383,0
abc_00004895_29ce3eb9259f4becb9a5e526_trimesh_141.obj,0.0841601345039355,0
abc_00004899_29ce3eb9259f4becb9a5e526_trimesh_145.obj,0.3710940167408658,0
abc_00004900_29ce3eb9259f4becb9a5e526_trimesh_146.obj,0.3540941191147792,0
abc_00004909_4d0817c82a684de48cbe9816_trimesh_000.obj,0.30646622355232944,0
abc_00004935_42840156b4aa4709ab90d3f9_trimesh_001.obj,0.16265190315171574,0
abc_00004938_d6f9da33017048c683ac514f_trimesh_002.obj,0.39629313160747387,0
abc_00004951_d6f9da33017048c683ac514f_trimesh_015.obj,0.3413548877716903,0
abc_00004952_d6f9da33017048c683ac514f_trimesh_016.obj,0.41839083066072713,0
abc_00004957_d6f9da33017048c683ac514f_trimesh_021.obj,0.03513941538455591,0
abc_00004970_d6f9da33017048c683ac514f_trimesh_034.obj,0.31216921773687406,0
abc_00004974_d6f9da33017048c683ac514f_trimesh_038.obj,0.384800835742939,0
abc_00004975_d6f9da33017048c683ac514f_trimesh_039.obj,0.4616387862040808,0
abc_00004985_d6f9da33017048c683ac514f_trimesh_049.obj,0.3939471396298668,0
abc_00004986_d6f9da33017048c683ac514f_trimesh_050.obj,0.3922779195752176,0
abc_00004989_d6f9da33017048c683ac514f_trimesh_053.obj,5.7800219520802144e-15,0
abc_00004996_d6f9da33017048c683ac514f_trimesh_060.obj,0.32586839059297706,0
abc_00005010_97731583b3104939acf30c9a_trimesh_005.obj,0.32781519100598355,0
abc_00005013_5001e2de07c44b8ab04f8ce7_trimesh_000.obj,0.36125187502113537,0
abc_00005025_38e260715fbb4c19bab37a75_trimesh_001.obj,0.3542559323497528,0
abc_00005040_51a7e299c47e4228b019c74b_trimesh_006.obj,1.493274328415855e-13,0
abc_00005041_51a7e299c47e4228b019c74b_trimesh_007.obj,0.37420761342205666,0
abc_00005051_d29ff8e74a0f49809e533f48_trimesh_003.obj,1.3185583573634917e-15,0
abc_00005055_d29ff8e74a0f49809e533f48_trimesh_007.obj,0.28433145657125614,0
abc_00005066_d29ff8e74a0f49809e533f48_trimesh_018.obj,0.26762673125084274,0
abc_00005082_9a19028ec476443d95ce902a_trimesh_002.obj,0.3904079875947828,0
abc_00005092_c5feaa3ac05c4f43abf1e725_trimesh_002.obj,2.994709029220074e-05,0
abc_00005099_c5feaa3ac05c4f43abf1e725_trimesh_009.obj,0.3047252435861412,0
abc_00005103_f00fdbe69a2f4524a58ad1d6_trimesh_002.obj,0.3764091363463505,0
abc_00005104_f00fdbe69a2f4524a58ad1d6_trimesh_003.obj,0.39439803006707314,0
abc_00005112_a4d13a0ea546408bb7e08479_trimesh_005.obj,0.16560733563785923,0
abc_00005116_8df83a229f094c96a1198497_trimesh_002.obj,0.23788488174864253,0
abc_00005125_c4185a5498ce4a2f86e6f014_trimesh_004.obj,0.32001663733004215,0
abc_00005126_c4185a5498ce4a2f86e6f014_trimesh_005.obj,0.41220695565741394,0
abc_00005128_b1721210d59544ada810caa1_trimesh_001.obj,0.3150713631536826,0
abc_00005129_b1721210d59544ada810caa1_trimesh_002.obj,0.08855351486755862,0
abc_00005177_e85b98fbe73143b9b7ce7b73_trimesh_001.obj,0.29033840637545183,0
abc_00005178_e85b98fbe73143b9b7ce7b73_trimesh_002.obj,0.39197632289507556,0
abc_00005180_e85b98fbe73143b9b7ce7b73_trimesh_004.obj,0.31770590286076245,0
abc_00005189_e85b98fbe73143b9b7ce7b73_trimesh_013.obj,0.4478453419862671,0
abc_00005225_e85b98fbe73143b9b7ce7b73_trimesh_049.obj,0.17888523084491226,0
abc_00005255_bacfba9898a6423d833880ae_trimesh_004.obj,0.2487004914870278,0
abc_00005256_bacfba9898a6423d833880ae_trimesh_005.obj,0.2587830539896943,0
abc_00005257_bacfba9898a6423d833880ae_trimesh_006.obj,0.12498267195624788,0
abc_00005261_bacfba9898a6423d833880ae_trimesh_010.obj,0.3468728799078532,0
abc_00005268_a8ded82a1fd74021ac459ffb_trimesh_004.obj,0.3714784467853546,0
abc_00005270_a8ded82a1fd74021ac459ffb_trimesh_006.obj,0.360050532492781,0
abc_00005274_a8ded82a1fd74021ac459ffb_trimesh_010.obj,0.3750503164967014,0
abc_00005278_a8ded82a1fd74021ac459ffb_trimesh_014.obj,0.45594656444854575,0
abc_00005283_a8ded82a1fd74021ac459ffb_trimesh_019.obj,0.2795411855206302,0
abc_00005288_8a58a06c9bba479a9127d831_trimesh_000.obj,0.1778632672541382,0
abc_00005292_7bf855de16b54fb6add38973_trimesh_002.obj,0.24452435281073026,0
abc_00005310_9eb3b088ee874600bb384ad5_trimesh_002.obj,0.4830816699736977,0
abc_00005311_9eb3b088ee874600bb384ad5_trimesh_003.obj,0.025074741337006528,0
abc_00005312_9eb3b088ee874600bb384ad5_trimesh_004.obj,0.1839784036897179,0
abc_00005314_9eb3b088ee874600bb384ad5_trimesh_006.obj,0.33658806412667575,0
abc_00005319_9eb3b088ee874600bb384ad5_trimesh_011.obj,0.06862635103580263,0
abc_00005320_9eb3b088ee874600bb384ad5_trimesh_012.obj,0.3113580964323139,0
abc_00005321_9eb3b088ee874600bb384ad5_trimesh_013.obj,0.34063714009782603,0
abc_00005322_9eb3b088ee874600bb384ad5_trimesh_014.obj,0.3703656950442903,0
abc_00005359_264a4d4786e34d9898f87b2d_trimesh_000.obj,0.28258038856371065,0
abc_00005367_264a4d4786e34d9898f87b2d_trimesh_008.obj,0.3168560452054814,0
abc_00005370_264a4d4786e34d9898f87b2d_trimesh_011.obj,0.06009083977480043,0
abc_00005377_264a4d4786e34d9898f87b2d_trimesh_018.obj,0.38575683251034487,0
abc_00005383_264a4d4786e34d9898f87b2d_trimesh_024.obj,0.28190450216747287,0
abc_00005400_82e81ca0cde24645852f50f3_trimesh_004.obj,0.004894429312834849,0
abc_00005402_82e81ca0cde24645852f50f3_trimesh_006.obj,0.43517728988304927,0
abc_00005414_6477e8ad02554200884775b4_trimesh_001.obj,0.0,0
abc_00005422_6477e8ad02554200884775b4_trimesh_009.obj,0.0,0
abc_00005439_19cdae3511744c81a1e86391_trimesh_000.obj,0.44310497743419025,0
abc_00005443_8a4327334ab1443dae44fd75_trimesh_000.obj,9.388942154445944e-15,0
abc_00005445_3c849aec1cc940888a3d827b_trimesh_000.obj,0.16490129749055624,0
abc_00005447_2ccd2dfb9ffc4cf29e94e0cf_trimesh_001.obj,0.0017774494292951749,0
abc_00005453_2ccd2dfb9ffc4cf29e94e0cf_trimesh_007.obj,0.011402058662138354,0
abc_00005457_2ccd2dfb9ffc4cf29e94e0cf_trimesh_011.obj,0.4549608835602045,0
abc_00005461_2ccd2dfb9ffc4cf29e94e0cf_trimesh_015.obj,0.365210016280149,0
abc_00005490_315403c3759345ca9b2768d7_trimesh_009.obj,0.45667969678205844,0
abc_00005507_fe86467a300e4511abf78b3a_trimesh_000.obj,0.11872560881960338,0
abc_00005511_d4d5a3c91ba445c2b24cdf18_trimesh_003.obj,0.4131494099075312,0
abc_00005513_d4d5a3c91ba445c2b24cdf18_trimesh_005.obj,0.28673841565841507,0
t10k_100330.obj,0.43574014055199634,0
t10k_1005287.obj,0.38428782123697697,0
t10k_100639.obj,0.43977512592158663,0
t10k_100730.obj,0.35390835645593355,0
t10k_100831.obj,0.12604354775540733,0
t10k_101340.obj,0.2329991718322146,0
t10k_1015841.obj,0.37424145886698446,0
t10k_1015842.obj,0.4289730067777837,0
t10k_1017017.obj,0.25733531828524486,0
t10k_1017019.obj,0.16887722801224478,0
t10k_101864.obj,0.2425364754199946,0
t10k_101865.obj,0.32882056531116355,0
t10k_1036309.obj,0.2501965757946059,0
t10k_1036428.obj,0.39373324392746845,0
t10k_1037021.obj,0.41659857529092703,0
t10k_104187.obj,0.2991783445658558,0
t10k_104290.obj,0.1687597234668031,0
t10k_104930.obj,0.34377665673373015,0
t10k_105103.obj,0.16962680937230426,0
t10k_105326.obj,0.3548591037972297,0
t10k_1053874.obj,0.3471483386923178,0
t10k_1055250.obj,0.34808286302123415,0
t10k_105765.obj,0.28532633970103005,0
t10k_105804.obj,0.06298209451250227,0
t10k_105862.obj,0.2289255029069761,0
t10k_105875.obj,0.29832568333842513,0
t10k_105924.obj,0.2661159586507574,0
t10k_1064467.obj,0.3657797021850507,0
t10k_106782.obj,0.10141287215047938,0
t10k_107069.obj,0.3921718302110832,0
t10k_107071.obj,0.41161913966831604,0
t10k_1075457.obj,0.44908042888667726,0
t10k_107558.obj,0.24932636605307548,0
t10k_1079827.obj,0.4243844335279811,0
t10k_108199.obj,0.19182043361300943,0
t10k_1082149.obj,0.26865952522107056,0
t10k_108452.obj,0.32611384085728035,0
t10k_108517.obj,0.4119901681425945,0
t10k_1087135.obj,0.1909240537385561,0
t10k_1088056.obj,0.1641996079183521,0
t10k_1093140.obj,0.37731705023862655,0
t10k_109344.obj,0.41477417789598936,0
t10k_109459.obj,0.06779989990115777,0
t10k_1099672.obj,1.2717171743763074e-13,0
t10k_110025.obj,0.3548221870933115,0
t10k_110173.obj,0.08971745465959442,0
t10k_110445.obj,0.35622934433673475,0
t10k_110707.obj,0.37743789924222804,0
t10k_110803.obj,0.33200220045633444,0
t10k_110905.obj,0.3219063940084691,0
t10k_110907.obj,0.12618624550932397,0
t10k_110911.obj,0.30907049643777706,0
t10k_110955.obj,0.37177203887063814,0
t10k_111046.obj,0.2644181425405915,0
t10k_111048.obj,0.4320619993723241,0
t10k_111394.obj,0.3579248258356255,0
t10k_1120776.obj,0.45182723478201486,0
t10k_1120779.obj,0.42848358405981984,0
t10k_112542.obj,0.3159691608590571,0
t10k_112544.obj,0.38682763844032925,0
t10k_1126615.obj,0.4427806462059418,0
t10k_112916.obj,0.344472866318089,0
t10k_112925.obj,0.3225234053414938,0
t10k_112927.obj,0.407750308294919,0
t10k_112929.obj,0.34793422165844884,0
t10k_1129818.obj,0.27573055843892785,0
t10k_113125.obj,0.400915992731509,0
t10k_113127.obj,0.470063911260266,0
t10k_1131601.obj,0.37221067108056505,0
t10k_114020.obj,0.11290776511409119,0
t10k_114077.obj,0.3693602394310214,0
t10k_1146171.obj,0.3409302706514915,0
t10k_1146183.obj,0.2976734300840905,0
t10k_1174395.obj,0.043185457746850085,0
t10k_1174397.obj,0.04337907220096914,0
t10k_1176418.obj,0.23368318549714148,0
t10k_117951.obj,0.20600677706764434,0
t10k_118302.obj,0.2805944407648888,0
t10k_118304.obj,0.23531538453497103,0
t10k_118657.obj,0.3658812227856394,0
t10k_119051.obj,0.40404638101574614,0
t10k_1207657.obj,0.43590511045396796,0
t10k_122126.obj,0.4095409548779738,0
t10k_1224384.obj,0.4636969296146936,0
t10k_1228190.obj,0.42946678304198405,0
t10k_124336.obj,0.38726461224940073,0
t10k_124370.obj,0.07825732908323188,0
t10k_128482.obj,0.28341899865026077,0
t10k_129051.obj,0.36987617946411905,0
t10k_130037.obj,0.3657947354794785,0
t10k_1307399.obj,0.23802309649232367,0
t10k_130969.obj,0.35257059409979424,0
t10k_1312953.obj,0.4081931117695146,0
t10k_131329.obj,0.3923511929259568,0
t10k_1313542.obj,0.43599946315874344,0
t10k_131443.obj,0.392816707361349,0
t10k_1315843.obj,0.34134502592705623,0
t10k_1315844.obj,0.34828795637904497,0
t10k_132056.obj,0.47560861873055105,0
t10k_1327299.obj,0.4645814160199984,0
t10k_133582.obj,0.0,0
t10k_1344041.obj,0.08859815435249033,0
t10k_1344059.obj,0.2639929368172133,0
t10k_1344060.obj,0.29060146601766407,0
t10k_1356650.obj,0.08953361847836394,0
t10k_1356651.obj,0.09557464063267396,0
t10k_1368076.obj,0.35955823404460374,0
t10k_138197.obj,0.40225535460341627,0
t10k_1387346.obj,0.11235887506776668,0
t10k_139430.obj,0.23425118653221885,0
t10k_1395585.obj,0.4107067464464886,0
t10k_1396898.obj,0.3283923826878964,0
t10k_139763.obj,0.3670177479796867,0
t10k_140511.obj,0.37813163498084224,0
t10k_1417963.obj,0.39149532821708083,0
t10k_1451899.obj,0.14331250718192673,0
t10k_1452677.obj,0.2815707435140856,0
t10k_1452681.obj,0.28276914873119324,0
t10k_145330.obj,0.4284837875100403,0
t10k_145419.obj,0.3735882981182326,0
t10k_1455627.obj,0.3831893656644402,0
t10k_1458676.obj,0.3591878861579346,0
t10k_1504272.obj,0.3474670331291326,0
t10k_1505017.obj,0.2845960363867169,0
t10k_1505025.obj,0.3934308429750426,0
t10k_1516886.obj,0.04299536527413936,0
t10k_1527409.obj,0.43679826170276237,0
t10k_153961.obj,0.3557432562627748,0
t10k_1582376.obj,0.18528698095641397,0
t10k_1582420.obj,0.10881487313344333,0
t10k_1582428.obj,0.3611436929384004,0
t10k_1582436.obj,0.34024702344887553,0
t10k_1601406.obj,0.19254237994363316,0
t10k_1614064.obj,0.33711214393060457,0
t10k_161717.obj,0.27573863963124595,0
t10k_161718.obj,0.4558313927680345,0
t10k_1628449.obj,0.3879167697839152,0
t10k_1681118.obj,0.3873990847837372,0
t10k_1681119.obj,0.3466708531024177,0
t10k_1681124.obj,0.43190927808442636,0
t10k_1681235.obj,0.3302548121349683,0
t10k_1722413.obj,0.4012783084820622,0
t10k_1722423.obj,0.29702544305116635,0
t10k_1750620.obj,0.20566682543914225,0
t10k_1772593.obj,0.29726762495968867,0
t10k_178199.obj,0.18009299391731515,0
t10k_186541.obj,0.5297354162643572,0
t10k_196211.obj,0.3672571388105702,0
t10k_199660.obj,0.380903736228713,0
t10k_200973.obj,0.12593144952714524,0
t10k_201962.obj,0.30978565047250833,0
t10k_203284.obj,0.37555755718263023,0
t10k_203285.obj,0.47875744340195997,0
t10k_203287.obj,0.23196383172661178,0
t10k_203983.obj,0.3836507740076382,0
t10k_204392.obj,0.3706591567067159,0
t10k_206492.obj,0.49360611723851483,0
t10k_208721.obj,0.3229787924093869,0
t10k_211915.obj,0.517507951891498,0
t10k_212094.obj,0.37967475674693446,0
t10k_217020.obj,0.38955196887860016,0
t10k_222140.obj,0.3080988577795113,0
t10k_225966.obj,0.24019382280576665,0
t10k_225969.obj,0.3091486684945296,0
t10k_239188.obj,0.5288487620710538,0
t10k_242222.obj,0.46937410114183037,0
t10k_247069.obj,0.001385879672138513,0
t10k_247517.obj,0.3039486456773014,0
t10k_250767.obj,0.2571505575225748,0
t10k_255237.obj,0.5987337969993214,0
t10k_255496.obj,0.18604960903564768,0
t10k_257587.obj,0.3246381807206171,0
t10k_257590.obj,0.06026768434234323,0
t10k_263995.obj,0.19613967506813818,0
t10k_265590.obj,0.2782916114641977,0
t10k_267853.obj,0.46543056728941706,0
t10k_269126.obj,0.08936364876857858,0
t10k_278457.obj,0.3808407929134955,0
t10k_280282.obj,0.33035804555865445,0
t10k_280283.obj,0.30143007624511686,0
t10k_285605.obj,0.14926422360355057,0
t10k_288801.obj,0.4106786074759348,0
t10k_288802.obj,0.41091529783040004,0
t10k_289665.obj,0.21147851789198266,0
t10k_289691.obj,0.21127456519142218,0
t10k_294010.obj,0.41738786395976213,0
t10k_298323.obj,0.05737800070694549,0
t10k_301888.obj,0.0320323849241405,0
t10k_301926.obj,0.35473949632014923,0
t10k_301933.obj,0.41552276988144815,0
t10k_306466.obj,0.36126302507553215,0
t10k_313444.obj,0.3629606316926004,0
t10k_313879.obj,0.12339764488426486,0
t10k_313917.obj,0.35412759753293205,0
t10k_314003.obj,0.22058506729238994,0
t10k_316358.obj,0.35798730304411014,0
t10k_331754.obj,0.1342087281230922,0
t10k_331784.obj,0.08688685568451762,0
t10k_338910.obj,0.38707297333898355,0
t10k_343548.obj,0.07194072043916531,0
t10k_34783.obj,0.002933516078238251,0
t10k_36075.obj,0.288098860039814,0
t10k_366724.obj,0.0,0
t10k_367344.obj,0.2998105239635365,0
t10k_369989.obj,0.37425217882778056,0
t10k_370988.obj,0.13325647834996956,0
t10k_375251.obj,0.16884609475732265,0
t10k_376245.obj,0.18497681850110628,0
t10k_37868.obj,0.4438026024863549,0
t10k_384098.obj,0.3337300310365613,0
t10k_385609.obj,0.20698922688123356,0
t10k_38645.obj,0.0798188216858239,0
t10k_386839.obj,0.2982260428643672,0
t10k_387223.obj,0.01952043987989893,0
t10k_388570.obj,0.0815012486646079,0
t10k_388632.obj,0.002027845118333816,0
t10k_39123.obj,0.48281587031855594,0
t10k_39208.obj,0.3722583749593161,0
t10k_39347.obj,0.25148204555616127,0
t10k_39643.obj,0.24587450313268397,0
t10k_40176.obj,0.5438350695780273,0
t10k_40360.obj,0.23420276634218468,0
t10k_40361.obj,0.4073170882244956,0
t10k_40583.obj,0.33976034748579836,0
t10k_40663.obj,0.37392492142423905,0
t10k_40986.obj,0.0641468743524601,0
t10k_41081.obj,0.3663481198163267,0
t10k_41089.obj,0.0,0
t10k_41521.obj,0.14923105007606305,0
t10k_41929.obj,0.4027755888913665,0
t10k_41930.obj,0.28438929283575726,0
t10k_42025.obj,0.10556579925087077,0
t10k_42036.obj,0.3920120774084727,0
t10k_42046.obj,0.23422260123468372,0
t10k_42192.obj,0.31152587063117987,0
t10k_422370.obj,0.2168431160188218,0
t10k_42500.obj,0.35864786413120475,0
t10k_42721.obj,0.3092088655859192,0
t10k_43188.obj,0.15979138653823216,0
t10k_43389.obj,0.40644744006139377,0
t10k_43393.obj,0.4314609296505141,0
t10k_437347.obj,0.35619358247707233,0
t10k_437375.obj,0.32174399324570774,0
t10k_43769.obj,0.39464100919606143,0
t10k_439142.obj,0.21893874575280037,0
t10k_44037.obj,0.40192723145623155,0
t10k_44384.obj,0.049359923731747406,0
t10k_44396.obj,0.11468078616724918,0
t10k_44398.obj,0.3793754088383664,0
t10k_44740.obj,0.2824669334788076,0
t10k_44874.obj,0.18895716674285923,0
t10k_45009.obj,0.37384087230683943,0
t10k_451676.obj,0.0563269579055812,0
t10k_45514.obj,0.42694074562557094,0
t10k_462512.obj,0.16613569891580163,0
t10k_46541.obj,0.33481751202242677,0
t10k_47088.obj,0.3385022837122332,0
t10k_47089.obj,0.17758942579474432,0
t10k_471994.obj,0.16392060487581187,0
t10k_472012.obj,0.2379120255317499,0
t10k_472026.obj,0.009965823693504395,0
t10k_472039.obj,0.02340834104641652,0
t10k_472043.obj,0.40000654727509055,0
t10k_472056.obj,0.09047964296122826,0
t10k_472083.obj,0.40708260352211245,0
t10k_472092.obj,0.2089912538358637,0
t10k_472131.obj,0.05536909465193113,0
t10k_472150.obj,0.10929797118273392,0
t10k_472204.obj,0.009188063342535196,0
t10k_474712.obj,0.31740472877976994,0
t10k_48131.obj,0.3682333077724244,0
t10k_482738.obj,0.2469045704656117,0
t10k_48495.obj,0.16633723011956003,0
t10k_48554.obj,0.4571422063592407,0
t10k_48949.obj,0.49412469451454216,0
t10k_49546.obj,0.2837766051296869,0
t10k_496673.obj,0.3847099842940745,0
t10k_498431.obj,0.3312846406888609,0
t10k_498461.obj,0.42394018685368046,0
t10k_49886.obj,0.39516784357555934,0
t10k_49888.obj,0.45811652689428084,0
t10k_500112.obj,0.3465967522261489,0
t10k_500117.obj,0.3924904890327028,0
t10k_50098.obj,0.4732606006756167,0
t10k_501150.obj,0.2765402512994806,0
t10k_502009.obj,0.12399680489728372,0
t10k_50410.obj,0.27507526445726876,0
t10k_50881.obj,0.14174700469242463,0
t10k_51142.obj,0.2775070921633941,0
t10k_51354.obj,0.0,0
t10k_51508.obj,0.30817614587284575,0
t10k_51639.obj,0.13464026983496138,0
t10k_51643.obj,0.24389665054924897,0
t10k_51653.obj,0.43875877766606486,0
t10k_518082.obj,0.05387260190040555,0
t10k_520644.obj,0.3868432866411041,0
t10k_520647.obj,0.351597322220301,0
t10k_52072.obj,0.35361493282379153,0
t10k_52858.obj,0.28344036263371647,0
t10k_52861.obj,0.4096776898511711,0
t10k_53404.obj,0.36377964493736487,0
t10k_53430.obj,0.3782432183067713,0
t10k_53439.obj,0.1347801357706574,0
t10k_53520.obj,0.35105015807461165,0
t10k_55092.obj,0.34670745406782166,0
t10k_55583.obj,0.38601884979703793,0
t10k_557388.obj,0.3418017480263827,0
t10k_56095.obj,0.1453120749196605,0
t10k_56527.obj,0.0,0
t10k_56892.obj,0.006841312616109832,0
t10k_570154.obj,0.18042399458031214,0
t10k_57179.obj,0.32206995315561615,0
t10k_57420.obj,0.11240088939796754,0
t10k_57896.obj,0.0,0
t10k_579054.obj,0.5787333850904506,0
t10k_579055.obj,0.5659621564246012,0
t10k_57909.obj,0.3209559225759276,0
t10k_579370.obj,0.41805100281410623,0
t10k_58007.obj,0.42818252785400807,0
t10k_58051.obj,0.42996196315084784,0
t10k_58053.obj,0.4202653049058626,0
t10k_58877.obj,0.12461263872693852,0
t10k_591226.obj,0.2936694992663919,0
t10k_591246.obj,0.2808062198170595,0
t10k_59230.obj,0.14895124212300465,0
t10k_59766.obj,0.4673059441223801,0
t10k_601646.obj,0.43520825625468557,0
t10k_60172.obj,0.17403762235184658,0
t10k_60246.obj,0.23496793713680847,0
t10k_60813.obj,0.47714177239419636,0
t10k_60843.obj,0.26509501383707706,0
t10k_60847.obj,0.3626307286738943,0
t10k_60863.obj,0.3358694207548796,0
t10k_61194.obj,0.26486115341074357,0
t10k_61200.obj,0.4277720410201791,0
t10k_613661.obj,0.41089943753987607,0
t10k_61765.obj,0.413643482807545,0
t10k_619671.obj,0.29138251528920833,0
t10k_622001.obj,0.24411429463126022,0
t10k_62288.obj,0.36847709230271464,0
t10k_62592.obj,0.4510365932431967,0
t10k_63461.obj,0.3130555365245556,0
t10k_63556.obj,0.38971080987313617,0
t10k_635754.obj,0.5473701933622112,0
t10k_63942.obj,0.3532214932637464,0
t10k_64988.obj,0.47369054493918283,0
t10k_64989.obj,0.3487396046037009,0
t10k_650186.obj,0.13803580881244185,0
t10k_65444.obj,0.09426355408187442,0
t10k_65608.obj,0.07098262833414366,0
t10k_66479.obj,0.4038503604423036,0
t10k_668419.obj,0.09134459853671552,0
t10k_679618.obj,0.27423037201293826,0
t10k_68215.obj,0.21064963325390798,0
t10k_68334.obj,0.31307306247723726,0
t10k_68500.obj,0.4518693431664818,0
t10k_68647.obj,0.32594722705198564,0
t10k_68656.obj,0.5947595427709935,0
t10k_688370.obj,0.5273833712160293,0
t10k_693468.obj,0.24721112930785374,0
t10k_69880.obj,0.40499919033478643,0
t10k_700904.obj,0.3880982956828265,0
t10k_700908.obj,0.27947263351926255,0
t10k_702398.obj,0.448645662277767,0
t10k_702412.obj,0.39864818107846606,0
t10k_702426.obj,0.45988455835040204,0
t10k_702427.obj,0.15194784996715996,0
t10k_70378.obj,0.03095361234451726,0
t10k_70558.obj,0.32009033479682797,0
t10k_70833.obj,0.36475923753826484,0
t10k_71157.obj,0.08772383489972134,0
t10k_71693.obj,0.31152390186695256,0
t10k_72016.obj,0.22865617470366997,0
t10k_72227.obj,0.15735230798801275,0
t10k_72361.obj,0.3879048044272645,0
t10k_723831.obj,0.3552555506800917,0
t10k_72607.obj,0.18072139662196687,0
t10k_72611.obj,0.29907656432073826,0
t10k_73068.obj,0.35636932100583574,0
t10k_73084.obj,0.3861987118213431,0
t10k_73160.obj,0.4116131573140993,0
t10k_73432.obj,0.3754064887586334,0
t10k_73470.obj,0.4149649878290888,0
t10k_73737.obj,0.11154816758463797,0
t10k_73739.obj,0.3940985905590443,0
t10k_740251.obj,0.34818180533113197,0
t10k_74448.obj,0.37914136605388604,0
t10k_74470.obj,0.07849761285675146,0
t10k_74494.obj,0.13877950698712957,0
t10k_74690.obj,0.27470448390440927,0
t10k_75092.obj,0.5151786652736431,0
t10k_75549.obj,0.41024018210131863,0
t10k_75653.obj,0.4439794240107709,0
t10k_75665.obj,0.4206035518482294,0
t10k_75991.obj,0.4102956895507988,0
t10k_76204.obj,0.38688618543348474,0
t10k_762589.obj,0.13841943348419658,0
t10k_763724.obj,0.3338954538024549,0
t10k_76901.obj,0.22239008358772927,0
t10k_77463.obj,0.13434068527552223,0
t10k_77525.obj,0.5221516480257843,0
t10k_779964.obj,0.22329123811297735,0
t10k_779966.obj,0.22155130460806552,0
t10k_78299.obj,0.4285736341100026,0
t10k_78737.obj,0.46910322170298985,0
t10k_78738.obj,0.4442220169482951,0
t10k_789072.obj,0.3456438575170643,0
t10k_79787.obj,0.32745464674472374,0
t10k_79960.obj,0.41877648270969775,0
t10k_80364.obj,0.3629324464611489,0
t10k_804299.obj,0.20005854166020756,0
t10k_80597.obj,0.35613682076449543,0
t10k_80752.obj,0.4033118865912929,0
t10k_80904.obj,0.3726758625221031,0
t10k_81130.obj,0.3620025446536841,0
t10k_81141.obj,0.3701915479337912,0
t10k_81145.obj,0.1937246631922375,0
t10k_81259.obj,0.4984651406648259,0
t10k_81307.obj,0.47531429093174293,0
t10k_81310.obj,0.38302367767477935,0
t10k_815478.obj,0.21847439367342442,0
t10k_81776.obj,0.43588578726257554,0
t10k_82063.obj,0.3794125871334891,0
t10k_82407.obj,0.3844754190067932,0
t10k_82722.obj,0.3927643203007078,0
t10k_83005.obj,0.4505833293300427,0
t10k_834595.obj,0.35750308815969506,0
t10k_83490.obj,0.3796041591292073,0
t10k_838515.obj,0.3665801003797589,0
t10k_84625.obj,0.2849926490967264,0
t10k_84642.obj,0.3579773420852729,0
t10k_84975.obj,0.29217238919286115,0
t10k_852175.obj,0.43033303072656165,0
t10k_85440.obj,0.3398862462047256,0
t10k_85493.obj,0.0568477239807174,0
t10k_85534.obj,0.3656066448156634,0
t10k_856328.obj,0.3159358413010166,0
t10k_85800.obj,0.29144153768982983,0
t10k_858853.obj,0.41649937211831467,0
t10k_86236.obj,0.4240258290550228,0
t10k_87075.obj,0.23950779190570143,0
t10k_87519.obj,0.4180287343436573,0
t10k_88152.obj,0.3753223206992148,0
t10k_88383.obj,0.45814902731751306,0
t10k_88581.obj,0.23070653314093562,0
t10k_88615.obj,0.4251169577465013,0
t10k_888455.obj,0.3924598504406606,0
t10k_894831.obj,0.39988965156699224,0
t10k_90283.obj,0.4202612871999712,0
t10k_903533.obj,0.38601591035120214,0
t10k_90439.obj,0.2980444897940842,0
t10k_90441.obj,0.30867050939119295,0
t10k_90442.obj,0.11010577375182644,0
t10k_904474.obj,0.3022534274126726,0
t10k_908460.obj,0.36862691500325084,0
t10k_91139.obj,0.35470252773689387,0
t10k_914685.obj,0.4468117109634605,0
t10k_91469.obj,0.45548266001300686,0
t10k_91588.obj,0.2818854107711176,0
t10k_91610.obj,0.37436960000140007,0
t10k_91659.obj,0.43006982403412003,0
t10k_91917.obj,0.47325647859431047,0
t10k_919992.obj,0.355062494723392,0
t10k_92068.obj,0.34757214660972424,0
t10k_92116.obj,0.2534142106905454,0
t10k_921797.obj,0.5008067118522054,0
t10k_92420.obj,0.41238810833677997,0
t10k_93071.obj,0.3090810888895141,0
t10k_93101.obj,0.28460801610494757,0
t10k_931874.obj,0.21954198456462362,0
t10k_94148.obj,0.47730808221821996,0
t10k_94675.obj,0.39526132852446366,0
t10k_953787.obj,0.30525858345771645,0
t10k_95409.obj,0.0,0
t10k_95421.obj,0.0,0
t10k_95434.obj,0.0,0
t10k_95489.obj,0.4656017953467714,0
t10k_95500.obj,0.4333791937819875,0
t10k_95797.obj,0.2786811270851658,0
t10k_958471.obj,0.3189367301170343,0
t10k_96068.obj,0.3498858676615618,0
t10k_96123.obj,0.31763175505123725,0
t10k_96269.obj,0.4312481439313062,0
t10k_96541.obj,0.4328964379540226,0
t10k_96777.obj,0.3153178775799238,0
t10k_96779.obj,0.3238265143135597,0
t10k_97254.obj,2.3043808023123177e-14,0
t10k_97591.obj,0.46267048750168244,0
t10k_97595.obj,0.370779057310556,0
t10k_976646.obj,0.12475181222080955,0
t10k_97866.obj,0.3935812351171208,0
t10k_98009.obj,0.1926044271881139,0
t10k_985159.obj,0.4058864138642974,0
t10k_98657.obj,0.22783157247284422,0
t10k_98660.obj,0.3406013447531554,0
t10k_98667.obj,0.25304351079092025,0
t10k_98671.obj,0.20515519447452438,0
t10k_98936.obj,0.36176811750813087,0
t10k_993954.obj,0.43298530274712665,0
t10k_99896.obj,0.44073585630284895,0
device_03_degenerate_0000.obj,0.9999999999999062,1
device_03_degenerate_0001.obj,0.9999999999999148,1
device_03_degenerate_0002.obj,0.9999999999999102,1
device_03_degenerate_0003.obj,0.999999999999915,1
device_03_degenerate_0004.obj,0.9999999999999114,1
device_03_degenerate_0005.obj,0.9999999999999103,1
device_03_degenerate_0006.obj,0.9999999999999117,1
device_03_degenerate_0007.obj,0.9999999999999186,1
device_03_degenerate_0008.obj,0.9999999999999082,1
device_03_degenerate_0009.obj,0.9999999999998814,1
device_03_degenerate_0010.obj,0.9999999999999111,1
device_03_degenerate_0011.obj,0.9999999999999075,1
device_03_degenerate_0012.obj,0.9999999999999117,1
device_03_degenerate_0013.obj,0.9999999999997597,1
device_03_degenerate_0014.obj,0.9999999999999147,1
device_03_degenerate_0015.obj,0.9999999999999155,1
device_03_degenerate_0016.obj,0.9999999999998591,1
device_03_degenerate_0017.obj,0.9999999999999117,1
device_03_degenerate_0018.obj,0.9999999999999101,1
device_03_degenerate_0019.obj,0.9999999999999064,1
device_03_degenerate_0020.obj,0.999999999999912,1
device_03_degenerate_0021.obj,0.999999999999904,1
device_03_degenerate_0022.obj,0.9999999999999143,1
device_03_degenerate_0023.obj,0.9999999999998582,1
device_03_degenerate_0024.obj,0.9999999999999151,1
device_03_disconnected_0000.obj,0.999999999999914,1
device_03_disconnected_0001.obj,0.9999999999999155,1
device_03_disconnected_0002.obj,0.9999999999999051,1
device_03_disconnected_0003.obj,0.9999999999999127,1
device_03_disconnected_0004.obj,0.9999999999999124,1
device_03_disconnected_0005.obj,0.9999999999997903,1
device_03_disconnected_0006.obj,0.9999999999999102,1
device_03_disconnected_0007.obj,0.9999999999999083,1
device_03_disconnected_0008.obj,0.99999999999991,1
device_03_disconnected_0009.obj,0.9999999999999115,1
device_03_disconnected_0010.obj,0.9999999999999102,1
device_03_disconnected_0011.obj,0.9999999999999157,1
device_03_disconnected_0012.obj,0.9999999999999123,1
device_03_disconnected_0013.obj,0.9999999999999003,1
device_03_disconnected_0014.obj,0.9999999999999164,1
device_03_disconnected_0015.obj,0.9999999999999106,1
device_03_disconnected_0016.obj,0.9999999999999106,1
device_03_disconnected_0017.obj,0.9999999999999151,1
device_03_disconnected_0018.obj,0.9999999999999183,1
device_03_disconnected_0019.obj,0.9999999999999176,1
device_03_disconnected_0020.obj,0.9999999999999117,1
device_03_disconnected_0021.obj,0.9999999999999133,1
device_03_disconnected_0022.obj,0.9999999999999095,1
device_03_disconnected_0023.obj,0.9999999999999022,1
device_03_disconnected_0024.obj,0.999999999999908,1
device_03_faceswap_0000.obj,0.9999999999999047,1
device_03_faceswap_0001.obj,0.9999999999998984,1
device_03_faceswap_0002.obj,0.9999999999999084,1
device_03_faceswap_0003.obj,0.9999999999999047,1
device_03_faceswap_0004.obj,0.9999999999992841,1
device_03_faceswap_0005.obj,0.9999999999998987,1
device_03_faceswap_0006.obj,0.999999999999905,1
device_03_faceswap_0007.obj,0.9999999999999031,1
device_03_faceswap_0008.obj,0.999999999999899,1
device_03_faceswap_0009.obj,0.9999999999998991,1
device_03_faceswap_0010.obj,0.9999999999998991,1
device_03_faceswap_0011.obj,0.9999999999999023,1
device_03_faceswap_0012.obj,0.9999999999999053,1
device_03_faceswap_0013.obj,0.9999999999998909,1
device_03_faceswap_0014.obj,0.9999999999999017,1
device_03_faceswap_0015.obj,0.9999999999999075,1
device_03_faceswap_0016.obj,0.9999999999998891,1
device_03_faceswap_0017.obj,0.999999999999917,1
device_03_faceswap_0018.obj,0.9999999999998962,1
device_03_faceswap_0019.obj,0.9999999999998956,1
device_03_faceswap_0020.obj,0.999999999999866,1
device_03_faceswap_0021.obj,0.9999999999998967,1
device_03_faceswap_0022.obj,0.999999999999901,1
device_03_faceswap_0023.obj,0.999999999999902,1
device_03_faceswap_0024.obj,0.9999999999998918,1
device_03_jitter_0000.obj,0.9711554319035022,1
device_03_jitter_0001.obj,0.9636294129232652,1
device_03_jitter_0002.obj,0.962324305824427,1
device_03_jitter_0003.obj,0.970766856786469,1
device_03_jitter_0004.obj,0.9414739520046572,1
device_03_jitter_0005.obj,0.9533007698200849,1
device_03_jitter_0006.obj,0.9246832828658801,1
device_03_jitter_0007.obj,0.9584146564954907,1
device_03_jitter_0008.obj,0.9513090303904456,1
device_03_jitter_0009.obj,0.9567838287181201,1
device_03_jitter_0010.obj,0.9663770056720601,1
device_03_jitter_0011.obj,0.951474221416194,1
device_03_jitter_0012.obj,0.9625092776586344,1
device_03_jitter_0013.obj,0.9543450227277904,1
device_03_jitter_0014.obj,0.9584574345464922,1
device_03_jitter_0015.obj,0.9625841363764364,1
device_03_jitter_0016.obj,0.962978142873857,1
device_03_jitter_0017.obj,0.954706242106755,1
device_03_jitter_0018.obj,0.9561786069500153,1
device_03_jitter_0019.obj,0.9494360292983993,1
device_03_jitter_0020.obj,0.935172077047946,1
device_03_jitter_0021.obj,0.945414267393438,1
device_03_jitter_0022.obj,0.9597870439378182,1
device_03_jitter_0023.obj,0.9449746396997014,1
device_03_jitter_0024.obj,0.9708414377154799,1
device_03_rigid_0000.obj,0.9999999999998582,1
device_03_rigid_0001.obj,0.999999999999891,1
device_03_rigid_0002.obj,0.9999999999999035,1
device_03_rigid_0003.obj,0.9999999999998604,1
device_03_rigid_0004.obj,0.999999999999896,1
device_03_rigid_0005.obj,0.9999999999998711,1
device_03_rigid_0006.obj,0.9999999999998528,1
device_03_rigid_0007.obj,0.9999999999998734,1
device_03_rigid_0008.obj,0.9999999999998774,1
device_03_rigid_0009.obj,0.9999999999998821,1
device_03_rigid_0010.obj,0.999999999999877,1
device_03_rigid_0011.obj,0.999999999999867,1
device_03_rigid_0012.obj,0.9999999999998124,1
device_03_rigid_0013.obj,0.9999999999998727,1
device_03_rigid_0014.obj,0.9999999999998895,1
device_03_rigid_0015.obj,0.9999999999998774,1
device_03_rigid_0016.obj,0.9999999999998824,1
device_03_rigid_0017.obj,0.9999999999999004,1
device_03_rigid_0018.obj,0.9999999999998713,1
device_03_rigid_0019.obj,0.9999999999998961,1
device_03_rigid_0020.obj,0.9999999999998697,1
device_03_rigid_0021.obj,0.9999999999998733,1
device_03_rigid_0022.obj,0.9999999999998658,1
device_03_rigid_0023.obj,0.9999999999998836,1
device_03_rigid_0024.obj,0.9999999999998935,1
device_03_tetwild_0000.obj,0.9217954567688358,1
device_03_tetwild_0001.obj,0.9620425442235679,1
device_03_tetwild_0002.obj,0.9557799077515103,1
device_03_tetwild_0003.obj,0.9638708896842798,1
device_03_tetwild_0004.obj,0.9370922860046472,1
device_03_tetwild_0005.obj,0.9625256225788492,1
device_03_tetwild_0006.obj,0.9501290516799968,1
device_03_tetwild_0007.obj,0.9550628575649912,1
device_03_tetwild_0008.obj,0.9677964148934626,1
device_03_tetwild_0009.obj,0.9758385100061955,1
device_03_tetwild_0010.obj,0.933072777731062,1
device_03_tetwild_0011.obj,0.981576426230174,1
device_03_tetwild_0012.obj,0.9510028089744818,1
device_03_tetwild_0013.obj,0.9467259251304893,1
device_03_tetwild_0014.obj,0.969510976560823,1
device_03_tetwild_0015.obj,0.9463305168586631,1
device_03_tetwild_0016.obj,0.9739232960540712,1
device_03_tetwild_0017.obj,0.957395581989384,1
device_03_tetwild_0018.obj,0.967300393197634,1
device_03_tetwild_0019.obj,0.9344543684526245,1
device_03_tetwild_0020.obj,0.9486227479662954,1
device_03_tetwild_0021.obj,0.9508295931336324,1
device_03_tetwild_0022.obj,0.9700012455598902,1
device_03_tetwild_0023.obj,0.9677139417151951,1
device_03_tetwild_0024.obj,0.9474112295041955,1
device_07_degenerate_0000.obj,0.9999999999998866,1
device_07_degenerate_0001.obj,0.9999999999999215,1
device_07_degenerate_0002.obj,0.999999999999923,1
device_07_degenerate_0003.obj,0.9999999999999094,1
device_07_degenerate_0004.obj,0.99999999999993,1
device_07_degenerate_0005.obj,0.9999999999999264,1
device_07_degenerate_0006.obj,0.9999999999999233,1
device_07_degenerate_0007.obj,0.9999999999999251,1
device_07_degenerate_0008.obj,0.9999999999999256,1
device_07_degenerate_0009.obj,0.9999999999999271,1
device_07_degenerate_0010.obj,0.9999999999999212,1
device_07_degenerate_0011.obj,0.9999999999999238,1
device_07_degenerate_0012.obj,0.9999999999999194,1
device_07_degenerate_0013.obj,0.9999999999999254,1
device_07_degenerate_0014.obj,0.999999999999925,1
device_07_degenerate_0015.obj,0.999999999999926,1
device_07_degenerate_0016.obj,0.9999999999999246,1
device_07_degenerate_0017.obj,0.9999999999999257,1
device_07_degenerate_0018.obj,0.9999999999999256,1
device_07_degenerate_0019.obj,0.9999999999999262,1
device_07_degenerate_0020.obj,0.9999999999999263,1
device_07_degenerate_0021.obj,0.9999999999999218,1
device_07_degenerate_0022.obj,0.9999999999999252,1
device_07_degenerate_0023.obj,0.999999999999365,1
device_07_degenerate_0024.obj,0.9999999999999256,1
device_07_disconnected_0000.obj,0.9999999999999296,1
device_07_disconnected_0001.obj,0.9999999999999212,1
device_07_disconnected_0002.obj,0.9999999999999218,1
device_07_disconnected_0003.obj,0.9999999999999247,1
device_07_disconnected_0004.obj,0.9999999999999286,1
device_07_disconnected_0005.obj,0.9999999999999256,1
device_07_disconnected_0006.obj,0.9999999999999146,1
device_07_disconnected_0007.obj,0.9999999999999245,1
device_07_disconnected_0008.obj,0.9999999999999225,1
device_07_disconnected_0009.obj,0.9999999999999265,1
device_07_disconnected_0010.obj,0.9999999999999243,1
device_07_disconnected_0011.obj,0.9999999999999272,1
device_07_disconnected_0012.obj,0.9999999999999217,1
device_07_disconnected_0013.obj,0.9999999999999298,1
device_07_disconnected_0014.obj,0.9999999999999281,1
device_07_disconnected_0015.obj,0.9999999999999275,1
device_07_disconnected_0016.obj,0.9999999999999218,1
device_07_disconnected_0017.obj,0.9999999999999258,1
device_07_disconnected_0018.obj,0.9999999999999042,1
device_07_disconnected_0019.obj,0.9999999999999258,1
device_07_disconnected_0020.obj,0.9999999999999276,1
device_07_disconnected_0021.obj,0.99999999999992,1
device_07_disconnected_0022.obj,0.9999999999999303,1
device_07_disconnected_0023.obj,0.9999999999999271,1
device_07_disconnected_0024.obj,0.9999999999999241,1
device_07_faceswap_0000.obj,0.9999999999999162,1
device_07_faceswap_0001.obj,0.9999999999999097,1
device_07_faceswap_0002.obj,0.9999999999999184,1
device_07_faceswap_0003.obj,0.9999999999999195,1
device_07_faceswap_0004.obj,0.9999999999999115,1
device_07_faceswap_0005.obj,0.9999999999999234,1
device_07_faceswap_0006.obj,0.99999999999991,1
device_07_faceswap_0007.obj,0.9999999999999243,1
device_07_faceswap_0008.obj,0.9999999999999231,1
device_07_faceswap_0009.obj,0.9999999999999166,1
device_07_faceswap_0010.obj,0.999999999999923,1
device_07_faceswap_0011.obj,0.9999999999999081,1
device_07_faceswap_0012.obj,0.9999999999999196,1
device_07_faceswap_0013.obj,0.9999999999999142,1
device_07_faceswap_0014.obj,0.9999999999999141,1
device_07_faceswap_0015.obj,0.9999999999999175,1
device_07_faceswap_0016.obj,0.9999999999999091,1
device_07_faceswap_0017.obj,0.9999999999999198,1
device_07_faceswap_0018.obj,0.9999999999999076,1
device_07_faceswap_0019.obj,0.9999999999998396,1
device_07_faceswap_0020.obj,0.9999999999999216,1
device_07_faceswap_0021.obj,0.9999999999998777,1
device_07_faceswap_0022.obj,0.9999999999998528,1
device_07_faceswap_0023.obj,0.9999999999999049,1
device_07_faceswap_0024.obj,0.9999999999998914,1
device_07_jitter_0000.obj,0.9717373612775656,1
device_07_jitter_0001.obj,0.97947178908399,1
device_07_jitter_0002.obj,0.9679639375507259,1
device_07_jitter_0003.obj,0.9674587518925677,1
device_07_jitter_0004.obj,0.9744233249091534,1
device_07_jitter_0005.obj,0.9501012644253906,1
device_07_jitter_0006.obj,0.9783031504437962,1
device_07_jitter_0007.obj,0.9741342515758321,1
device_07_jitter_0008.obj,0.9780749496542439,1
device_07_jitter_0009.obj,0.9654965219440498,1
device_07_jitter_0010.obj,0.9724225371881238,1
device_07_jitter_0011.obj,0.9735172920187424,1
device_07_jitter_0012.obj,0.9734690876851141,1
device_07_jitter_0013.obj,0.9670752516012926,1
device_07_jitter_0014.obj,0.9771203688966458,1
device_07_jitter_0015.obj,0.9780018038526931,1
device_07_jitter_0016.obj,0.9835202986547543,1
device_07_jitter_0017.obj,0.9612892790380912,1
device_07_jitter_0018.obj,0.9625200001259403,1
device_07_jitter_0019.obj,0.9639753125377617,1
device_07_jitter_0020.obj,0.9595559370536866,1
device_07_jitter_0021.obj,0.980648295584956,1
device_07_jitter_0022.obj,0.9734396722807653,1
device_07_jitter_0023.obj,0.9756608412066475,1
device_07_jitter_0024.obj,0.9686838438652259,1
device_07_rigid_0000.obj,0.9999999999998941,1
device_07_rigid_0001.obj,0.9999999999998934,1
device_07_rigid_0002.obj,0.9999999999998607,1
device_07_rigid_0003.obj,0.9999999999998932,1
device_07_rigid_0004.obj,0.9999999999998433,1
device_07_rigid_0005.obj,0.9999999999999055,1
device_07_rigid_0006.obj,0.9999999999999052,1
device_07_rigid_0007.obj,0.999999999999911,1
device_07_rigid_0008.obj,0.9999999999999006,1
device_07_rigid_0009.obj,0.999999999999878,1
device_07_rigid_0010.obj,0.999999999999909,1
device_07_rigid_0011.obj,0.999999999999905,1
device_07_rigid_0012.obj,0.9999999999998822,1
device_07_rigid_0013.obj,0.999999999999889,1
device_07_rigid_0014.obj,0.9999999999999009,1
device_07_rigid_0015.obj,0.9999999999999041,1
device_07_rigid_0016.obj,0.9999999999999025,1
device_07_rigid_0017.obj,0.999999999999918,1
device_07_rigid_0018.obj,0.9999999999999043,1
device_07_rigid_0019.obj,0.9999999999998979,1
device_07_rigid_0020.obj,0.9999999999999081,1
device_07_rigid_0021.obj,0.9999999999999107,1
device_07_rigid_0022.obj,0.999999999999911,1
device_07_rigid_0023.obj,0.9999999999998891,1
device_07_rigid_0024.obj,0.9999999999999075,1
device_07_tetwild_0000.obj,0.9360698278178264,1
device_07_tetwild_0001.obj,0.95311575142381,1
device_07_tetwild_0002.obj,0.944926491117144,1
device_07_tetwild_0003.obj,0.9323897802632266,1
device_07_tetwild_0004.obj,0.9613157638427892,1
device_07_tetwild_0005.obj,0.9639159971415813,1
device_07_tetwild_0006.obj,0.9232544387432141,1
device_07_tetwild_0007.obj,0.9498232219370788,1
device_07_tetwild_0008.obj,0.9539764880956522,1
device_07_tetwild_0009.obj,0.9604266488002315,1
device_07_tetwild_0010.obj,0.9637334217897163,1
device_07_tetwild_0011.obj,0.9586242336061497,1
device_07_tetwild_0012.obj,0.9364100775633348,1
device_07_tetwild_0013.obj,0.9629906834795103,1
device_07_tetwild_0014.obj,0.9569854705165544,1
device_07_tetwild_0015.obj,0.964677624191901,1
device_07_tetwild_0016.obj,0.9368406464452292,1
device_07_tetwild_0017.obj,0.955809272772178,1
device_07_tetwild_0018.obj,0.9645156406882591,1
device_07_tetwild_0019.obj,0.9594460484060886,1
device_07_tetwild_0020.obj,0.983955160047442,1
device_07_tetwild_0021.obj,0.9365263312870319,1
device_07_tetwild_0022.obj,0.9723815284401174,1
device_07_tetwild_0023.obj,0.9556952830562634,1
device_07_tetwild_0024.obj,0.9681874131917254,1
device_00_degenerate_0000.obj,0.9999999999999984,1
device_00_degenerate_0001.obj,0.999999999999985,1
device_00_degenerate_0002.obj,0.9999999999999984,1
device_00_degenerate_0003.obj,0.9999999999999981,1
device_00_degenerate_0004.obj,0.9999999999999973,1
device_00_degenerate_0005.obj,0.9999999999999978,1
device_00_degenerate_0006.obj,0.9999999999999944,1
device_00_degenerate_0007.obj,0.999999999999997,1
device_00_degenerate_0008.obj,0.9999999999999905,1
device_00_degenerate_0009.obj,0.999999999999998,1
device_00_degenerate_0010.obj,0.9999999999999981,1
device_00_degenerate_0011.obj,0.9999999999999981,1
device_00_degenerate_0012.obj,0.9999999999999982,1
device_00_degenerate_0013.obj,0.9999999999999979,1
device_00_degenerate_0014.obj,0.9999999999999981,1
device_00_degenerate_0015.obj,0.999999999999998,1
device_00_degenerate_0016.obj,0.9999999999999978,1
device_00_degenerate_0017.obj,0.9999999999999979,1
device_00_degenerate_0018.obj,0.9999999999999978,1
device_00_degenerate_0019.obj,0.9999999999999977,1
device_00_degenerate_0020.obj,0.999999999999998,1
device_00_degenerate_0021.obj,0.999999999999998,1
device_00_degenerate_0022.obj,0.9999999999999982,1
device_00_degenerate_0023.obj,0.9999999999999982,1
device_00_degenerate_0024.obj,0.9999999999999984,1
device_00_disconnected_0000.obj,0.9999999999999981,1
device_00_disconnected_0001.obj,0.999999999999998,1
device_00_disconnected_0002.obj,0.9999999999999982,1
device_00_disconnected_0003.obj,0.9999999999999982,1
device_00_disconnected_0004.obj,0.9999999999999979,1
device_00_disconnected_0005.obj,0.9999999999999982,1
device_00_disconnected_0006.obj,0.9999999999999981,1
device_00_disconnected_0007.obj,0.9999999999999947,1
device_00_disconnected_0008.obj,0.999999999999998,1
device_00_disconnected_0009.obj,0.9999999999999982,1
device_00_disconnected_0010.obj,0.9999999999999973,1
device_00_disconnected_0011.obj,0.9999999999999978,1
device_00_disconnected_0012.obj,0.9999999999999939,1
device_00_disconnected_0013.obj,0.9999999999999979,1
device_00_disconnected_0014.obj,0.9999999999999978,1
device_00_disconnected_0015.obj,0.9999999999999968,1
device_00_disconnected_0016.obj,0.9999999999999982,1
device_00_disconnected_0017.obj,0.9999999999999981,1
device_00_disconnected_0018.obj,0.999999999999998,1
device_00_disconnected_0019.obj,0.9999999999999979,1
device_00_disconnected_0020.obj,0.9999999999999981,1
device_00_disconnected_0021.obj,0.9999999999999981,1
device_00_disconnected_0022.obj,0.9999999999999978,1
device_00_disconnected_0023.obj,0.9999999999999981,1
device_00_disconnected_0024.obj,0.9999999999999981,1
device_00_faceswap_0000.obj,0.9999999999999877,1
device_00_faceswap_0001.obj,0.9999999999999917,1
device_00_faceswap_0002.obj,0.9999999999999903,1
device_00_faceswap_0003.obj,0.9999999999999907,1
device_00_faceswap_0004.obj,0.9999999999999933,1
device_00_faceswap_0005.obj,0.999999999999995,1
device_00_faceswap_0006.obj,0.9999999999999797,1
device_00_faceswap_0007.obj,0.9999999999999951,1
device_00_faceswap_0008.obj,0.9999999999999881,1
device_00_faceswap_0009.obj,0.9999999999999906,1
device_00_faceswap_0010.obj,0.9999999999999902,1
device_00_faceswap_0011.obj,0.999999999999994,1
device_00_faceswap_0012.obj,0.9999999999999948,1
device_00_faceswap_0013.obj,0.9999999999999637,1
device_00_faceswap_0014.obj,0.9999999999999877,1
device_00_faceswap_0015.obj,0.9999999999999967,1
device_00_faceswap_0016.obj,0.9999999999999912,1
device_00_faceswap_0017.obj,0.9999999999999952,1
device_00_faceswap_0018.obj,0.9999999999999885,1
device_00_faceswap_0019.obj,0.9999999999999613,1
device_00_faceswap_0020.obj,0.9999999999999939,1
device_00_faceswap_0021.obj,0.9999999999999923,1
device_00_faceswap_0022.obj,0.9999999999999916,1
device_00_faceswap_0023.obj,0.9999999999999557,1
device_00_faceswap_0024.obj,0.9999999999999916,1
device_00_jitter_0000.obj,0.9547681241560141,1
device_00_jitter_0001.obj,0.9775995130425327,1
device_00_jitter_0002.obj,0.9672453703464736,1
device_00_jitter_0003.obj,0.9780467007558575,1
device_00_jitter_0004.obj,0.9702292605745094,1
device_00_jitter_0005.obj,0.9745103985250285,1
device_00_jitter_0006.obj,0.9413299560323188,1
device_00_jitter_0007.obj,0.9477422177724922,1
device_00_jitter_0008.obj,0.9300107730921552,1
device_00_jitter_0009.obj,0.9334563722523201,1
device_00_jitter_0010.obj,0.935518006773892,1
device_00_jitter_0011.obj,0.9327471893073459,1
device_00_jitter_0012.obj,0.9584613353204169,1
device_00_jitter_0013.obj,0.9387550278942531,1
device_00_jitter_0014.obj,0.9555832001173269,1
device_00_jitter_0015.obj,0.933346134581665,1
device_00_jitter_0016.obj,0.9409978542296354,1
device_00_jitter_0017.obj,0.9220435549043122,1
device_00_jitter_0018.obj,0.9630809542032119,1
device_00_jitter_0019.obj,0.9326648443573973,1
device_00_jitter_0020.obj,0.9625936798935238,1
device_00_jitter_0021.obj,0.9593397694406448,1
device_00_jitter_0022.obj,0.9431321059461815,1
device_00_jitter_0023.obj,0.9639748596624779,1
device_00_jitter_0024.obj,0.9502847692744648,1
device_00_rigid_0000.obj,0.9999999999999833,1
device_00_rigid_0001.obj,0.9999999999999822,1
device_00_rigid_0002.obj,0.9999999999999619,1
device_00_rigid_0003.obj,0.9999999999999633,1
device_00_rigid_0004.obj,0.9999999999999659,1
device_00_rigid_0005.obj,0.9999999999999674,1
device_00_rigid_0006.obj,0.9999999999999432,1
device_00_rigid_0007.obj,0.9999999999999629,1
device_00_rigid_0008.obj,0.9999999999999726,1
device_00_rigid_0009.obj,0.9999999999999798,1
device_00_rigid_0010.obj,0.9999999999999508,1
device_00_rigid_0011.obj,0.9999999999999488,1
device_00_rigid_0012.obj,0.999999999999976,1
device_00_rigid_0013.obj,0.999999999999965,1
device_00_rigid_0014.obj,0.9999999999999747,1
device_00_rigid_0015.obj,0.999999999999963,1
device_00_rigid_0016.obj,0.999999999999965,1
device_00_rigid_0017.obj,0.9999999999999719,1
device_00_rigid_0018.obj,0.9999999999999623,1
device_00_rigid_0019.obj,0.9999999999999731,1
device_00_rigid_0020.obj,0.9999999999999714,1
device_00_rigid_0021.obj,0.9999999999999748,1
device_00_rigid_0022.obj,0.9999999999999788,1
device_00_rigid_0023.obj,0.9999999999999721,1
device_00_rigid_0024.obj,0.9999999999999504,1
device_00_tetwild_0000.obj,0.8874658264375336,1
device_00_tetwild_0001.obj,0.9102298594240779,1
device_00_tetwild_0002.obj,0.9181774433391077,1
device_00_tetwild_0003.obj,0.9220208440338332,1
device_00_tetwild_0004.obj,0.9349014274783534,1
device_00_tetwild_0005.obj,0.9564684664414845,1
device_00_tetwild_0006.obj,0.9406271081332562,1
device_00_tetwild_0007.obj,0.9106080398308081,1
device_00_tetwild_0008.obj,0.9140932354458651,1
device_00_tetwild_0009.obj,0.9373638137274981,1
device_00_tetwild_0010.obj,0.9179797352394641,1
device_00_tetwild_0011.obj,0.9195421812881793,1
device_00_tetwild_0012.obj,0.9400455757938381,1
device_00_tetwild_0013.obj,0.9410737946041824,1
device_00_tetwild_0014.obj,0.9074950073868976,1
device_00_tetwild_0015.obj,0.880324069493501,1
device_00_tetwild_0016.obj,0.9340359606075725,1
device_00_tetwild_0017.obj,0.9058671640135311,1
device_00_tetwild_0018.obj,0.9003071168995321,1
device_00_tetwild_0019.obj,0.9334589163988902,1
device_00_tetwild_0020.obj,0.923895206926751,1
device_00_tetwild_0021.obj,0.9210898525812465,1
device_00_tetwild_0022.obj,0.9250622342244138,1
device_00_tetwild_0023.obj,0.8516731205554091,1
device_00_tetwild_0024.obj,0.9379840436108369,1
device_17_degenerate_0000.obj,0.9999999999998456,1
device_17_degenerate_0001.obj,0.9999999999998516,1
device_17_degenerate_0002.obj,0.9999999999998449,1
device_17_degenerate_0003.obj,0.9999999999998027,1
device_17_degenerate_0004.obj,0.9999999999998473,1
device_17_degenerate_0005.obj,0.9999999999997067,1
device_17_degenerate_0006.obj,0.9999999999998542,1
device_17_degenerate_0007.obj,0.9999999999998607,1
device_17_degenerate_0008.obj,0.9999999999997565,1
device_17_degenerate_0009.obj,0.999999999999765,1
device_17_degenerate_0010.obj,0.9999999999998345,1
device_17_degenerate_0011.obj,0.9999999999998403,1
device_17_degenerate_0012.obj,0.9999999999998408,1
device_17_degenerate_0013.obj,0.999999999999691,1
device_17_degenerate_0014.obj,0.9999999999998167,1
device_17_degenerate_0015.obj,0.9999999999998458,1
device_17_degenerate_0016.obj,0.999999999999709,1
device_17_degenerate_0017.obj,0.9999999999998263,1
device_17_degenerate_0018.obj,0.9999999999989835,1
device_17_degenerate_0019.obj,0.9999999999998243,1
device_17_degenerate_0020.obj,0.9999999999998469,1
device_17_degenerate_0021.obj,0.9999999999998452,1
device_17_degenerate_0022.obj,0.9999999999998431,1
device_17_degenerate_0023.obj,0.9999999999997877,1
device_17_degenerate_0024.obj,0.999999999999775,1
device_17_disconnected_0000.obj,0.9999999999998338,1
device_17_disconnected_0001.obj,0.9999999999998257,1
device_17_disconnected_0002.obj,0.9999999999997407,1
device_17_disconnected_0003.obj,0.9999999999997277,1
device_17_disconnected_0004.obj,0.9999999999998008,1
device_17_disconnected_0005.obj,0.9999999999998397,1
device_17_disconnected_0006.obj,0.9999999999997854,1
device_17_disconnected_0007.obj,0.9999999999998236,1
device_17_disconnected_0008.obj,0.9999999999998539,1
device_17_disconnected_0009.obj,0.9999999999998181,1
device_17_disconnected_0010.obj,0.9999999999998027,1
device_17_disconnected_0011.obj,0.9999999999997534,1
device_17_disconnected_0012.obj,0.9999999999998376,1
device_17_disconnected_0013.obj,0.9999999999998018,1
device_17_disconnected_0014.obj,0.9999999999998298,1
device_17_disconnected_0015.obj,0.9999999999998137,1
device_17_disconnected_0016.obj,0.9999999999990351,1
device_17_disconnected_0017.obj,0.9999999999998193,1
device_17_disconnected_0018.obj,0.9999999999998274,1
device_17_disconnected_0019.obj,0.9999999999997943,1
device_17_disconnected_0020.obj,0.9999999999997403,1
device_17_disconnected_0021.obj,0.9999999999998485,1
device_17_disconnected_0022.obj,0.9999999999998341,1
device_17_disconnected_0023.obj,0.9999999999997545,1
device_17_disconnected_0024.obj,0.9999999999997523,1
device_17_faceswap_0000.obj,0.9999999999997884,1
device_17_faceswap_0001.obj,0.9999999999987105,1
device_17_faceswap_0002.obj,0.9999999999996129,1
device_17_faceswap_0003.obj,0.9999999999989154,1
device_17_faceswap_0004.obj,0.9999999999987104,1
device_17_faceswap_0005.obj,0.9999999999992406,1
device_17_faceswap_0006.obj,0.9999999999975894,1
device_17_faceswap_0007.obj,0.9999999999994041,1
device_17_faceswap_0008.obj,0.9999999999987332,1
device_17_faceswap_0009.obj,0.9999999999996088,1
device_17_faceswap_0010.obj,0.9999999999990025,1
device_17_faceswap_0011.obj,0.9999999999991124,1
device_17_faceswap_0012.obj,0.999999999999565,1
device_17_faceswap_0013.obj,0.9999999999986314,1
device_17_faceswap_0014.obj,0.999999999999519,1
device_17_faceswap_0015.obj,0.9999999999985213,1
device_17_faceswap_0016.obj,0.9999999999987743,1
device_17_faceswap_0017.obj,0.9999999999994071,1
device_17_faceswap_0018.obj,0.999999999998927,1
device_17_faceswap_0019.obj,0.9999999999986818,1
device_17_faceswap_0020.obj,0.9999999999986946,1
device_17_faceswap_0021.obj,0.9999999999986885,1
device_17_faceswap_0022.obj,0.9999999999989526,1
device_17_faceswap_0023.obj,0.9999999999988162,1
device_17_faceswap_0024.obj,0.9999999999991454,1
device_17_jitter_0000.obj,0.9611744905005041,1
device_17_jitter_0001.obj,0.9453838080798314,1
device_17_jitter_0002.obj,0.9475983339854036,1
device_17_jitter_0003.obj,0.9636945715516527,1
device_17_jitter_0004.obj,0.9573349898173201,1
device_17_jitter_0005.obj,0.9504755667083166,1
device_17_jitter_0006.obj,0.9660563473826503,1
device_17_jitter_0007.obj,0.9282340261181198,1
device_17_jitter_0008.obj,0.954324922445311,1
device_17_jitter_0009.obj,0.9285472703080153,1
device_17_jitter_0010.obj,0.9555502112909562,1
device_17_jitter_0011.obj,0.9480172223271781,1
device_17_jitter_0012.obj,0.965674310642535,1
device_17_jitter_0013.obj,0.9405330825634225,1
device_17_jitter_0014.obj,0.9477193452828122,1
device_17_jitter_0015.obj,0.9435875730740484,1
device_17_jitter_0016.obj,0.9518572628715769,1
device_17_jitter_0017.obj,0.9322403976797098,1
device_17_jitter_0018.obj,0.9444305585109877,1
device_17_jitter_0019.obj,0.9546759177657698,1
device_17_jitter_0020.obj,0.9117414364780645,1
device_17_jitter_0021.obj,0.9509349911356824,1
device_17_jitter_0022.obj,0.9288425667103365,1
device_17_jitter_0023.obj,0.9569503439926696,1
device_17_jitter_0024.obj,0.9401025350234444,1
device_17_rigid_0000.obj,0.9999999999969801,1
device_17_rigid_0001.obj,0.9999999999975747,1
device_17_rigid_0002.obj,0.9999999999977983,1
device_17_rigid_0003.obj,0.9999999999985679,1
device_17_rigid_0004.obj,0.9999999999985656,1
device_17_rigid_0005.obj,0.9999999999956436,1
device_17_rigid_0006.obj,0.999999999998425,1
device_17_rigid_0007.obj,0.9999999999968262,1
device_17_rigid_0008.obj,0.9999999999981694,1
device_17_rigid_0009.obj,0.999999999997633,1
device_17_rigid_0010.obj,0.9999999999986452,1
device_17_rigid_0011.obj,0.9999999999980537,1
device_17_rigid_0012.obj,0.9999999999985996,1
device_17_rigid_0013.obj,0.999999999997531,1
device_17_rigid_0014.obj,0.9999999999952591,1
device_17_rigid_0015.obj,0.9999999999981252,1
device_17_rigid_0016.obj,0.9999999999985673,1
device_17_rigid_0017.obj,0.9999999999981826,1
device_17_rigid_0018.obj,0.9999999999987023,1
device_17_rigid_0019.obj,0.9999999999985023,1
device_17_rigid_0020.obj,0.9999999999983152,1
device_17_rigid_0021.obj,0.9999999999974838,1
device_17_rigid_0022.obj,0.9999999999976508,1
device_17_rigid_0023.obj,0.999999999997843,1
device_17_rigid_0024.obj,0.9999999999967903,1
device_17_tetwild_0000.obj,0.9352154776863922,1
device_17_tetwild_0001.obj,0.9143687824996379,1
device_17_tetwild_0002.obj,0.9521829480870736,1
device_17_tetwild_0003.obj,0.9523455298870307,1
device_17_tetwild_0004.obj,0.927622474048612,1
device_17_tetwild_0005.obj,0.9174791778507556,1
device_17_tetwild_0007.obj,0.9639206403424535,1
device_17_tetwild_0008.obj,0.9313179894552829,1
device_17_tetwild_0009.obj,0.9661340894309323,1
device_17_tetwild_0010.obj,0.9303529801136784,1
device_17_tetwild_0011.obj,0.9449532992538442,1
device_17_tetwild_0012.obj,0.9296392826474302,1
device_17_tetwild_0013.obj,0.9436473104062563,1
device_17_tetwild_0014.obj,0.953209025485353,1
device_17_tetwild_0015.obj,0.9109933598359019,1
device_17_tetwild_0016.obj,0.9210552024193333,1
device_17_tetwild_0017.obj,0.9414992126304337,1
device_17_tetwild_0018.obj,0.9479616206616858,1
device_17_tetwild_0019.obj,0.9441434988936701,1
device_17_tetwild_0020.obj,0.9336589761777204,1
device_17_tetwild_0021.obj,0.9525780510316647,1
device_17_tetwild_0022.obj,0.9316371753933443,1
device_17_tetwild_0023.obj,0.9403277833974123,1
device_17_tetwild_0024.obj,0.9105552708721597,1
device_06_degenerate_0000.obj,0.9999999999997206,1
device_06_degenerate_0001.obj,0.9999999999998658,1
device_06_degenerate_0002.obj,0.9999999999991239,1
device_06_degenerate_0003.obj,0.9999999999998613,1
device_06_degenerate_0004.obj,0.9999999999998659,1
device_06_degenerate_0005.obj,0.9999999999998569,1
device_06_degenerate_0006.obj,0.999999999999657,1
device_06_degenerate_0007.obj,0.9999999999998597,1
device_06_degenerate_0008.obj,0.9999999999998603,1
device_06_degenerate_0009.obj,0.999999999999873,1
device_06_degenerate_0010.obj,0.9999999999998633,1
device_06_degenerate_0011.obj,0.9999999999998577,1
device_06_degenerate_0012.obj,0.999999999999856,1
device_06_degenerate_0013.obj,0.9999999999998316,1
device_06_degenerate_0014.obj,0.999999999999759,1
device_06_degenerate_0015.obj,0.999999999999875,1
device_06_degenerate_0016.obj,0.9999999999998833,1
device_06_degenerate_0017.obj,0.9999999999998728,1
device_06_degenerate_0018.obj,0.9999999999998582,1
device_06_degenerate_0019.obj,0.9999999999998619,1
device_06_degenerate_0020.obj,0.9999999999998439,1
device_06_degenerate_0021.obj,0.9999999999998452,1
device_06_degenerate_0022.obj,0.9999999999998572,1
device_06_degenerate_0023.obj,0.999999999999851,1
device_06_degenerate_0024.obj,0.999999999999823,1
device_06_disconnected_0000.obj,0.9999999999998399,1
device_06_disconnected_0001.obj,0.9999999999998586,1
device_06_disconnected_0002.obj,0.9999999999998572,1
device_06_disconnected_0003.obj,0.9999999999998215,1
device_06_disconnected_0004.obj,0.9999999999995446,1
device_06_disconnected_0005.obj,0.9999999999998648,1
device_06_disconnected_0006.obj,0.999999999999855,1
device_06_disconnected_0007.obj,0.9999999999998552,1
device_06_disconnected_0008.obj,0.9999999999998268,1
device_06_disconnected_0009.obj,0.9999999999998018,1
device_06_disconnected_0010.obj,0.9999999999998656,1
device_06_disconnected_0011.obj,0.999999999999868,1
device_06_disconnected_0012.obj,0.9999999999998594,1
device_06_disconnected_0013.obj,0.9999999999998422,1
device_06_disconnected_0014.obj,0.9999999999998236,1
device_06_disconnected_0015.obj,0.9999999999998258,1
device_06_disconnected_0016.obj,0.9999999999986181,1
device_06_disconnected_0017.obj,0.9999999999998689,1
device_06_disconnected_0018.obj,0.9999999999998647,1
device_06_disconnected_0019.obj,0.999999999999839,1
device_06_disconnected_0020.obj,0.9999999999998713,1
device_06_disconnected_0021.obj,0.9999999999998687,1
device_06_disconnected_0022.obj,0.9999999999998717,1
device_06_disconnected_0023.obj,0.9999999999671878,1
device_06_disconnected_0024.obj,0.9999999999998327,1
device_06_faceswap_0000.obj,0.9999999999990298,1
device_06_faceswap_0001.obj,0.9999999999990591,1
device_06_faceswap_0002.obj,0.99999999999928,1
device_06_faceswap_0003.obj,0.9999999999993405,1
device_06_faceswap_0004.obj,0.9999999999995034,1
device_06_faceswap_0005.obj,0.9999999999992916,1
device_06_faceswap_0006.obj,0.999999999998254,1
device_06_faceswap_0007.obj,0.9999999999991027,1
device_06_faceswap_0008.obj,0.9999999999991638,1
device_06_faceswap_0009.obj,0.9999999999995771,1
device_06_faceswap_0010.obj,0.9999999999984066,1
device_06_faceswap_0011.obj,0.9999999999988519,1
device_06_faceswap_0012.obj,0.9999999999987061,1
device_06_faceswap_0013.obj,0.9999999999989747,1
device_06_faceswap_0014.obj,0.9999999999991248,1
device_06_faceswap_0015.obj,0.9999999999985438,1
device_06_faceswap_0016.obj,0.9999999999992351,1
device_06_faceswap_0017.obj,0.9999999999991845,1
device_06_faceswap_0018.obj,0.9999999999986593,1
device_06_faceswap_0019.obj,0.9999999999990179,1
device_06_faceswap_0020.obj,0.9999999999997163,1
device_06_faceswap_0021.obj,0.9999999999991648,1
device_06_faceswap_0022.obj,0.9999999999992756,1
device_06_faceswap_0023.obj,0.9999999999991195,1
device_06_faceswap_0024.obj,0.9999999999991763,1
device_06_jitter_0000.obj,0.9530179916515746,1
device_06_jitter_0001.obj,0.9591530622536275,1
device_06_jitter_0002.obj,0.9651682468235718,1
device_06_jitter_0003.obj,0.9664907242956463,1
device_06_jitter_0004.obj,0.9433138048647404,1
device_06_jitter_0005.obj,0.9651162735871124,1
device_06_jitter_0006.obj,0.9602454455318477,1
device_06_jitter_0007.obj,0.9444952163076256,1
device_06_jitter_0008.obj,0.9554707391956813,1
device_06_jitter_0009.obj,0.9648016578144436,1
device_06_jitter_0010.obj,0.9429606775285752,1
device_06_jitter_0011.obj,0.951734106667005,1
device_06_jitter_0012.obj,0.9598276394669731,1
device_06_jitter_0013.obj,0.9569733544389932,1
device_06_jitter_0014.obj,0.9475976965156848,1
device_06_jitter_0015.obj,0.955054184183483,1
device_06_jitter_0016.obj,0.9681166433446202,1
device_06_jitter_0017.obj,0.9316003332719021,1
device_06_jitter_0018.obj,0.9536862167699388,1
device_06_jitter_0019.obj,0.9515870158616165,1
device_06_jitter_0020.obj,0.9636544810170891,1
device_06_jitter_0021.obj,0.963200296703155,1
device_06_jitter_0022.obj,0.9541169958607839,1
device_06_jitter_0023.obj,0.9618074145799668,1
device_06_jitter_0024.obj,0.9528703897616776,1
device_06_rigid_0000.obj,0.9999999999983428,1
device_06_rigid_0001.obj,0.9999999999985201,1
device_06_rigid_0002.obj,0.999999999997462,1
device_06_rigid_0003.obj,0.9999999999978325,1
device_06_rigid_0004.obj,0.9999999999976682,1
device_06_rigid_0005.obj,0.9999999999983049,1
device_06_rigid_0006.obj,0.9999999999984648,1
device_06_rigid_0007.obj,0.9999999999982222,1
device_06_rigid_0008.obj,0.9999999999986137,1
device_06_rigid_0009.obj,0.9999999999972593,1
device_06_rigid_0010.obj,0.9999999999981869,1
device_06_rigid_0011.obj,0.9999999999980282,1
device_06_rigid_0012.obj,0.9999999999978161,1
device_06_rigid_0013.obj,0.9999999999970597,1
device_06_rigid_0014.obj,0.9999999999979801,1
device_06_rigid_0015.obj,0.9999999999983664,1
device_06_rigid_0016.obj,0.9999999999979162,1
device_06_rigid_0017.obj,0.9999999999971719,1
device_06_rigid_0018.obj,0.9999999999982546,1
device_06_rigid_0019.obj,0.9999999999990048,1
device_06_rigid_0020.obj,0.9999999999989645,1
device_06_rigid_0021.obj,0.9999999999973946,1
device_06_rigid_0022.obj,0.9999999999977398,1
device_06_rigid_0023.obj,0.9999999999984975,1
device_06_rigid_0024.obj,0.9999999999979252,1
device_06_tetwild_0000.obj,0.973408568156178,1
device_06_tetwild_0001.obj,0.9777956370322093,1
device_06_tetwild_0002.obj,0.9725902811109784,1
device_06_tetwild_0003.obj,0.9683026813373901,1
device_06_tetwild_0004.obj,0.969865670144632,1
device_06_tetwild_0005.obj,0.9541829787542915,1
device_06_tetwild_0006.obj,0.9537150659827149,1
device_06_tetwild_0007.obj,0.92637530626135,1
device_06_tetwild_0008.obj,0.9627081855072991,1
device_06_tetwild_0009.obj,0.9650790443745129,1
device_06_tetwild_0010.obj,0.9597620639186436,1
device_06_tetwild_0011.obj,0.9673295480483929,1
device_06_tetwild_0012.obj,0.9639774404813348,1
device_06_tetwild_0013.obj,0.9782001114350659,1
device_06_tetwild_0014.obj,0.9599113955921772,1
device_06_tetwild_0015.obj,0.9591543353808771,1
device_06_tetwild_0016.obj,0.9647280008031413,1
device_06_tetwild_0017.obj,0.9390966680521616,1
device_06_tetwild_0018.obj,0.964700665848051,1
device_06_tetwild_0019.obj,0.9662525698425307,1
device_06_tetwild_0020.obj,0.9432003671303917,1
device_06_tetwild_0021.obj,0.9642400723711729,1
device_06_tetwild_0022.obj,0.9426893024049319,1
device_06_tetwild_0023.obj,0.9561536750843586,1
device_06_tetwild_0024.obj,0.9667371995980484,1
device_01_degenerate_0000.obj,0.999999999999906,1
device_01_degenerate_0001.obj,0.9999999999999045,1
device_01_degenerate_0002.obj,0.9999999999999096,1
device_01_degenerate_0003.obj,0.9999999999999041,1
device_01_degenerate_0004.obj,0.9999999999999045,1
device_01_degenerate_0005.obj,0.9999999999999077,1
device_01_degenerate_0006.obj,0.9999999999999124,1
device_01_degenerate_0007.obj,0.9999999999999037,1
device_01_degenerate_0008.obj,0.9999999999999092,1
device_01_degenerate_0009.obj,0.9999999999998992,1
device_01_degenerate_0010.obj,0.9999999999999131,1
device_01_degenerate_0011.obj,0.9999999999999096,1
device_01_degenerate_0012.obj,0.9999999999999032,1
device_01_degenerate_0013.obj,0.9999999999999114,1
device_01_degenerate_0014.obj,0.9999999999999098,1
device_01_degenerate_0015.obj,0.9999999999999059,1
device_01_degenerate_0016.obj,0.9999999999999115,1
device_01_degenerate_0017.obj,0.9999999999999098,1
device_01_degenerate_0018.obj,0.9999999999999097,1
device_01_degenerate_0019.obj,0.9999999999999059,1
device_01_degenerate_0020.obj,0.9999999999999081,1
device_01_degenerate_0021.obj,0.9999999999999075,1
device_01_degenerate_0022.obj,0.9999999999999052,1
device_01_degenerate_0023.obj,0.9999999999999104,1
device_01_degenerate_0024.obj,0.9999999999999141,1
device_01_disconnected_0000.obj,0.9999999999999081,1
device_01_disconnected_0001.obj,0.9999999999999096,1
device_01_disconnected_0002.obj,0.9999999999999073,1
device_01_disconnected_0003.obj,0.9999999999999096,1
device_01_disconnected_0004.obj,0.9999999999999092,1
device_01_disconnected_0005.obj,0.9999999999999076,1
device_01_disconnected_0006.obj,0.9999999999999075,1
device_01_disconnected_0007.obj,0.9999999999999089,1
device_01_disconnected_0008.obj,0.9999999999999084,1
device_01_disconnected_0009.obj,0.999999999999899,1
device_01_disconnected_0010.obj,0.999999999999907,1
device_01_disconnected_0011.obj,0.9999999999999073,1
device_01_disconnected_0012.obj,0.9999999999999067,1
device_01_disconnected_0013.obj,0.9999999999999077,1
device_01_disconnected_0014.obj,0.9999999999999033,1
device_01_disconnected_0015.obj,0.9999999999999017,1
device_01_disconnected_0016.obj,0.9999999999999104,1
device_01_disconnected_0017.obj,0.9999999999999067,1
device_01_disconnected_0018.obj,0.9999999999999102,1
device_01_disconnected_0019.obj,0.9999999999999102,1
device_01_disconnected_0020.obj,0.9999999999999097,1
device_01_disconnected_0021.obj,0.9999999999999065,1
device_01_disconnected_0022.obj,0.9999999999999076,1
device_01_disconnected_0023.obj,0.9999999999999107,1
device_01_disconnected_0024.obj,0.9999999999999072,1
device_01_faceswap_0000.obj,0.9999999999998909,1
device_01_faceswap_0001.obj,0.999999999999876,1
device_01_faceswap_0002.obj,0.9999999999998732,1
device_01_faceswap_0003.obj,0.9999999999998769,1
device_01_faceswap_0004.obj,0.9999999999998659,1
device_01_faceswap_0005.obj,0.9999999999999024,1
device_01_faceswap_0006.obj,0.999999999999896,1
device_01_faceswap_0007.obj,0.9999999999998415,1
device_01_faceswap_0008.obj,0.9999999999998949,1
device_01_faceswap_0009.obj,0.999999999999906,1
device_01_faceswap_0010.obj,0.9999999999998797,1
device_01_faceswap_0011.obj,0.999999999999876,1
device_01_faceswap_0012.obj,0.9999999999998765,1
device_01_faceswap_0013.obj,0.9999999999998795,1
device_01_faceswap_0014.obj,0.9999999999998647,1
device_01_faceswap_0015.obj,0.9999999999998903,1
device_01_faceswap_0016.obj,0.9999999999998995,1
device_01_faceswap_0017.obj,0.9999999999999001,1
device_01_faceswap_0018.obj,0.9999999999998921,1
device_01_faceswap_0019.obj,0.9999999999998922,1
device_01_faceswap_0020.obj,0.9999999999998785,1
device_01_faceswap_0021.obj,0.9999999999998892,1
device_01_faceswap_0022.obj,0.9999999999998798,1
device_01_faceswap_0023.obj,0.9999999999998433,1
device_01_faceswap_0024.obj,0.9999999999998481,1
device_01_jitter_0000.obj,0.9818627564911953,1
device_01_jitter_0001.obj,0.9752606173792315,1
device_01_jitter_0002.obj,0.9836945136285735,1
device_01_jitter_0003.obj,0.9761737019329367,1
device_01_jitter_0004.obj,0.980695331088238,1
device_01_jitter_0005.obj,0.9776747070453196,1
device_01_jitter_0006.obj,0.9874348882505863,1
device_01_jitter_0007.obj,0.9761483195718604,1
device_01_jitter_0008.obj,0.9793336360944631,1
device_01_jitter_0009.obj,0.9819831976945373,1
device_01_jitter_0010.obj,0.9801321430941728,1
device_01_jitter_0011.obj,0.979932931515494,1
device_01_jitter_0012.obj,0.9751009916040191,1
device_01_jitter_0013.obj,0.9811694769571062,1
device_01_jitter_0014.obj,0.9775630704181495,1
device_01_jitter_0015.obj,0.9886337535683725,1
device_01_jitter_0016.obj,0.985196792080559,1
device_01_jitter_0017.obj,0.9650203439530511,1
device_01_jitter_0018.obj,0.9794279319951422,1
device_01_jitter_0019.obj,0.982660027618977,1
device_01_jitter_0020.obj,0.9858212553749524,1
device_01_jitter_0021.obj,0.9926668022026633,1
device_01_jitter_0022.obj,0.9732534090324809,1
device_01_jitter_0023.obj,0.9847204184788205,1
device_01_jitter_0024.obj,0.9834712648043082,1
device_01_rigid_0000.obj,0.9999999999998701,1
device_01_rigid_0001.obj,0.9999999999998441,1
device_01_rigid_0002.obj,0.9999999999998282,1
device_01_rigid_0003.obj,0.9999999999998225,1
device_01_rigid_0004.obj,0.9999999999998119,1
device_01_rigid_0005.obj,0.9999999999998395,1
device_01_rigid_0006.obj,0.9999999999998589,1
device_01_rigid_0007.obj,0.9999999999998678,1
device_01_rigid_0008.obj,0.9999999999998508,1
device_01_rigid_0009.obj,0.9999999999998583,1
device_01_rigid_0010.obj,0.9999999999998388,1
device_01_rigid_0011.obj,0.9999999999998544,1
device_01_rigid_0012.obj,0.9999999999998442,1
device_01_rigid_0013.obj,0.999999999999855,1
device_01_rigid_0014.obj,0.9999999999998158,1
device_01_rigid_0015.obj,0.9999999999998579,1
device_01_rigid_0016.obj,0.9999999999998621,1
device_01_rigid_0017.obj,0.9999999999998389,1
device_01_rigid_0018.obj,0.9999999999998109,1
device_01_rigid_0019.obj,0.999999999999863,1
device_01_rigid_0020.obj,0.9999999999998593,1
device_01_rigid_0021.obj,0.9999999999998797,1
device_01_rigid_0022.obj,0.9999999999998433,1
device_01_rigid_0023.obj,0.9999999999998083,1
device_01_rigid_0024.obj,0.9999999999998522,1
device_01_tetwild_0000.obj,0.9790763514208721,1
device_01_tetwild_0001.obj,0.9827739445876444,1
device_01_tetwild_0002.obj,0.9759040142305603,1
device_01_tetwild_0003.obj,0.9886286919288291,1
device_01_tetwild_0004.obj,0.9723238689730074,1
device_01_tetwild_0005.obj,0.9858518485537572,1
device_01_tetwild_0006.obj,0.9763180608551253,1
device_01_tetwild_0007.obj,0.9793570758477054,1
device_01_tetwild_0008.obj,0.974365562998154,1
device_01_tetwild_0009.obj,0.9875979711839407,1
device_01_tetwild_0011.obj,0.9752718157965751,1
device_01_tetwild_0012.obj,0.9760200443271311,1
device_01_tetwild_0013.obj,0.9835873819623289,1
device_01_tetwild_0014.obj,0.9832033642499795,1
device_01_tetwild_0015.obj,0.9776413912520837,1
device_01_tetwild_0016.obj,0.984653498580044,1
device_01_tetwild_0017.obj,0.9862054400911912,1
device_01_tetwild_0018.obj,0.981920229961322,1
device_01_tetwild_0019.obj,0.9750955113095991,1
device_01_tetwild_0020.obj,0.983383723493429,1
device_01_tetwild_0021.obj,0.9738309887120888,1
device_01_tetwild_0022.obj,0.9843383893954535,1
device_01_tetwild_0023.obj,0.9853946672605152,1
device_01_tetwild_0024.obj,0.9879618781931768,1
device_15_degenerate_0000.obj,0.9999999999998578,1
device_15_degenerate_0001.obj,0.999999999999862,1
device_15_degenerate_0002.obj,0.9999999999998652,1
device_15_degenerate_0003.obj,0.9999999999998612,1
device_15_degenerate_0004.obj,0.9999999999998624,1
device_15_degenerate_0005.obj,0.9999999999998572,1
device_15_degenerate_0006.obj,0.9999999999998559,1
device_15_degenerate_0007.obj,0.9999999999998578,1
device_15_degenerate_0008.obj,0.9999999999998437,1
device_15_degenerate_0009.obj,0.9999999999998603,1
device_15_degenerate_0010.obj,0.9999999999998591,1
device_15_degenerate_0011.obj,0.9999999999998612,1
device_15_degenerate_0012.obj,0.9999999999998435,1
device_15_degenerate_0013.obj,0.9999999999998488,1
device_15_degenerate_0014.obj,0.9999999999998646,1
device_15_degenerate_0015.obj,0.999999999999858,1
device_15_degenerate_0016.obj,0.9999999999998657,1
device_15_degenerate_0017.obj,0.9999999999998654,1
device_15_degenerate_0018.obj,0.9999999999998638,1
device_15_degenerate_0019.obj,0.999999999999861,1
device_15_degenerate_0020.obj,0.9999999999998587,1
device_15_degenerate_0021.obj,0.9999999999998629,1
device_15_degenerate_0022.obj,0.9999999999998364,1
device_15_degenerate_0023.obj,0.9999999999998629,1
device_15_degenerate_0024.obj,0.9999999999998618,1
device_15_disconnected_0000.obj,0.9999999999998702,1
device_15_disconnected_0001.obj,0.9999999999998646,1
device_15_disconnected_0002.obj,0.9999999999998589,1
device_15_disconnected_0003.obj,0.9999999999998557,1
device_15_disconnected_0004.obj,0.9999999999998582,1
device_15_disconnected_0005.obj,0.9999999999998599,1
device_15_disconnected_0006.obj,0.9999999999998646,1
device_15_disconnected_0007.obj,0.9999999999998629,1
device_15_disconnected_0008.obj,0.9999999999998576,1
device_15_disconnected_0009.obj,0.9999999999998601,1
device_15_disconnected_0010.obj,0.9999999999998559,1
device_15_disconnected_0011.obj,0.999999999999861,1
device_15_disconnected_0012.obj,0.999999999999853,1
device_15_disconnected_0013.obj,0.9999999999998582,1
device_15_disconnected_0014.obj,0.9999999999998633,1
device_15_disconnected_0015.obj,0.9999999999998648,1
device_15_disconnected_0016.obj,0.9999999999998629,1
device_15_disconnected_0017.obj,0.999999999999861,1
device_15_disconnected_0018.obj,0.9999999999998553,1
device_15_disconnected_0019.obj,0.9999999999998697,1
device_15_disconnected_0020.obj,0.9999999999998657,1
device_15_disconnected_0021.obj,0.9999999999998612,1
device_15_disconnected_0022.obj,0.9999999999998521,1
device_15_disconnected_0023.obj,0.9999999999998597,1
device_15_disconnected_0024.obj,0.9999999999998512,1
device_15_faceswap_0000.obj,0.9999999999998509,1
device_15_faceswap_0001.obj,0.999999999999854,1
device_15_faceswap_0002.obj,0.9999999999998448,1
device_15_faceswap_0003.obj,0.9999999999998116,1
device_15_faceswap_0004.obj,0.9999999999998315,1
device_15_faceswap_0005.obj,0.9999999999998327,1
device_15_faceswap_0006.obj,0.9999999999998591,1
device_15_faceswap_0007.obj,0.9999999999998618,1
device_15_faceswap_0008.obj,0.9999999999998386,1
device_15_faceswap_0009.obj,0.999999999999839,1
device_15_faceswap_0010.obj,0.9999999999998399,1
device_15_faceswap_0011.obj,0.9999999999998493,1
device_15_faceswap_0012.obj,0.9999999999998465,1
device_15_faceswap_0013.obj,0.9999999999998399,1
device_15_faceswap_0014.obj,0.9999999999997886,1
device_15_faceswap_0015.obj,0.9999999999998612,1
device_15_faceswap_0016.obj,0.9999999999998533,1
device_15_faceswap_0017.obj,0.9999999999998496,1
device_15_faceswap_0018.obj,0.9999999999998361,1
device_15_faceswap_0019.obj,0.9999999999998409,1
device_15_faceswap_0020.obj,0.9999999999998517,1
device_15_faceswap_0021.obj,0.9999999999998432,1
device_15_faceswap_0022.obj,0.9999999999998479,1
device_15_faceswap_0023.obj,0.9999999999998479,1
device_15_faceswap_0024.obj,0.9999999999998542,1
device_15_jitter_0000.obj,0.9748516246127373,1
device_15_jitter_0001.obj,0.9653281862372536,1
device_15_jitter_0002.obj,0.9759054304209519,1
device_15_jitter_0003.obj,0.9739248061017746,1
device_15_jitter_0004.obj,0.9774704161179173,1
device_15_jitter_0005.obj,0.967566086212885,1
device_15_jitter_0006.obj,0.9590834771296538,1
device_15_jitter_0007.obj,0.9597009388376202,1
device_15_jitter_0008.obj,0.9760928348970019,1
device_15_jitter_0009.obj,0.970227230059935,1
device_15_jitter_0010.obj,0.9872596429984006,1
device_15_jitter_0011.obj,0.9654565407369949,1
device_15_jitter_0012.obj,0.9664990787210742,1
device_15_jitter_0013.obj,0.9641177511668761,1
device_15_jitter_0014.obj,0.9629658823491746,1
device_15_jitter_0015.obj,0.960573947017729,1
device_15_jitter_0016.obj,0.977387614331288,1
device_15_jitter_0017.obj,0.9730160341368583,1
device_15_jitter_0018.obj,0.9601442644946324,1
device_15_jitter_0019.obj,0.9672669919355998,1
device_15_jitter_0020.obj,0.9798695234536411,1
device_15_jitter_0021.obj,0.9688665433106725,1
device_15_jitter_0022.obj,0.9632936410096975,1
device_15_jitter_0023.obj,0.9716537282476136,1
device_15_jitter_0024.obj,0.9670754033476772,1
device_15_rigid_0000.obj,0.9999999999998217,1
device_15_rigid_0001.obj,0.999999999999809,1
device_15_rigid_0002.obj,0.999999999999805,1
device_15_rigid_0003.obj,0.9999999999997878,1
device_15_rigid_0004.obj,0.999999999999828,1
device_15_rigid_0005.obj,0.9999999999998411,1
device_15_rigid_0006.obj,0.9999999999998266,1
device_15_rigid_0007.obj,0.9999999999998392,1
device_15_rigid_0008.obj,0.9999999999998367,1
device_15_rigid_0009.obj,0.9999999999997964,1
device_15_rigid_0010.obj,0.9999999999998108,1
device_15_rigid_0011.obj,0.9999999999998245,1
device_15_rigid_0012.obj,0.9999999999997863,1
device_15_rigid_0013.obj,0.9999999999998029,1
device_15_rigid_0014.obj,0.9999999999998102,1
device_15_rigid_0015.obj,0.9999999999997992,1
device_15_rigid_0016.obj,0.9999999999998427,1
device_15_rigid_0017.obj,0.9999999999997998,1
device_15_rigid_0018.obj,0.9999999999998322,1
device_15_rigid_0019.obj,0.9999999999998374,1
device_15_rigid_0020.obj,0.9999999999997982,1
device_15_rigid_0021.obj,0.9999999999997907,1
device_15_rigid_0022.obj,0.9999999999998203,1
device_15_rigid_0023.obj,0.9999999999998298,1
device_15_rigid_0024.obj,0.999999999999783,1
device_15_tetwild_0000.obj,0.9039703123963718,1
device_15_tetwild_0001.obj,0.9516019341281808,1
device_15_tetwild_0002.obj,0.9563477767136519,1
device_15_tetwild_0003.obj,0.8846667981142229,1
device_15_tetwild_0004.obj,0.9632791707095427,1
device_15_tetwild_0005.obj,0.9253745590062251,1
device_15_tetwild_0006.obj,0.9203522662477905,1
device_15_tetwild_0007.obj,0.9185545121990785,1
device_15_tetwild_0008.obj,0.9451414221903202,1
device_15_tetwild_0009.obj,0.8966229561845415,1
device_15_tetwild_0010.obj,0.9225101446247881,1
device_15_tetwild_0011.obj,0.9567601603641426,1
device_15_tetwild_0012.obj,0.9355684114983874,1
device_15_tetwild_0013.obj,0.9383048251915131,1
device_15_tetwild_0014.obj,0.887478191161441,1
device_15_tetwild_0015.obj,0.9229774645043439,1
device_15_tetwild_0016.obj,0.9645231628967038,1
device_15_tetwild_0017.obj,0.9390482603161058,1
device_15_tetwild_0018.obj,0.967283917160549,1
device_15_tetwild_0019.obj,0.8959166220837288,1
device_15_tetwild_0021.obj,0.9737197212215649,1
device_15_tetwild_0022.obj,0.9205255770105196,1
device_15_tetwild_0023.obj,0.9198777731073038,1
device_15_tetwild_0024.obj,0.9463194650781348,1
device_12_degenerate_0000.obj,0.9999999999999222,1
device_12_degenerate_0001.obj,0.9999999999999274,1
device_12_degenerate_0002.obj,0.9999999999999238,1
device_12_degenerate_0003.obj,0.999999999999928,1
device_12_degenerate_0004.obj,0.9999999999999275,1
device_12_degenerate_0005.obj,0.9999999999999309,1
device_12_degenerate_0006.obj,0.999999999999929,1
device_12_degenerate_0007.obj,0.9999999999999143,1
device_12_degenerate_0008.obj,0.9999999999999205,1
device_12_degenerate_0009.obj,0.9999999999999255,1
device_12_degenerate_0010.obj,0.9999999999999183,1
device_12_degenerate_0011.obj,0.9999999999999262,1
device_12_degenerate_0012.obj,0.9999999999999262,1
device_12_degenerate_0013.obj,0.9999999999999217,1
device_12_degenerate_0014.obj,0.9999999999999183,1
device_12_degenerate_0015.obj,0.9999999999999241,1
device_12_degenerate_0016.obj,0.9999999999999231,1
device_12_degenerate_0017.obj,0.9999999999998791,1
device_12_degenerate_0018.obj,0.9999999999999256,1
device_12_degenerate_0019.obj,0.9999999999999225,1
device_12_degenerate_0020.obj,0.9999999999999267,1
device_12_degenerate_0021.obj,0.9999999999999244,1
device_12_degenerate_0022.obj,0.9999999999999244,1
device_12_degenerate_0023.obj,0.9999999999999275,1
device_12_degenerate_0024.obj,0.9999999999999265,1
device_12_disconnected_0000.obj,0.9999999999999162,1
device_12_disconnected_0001.obj,0.9999999999999233,1
device_12_disconnected_0002.obj,0.9999999999999254,1
device_12_disconnected_0003.obj,0.9999999999999255,1
device_12_disconnected_0004.obj,0.9999999999999004,1
device_12_disconnected_0005.obj,0.9999999999998924,1
device_12_disconnected_0006.obj,0.9999999999999274,1
device_12_disconnected_0007.obj,0.9999999999999255,1
device_12_disconnected_0008.obj,0.9999999999997679,1
device_12_disconnected_0009.obj,0.9999999999999253,1
device_12_disconnected_0010.obj,0.9999999999999148,1
device_12_disconnected_0011.obj,0.9999999999999262,1
device_12_disconnected_0012.obj,0.9999999999999234,1
device_12_disconnected_0013.obj,0.9999999999999262,1
device_12_disconnected_0014.obj,0.9999999999999237,1
device_12_disconnected_0015.obj,0.999999999999924,1
device_12_disconnected_0016.obj,0.9999999999999073,1
device_12_disconnected_0017.obj,0.9999999999999275,1
device_12_disconnected_0018.obj,0.9999999999999275,1
device_12_disconnected_0019.obj,0.9999999999999253,1
device_12_disconnected_0020.obj,0.9999999999999276,1
device_12_disconnected_0021.obj,0.9999999999999196,1
device_12_disconnected_0022.obj,0.9999999999999267,1
device_12_disconnected_0023.obj,0.9999999999999246,1
device_12_disconnected_0024.obj,0.9999999999999281,1
device_12_faceswap_0000.obj,0.999999999999898,1
device_12_faceswap_0001.obj,0.9999999999998984,1
device_12_faceswap_0002.obj,0.9999999999998183,1
device_12_faceswap_0003.obj,0.9999999999999145,1
device_12_faceswap_0004.obj,0.9999999999999083,1
device_12_faceswap_0005.obj,0.9999999999999039,1
device_12_faceswap_0006.obj,0.9999999999999145,1
device_12_faceswap_0007.obj,0.9999999999999131,1
device_12_faceswap_0008.obj,0.9999999999999085,1
device_12_faceswap_0009.obj,0.9999999999999004,1
device_12_faceswap_0010.obj,0.9999999999998587,1
device_12_faceswap_0011.obj,0.9999999999999034,1
device_12_faceswap_0012.obj,0.9999999999998955,1
device_12_faceswap_0013.obj,0.9999999999999045,1
device_12_faceswap_0014.obj,0.9999999999999082,1
device_12_faceswap_0015.obj,0.9999999999999084,1
device_12_faceswap_0016.obj,0.9999999999999224,1
device_12_faceswap_0017.obj,0.999999999999915,1
device_12_faceswap_0018.obj,0.9999999999998618,1
device_12_faceswap_0019.obj,0.9999999999999074,1
device_12_faceswap_0020.obj,0.9999999999992607,1
device_12_faceswap_0021.obj,0.999999999999901,1
device_12_faceswap_0022.obj,0.9999999999999041,1
device_12_faceswap_0023.obj,0.999999999999901,1
device_12_faceswap_0024.obj,0.9999999999999115,1
device_12_jitter_0000.obj,0.9819808864138878,1
device_12_jitter_0001.obj,0.9726544584344474,1
device_12_jitter_0002.obj,0.9845539712662196,1
device_12_jitter_0003.obj,0.9871022132484017,1
device_12_jitter_0004.obj,0.979180886206747,1
device_12_jitter_0005.obj,0.9816172033535667,1
device_12_jitter_0006.obj,0.9907265521873156,1
device_12_jitter_0007.obj,0.9805967835036763,1
device_12_jitter_0008.obj,0.9872945077397041,1
device_12_jitter_0009.obj,0.9777007669529292,1
device_12_jitter_0010.obj,0.9861904781758073,1
device_12_jitter_0011.obj,0.9840659653833774,1
device_12_jitter_0012.obj,0.9873851630953088,1
device_12_jitter_0013.obj,0.9873295051173782,1
device_12_jitter_0014.obj,0.9852964473997796,1
device_12_jitter_0015.obj,0.9887195555191364,1
device_12_jitter_0016.obj,0.9834981409884695,1
device_12_jitter_0017.obj,0.9885744829384475,1
device_12_jitter_0018.obj,0.9820518478461866,1
device_12_jitter_0019.obj,0.9808730843428217,1
device_12_jitter_0020.obj,0.987820135078059,1
device_12_jitter_0021.obj,0.9787917658729212,1
device_12_jitter_0022.obj,0.9796492811128784,1
device_12_jitter_0023.obj,0.9843341811494589,1
device_12_jitter_0024.obj,0.9821779756993597,1
device_12_rigid_0000.obj,0.9999999999998983,1
device_12_rigid_0001.obj,0.9999999999998754,1
device_12_rigid_0002.obj,0.99999999999989,1
device_12_rigid_0003.obj,0.9999999999998835,1
device_12_rigid_0004.obj,0.9999999999998951,1
device_12_rigid_0005.obj,0.9999999999998691,1
device_12_rigid_0006.obj,0.9999999999999035,1
device_12_rigid_0007.obj,0.999999999999899,1
device_12_rigid_0008.obj,0.9999999999998678,1
device_12_rigid_0009.obj,0.9999999999998938,1
device_12_rigid_0010.obj,0.9999999999998967,1
device_12_rigid_0011.obj,0.9999999999998752,1
device_12_rigid_0012.obj,0.9999999999998787,1
device_12_rigid_0013.obj,0.9999999999998865,1
device_12_rigid_0014.obj,0.9999999999998926,1
device_12_rigid_0015.obj,0.999999999999884,1
device_12_rigid_0016.obj,0.9999999999998778,1
device_12_rigid_0017.obj,0.9999999999998905,1
device_12_rigid_0018.obj,0.9999999999998698,1
device_12_rigid_0019.obj,0.9999999999998912,1
device_12_rigid_0020.obj,0.9999999999999059,1
device_12_rigid_0021.obj,0.9999999999998784,1
device_12_rigid_0022.obj,0.9999999999998856,1
device_12_rigid_0023.obj,0.9999999999999007,1
device_12_rigid_0024.obj,0.9999999999998844,1
device_12_tetwild_0000.obj,0.9670259081452752,1
device_12_tetwild_0001.obj,0.9752148440699923,1
device_12_tetwild_0002.obj,0.9828908140019705,1
device_12_tetwild_0003.obj,0.9682673872465016,1
device_12_tetwild_0004.obj,0.9845005150631473,1
device_12_tetwild_0005.obj,0.9870982072057636,1
device_12_tetwild_0006.obj,0.9797602155411879,1
device_12_tetwild_0007.obj,0.9844742817441773,1
device_12_tetwild_0008.obj,0.9834653467449148,1
device_12_tetwild_0009.obj,0.9828485000427227,1
device_12_tetwild_0010.obj,0.9774613630410143,1
device_12_tetwild_0011.obj,0.987027580190244,1
device_12_tetwild_0012.obj,0.9819254570844408,1
device_12_tetwild_0013.obj,0.9791764418936681,1
device_12_tetwild_0014.obj,0.9824621054097858,1
device_12_tetwild_0015.obj,0.986006965428471,1
device_12_tetwild_0016.obj,0.9682278520456303,1
device_12_tetwild_0017.obj,0.9704410060505482,1
device_12_tetwild_0018.obj,0.9853826302398214,1
device_12_tetwild_0019.obj,0.9652472504796408,1
device_12_tetwild_0020.obj,0.9791358842514593,1
device_12_tetwild_0021.obj,0.9794905109688777,1
device_12_tetwild_0022.obj,0.9726879997841147,1
device_12_tetwild_0023.obj,0.9780107480357063,1
device_12_tetwild_0024.obj,0.9807191868657081,1
device_22_degenerate_0000.obj,0.999999999999858,1
device_22_degenerate_0001.obj,0.9999999999998092,1
device_22_degenerate_0002.obj,0.999999999999885,1
device_22_degenerate_0003.obj,0.999999999999866,1
device_22_degenerate_0004.obj,0.9999999999998579,1
device_22_degenerate_0005.obj,0.999999999999851,1
device_22_degenerate_0006.obj,0.9999999999995272,1
device_22_degenerate_0007.obj,0.9999999999998503,1
device_22_degenerate_0008.obj,0.999999999999842,1
device_22_degenerate_0009.obj,0.9999999999998597,1
device_22_degenerate_0010.obj,0.9999999999998778,1
device_22_degenerate_0011.obj,0.9999999999997775,1
device_22_degenerate_0012.obj,0.9999999999998356,1
device_22_degenerate_0013.obj,0.9999999999998909,1
device_22_degenerate_0014.obj,0.9999999999998523,1
device_22_degenerate_0015.obj,0.9999999999998328,1
device_22_degenerate_0016.obj,0.9999999999998689,1
device_22_degenerate_0017.obj,0.999999999999849,1
device_22_degenerate_0018.obj,0.9999999999998629,1
device_22_degenerate_0019.obj,0.9999999999998553,1
device_22_degenerate_0020.obj,0.9999999999998721,1
device_22_degenerate_0021.obj,0.999999999999852,1
device_22_degenerate_0022.obj,0.9999999999998707,1
device_22_degenerate_0023.obj,0.9999999999998189,1
device_22_degenerate_0024.obj,0.9999999999998593,1
device_22_disconnected_0000.obj,0.9999999999998869,1
device_22_disconnected_0001.obj,0.9999999999998501,1
device_22_disconnected_0002.obj,0.9999999999955721,1
device_22_disconnected_0003.obj,0.9999999999998633,1
device_22_disconnected_0004.obj,0.9999999999998687,1
device_22_disconnected_0005.obj,0.9999999999998356,1
device_22_disconnected_0006.obj,0.9999999999998886,1
device_22_disconnected_0007.obj,0.9999999999906076,1
device_22_disconnected_0008.obj,0.9999999999998184,1
device_22_disconnected_0009.obj,0.9999999999998516,1
device_22_disconnected_0010.obj,0.9999999999998626,1
device_22_disconnected_0011.obj,0.999999999999875,1
device_22_disconnected_0012.obj,0.9999999999998735,1
device_22_disconnected_0013.obj,0.9999999999998653,1
device_22_disconnected_0014.obj,0.9999999999998556,1
device_22_disconnected_0015.obj,0.9999999999996875,1
device_22_disconnected_0016.obj,0.9999999999998243,1
device_22_disconnected_0017.obj,0.9999999999998669,1
device_22_disconnected_0018.obj,0.9999999999998571,1
device_22_disconnected_0019.obj,0.9999999999998801,1
device_22_disconnected_0020.obj,0.9999999999998557,1
device_22_disconnected_0021.obj,0.9999999999998558,1
device_22_disconnected_0022.obj,0.9999999999998276,1
device_22_disconnected_0023.obj,0.9999999999997561,1
device_22_disconnected_0024.obj,0.9999999999998596,1
device_22_faceswap_0000.obj,0.9999999999849207,1
device_22_faceswap_0001.obj,0.9999999999611953,1
device_22_faceswap_0002.obj,0.9999999999584904,1
device_22_faceswap_0003.obj,0.999999999974969,1
device_22_faceswap_0004.obj,0.999999999994142,1
device_22_faceswap_0005.obj,0.9999999999924298,1
device_22_faceswap_0006.obj,0.9999999999747428,1
device_22_faceswap_0007.obj,0.9999999999907968,1
device_22_faceswap_0008.obj,0.9999999999825866,1
device_22_faceswap_0009.obj,0.9999999999674186,1
device_22_faceswap_0010.obj,0.9999999999824923,1
device_22_faceswap_0011.obj,0.9999999999803248,1
device_22_faceswap_0012.obj,0.9999999999812812,1
device_22_faceswap_0013.obj,0.9999999999748628,1
device_22_faceswap_0014.obj,0.9999999999935508,1
device_22_faceswap_0015.obj,0.9999999999891593,1
device_22_faceswap_0016.obj,0.9999999999898251,1
device_22_faceswap_0017.obj,0.9999999999712179,1
device_22_faceswap_0018.obj,0.9999999999985195,1
device_22_faceswap_0019.obj,0.9999999999762722,1
device_22_faceswap_0020.obj,0.9999999999859877,1
device_22_faceswap_0021.obj,0.9999999999774946,1
device_22_faceswap_0022.obj,0.9999999999829152,1
device_22_faceswap_0023.obj,0.99999999999396,1
device_22_faceswap_0024.obj,0.9999999999838526,1
device_22_jitter_0000.obj,0.9818857153197706,1
device_22_jitter_0001.obj,0.9808300581250834,1
device_22_jitter_0002.obj,0.9819246183469568,1
device_22_jitter_0003.obj,0.9711830508292264,1
device_22_jitter_0004.obj,0.9800772519698255,1
device_22_jitter_0005.obj,0.9764710311012584,1
device_22_jitter_0006.obj,0.9790965787726469,1
device_22_jitter_0007.obj,0.9797422006076125,1
device_22_jitter_0008.obj,0.984407092970789,1
device_22_jitter_0009.obj,0.9835835582151116,1
device_22_jitter_0010.obj,0.9705275977035667,1
device_22_jitter_0011.obj,0.9722536781218992,1
device_22_jitter_0012.obj,0.9779668213812338,1
device_22_jitter_0013.obj,0.9780529209558726,1
device_22_jitter_0014.obj,0.9755660967515347,1
device_22_jitter_0015.obj,0.9758492191625968,1
device_22_jitter_0016.obj,0.9824367390614324,1
device_22_jitter_0017.obj,0.9696922284529185,1
device_22_jitter_0018.obj,0.9776375401981131,1
device_22_jitter_0019.obj,0.9812974939581717,1
device_22_jitter_0020.obj,0.9819576393848771,1
device_22_jitter_0021.obj,0.9820499580692862,1
device_22_jitter_0022.obj,0.9748747788314855,1
device_22_jitter_0023.obj,0.9823726079196772,1
device_22_jitter_0024.obj,0.9740019652128572,1
device_22_rigid_0000.obj,0.9999999999702008,1
device_22_rigid_0001.obj,0.9999999999864408,1
device_22_rigid_0002.obj,0.9999999999512308,1
device_22_rigid_0003.obj,0.999999999958491,1
device_22_rigid_0004.obj,0.999999999936482,1
device_22_rigid_0005.obj,0.9999999999813707,1
device_22_rigid_0006.obj,0.9999999999491505,1
device_22_rigid_0007.obj,0.9999999999665425,1
device_22_rigid_0008.obj,0.9999999999320007,1
device_22_rigid_0009.obj,0.9999999999563156,1
device_22_rigid_0010.obj,0.9999999999643016,1
device_22_rigid_0011.obj,0.9999999999333367,1
device_22_rigid_0012.obj,0.9999999999545937,1
device_22_rigid_0013.obj,0.999999999980134,1
device_22_rigid_0014.obj,0.999999999927467,1
device_22_rigid_0015.obj,0.9999999999511278,1
device_22_rigid_0016.obj,0.9999999999750274,1
device_22_rigid_0017.obj,0.9999999999656384,1
device_22_rigid_0018.obj,0.9999999999630574,1
device_22_rigid_0019.obj,0.9999999999638877,1
device_22_rigid_0020.obj,0.9999999999507855,1
device_22_rigid_0021.obj,0.9999999999273151,1
device_22_rigid_0022.obj,0.9999999999260297,1
device_22_rigid_0023.obj,0.9999999999497843,1
device_22_rigid_0024.obj,0.9999999999645987,1
device_22_tetwild_0000.obj,0.9217986739406676,1
device_22_tetwild_0001.obj,0.9771743596059974,1
device_22_tetwild_0002.obj,0.9426112857539648,1
device_22_tetwild_0003.obj,0.9474815663014106,1
device_22_tetwild_0004.obj,0.9333789851944085,1
device_22_tetwild_0005.obj,0.9682785713924008,1
device_22_tetwild_0006.obj,0.9340770164268672,1
device_22_tetwild_0007.obj,0.9608564044771702,1
device_22_tetwild_0008.obj,0.9275172742253763,1
device_22_tetwild_0009.obj,0.9725105643209128,1
device_22_tetwild_0010.obj,0.9764964553532851,1
device_22_tetwild_0011.obj,0.9550300319445667,1
device_22_tetwild_0012.obj,0.9568959780680749,1
device_22_tetwild_0013.obj,0.9668934727923972,1
device_22_tetwild_0014.obj,0.9505549831364296,1
device_22_tetwild_0015.obj,0.9508550584978404,1
device_22_tetwild_0016.obj,0.9523195626101992,1
device_22_tetwild_0017.obj,0.9533288030954918,1
device_22_tetwild_0018.obj,0.950784668433888,1
device_22_tetwild_0019.obj,0.9604510037596762,1
device_22_tetwild_0020.obj,0.9487976036647849,1
device_22_tetwild_0021.obj,0.9527589317845886,1
device_22_tetwild_0022.obj,0.9646448578946619,1
device_22_tetwild_0023.obj,0.9657828396578223,1
device_22_tetwild_0024.obj,0.9275696464508513,1
device_21_degenerate_0000.obj,0.9999999999999083,1
device_21_degenerate_0001.obj,0.9999999999999064,1
device_21_degenerate_0002.obj,0.9999999999999056,1
device_21_degenerate_0003.obj,0.9999999999999092,1
device_21_degenerate_0004.obj,0.9999999999999137,1
device_21_degenerate_0005.obj,0.9999999999999154,1
device_21_degenerate_0006.obj,0.9999999999999052,1
device_21_degenerate_0007.obj,0.9999999999999136,1
device_21_degenerate_0008.obj,0.9999999999999172,1
device_21_degenerate_0009.obj,0.9999999999999001,1
device_21_degenerate_0010.obj,0.9999999999998451,1
device_21_degenerate_0011.obj,0.999999999999874,1
device_21_degenerate_0012.obj,0.9999999999999111,1
device_21_degenerate_0013.obj,0.9999999999999057,1
device_21_degenerate_0014.obj,0.9999999999999171,1
device_21_degenerate_0015.obj,0.999999999999904,1
device_21_degenerate_0016.obj,0.9999999999999151,1
device_21_degenerate_0017.obj,0.9999999999999148,1
device_21_degenerate_0018.obj,0.9999999999998831,1
device_21_degenerate_0019.obj,0.9999999999999134,1
device_21_degenerate_0020.obj,0.9999999999999093,1
device_21_degenerate_0021.obj,0.9999999999999182,1
device_21_degenerate_0022.obj,0.9999999999997794,1
device_21_degenerate_0023.obj,0.9999999999998327,1
device_21_degenerate_0024.obj,0.9999999999999093,1
device_21_disconnected_0000.obj,0.9999999999999131,1
device_21_disconnected_0001.obj,0.9999999999999065,1
device_21_disconnected_0002.obj,0.9999999999999161,1
device_21_disconnected_0003.obj,0.999999999999911,1
device_21_disconnected_0004.obj,0.9999999999999134,1
device_21_disconnected_0005.obj,0.9999999999999075,1
device_21_disconnected_0006.obj,0.9999999999997026,1
device_21_disconnected_0007.obj,0.999999999999914,1
device_21_disconnected_0008.obj,0.9999999999999079,1
device_21_disconnected_0009.obj,0.9999999999999114,1
device_21_disconnected_0010.obj,0.999999999999899,1
device_21_disconnected_0011.obj,0.9999999999999132,1
device_21_disconnected_0012.obj,0.9999999999998457,1
device_21_disconnected_0013.obj,0.9999999999999117,1
device_21_disconnected_0014.obj,0.9999999999999137,1
device_21_disconnected_0015.obj,0.9999999999999003,1
device_21_disconnected_0016.obj,0.9999999999999143,1
device_21_disconnected_0017.obj,0.999999999999911,1
device_21_disconnected_0018.obj,0.999999999999916,1
device_21_disconnected_0019.obj,0.9999999999999136,1
device_21_disconnected_0020.obj,0.9999999999999086,1
device_21_disconnected_0021.obj,0.9999999999999104,1
device_21_disconnected_0022.obj,0.9999999999999152,1
device_21_disconnected_0023.obj,0.9999999999999105,1
device_21_disconnected_0024.obj,0.9999999999998307,1
device_21_faceswap_0000.obj,0.9999999999999036,1
device_21_faceswap_0001.obj,0.9999999999998588,1
device_21_faceswap_0002.obj,0.999999999999878,1
device_21_faceswap_0003.obj,0.9999999999998892,1
device_21_faceswap_0004.obj,0.9999999999998758,1
device_21_faceswap_0005.obj,0.9999999999998948,1
device_21_faceswap_0006.obj,0.9999999999999063,1
device_21_faceswap_0007.obj,0.9999999999998821,1
device_21_faceswap_0008.obj,0.9999999999998741,1
device_21_faceswap_0009.obj,0.9999999999998821,1
device_21_faceswap_0010.obj,0.9999999999998677,1
device_21_faceswap_0011.obj,0.9999999999998673,1
device_21_faceswap_0012.obj,0.9999999999998523,1
device_21_faceswap_0013.obj,0.9999999999998704,1
device_21_faceswap_0014.obj,0.9999999999998732,1
device_21_faceswap_0015.obj,0.9999999999998754,1
device_21_faceswap_0016.obj,0.9999999999998898,1
device_21_faceswap_0017.obj,0.9999999999998817,1
device_21_faceswap_0018.obj,0.9999999999998863,1
device_21_faceswap_0019.obj,0.9999999999998473,1
device_21_faceswap_0020.obj,0.9999999999998693,1
device_21_faceswap_0021.obj,0.9999999999998803,1
device_21_faceswap_0022.obj,0.9999999999998872,1
device_21_faceswap_0023.obj,0.9999999999998916,1
device_21_faceswap_0024.obj,0.9999999999998769,1
device_21_jitter_0000.obj,0.9427633753408202,1
device_21_jitter_0001.obj,0.9561579153033601,1
device_21_jitter_0002.obj,0.9480223494809793,1
device_21_jitter_0003.obj,0.9463914907154609,1
device_21_jitter_0004.obj,0.9607968881402688,1
device_21_jitter_0005.obj,0.9631589419287532,1
device_21_jitter_0006.obj,0.932606075922843,1
device_21_jitter_0007.obj,0.9565485276481244,1
device_21_jitter_0008.obj,0.9618801975705973,1
device_21_jitter_0009.obj,0.9449718330788969,1
device_21_jitter_0010.obj,0.946039959787355,1
device_21_jitter_0011.obj,0.9682343537723095,1
device_21_jitter_0012.obj,0.9796648797941132,1
device_21_jitter_0013.obj,0.9556298489405787,1
device_21_jitter_0014.obj,0.9324051803323974,1
device_21_jitter_0015.obj,0.9619024832566582,1
device_21_jitter_0016.obj,0.9578686465053138,1
device_21_jitter_0017.obj,0.9752898130173674,1
device_21_jitter_0018.obj,0.9591320433094287,1
device_21_jitter_0019.obj,0.9453195945223728,1
device_21_jitter_0020.obj,0.9524956186130037,1
device_21_jitter_0021.obj,0.964605322563497,1
device_21_jitter_0022.obj,0.9521618272937731,1
device_21_jitter_0023.obj,0.959986089176247,1
device_21_jitter_0024.obj,0.9375886412183274,1
device_21_rigid_0000.obj,0.9999999999997915,1
device_21_rigid_0001.obj,0.9999999999998387,1
device_21_rigid_0002.obj,0.9999999999998084,1
device_21_rigid_0003.obj,0.9999999999998359,1
device_21_rigid_0004.obj,0.9999999999997908,1
device_21_rigid_0005.obj,0.9999999999998174,1
device_21_rigid_0006.obj,0.9999999999998223,1
device_21_rigid_0007.obj,0.999999999999859,1
device_21_rigid_0008.obj,0.9999999999998098,1
device_21_rigid_0009.obj,0.9999999999998276,1
device_21_rigid_0010.obj,0.999999999999768,1
device_21_rigid_0011.obj,0.9999999999998015,1
device_21_rigid_0012.obj,0.9999999999997911,1
device_21_rigid_0013.obj,0.9999999999998264,1
device_21_rigid_0014.obj,0.9999999999997424,1
device_21_rigid_0015.obj,0.9999999999997908,1
device_21_rigid_0016.obj,0.9999999999997901,1
device_21_rigid_0017.obj,0.9999999999997518,1
device_21_rigid_0018.obj,0.9999999999997597,1
device_21_rigid_0019.obj,0.9999999999998518,1
device_21_rigid_0020.obj,0.9999999999997807,1
device_21_rigid_0021.obj,0.9999999999998148,1
device_21_rigid_0022.obj,0.9999999999998251,1
device_21_rigid_0023.obj,0.9999999999997812,1
device_21_rigid_0024.obj,0.9999999999998274,1
device_21_tetwild_0000.obj,0.9623506970054786,1
device_21_tetwild_0001.obj,0.9636224018327817,1
device_21_tetwild_0002.obj,0.9533002186189355,1
device_21_tetwild_0003.obj,0.938187931565843,1
device_21_tetwild_0004.obj,0.9622072400271344,1
device_21_tetwild_0005.obj,0.9768507905129343,1
device_21_tetwild_0006.obj,0.9633384688711355,1
device_21_tetwild_0007.obj,0.9476146717741697,1
device_21_tetwild_0008.obj,0.9681238802952736,1
device_21_tetwild_0009.obj,0.9588914974129675,1
device_21_tetwild_0010.obj,0.9755441343842615,1
device_21_tetwild_0011.obj,0.9502077107761672,1
device_21_tetwild_0012.obj,0.950201210540593,1
device_21_tetwild_0013.obj,0.9387952434988344,1
device_21_tetwild_0014.obj,0.9650398567765096,1
device_21_tetwild_0015.obj,0.9540306932694306,1
device_21_tetwild_0016.obj,0.9717672247157281,1
device_21_tetwild_0017.obj,0.9543980340478841,1
device_21_tetwild_0018.obj,0.9597442617598211,1
device_21_tetwild_0019.obj,0.9752649514974917,1
device_21_tetwild_0020.obj,0.9459549552888151,1
device_21_tetwild_0021.obj,0.9567745775653382,1
device_21_tetwild_0022.obj,0.9554284137896406,1
device_21_tetwild_0023.obj,0.936064545550669,1
device_21_tetwild_0024.obj,0.9486520266287722,1
device_13_degenerate_0000.obj,0.9999999999999803,1
device_13_degenerate_0001.obj,0.99999999999998,1
device_13_degenerate_0002.obj,0.999999999999965,1
device_13_degenerate_0003.obj,0.9999999999999774,1
device_13_degenerate_0004.obj,0.9999999999999779,1
device_13_degenerate_0005.obj,0.9999999999999616,1
device_13_degenerate_0006.obj,0.9999999999999766,1
device_13_degenerate_0007.obj,0.9999999999999796,1
device_13_degenerate_0008.obj,0.9999999999999791,1
device_13_degenerate_0009.obj,0.9999999999999807,1
device_13_degenerate_0010.obj,0.9999999999999691,1
device_13_degenerate_0011.obj,0.9999999999999638,1
device_13_degenerate_0012.obj,0.9999999999999776,1
device_13_degenerate_0013.obj,0.9999999999999805,1
device_13_degenerate_0014.obj,0.9999999999999744,1
device_13_degenerate_0015.obj,0.999999999999976,1
device_13_degenerate_0016.obj,0.9999999999999807,1
device_13_degenerate_0017.obj,0.9999999999998862,1
device_13_degenerate_0018.obj,0.9999999999999761,1
device_13_degenerate_0019.obj,0.9999999999999613,1
device_13_degenerate_0020.obj,0.9999999999999806,1
device_13_degenerate_0021.obj,0.9999999999999776,1
device_13_degenerate_0022.obj,0.9999999999999247,1
device_13_degenerate_0023.obj,0.9999999999999797,1
device_13_degenerate_0024.obj,0.99999999999998,1
device_13_disconnected_0000.obj,0.9999999999999707,1
device_13_disconnected_0001.obj,0.9999999999999747,1
device_13_disconnected_0002.obj,0.9999999999999796,1
device_13_disconnected_0003.obj,0.9999999999999799,1
device_13_disconnected_0004.obj,0.999999999999976,1
device_13_disconnected_0005.obj,0.9999999999999527,1
device_13_disconnected_0006.obj,0.9999999999999778,1
device_13_disconnected_0007.obj,0.9999999999999809,1
device_13_disconnected_0008.obj,0.999999999999976,1
device_13_disconnected_0009.obj,0.9999999999999787,1
device_13_disconnected_0010.obj,0.9999999999999791,1
device_13_disconnected_0011.obj,0.9999999999999784,1
device_13_disconnected_0012.obj,0.9999999999999742,1
device_13_disconnected_0013.obj,0.9999999999999806,1
device_13_disconnected_0014.obj,0.9999999999999802,1
device_13_disconnected_0015.obj,0.99999999999998,1
device_13_disconnected_0016.obj,0.9999999999999739,1
device_13_disconnected_0017.obj,0.9999999999999803,1
device_13_disconnected_0018.obj,0.9999999999999798,1
device_13_disconnected_0019.obj,0.9999999999999777,1
device_13_disconnected_0020.obj,0.9999999999999796,1
device_13_disconnected_0021.obj,0.9999999999999793,1
device_13_disconnected_0022.obj,0.9999999999999793,1
device_13_disconnected_0023.obj,0.9999999999999752,1
device_13_disconnected_0024.obj,0.9999999999999784,1
device_13_faceswap_0000.obj,0.9999999999999754,1
device_13_faceswap_0001.obj,0.9999999999999793,1
device_13_faceswap_0002.obj,0.999999999999977,1
device_13_faceswap_0003.obj,0.9999999999999725,1
device_13_faceswap_0004.obj,0.9999999999999679,1
device_13_faceswap_0005.obj,0.9999999999999761,1
device_13_faceswap_0006.obj,0.9999999999999764,1
device_13_faceswap_0007.obj,0.9999999999999759,1
device_13_faceswap_0008.obj,0.9999999999999765,1
device_13_faceswap_0009.obj,0.9999999999999656,1
device_13_faceswap_0010.obj,0.999999999999975,1
device_13_faceswap_0011.obj,0.9999999999999749,1
device_13_faceswap_0012.obj,0.9999999999999745,1
device_13_faceswap_0013.obj,0.9999999999999718,1
device_13_faceswap_0014.obj,0.999999999999977,1
device_13_faceswap_0015.obj,0.9999999999999771,1
device_13_faceswap_0016.obj,0.9999999999999761,1
device_13_faceswap_0017.obj,0.9999999999999638,1
device_13_faceswap_0018.obj,0.999999999999973,1
device_13_faceswap_0019.obj,0.9999999999999764,1
device_13_faceswap_0020.obj,0.9999999999999774,1
device_13_faceswap_0021.obj,0.999999999999976,1
device_13_faceswap_0022.obj,0.9999999999999553,1
device_13_faceswap_0023.obj,0.9999999999999712,1
device_13_faceswap_0024.obj,0.999999999999975,1
device_13_jitter_0000.obj,0.9247952221752925,1
device_13_jitter_0001.obj,0.9366245298219874,1
device_13_jitter_0002.obj,0.9616360820826558,1
device_13_jitter_0003.obj,0.955957833772368,1
device_13_jitter_0004.obj,0.9723372536481418,1
device_13_jitter_0005.obj,0.9757200662036307,1
device_13_jitter_0006.obj,0.9479946350838916,1
device_13_jitter_0007.obj,0.9652353136624201,1
device_13_jitter_0008.obj,0.9166046861081576,1
device_13_jitter_0009.obj,0.9417561900532813,1
device_13_jitter_0010.obj,0.945078283337463,1
device_13_jitter_0011.obj,0.9829741715546647,1
device_13_jitter_0012.obj,0.960238311587715,1
device_13_jitter_0013.obj,0.9293745153860453,1
device_13_jitter_0014.obj,0.9543067022494014,1
device_13_jitter_0015.obj,0.9497274603333085,1
device_13_jitter_0016.obj,0.9557356108040029,1
device_13_jitter_0017.obj,0.9573586753939702,1
device_13_jitter_0018.obj,0.9624347595575342,1
device_13_jitter_0019.obj,0.9228595618950972,1
device_13_jitter_0020.obj,0.9393600798862992,1
device_13_jitter_0021.obj,0.9535612092772469,1
device_13_jitter_0022.obj,0.9636036162919037,1
device_13_jitter_0023.obj,0.9539639412700824,1
device_13_jitter_0024.obj,0.9734985633251809,1
device_13_rigid_0000.obj,0.9999999999999531,1
device_13_rigid_0001.obj,0.9999999999999277,1
device_13_rigid_0002.obj,0.9999999999999487,1
device_13_rigid_0003.obj,0.9999999999999377,1
device_13_rigid_0004.obj,0.9999999999999494,1
device_13_rigid_0005.obj,0.9999999999999213,1
device_13_rigid_0006.obj,0.9999999999998593,1
device_13_rigid_0007.obj,0.999999999999951,1
device_13_rigid_0008.obj,0.9999999999999601,1
device_13_rigid_0009.obj,0.9999999999999442,1
device_13_rigid_0010.obj,0.9999999999999273,1
device_13_rigid_0011.obj,0.9999999999999479,1
device_13_rigid_0012.obj,0.9999999999999514,1
device_13_rigid_0013.obj,0.9999999999999587,1
device_13_rigid_0014.obj,0.9999999999995148,1
device_13_rigid_0015.obj,0.9999999999999618,1
device_13_rigid_0016.obj,0.9999999999999419,1
device_13_rigid_0017.obj,0.9999999999999275,1
device_13_rigid_0018.obj,0.9999999999999468,1
device_13_rigid_0019.obj,0.9999999999999473,1
device_13_rigid_0020.obj,0.9999999999999487,1
device_13_rigid_0021.obj,0.9999999999999711,1
device_13_rigid_0022.obj,0.9999999999999385,1
device_13_rigid_0023.obj,0.9999999999999578,1
device_13_rigid_0024.obj,0.9999999999999457,1
device_13_tetwild_0000.obj,0.8045258292810076,1
device_13_tetwild_0001.obj,0.8296390488212223,1
device_13_tetwild_0002.obj,0.9433241845021201,1
device_13_tetwild_0003.obj,0.8256677032110631,1
device_13_tetwild_0004.obj,0.907562764142944,1
device_13_tetwild_0005.obj,0.7214073464659564,1
device_13_tetwild_0006.obj,0.8579303928162668,1
device_13_tetwild_0007.obj,0.850428559613644,1
device_13_tetwild_0008.obj,0.9203008926273042,1
device_13_tetwild_0009.obj,0.8312589069283928,1
device_13_tetwild_0010.obj,0.7002579580353889,1
device_13_tetwild_0011.obj,0.8669122094205696,1
device_13_tetwild_0012.obj,0.8996737538560676,1
device_13_tetwild_0013.obj,0.8478089067655721,1
device_13_tetwild_0014.obj,0.8376183978399758,1
device_13_tetwild_0015.obj,0.7582900521782608,1
device_13_tetwild_0016.obj,0.8334127543986305,1
device_13_tetwild_0017.obj,0.9128839850538033,1
device_13_tetwild_0018.obj,0.8018097055995866,1
device_13_tetwild_0019.obj,0.8719131691467844,1
device_13_tetwild_0020.obj,0.870128674583276,1
device_13_tetwild_0021.obj,0.817076666003685,1
device_13_tetwild_0022.obj,0.7787577247679912,1
device_13_tetwild_0023.obj,0.8126824462782749,1
device_13_tetwild_0024.obj,0.935072000730588,1
device_05_degenerate_0000.obj,0.9999999999999184,1
device_05_degenerate_0001.obj,0.9999999999999203,1
device_05_degenerate_0002.obj,0.9999999999999204,1
device_05_degenerate_0003.obj,0.9999999999999167,1
device_05_degenerate_0004.obj,0.9999999999999176,1
device_05_degenerate_0005.obj,0.9999999999999186,1
device_05_degenerate_0006.obj,0.9999999999999197,1
device_05_degenerate_0007.obj,0.9999999999999114,1
device_05_degenerate_0008.obj,0.9999999999999197,1
device_05_degenerate_0009.obj,0.9999999999999164,1
device_05_degenerate_0010.obj,0.9999999999999145,1
device_05_degenerate_0011.obj,0.9999999999999166,1
device_05_degenerate_0012.obj,0.9999999999997687,1
device_05_degenerate_0013.obj,0.999999999999921,1
device_05_degenerate_0014.obj,0.9999999999999184,1
device_05_degenerate_0015.obj,0.9999999999999193,1
device_05_degenerate_0016.obj,0.9999999999999101,1
device_05_degenerate_0017.obj,0.9999999999999181,1
device_05_degenerate_0018.obj,0.9999999999999202,1
device_05_degenerate_0019.obj,0.9999999999999192,1
device_05_degenerate_0020.obj,0.9999999999999196,1
device_05_degenerate_0021.obj,0.9999999999999043,1
device_05_degenerate_0022.obj,0.9999999999999186,1
device_05_degenerate_0023.obj,0.9999999999999152,1
device_05_degenerate_0024.obj,0.9999999999999196,1
device_05_disconnected_0000.obj,0.9999999999999196,1
device_05_disconnected_0001.obj,0.9999999999999203,1
device_05_disconnected_0002.obj,0.9999999999999154,1
device_05_disconnected_0003.obj,0.9999999999999115,1
device_05_disconnected_0004.obj,0.9999999999999093,1
device_05_disconnected_0005.obj,0.9999999999999226,1
device_05_disconnected_0006.obj,0.9999999999999225,1
device_05_disconnected_0007.obj,0.9999999999999198,1
device_05_disconnected_0008.obj,0.9999999999999184,1
device_05_disconnected_0009.obj,0.9999999999999203,1
device_05_disconnected_0010.obj,0.999999999999921,1
device_05_disconnected_0011.obj,0.9999999999999218,1
device_05_disconnected_0012.obj,0.9999999999999175,1
device_05_disconnected_0013.obj,0.9999999999999216,1
device_05_disconnected_0014.obj,0.9999999999999187,1
device_05_disconnected_0015.obj,0.9999999999999183,1
device_05_disconnected_0016.obj,0.9999999999999245,1
device_05_disconnected_0017.obj,0.9999999999999193,1
device_05_disconnected_0018.obj,0.9999999999999178,1
device_05_disconnected_0019.obj,0.9999999999999161,1
device_05_disconnected_0020.obj,0.9999999999999183,1
device_05_disconnected_0021.obj,0.9999999999999206,1
device_05_disconnected_0022.obj,0.9999999999999144,1
device_05_disconnected_0023.obj,0.9999999999999022,1
device_05_disconnected_0024.obj,0.9999999999999167,1
device_05_faceswap_0000.obj,0.9999999999999171,1
device_05_faceswap_0001.obj,0.9999999999999151,1
device_05_faceswap_0002.obj,0.9999999999999134,1
device_05_faceswap_0003.obj,0.9999999999999181,1
device_05_faceswap_0004.obj,0.9999999999999171,1
device_05_faceswap_0005.obj,0.9999999999999184,1
device_05_faceswap_0006.obj,0.9999999999999126,1
device_05_faceswap_0007.obj,0.9999999999999153,1
device_05_faceswap_0008.obj,0.9999999999999168,1
device_05_faceswap_0009.obj,0.9999999999999072,1
device_05_faceswap_0010.obj,0.9999999999999184,1
device_05_faceswap_0011.obj,0.9999999999999136,1
device_05_faceswap_0012.obj,0.9999999999999128,1
device_05_faceswap_0013.obj,0.9999999999999171,1
device_05_faceswap_0014.obj,0.9999999999999148,1
device_05_faceswap_0015.obj,0.9999999999999172,1
device_05_faceswap_0016.obj,0.999999999999909,1
device_05_faceswap_0017.obj,0.9999999999999122,1
device_05_faceswap_0018.obj,0.9999999999999196,1
device_05_faceswap_0019.obj,0.9999999999999214,1
device_05_faceswap_0020.obj,0.9999999999999214,1
device_05_faceswap_0021.obj,0.9999999999999168,1
device_05_faceswap_0022.obj,0.9999999999999154,1
device_05_faceswap_0023.obj,0.9999999999999182,1
device_05_faceswap_0024.obj,0.9999999999999116,1
device_05_jitter_0000.obj,0.9796772360482537,1
device_05_jitter_0001.obj,0.9851177967939818,1
device_05_jitter_0002.obj,0.9873558385345529,1
device_05_jitter_0003.obj,0.9808839176586698,1
device_05_jitter_0004.obj,0.9835403293537115,1
device_05_jitter_0005.obj,0.9832740621594193,1
device_05_jitter_0006.obj,0.9803590452323083,1
device_05_jitter_0007.obj,0.9882903857495446,1
device_05_jitter_0008.obj,0.97703216633863,1
device_05_jitter_0009.obj,0.9814746399297303,1
device_05_jitter_0010.obj,0.9866354655473462,1
device_05_jitter_0011.obj,0.9777154208592723,1
device_05_jitter_0012.obj,0.9777152034537443,1
device_05_jitter_0013.obj,0.9760872016196976,1
device_05_jitter_0014.obj,0.9844718118437273,1
device_05_jitter_0015.obj,0.9832229744406082,1
device_05_jitter_0016.obj,0.9686361182449449,1
device_05_jitter_0017.obj,0.9886492812490411,1
device_05_jitter_0018.obj,0.9851766591639887,1
device_05_jitter_0019.obj,0.9776870177239977,1
device_05_jitter_0020.obj,0.9842933457014119,1
device_05_jitter_0021.obj,0.9879095288017791,1
device_05_jitter_0022.obj,0.97924553805452,1
device_05_jitter_0023.obj,0.9723623714418288,1
device_05_jitter_0024.obj,0.9860254973818353,1
device_05_rigid_0000.obj,0.9999999999999114,1
device_05_rigid_0001.obj,0.9999999999999003,1
device_05_rigid_0002.obj,0.9999999999999131,1
device_05_rigid_0003.obj,0.9999999999999081,1
device_05_rigid_0004.obj,0.9999999999999148,1
device_05_rigid_0005.obj,0.9999999999999166,1
device_05_rigid_0006.obj,0.9999999999999147,1
device_05_rigid_0007.obj,0.9999999999999117,1
device_05_rigid_0008.obj,0.9999999999999143,1
device_05_rigid_0009.obj,0.9999999999999142,1
device_05_rigid_0010.obj,0.9999999999999136,1
device_05_rigid_0011.obj,0.9999999999999161,1
device_05_rigid_0012.obj,0.9999999999999144,1
device_05_rigid_0013.obj,0.9999999999999135,1
device_05_rigid_0014.obj,0.9999999999999158,1
device_05_rigid_0015.obj,0.9999999999999147,1
device_05_rigid_0016.obj,0.999999999999912,1
device_05_rigid_0017.obj,0.9999999999999141,1
device_05_rigid_0018.obj,0.9999999999999128,1
device_05_rigid_0019.obj,0.9999999999999166,1
device_05_rigid_0020.obj,0.9999999999999158,1
device_05_rigid_0021.obj,0.9999999999999137,1
device_05_rigid_0022.obj,0.9999999999999154,1
device_05_rigid_0023.obj,0.9999999999999122,1
device_05_rigid_0024.obj,0.9999999999999142,1
device_05_tetwild_0000.obj,0.967302753006436,1
device_05_tetwild_0001.obj,0.9528192299541238,1
device_05_tetwild_0002.obj,0.9585554920883418,1
device_05_tetwild_0003.obj,0.9357819691614159,1
device_05_tetwild_0004.obj,0.9686526801514393,1
device_05_tetwild_0005.obj,0.9425778383850999,1
device_05_tetwild_0006.obj,0.9690256976939996,1
device_05_tetwild_0007.obj,0.962357055792002,1
device_05_tetwild_0008.obj,0.9695127345257534,1
device_05_tetwild_0009.obj,0.9613488686428441,1
device_05_tetwild_0010.obj,0.9366473695498108,1
device_05_tetwild_0011.obj,0.97298140246886,1
device_05_tetwild_0012.obj,0.9492127673906396,1
device_05_tetwild_0013.obj,0.9443319970875466,1
device_05_tetwild_0014.obj,0.9627295025968057,1
device_05_tetwild_0015.obj,0.9612264213647845,1
device_05_tetwild_0016.obj,0.9606110707325997,1
device_05_tetwild_0017.obj,0.9695023285934055,1
device_05_tetwild_0018.obj,0.9742770805009761,1
device_05_tetwild_0020.obj,0.9325209417898156,1
device_05_tetwild_0021.obj,0.9547055297871156,1
device_05_tetwild_0022.obj,0.9561244078131066,1
device_05_tetwild_0023.obj,0.967928394474073,1
device_05_tetwild_0024.obj,0.9624416420233939,1
device_25_degenerate_0000.obj,0.9999999999999024,1
device_25_degenerate_0001.obj,0.9999999999998951,1
device_25_degenerate_0002.obj,0.9999999999998986,1
device_25_degenerate_0003.obj,0.9999999999998928,1
device_25_degenerate_0004.obj,0.9999999999998931,1
device_25_degenerate_0005.obj,0.9999999999998981,1
device_25_degenerate_0006.obj,0.9999999999998949,1
device_25_degenerate_0007.obj,0.9999999999998931,1
device_25_degenerate_0008.obj,0.9999999999998938,1
device_25_degenerate_0009.obj,0.9999999999998193,1
device_25_degenerate_0010.obj,0.9999999999999012,1
device_25_degenerate_0011.obj,0.9999999999999012,1
device_25_degenerate_0012.obj,0.9999999999998965,1
device_25_degenerate_0013.obj,0.9999999999999005,1
device_25_degenerate_0014.obj,0.9999999999998979,1
device_25_degenerate_0015.obj,0.9999999999998007,1
device_25_degenerate_0016.obj,0.9999999999998412,1
device_25_degenerate_0017.obj,0.9999999999999021,1
device_25_degenerate_0018.obj,0.999999999999893,1
device_25_degenerate_0019.obj,0.9999999999998916,1
device_25_degenerate_0020.obj,0.9999999999998987,1
device_25_degenerate_0021.obj,0.9999999999998938,1
device_25_degenerate_0022.obj,0.999999999999898,1
device_25_degenerate_0023.obj,0.999999999999896,1
device_25_degenerate_0024.obj,0.9999999999999015,1
device_25_disconnected_0000.obj,0.9999999999999019,1
device_25_disconnected_0001.obj,0.9999999999998993,1
device_25_disconnected_0002.obj,0.9999999999999004,1
device_25_disconnected_0003.obj,0.9999999999998993,1
device_25_disconnected_0004.obj,0.9999999999998969,1
device_25_disconnected_0005.obj,0.9999999999998986,1
device_25_disconnected_0006.obj,0.9999999999998973,1
device_25_disconnected_0007.obj,0.9999999999998955,1
device_25_disconnected_0008.obj,0.9999999999998944,1
device_25_disconnected_0009.obj,0.9999999999998996,1
device_25_disconnected_0010.obj,0.999999999999899,1
device_25_disconnected_0011.obj,0.999999999999899,1
device_25_disconnected_0012.obj,0.9999999999998865,1
device_25_disconnected_0013.obj,0.9999999999998951,1
device_25_disconnected_0014.obj,0.9999999999999009,1
device_25_disconnected_0015.obj,0.9999999999999009,1
device_25_disconnected_0016.obj,0.999999999999896,1
device_25_disconnected_0017.obj,0.9999999999998962,1
device_25_disconnected_0018.obj,0.9999999999999032,1
device_25_disconnected_0019.obj,0.9999999999998969,1
device_25_disconnected_0020.obj,0.999999999999899,1
device_25_disconnected_0021.obj,0.9999999999999007,1
device_25_disconnected_0022.obj,0.9999999999999011,1
device_25_disconnected_0023.obj,0.9999999999998278,1
device_25_disconnected_0024.obj,0.9999999999998984,1
device_25_faceswap_0000.obj,0.999999999999889,1
device_25_faceswap_0001.obj,0.9999999999998916,1
device_25_faceswap_0002.obj,0.9999999999998958,1
device_25_faceswap_0003.obj,0.9999999999998812,1
device_25_faceswap_0004.obj,0.9999999999998846,1
device_25_faceswap_0005.obj,0.9999999999998869,1
device_25_faceswap_0006.obj,0.9999999999998854,1
device_25_faceswap_0007.obj,0.9999999999998945,1
device_25_faceswap_0008.obj,0.99999999999989,1
device_25_faceswap_0009.obj,0.9999999999998899,1
device_25_faceswap_0010.obj,0.9999999999998753,1
device_25_faceswap_0011.obj,0.9999999999998805,1
device_25_faceswap_0012.obj,0.9999999999998835,1
device_25_faceswap_0013.obj,0.9999999999998928,1
device_25_faceswap_0014.obj,0.9999999999998804,1
device_25_faceswap_0015.obj,0.999999999999893,1
device_25_faceswap_0016.obj,0.9999999999998795,1
device_25_faceswap_0017.obj,0.9999999999997005,1
device_25_faceswap_0018.obj,0.9999999999998892,1
device_25_faceswap_0019.obj,0.9999999999998879,1
device_25_faceswap_0020.obj,0.9999999999998984,1
device_25_faceswap_0021.obj,0.9999999999998966,1
device_25_faceswap_0022.obj,0.9999999999998697,1
device_25_faceswap_0023.obj,0.9999999999998878,1
device_25_faceswap_0024.obj,0.9999999999998884,1
device_25_jitter_0000.obj,0.9895683238842798,1
device_25_jitter_0001.obj,0.9830464144780817,1
device_25_jitter_0002.obj,0.975351157810235,1
device_25_jitter_0003.obj,0.9847552160291732,1
device_25_jitter_0004.obj,0.9843464926304358,1
device_25_jitter_0005.obj,0.9767360234361587,1
device_25_jitter_0006.obj,0.9743841015968938,1
device_25_jitter_0007.obj,0.9738091523382143,1
device_25_jitter_0008.obj,0.98076933970888,1
device_25_jitter_0009.obj,0.9779296901806923,1
device_25_jitter_0010.obj,0.9783786057662062,1
device_25_jitter_0011.obj,0.9723598506781739,1
device_25_jitter_0012.obj,0.9820530080129858,1
device_25_jitter_0013.obj,0.9817303922097909,1
device_25_jitter_0014.obj,0.9725939714859156,1
device_25_jitter_0015.obj,0.9881063045709964,1
device_25_jitter_0016.obj,0.9716459690716186,1
device_25_jitter_0017.obj,0.9768878194926923,1
device_25_jitter_0018.obj,0.9867080952684185,1
device_25_jitter_0019.obj,0.9878272086599291,1
device_25_jitter_0020.obj,0.9872431485249151,1
device_25_jitter_0021.obj,0.9764670801906735,1
device_25_jitter_0022.obj,0.9815434577399408,1
device_25_jitter_0023.obj,0.976521890855756,1
device_25_jitter_0024.obj,0.9840960575797635,1
device_25_rigid_0000.obj,0.9999999999998889,1
device_25_rigid_0001.obj,0.9999999999998739,1
device_25_rigid_0002.obj,0.9999999999998008,1
device_25_rigid_0003.obj,0.9999999999998515,1
device_25_rigid_0004.obj,0.9999999999998732,1
device_25_rigid_0005.obj,0.9999999999998829,1
device_25_rigid_0006.obj,0.9999999999998578,1
device_25_rigid_0007.obj,0.9999999999998833,1
device_25_rigid_0008.obj,0.9999999999998628,1
device_25_rigid_0009.obj,0.9999999999998703,1
device_25_rigid_0010.obj,0.9999999999998698,1
device_25_rigid_0011.obj,0.9999999999998717,1
device_25_rigid_0012.obj,0.9999999999998841,1
device_25_rigid_0013.obj,0.9999999999998689,1
device_25_rigid_0014.obj,0.999999999999871,1
device_25_rigid_0015.obj,0.9999999999998725,1
device_25_rigid_0016.obj,0.9999999999998493,1
device_25_rigid_0017.obj,0.9999999999998744,1
device_25_rigid_0018.obj,0.9999999999998819,1
device_25_rigid_0019.obj,0.9999999999998741,1
device_25_rigid_0020.obj,0.9999999999998741,1
device_25_rigid_0021.obj,0.9999999999998631,1
device_25_rigid_0022.obj,0.9999999999998725,1
device_25_rigid_0023.obj,0.9999999999998526,1
device_25_rigid_0024.obj,0.9999999999998762,1
device_25_tetwild_0000.obj,0.9714408759519159,1
device_25_tetwild_0001.obj,0.9880975752106913,1
device_25_tetwild_0002.obj,0.9866950303351666,1
device_25_tetwild_0003.obj,0.9804119030167219,1
device_25_tetwild_0004.obj,0.9622969943498884,1
device_25_tetwild_0005.obj,0.9818924041268794,1
device_25_tetwild_0006.obj,0.9859771111003447,1
device_25_tetwild_0007.obj,0.9479564171663949,1
device_25_tetwild_0008.obj,0.9776314255960423,1
device_25_tetwild_0009.obj,0.9728020519198953,1
device_25_tetwild_0010.obj,0.9692069719622106,1
device_25_tetwild_0011.obj,0.9834586569340653,1
device_25_tetwild_0012.obj,0.9732722938310844,1
device_25_tetwild_0013.obj,0.9806305539209682,1
device_25_tetwild_0014.obj,0.9779298914990378,1
device_25_tetwild_0015.obj,0.9836102916275344,1
device_25_tetwild_0016.obj,0.9684954236695914,1
device_25_tetwild_0017.obj,0.9741186520208498,1
device_25_tetwild_0018.obj,0.9474845841369974,1
device_25_tetwild_0019.obj,0.9716234726265665,1
device_25_tetwild_0020.obj,0.9738066588511441,1
device_25_tetwild_0021.obj,0.9647986472718428,1
device_25_tetwild_0022.obj,0.9697482066389751,1
device_25_tetwild_0023.obj,0.9687171474961672,1
device_25_tetwild_0024.obj,0.980486077147547,1
device_26_degenerate_0000.obj,0.9999999999999437,1
device_26_degenerate_0001.obj,0.9999999999999455,1
device_26_degenerate_0002.obj,0.9999999999999484,1
device_26_degenerate_0003.obj,0.9999999999999459,1
device_26_degenerate_0004.obj,0.9999999999999477,1
device_26_degenerate_0005.obj,0.9999999999999448,1
device_26_degenerate_0006.obj,0.9999999999999455,1
device_26_degenerate_0007.obj,0.9999999999999468,1
device_26_degenerate_0008.obj,0.9999999999999432,1
device_26_degenerate_0009.obj,0.9999999999999477,1
device_26_degenerate_0010.obj,0.9999999999999483,1
device_26_degenerate_0011.obj,0.9999999999999473,1
device_26_degenerate_0012.obj,0.9999999999999162,1
device_26_degenerate_0013.obj,0.9999999999999017,1
device_26_degenerate_0014.obj,0.9999999999998671,1
device_26_degenerate_0015.obj,0.9999999999999118,1
device_26_degenerate_0016.obj,0.9999999999999476,1
device_26_degenerate_0017.obj,0.9999999999999465,1
device_26_degenerate_0018.obj,0.9999999999999419,1
device_26_degenerate_0019.obj,0.9999999999999466,1
device_26_degenerate_0020.obj,0.9999999999999452,1
device_26_degenerate_0021.obj,0.9999999999999465,1
device_26_degenerate_0022.obj,0.9999999999999444,1
device_26_degenerate_0023.obj,0.9999999999999439,1
device_26_degenerate_0024.obj,0.9999999999999463,1
device_26_disconnected_0000.obj,0.9999999999999484,1
device_26_disconnected_0001.obj,0.9999999999999472,1
device_26_disconnected_0002.obj,0.9999999999999443,1
device_26_disconnected_0003.obj,0.9999999999999463,1
device_26_disconnected_0004.obj,0.9999999999999488,1
device_26_disconnected_0005.obj,0.9999999999999388,1
device_26_disconnected_0006.obj,0.9999999999999444,1
device_26_disconnected_0007.obj,0.9999999999999472,1
device_26_disconnected_0008.obj,0.9999999999999422,1
device_26_disconnected_0009.obj,0.9999999999999422,1
device_26_disconnected_0010.obj,0.999999999999945,1
device_26_disconnected_0011.obj,0.9999999999999487,1
device_26_disconnected_0012.obj,0.9999999999999445,1
device_26_disconnected_0013.obj,0.99999999999995,1
device_26_disconnected_0014.obj,0.9999999999999429,1
device_26_disconnected_0015.obj,0.9999999999999472,1
device_26_disconnected_0016.obj,0.9999999999999483,1
device_26_disconnected_0017.obj,0.9999999999999458,1
device_26_disconnected_0018.obj,0.999999999999931,1
device_26_disconnected_0019.obj,0.9999999999999445,1
device_26_disconnected_0020.obj,0.999999999999925,1
device_26_disconnected_0021.obj,0.9999999999999356,1
device_26_disconnected_0022.obj,0.9999999999999443,1
device_26_disconnected_0023.obj,0.9999999999999458,1
device_26_disconnected_0024.obj,0.9999999999999439,1
device_26_faceswap_0000.obj,0.9999999999999423,1
device_26_faceswap_0001.obj,0.9999999999999459,1
device_26_faceswap_0002.obj,0.9999999999999423,1
device_26_faceswap_0003.obj,0.9999999999999418,1
device_26_faceswap_0004.obj,0.999999999999941,1
device_26_faceswap_0005.obj,0.9999999999999404,1
device_26_faceswap_0006.obj,0.999999999999939,1
device_26_faceswap_0007.obj,0.9999999999999476,1
device_26_faceswap_0008.obj,0.9999999999999445,1
device_26_faceswap_0009.obj,0.9999999999999444,1
device_26_faceswap_0010.obj,0.9999999999999375,1
device_26_faceswap_0011.obj,0.999999999999944,1
device_26_faceswap_0012.obj,0.9999999999999428,1
device_26_faceswap_0013.obj,0.999999999999937,1
device_26_faceswap_0014.obj,0.9999999999999399,1
device_26_faceswap_0015.obj,0.9999999999999396,1
device_26_faceswap_0016.obj,0.9999999999999448,1
device_26_faceswap_0017.obj,0.9999999999999452,1
device_26_faceswap_0018.obj,0.9999999999999418,1
device_26_faceswap_0019.obj,0.9999999999999397,1
device_26_faceswap_0020.obj,0.9999999999999414,1
device_26_faceswap_0021.obj,0.999999999999944,1
device_26_faceswap_0022.obj,0.9999999999999267,1
device_26_faceswap_0023.obj,0.9999999999999412,1
device_26_faceswap_0024.obj,0.999999999999858,1
device_26_jitter_0000.obj,0.975080269226044,1
device_26_jitter_0001.obj,0.9663705014024612,1
device_26_jitter_0002.obj,0.9484011849500843,1
device_26_jitter_0003.obj,0.9757493645978359,1
device_26_jitter_0004.obj,0.971655830343043,1
device_26_jitter_0005.obj,0.9547248802351009,1
device_26_jitter_0006.obj,0.9593620209323048,1
device_26_jitter_0007.obj,0.9676888228503252,1
device_26_jitter_0008.obj,0.9651986872830316,1
device_26_jitter_0009.obj,0.9681583446866334,1
device_26_jitter_0010.obj,0.9830474039472287,1
device_26_jitter_0011.obj,0.9654448310564337,1
device_26_jitter_0012.obj,0.9571840372258387,1
device_26_jitter_0013.obj,0.958057958109816,1
device_26_jitter_0014.obj,0.9685386453644179,1
device_26_jitter_0015.obj,0.9751125064770028,1
device_26_jitter_0016.obj,0.9733651232567472,1
device_26_jitter_0017.obj,0.9578697601170837,1
device_26_jitter_0018.obj,0.9318542172845738,1
device_26_jitter_0019.obj,0.956226284632364,1
device_26_jitter_0020.obj,0.9722753737690221,1
device_26_jitter_0021.obj,0.9351159032683246,1
device_26_jitter_0022.obj,0.9560949597862874,1
device_26_jitter_0023.obj,0.9709699642247365,1
device_26_jitter_0024.obj,0.969923129874106,1
device_26_rigid_0000.obj,0.9999999999999327,1
device_26_rigid_0001.obj,0.999999999999945,1
device_26_rigid_0002.obj,0.9999999999999443,1
device_26_rigid_0003.obj,0.9999999999999347,1
device_26_rigid_0004.obj,0.9999999999999292,1
device_26_rigid_0005.obj,0.999999999999932,1
device_26_rigid_0006.obj,0.9999999999998721,1
device_26_rigid_0007.obj,0.9999999999999322,1
device_26_rigid_0008.obj,0.999999999999933,1
device_26_rigid_0009.obj,0.9999999999999292,1
device_26_rigid_0010.obj,0.999999999999937,1
device_26_rigid_0011.obj,0.9999999999999317,1
device_26_rigid_0012.obj,0.9999999999999303,1
device_26_rigid_0013.obj,0.9999999999999347,1
device_26_rigid_0014.obj,0.9999999999999367,1
device_26_rigid_0015.obj,0.999999999999937,1
device_26_rigid_0016.obj,0.9999999999999407,1
device_26_rigid_0017.obj,0.9999999999999318,1
device_26_rigid_0018.obj,0.9999999999999173,1
device_26_rigid_0019.obj,0.9999999999999313,1
device_26_rigid_0020.obj,0.9999999999999318,1
device_26_rigid_0021.obj,0.9999999999999293,1
device_26_rigid_0022.obj,0.9999999999999368,1
device_26_rigid_0023.obj,0.9999999999999322,1
device_26_rigid_0024.obj,0.9999999999999385,1
device_26_tetwild_0000.obj,0.9339781730535762,1
device_26_tetwild_0001.obj,0.9370259947931129,1
device_26_tetwild_0002.obj,0.9585308045481741,1
device_26_tetwild_0003.obj,0.9196748449490296,1
device_26_tetwild_0004.obj,0.8925650823545993,1
device_26_tetwild_0005.obj,0.9209487230832195,1
device_26_tetwild_0006.obj,0.9403130205916718,1
device_26_tetwild_0007.obj,0.8680978588840602,1
device_26_tetwild_0008.obj,0.9231690295557249,1
device_26_tetwild_0009.obj,0.9152265791423386,1
device_26_tetwild_0010.obj,0.8963032209053876,1
device_26_tetwild_0011.obj,0.911918600591435,1
device_26_tetwild_0012.obj,0.9532668626774413,1
device_26_tetwild_0013.obj,0.931129337969765,1
device_26_tetwild_0014.obj,0.887354019226027,1
device_26_tetwild_0015.obj,0.9088221936113811,1
device_26_tetwild_0016.obj,0.8769566288685448,1
device_26_tetwild_0017.obj,0.9371935771626129,1
device_26_tetwild_0018.obj,0.9032179305335057,1
device_26_tetwild_0019.obj,0.9430881806115831,1
device_26_tetwild_0020.obj,0.8810747377702747,1
device_26_tetwild_0021.obj,0.9466790770239709,1
device_26_tetwild_0022.obj,0.871806602130083,1
device_26_tetwild_0023.obj,0.9230198066333899,1
device_10_degenerate_0000.obj,0.9999999999999221,1
device_10_degenerate_0001.obj,0.9999999999999233,1
device_10_degenerate_0002.obj,0.9999999999997006,1
device_10_degenerate_0003.obj,0.9999999999999212,1
device_10_degenerate_0004.obj,0.9999999999999224,1
device_10_degenerate_0005.obj,0.9999999999999192,1
device_10_degenerate_0006.obj,0.9999999999999156,1
device_10_degenerate_0007.obj,0.9999999999999207,1
device_10_degenerate_0008.obj,0.9999999999999197,1
device_10_degenerate_0009.obj,0.9999999999999134,1
device_10_degenerate_0010.obj,0.9999999999998517,1
device_10_degenerate_0011.obj,0.9999999999999133,1
device_10_degenerate_0012.obj,0.9999999999999158,1
device_10_degenerate_0013.obj,0.9999999999999148,1
device_10_degenerate_0014.obj,0.9999999999999236,1
device_10_degenerate_0015.obj,0.9999999999999176,1
device_10_degenerate_0016.obj,0.999999999999918,1
device_10_degenerate_0017.obj,0.9999999999999217,1
device_10_degenerate_0018.obj,0.999999999999908,1
device_10_degenerate_0019.obj,0.9999999999999215,1
device_10_degenerate_0020.obj,0.9999999999999174,1
device_10_degenerate_0021.obj,0.9999999999998933,1
device_10_degenerate_0022.obj,0.9999999999999214,1
device_10_degenerate_0023.obj,0.9999999999998462,1
device_10_degenerate_0024.obj,0.9999999999863878,1
device_10_disconnected_0000.obj,0.9999999999999096,1
device_10_disconnected_0001.obj,0.9999999999999228,1
device_10_disconnected_0002.obj,0.9999999999998623,1
device_10_disconnected_0003.obj,0.9999999999999156,1
device_10_disconnected_0004.obj,0.9999999999999175,1
device_10_disconnected_0005.obj,0.9999999999998621,1
device_10_disconnected_0006.obj,0.9999999999998711,1
device_10_disconnected_0007.obj,0.9999999999998035,1
device_10_disconnected_0008.obj,0.9999999999999252,1
device_10_disconnected_0009.obj,0.9999999999999267,1
device_10_disconnected_0010.obj,0.9999999999999223,1
device_10_disconnected_0011.obj,0.9999999999999001,1
device_10_disconnected_0012.obj,0.9999999999999216,1
device_10_disconnected_0013.obj,0.9999999999999194,1
device_10_disconnected_0014.obj,0.999999999999815,1
device_10_disconnected_0015.obj,0.9999999999999172,1
device_10_disconnected_0016.obj,0.9999999999998683,1
device_10_disconnected_0017.obj,0.9999999999998995,1
device_10_disconnected_0018.obj,0.9999999999999152,1
device_10_disconnected_0019.obj,0.9999999999999164,1
device_10_disconnected_0020.obj,0.9999999999996988,1
device_10_disconnected_0021.obj,0.9999999999999208,1
device_10_disconnected_0022.obj,0.9999999999999178,1
device_10_disconnected_0023.obj,0.9999999999999217,1
device_10_disconnected_0024.obj,0.9999999999999226,1
device_10_faceswap_0000.obj,0.9999999999999124,1
device_10_faceswap_0001.obj,0.999999999999671,1
device_10_faceswap_0002.obj,0.9999999999997711,1
device_10_faceswap_0003.obj,0.9999999999999173,1
device_10_faceswap_0004.obj,0.9999999999999079,1
device_10_faceswap_0005.obj,0.9999999999999128,1
device_10_faceswap_0006.obj,0.999999999999917,1
device_10_faceswap_0007.obj,0.9999999999998843,1
device_10_faceswap_0008.obj,0.9999999999999143,1
device_10_faceswap_0009.obj,0.9999999999999087,1
device_10_faceswap_0010.obj,0.9999999999999045,1
device_10_faceswap_0011.obj,0.9999999999996572,1
device_10_faceswap_0012.obj,0.9999999999998345,1
device_10_faceswap_0013.obj,0.9999999999999106,1
device_10_faceswap_0014.obj,0.9999999999999098,1
device_10_faceswap_0015.obj,0.9999999999998846,1
device_10_faceswap_0016.obj,0.9999999999999185,1
device_10_faceswap_0017.obj,0.9999999999999212,1
device_10_faceswap_0018.obj,0.9999999999999047,1
device_10_faceswap_0019.obj,0.9999999999998779,1
device_10_faceswap_0020.obj,0.9999999999999065,1
device_10_faceswap_0021.obj,0.9999999999999215,1
device_10_faceswap_0022.obj,0.9999999999999127,1
device_10_faceswap_0023.obj,0.9999999999999033,1
device_10_faceswap_0024.obj,0.9999999999999183,1
device_10_jitter_0000.obj,0.9829708493256973,1
device_10_jitter_0001.obj,0.984397565312093,1
device_10_jitter_0002.obj,0.9858675408184695,1
device_10_jitter_0003.obj,0.9761433454644589,1
device_10_jitter_0004.obj,0.98811165292357,1
device_10_jitter_0005.obj,0.9888298322141077,1
device_10_jitter_0006.obj,0.9806821603080147,1
device_10_jitter_0007.obj,0.9859540694533626,1
device_10_jitter_0008.obj,0.9825013695885899,1
device_10_jitter_0009.obj,0.9795397973998009,1
device_10_jitter_0010.obj,0.9813589343874269,1
device_10_jitter_0011.obj,0.9863556723992244,1
device_10_jitter_0012.obj,0.9872496209086528,1
device_10_jitter_0013.obj,0.9769966196494958,1
device_10_jitter_0014.obj,0.9808388548947784,1
device_10_jitter_0015.obj,0.979661515334962,1
device_10_jitter_0016.obj,0.9801814601986223,1
device_10_jitter_0017.obj,0.9721979791382928,1
device_10_jitter_0018.obj,0.9862054848885431,1
device_10_jitter_0019.obj,0.9721685678186335,1
device_10_jitter_0020.obj,0.9783102978356699,1
device_10_jitter_0021.obj,0.9828087486837952,1
device_10_jitter_0022.obj,0.9802715411091446,1
device_10_jitter_0023.obj,0.9770777060816491,1
device_10_jitter_0024.obj,0.9728438425953629,1
device_10_rigid_0000.obj,0.9999999999999052,1
device_10_rigid_0001.obj,0.9999999999999049,1
device_10_rigid_0002.obj,0.9999999999998971,1
device_10_rigid_0003.obj,0.9999999999998915,1
device_10_rigid_0004.obj,0.9999999999998452,1
device_10_rigid_0005.obj,0.9999999999999177,1
device_10_rigid_0006.obj,0.9999999999998973,1
device_10_rigid_0007.obj,0.9999999999999138,1
device_10_rigid_0008.obj,0.9999999999998956,1
device_10_rigid_0009.obj,0.9999999999996053,1
device_10_rigid_0010.obj,0.9999999999999052,1
device_10_rigid_0011.obj,0.9999999999998831,1
device_10_rigid_0012.obj,0.9999999999999021,1
device_10_rigid_0013.obj,0.9999999999998915,1
device_10_rigid_0014.obj,0.9999999999998942,1
device_10_rigid_0015.obj,0.9999999999999039,1
device_10_rigid_0016.obj,0.9999999999997625,1
device_10_rigid_0017.obj,0.9999999999998915,1
device_10_rigid_0018.obj,0.9999999999999019,1
device_10_rigid_0019.obj,0.9999999999997555,1
device_10_rigid_0020.obj,0.9999999999999163,1
device_10_rigid_0021.obj,0.9999999999999133,1
device_10_rigid_0022.obj,0.9999999999999014,1
device_10_rigid_0023.obj,0.999999999999886,1
device_10_rigid_0024.obj,0.9999999999999091,1
device_10_tetwild_0000.obj,0.9773990423465782,1
device_10_tetwild_0001.obj,0.9679665947516054,1
device_10_tetwild_0002.obj,0.9404046167241757,1
device_10_tetwild_0003.obj,0.9727369961319084,1
device_10_tetwild_0004.obj,0.9627915762162632,1
device_10_tetwild_0005.obj,0.9706614511987074,1
device_10_tetwild_0006.obj,0.9697519415746114,1
device_10_tetwild_0007.obj,0.9508957582298041,1
device_10_tetwild_0008.obj,0.9758466979427919,1
device_10_tetwild_0009.obj,0.9735987263308363,1
device_10_tetwild_0010.obj,0.9679277219137234,1
device_10_tetwild_0011.obj,0.9573175562366472,1
device_10_tetwild_0012.obj,0.9596462204094531,1
device_10_tetwild_0013.obj,0.9809559291306946,1
device_10_tetwild_0014.obj,0.9671392318655249,1
device_10_tetwild_0015.obj,0.9675283098363285,1
device_10_tetwild_0016.obj,0.9681781615379722,1
device_10_tetwild_0017.obj,0.9595696287724786,1
device_10_tetwild_0018.obj,0.9684830478476931,1
device_10_tetwild_0019.obj,0.9637438461904334,1
device_10_tetwild_0020.obj,0.9639697255377314,1
device_10_tetwild_0021.obj,0.9576008610528277,1
device_10_tetwild_0022.obj,0.9667218524125373,1
device_10_tetwild_0023.obj,0.960789911209996,1
device_10_tetwild_0024.obj,0.9715795675836206,1
device_20_degenerate_0000.obj,0.9999999999999283,1
device_20_degenerate_0001.obj,0.9999999999999467,1
device_20_degenerate_0002.obj,0.9999999999999479,1
device_20_degenerate_0003.obj,0.9999999999999196,1
device_20_degenerate_0004.obj,0.9999999999999215,1
device_20_degenerate_0005.obj,0.9999999999999293,1
device_20_degenerate_0006.obj,0.999999999999945,1
device_20_degenerate_0007.obj,0.9999999999999414,1
device_20_degenerate_0008.obj,0.9999999999999405,1
device_20_degenerate_0009.obj,0.9999999999999527,1
device_20_degenerate_0010.obj,0.9999999999999507,1
device_20_degenerate_0011.obj,0.9999999999999409,1
device_20_degenerate_0012.obj,0.9999999999999418,1
device_20_degenerate_0013.obj,0.9999999999999039,1
device_20_degenerate_0014.obj,0.999999999999947,1
device_20_degenerate_0015.obj,0.9999999999999287,1
device_20_degenerate_0016.obj,0.9999999999999492,1
device_20_degenerate_0017.obj,0.9999999999999281,1
device_20_degenerate_0018.obj,0.9999999999999469,1
device_20_degenerate_0019.obj,0.9999999999999486,1
device_20_degenerate_0020.obj,0.999999999999938,1
device_20_degenerate_0021.obj,0.9999999999999447,1
device_20_degenerate_0022.obj,0.999999999999127,1
device_20_degenerate_0023.obj,0.9999999999999472,1
device_20_degenerate_0024.obj,0.999999999999943,1
device_20_disconnected_0000.obj,0.9999999999999418,1
device_20_disconnected_0001.obj,0.9999999999999445,1
device_20_disconnected_0002.obj,0.9999999999999455,1
device_20_disconnected_0003.obj,0.9999999999999375,1
device_20_disconnected_0004.obj,0.9999999999999464,1
device_20_disconnected_0005.obj,0.9999999999999482,1
device_20_disconnected_0006.obj,0.9999999999999469,1
device_20_disconnected_0007.obj,0.9999999999999442,1
device_20_disconnected_0008.obj,0.9999999999999449,1
device_20_disconnected_0009.obj,0.9999999999999454,1
device_20_disconnected_0010.obj,0.9999999999999447,1
device_20_disconnected_0011.obj,0.9999999999999003,1
device_20_disconnected_0012.obj,0.9999999999999418,1
device_20_disconnected_0013.obj,0.999999999999949,1
device_20_disconnected_0014.obj,0.999999999999897,1
device_20_disconnected_0015.obj,0.9999999999999457,1
device_20_disconnected_0016.obj,0.999999999999943,1
device_20_disconnected_0017.obj,0.9999999999999449,1
device_20_disconnected_0018.obj,0.9999999999999476,1
device_20_disconnected_0019.obj,0.9999999999999464,1
device_20_disconnected_0020.obj,0.9999999999999475,1
device_20_disconnected_0021.obj,0.9999999999999389,1
device_20_disconnected_0022.obj,0.9999999999999438,1
device_20_disconnected_0023.obj,0.9999999999999474,1
device_20_disconnected_0024.obj,0.999999999999833,1
device_20_faceswap_0000.obj,0.9999999999999205,1
device_20_faceswap_0001.obj,0.9999999999999328,1
device_20_faceswap_0002.obj,0.9999999999998782,1
device_20_faceswap_0003.obj,0.9999999999998819,1
device_20_faceswap_0004.obj,0.9999999999999254,1
device_20_faceswap_0005.obj,0.9999999999998284,1
device_20_faceswap_0006.obj,0.9999999999999318,1
device_20_faceswap_0007.obj,0.99999999999993,1
device_20_faceswap_0008.obj,0.9999999999994185,1
device_20_faceswap_0009.obj,0.9999999999999379,1
device_20_faceswap_0010.obj,0.9999999999998616,1
device_20_faceswap_0011.obj,0.9999999999999213,1
device_20_faceswap_0012.obj,0.9999999999991888,1
device_20_faceswap_0013.obj,0.9999999999998315,1
device_20_faceswap_0014.obj,0.9999999999999346,1
device_20_faceswap_0015.obj,0.9999999999999253,1
device_20_faceswap_0016.obj,0.9999999999999396,1
device_20_faceswap_0017.obj,0.999999999999917,1
device_20_faceswap_0018.obj,0.9999999999999256,1
device_20_faceswap_0019.obj,0.999999999999918,1
device_20_faceswap_0020.obj,0.9999999999999184,1
device_20_faceswap_0021.obj,0.9999999999999258,1
device_20_faceswap_0022.obj,0.9999999999999224,1
device_20_faceswap_0023.obj,0.9999999999999248,1
device_20_faceswap_0024.obj,0.9999999999999312,1
device_20_jitter_0000.obj,0.9180123363294527,1
device_20_jitter_0001.obj,0.9234506492288014,1
device_20_jitter_0002.obj,0.9534343650426249,1
device_20_jitter_0003.obj,0.9787186716268705,1
device_20_jitter_0004.obj,0.9275096231990905,1
device_20_jitter_0005.obj,0.9214593434361475,1
device_20_jitter_0006.obj,0.9449580126994817,1
device_20_jitter_0007.obj,0.9156942521650693,1
device_20_jitter_0008.obj,0.9540273066092193,1
device_20_jitter_0009.obj,0.9472389629840124,1
device_20_jitter_0010.obj,0.947869055686842,1
device_20_jitter_0011.obj,0.9346570289213001,1
device_20_jitter_0012.obj,0.916914349757865,1
device_20_jitter_0013.obj,0.9040611984233884,1
device_20_jitter_0014.obj,0.9436096420827852,1
device_20_jitter_0015.obj,0.9526148385692568,1
device_20_jitter_0016.obj,0.9195033245405314,1
device_20_jitter_0017.obj,0.9497349933958047,1
device_20_jitter_0018.obj,0.9583972402568238,1
device_20_jitter_0019.obj,0.8691862802693653,1
device_20_jitter_0020.obj,0.8980723480300536,1
device_20_jitter_0021.obj,0.9310908040932405,1
device_20_jitter_0022.obj,0.9053673424835479,1
device_20_jitter_0023.obj,0.9375752939036615,1
device_20_jitter_0024.obj,0.9384639864387282,1
device_20_rigid_0000.obj,0.9999999999995942,1
device_20_rigid_0001.obj,0.9999999999992579,1
device_20_rigid_0002.obj,0.9999999999982292,1
device_20_rigid_0003.obj,0.9999999999998634,1
device_20_rigid_0004.obj,0.9999999999996094,1
device_20_rigid_0005.obj,0.9999999999995206,1
device_20_rigid_0006.obj,0.9999999999996405,1
device_20_rigid_0007.obj,0.9999999999997644,1
device_20_rigid_0008.obj,0.9999999999997198,1
device_20_rigid_0009.obj,0.9999999999995168,1
device_20_rigid_0010.obj,0.9999999999990589,1
device_20_rigid_0011.obj,0.9999999999993803,1
device_20_rigid_0012.obj,0.9999999999996607,1
device_20_rigid_0013.obj,0.9999999999994756,1
device_20_rigid_0014.obj,0.999999999999129,1
device_20_rigid_0015.obj,0.9999999999994138,1
device_20_rigid_0016.obj,0.9999999999998506,1
device_20_rigid_0017.obj,0.9999999999996695,1
device_20_rigid_0018.obj,0.9999999999995477,1
device_20_rigid_0019.obj,0.9999999999996417,1
device_20_rigid_0020.obj,0.9999999999976351,1
device_20_rigid_0021.obj,0.9999999999994049,1
device_20_rigid_0022.obj,0.9999999999993557,1
device_20_rigid_0023.obj,0.9999999999995439,1
device_20_rigid_0024.obj,0.999999999999767,1
device_20_tetwild_0000.obj,0.9310091619470301,1
device_20_tetwild_0001.obj,0.9217482141666815,1
device_20_tetwild_0002.obj,0.9439810255932384,1
device_20_tetwild_0003.obj,0.9477065847005601,1
device_20_tetwild_0004.obj,0.9340180258723332,1
device_20_tetwild_0005.obj,0.9547063310155346,1
device_20_tetwild_0006.obj,0.9165687595905332,1
device_20_tetwild_0007.obj,0.9433198276503152,1
device_20_tetwild_0008.obj,0.9360046184546962,1
device_20_tetwild_0009.obj,0.952330696583746,1
device_20_tetwild_0010.obj,0.9527589943775572,1
device_20_tetwild_0011.obj,0.9680928650247624,1
device_20_tetwild_0012.obj,0.9499180810631417,1
device_20_tetwild_0014.obj,0.916043502738345,1
device_20_tetwild_0015.obj,0.9291906277252422,1
device_20_tetwild_0016.obj,0.9470725490525267,1
device_20_tetwild_0017.obj,0.9309320080905367,1
device_20_tetwild_0018.obj,0.9613616363803961,1
device_20_tetwild_0019.obj,0.9250774882970151,1
device_20_tetwild_0020.obj,0.9488826100984615,1
device_20_tetwild_0021.obj,0.9263028092879532,1
device_20_tetwild_0022.obj,0.9466178515463567,1
device_20_tetwild_0023.obj,0.9442577247030798,1
device_20_tetwild_0024.obj,0.9525185341514313,1
device_18_degenerate_0000.obj,0.999999999999608,1
device_18_degenerate_0001.obj,0.9999999999997043,1
device_18_degenerate_0002.obj,0.9999999999997838,1
device_18_degenerate_0003.obj,0.9999999999997031,1
device_18_degenerate_0004.obj,0.9999999999997067,1
device_18_degenerate_0005.obj,0.9999999999996013,1
device_18_degenerate_0006.obj,0.9999999999997489,1
device_18_degenerate_0007.obj,0.9999999999997279,1
device_18_degenerate_0008.obj,0.9999999999995892,1
device_18_degenerate_0009.obj,0.9999999999997288,1
device_18_degenerate_0010.obj,0.9999999999984753,1
device_18_degenerate_0011.obj,0.999999999999731,1
device_18_degenerate_0012.obj,0.9999999999997694,1
device_18_degenerate_0013.obj,0.9999999999996549,1
device_18_degenerate_0014.obj,0.9999999999995942,1
device_18_degenerate_0015.obj,0.9999999999997585,1
device_18_degenerate_0016.obj,0.9999999999996759,1
device_18_degenerate_0017.obj,0.9999999999997272,1
device_18_degenerate_0018.obj,0.999999999999628,1
device_18_degenerate_0019.obj,0.9999999999997574,1
device_18_degenerate_0020.obj,0.9999999999996294,1
device_18_degenerate_0021.obj,0.9999999999998022,1
device_18_degenerate_0022.obj,0.9999999999997454,1
device_18_degenerate_0023.obj,0.9999999999997295,1
device_18_degenerate_0024.obj,0.99999999999955,1
device_18_disconnected_0000.obj,0.9999999999996847,1
device_18_disconnected_0001.obj,0.9999999999997631,1
device_18_disconnected_0002.obj,0.9999999999996533,1
device_18_disconnected_0003.obj,0.9999999999997677,1
device_18_disconnected_0004.obj,0.9999999999997328,1
device_18_disconnected_0005.obj,0.9999999999991364,1
device_18_disconnected_0006.obj,0.9999999999997522,1
device_18_disconnected_0007.obj,0.9999999999997774,1
device_18_disconnected_0008.obj,0.9999999999995364,1
device_18_disconnected_0009.obj,0.9999999999996376,1
device_18_disconnected_0010.obj,0.9999999999996657,1
device_18_disconnected_0011.obj,0.9999999999995702,1
device_18_disconnected_0012.obj,0.9999999999996109,1
device_18_disconnected_0013.obj,0.9999999999997651,1
device_18_disconnected_0014.obj,0.9999999999996909,1
device_18_disconnected_0015.obj,0.9999999999997048,1
device_18_disconnected_0016.obj,0.9999999999997948,1
device_18_disconnected_0017.obj,0.9999999999993563,1
device_18_disconnected_0018.obj,0.9999999999993351,1
device_18_disconnected_0019.obj,0.9999999999997623,1
device_18_disconnected_0020.obj,0.9999999999996957,1
device_18_disconnected_0021.obj,0.9999999999997012,1
device_18_disconnected_0022.obj,0.9999999999997237,1
device_18_disconnected_0023.obj,0.999999999999514,1
device_18_disconnected_0024.obj,0.9999999999996997,1
device_18_faceswap_0000.obj,0.9999999999886736,1
device_18_faceswap_0001.obj,0.9999999999582293,1
device_18_faceswap_0002.obj,0.9999999999914225,1
device_18_faceswap_0003.obj,0.999999999990779,1
device_18_faceswap_0004.obj,0.9999999999879384,1
device_18_faceswap_0005.obj,0.9999999999769226,1
device_18_faceswap_0006.obj,0.9999999999842082,1
device_18_faceswap_0007.obj,0.9999999999712376,1
device_18_faceswap_0008.obj,0.9999999999879101,1
device_18_faceswap_0009.obj,0.9999999999956394,1
device_18_faceswap_0010.obj,0.9999999999839595,1
device_18_faceswap_0011.obj,0.99999999997332,1
device_18_faceswap_0012.obj,0.9999999999824692,1
device_18_faceswap_0013.obj,0.9999999999896788,1
device_18_faceswap_0014.obj,0.9999999999827985,1
device_18_faceswap_0015.obj,0.9999999999622036,1
device_18_faceswap_0016.obj,0.9999999999849882,1
device_18_faceswap_0017.obj,0.9999999999918716,1
device_18_faceswap_0018.obj,0.9999999999847162,1
device_18_faceswap_0019.obj,0.9999999999834708,1
device_18_faceswap_0020.obj,0.9999999999780658,1
device_18_faceswap_0021.obj,0.999999999997381,1
device_18_faceswap_0022.obj,0.9999999999805731,1
device_18_faceswap_0023.obj,0.9999999999851362,1
device_18_faceswap_0024.obj,0.9999999999901169,1
device_18_jitter_0000.obj,0.9758694393910127,1
device_18_jitter_0001.obj,0.9788005421077327,1
device_18_jitter_0002.obj,0.98561418673568,1
device_18_jitter_0003.obj,0.983343572086209,1
device_18_jitter_0004.obj,0.9843457133700065,1
device_18_jitter_0005.obj,0.9802497575692525,1
device_18_jitter_0006.obj,0.9899022705878503,1
device_18_jitter_0007.obj,0.9796038715524666,1
device_18_jitter_0008.obj,0.9747303973285579,1
device_18_jitter_0009.obj,0.9745802034163119,1
device_18_jitter_0010.obj,0.98543503083419,1
device_18_jitter_0011.obj,0.982546337787226,1
device_18_jitter_0012.obj,0.9756075581850565,1
device_18_jitter_0013.obj,0.9789308350070504,1
device_18_jitter_0014.obj,0.9776002847539603,1
device_18_jitter_0015.obj,0.9834054358275759,1
device_18_jitter_0016.obj,0.9868962745060645,1
device_18_jitter_0017.obj,0.9861745425904117,1
device_18_jitter_0018.obj,0.9835681603659322,1
device_18_jitter_0019.obj,0.9814269648278128,1
device_18_jitter_0020.obj,0.981283435914687,1
device_18_jitter_0021.obj,0.9808811372690543,1
device_18_jitter_0022.obj,0.9691232492194918,1
device_18_jitter_0023.obj,0.9847748630107045,1
device_18_jitter_0024.obj,0.9850851939304343,1
device_18_rigid_0000.obj,0.999999999971223,1
device_18_rigid_0001.obj,0.9999999999407881,1
device_18_rigid_0002.obj,0.9999999999551181,1
device_18_rigid_0003.obj,0.9999999999659045,1
device_18_rigid_0004.obj,0.9999999999606612,1
device_18_rigid_0005.obj,0.9999999999279797,1
device_18_rigid_0006.obj,0.9999999999634497,1
device_18_rigid_0007.obj,0.9999999999441588,1
device_18_rigid_0008.obj,0.9999999999762409,1
device_18_rigid_0009.obj,0.9999999999436313,1
device_18_rigid_0010.obj,0.9999999999560693,1
device_18_rigid_0011.obj,0.9999999999739586,1
device_18_rigid_0012.obj,0.9999999999793414,1
device_18_rigid_0013.obj,0.9999999999838441,1
device_18_rigid_0014.obj,0.9999999999739125,1
device_18_rigid_0015.obj,0.9999999999629604,1
device_18_rigid_0016.obj,0.9999999999612481,1
device_18_rigid_0017.obj,0.9999999999736366,1
device_18_rigid_0018.obj,0.9999999999536933,1
device_18_rigid_0019.obj,0.9999999999621694,1
device_18_rigid_0020.obj,0.9999999999157616,1
device_18_rigid_0021.obj,0.9999999999558248,1
device_18_rigid_0022.obj,0.9999999999510215,1
device_18_rigid_0023.obj,0.9999999999421761,1
device_18_rigid_0024.obj,0.9999999999615587,1
device_18_tetwild_0000.obj,0.9677063034122269,1
device_18_tetwild_0001.obj,0.9556069103074065,1
device_18_tetwild_0002.obj,0.951137709275302,1
device_18_tetwild_0003.obj,0.900352238585063,1
device_18_tetwild_0004.obj,0.9707921958339347,1
device_18_tetwild_0005.obj,0.9175486645854113,1
device_18_tetwild_0006.obj,0.9225069330868337,1
device_18_tetwild_0007.obj,0.9529324485608947,1
device_18_tetwild_0008.obj,0.9446479990036585,1
device_18_tetwild_0009.obj,0.9667965228208898,1
device_18_tetwild_0010.obj,0.9727583247770648,1
device_18_tetwild_0011.obj,0.9687808335493169,1
device_18_tetwild_0012.obj,0.9412255053163108,1
device_18_tetwild_0013.obj,0.9539875343593023,1
device_18_tetwild_0014.obj,0.9663610583039324,1
device_18_tetwild_0015.obj,0.957600450818905,1
device_18_tetwild_0016.obj,0.9161224084008764,1
device_18_tetwild_0017.obj,0.9658860622102118,1
device_18_tetwild_0018.obj,0.9408354236505123,1
device_18_tetwild_0019.obj,0.9442956605701005,1
device_18_tetwild_0020.obj,0.9219598605006907,1
device_18_tetwild_0021.obj,0.9471178390003977,1
device_18_tetwild_0022.obj,0.9699215437440606,1
device_18_tetwild_0023.obj,0.9552713372328496,1
device_18_tetwild_0024.obj,0.9171585040428186,1
device_04_degenerate_0000.obj,0.9999999999999929,1
device_04_degenerate_0001.obj,0.9999999999999919,1
device_04_degenerate_0002.obj,0.9999999999999932,1
device_04_degenerate_0003.obj,0.9999999999999931,1
device_04_degenerate_0004.obj,0.9999999999999932,1
device_04_degenerate_0005.obj,0.9999999999999928,1
device_04_degenerate_0006.obj,0.9999999999999932,1
device_04_degenerate_0007.obj,0.9999999999999929,1
device_04_degenerate_0008.obj,0.9999999999999913,1
device_04_degenerate_0009.obj,0.9999999999999404,1
device_04_degenerate_0010.obj,0.9999999999999932,1
device_04_degenerate_0011.obj,0.9999999999999919,1
device_04_degenerate_0012.obj,0.9999999999999917,1
device_04_degenerate_0013.obj,0.9999999999999931,1
device_04_degenerate_0014.obj,0.9999999999999932,1
device_04_degenerate_0015.obj,0.9999999999999932,1
device_04_degenerate_0016.obj,0.9999999999999931,1
device_04_degenerate_0017.obj,0.9999999999999897,1
device_04_degenerate_0018.obj,0.9999999999999905,1
device_04_degenerate_0019.obj,0.9999999999999929,1
device_04_degenerate_0020.obj,0.9999999999999929,1
device_04_degenerate_0021.obj,0.9999999999999926,1
device_04_degenerate_0022.obj,0.9999999999999929,1
device_04_degenerate_0023.obj,0.999999999999992,1
device_04_degenerate_0024.obj,0.9999999999999912,1
device_04_disconnected_0000.obj,0.9999999999999936,1
device_04_disconnected_0001.obj,0.9999999999999932,1
device_04_disconnected_0002.obj,0.9999999999999926,1
device_04_disconnected_0003.obj,0.9999999999999928,1
device_04_disconnected_0004.obj,0.9999999999999932,1
device_04_disconnected_0005.obj,0.9999999999999929,1
device_04_disconnected_0006.obj,0.9999999999999928,1
device_04_disconnected_0007.obj,0.9999999999999934,1
device_04_disconnected_0008.obj,0.9999999999999571,1
device_04_disconnected_0009.obj,0.9999999999999929,1
device_04_disconnected_0010.obj,0.9999999999999928,1
device_04_disconnected_0011.obj,0.9999999999999926,1
device_04_disconnected_0012.obj,0.9999999999999909,1
device_04_disconnected_0013.obj,0.9999999999999936,1
device_04_disconnected_0014.obj,0.9999999999999926,1
device_04_disconnected_0015.obj,0.9999999999999931,1
device_04_disconnected_0016.obj,0.9999999999999929,1
device_04_disconnected_0017.obj,0.9999999999999929,1
device_04_disconnected_0018.obj,0.9999999999999928,1
device_04_disconnected_0019.obj,0.9999999999999931,1
device_04_disconnected_0020.obj,0.9999999999999705,1
device_04_disconnected_0021.obj,0.9999999999999928,1
device_04_disconnected_0022.obj,0.9999999999999932,1
device_04_disconnected_0023.obj,0.9999999999999931,1
device_04_disconnected_0024.obj,0.9999999999999932,1
device_04_faceswap_0000.obj,0.999999999999992,1
device_04_faceswap_0001.obj,0.9999999999999932,1
device_04_faceswap_0002.obj,0.9999999999999919,1
device_04_faceswap_0003.obj,0.9999999999999931,1
device_04_faceswap_0004.obj,0.9999999999999926,1
device_04_faceswap_0005.obj,0.9999999999999888,1
device_04_faceswap_0006.obj,0.9999999999999922,1
device_04_faceswap_0007.obj,0.9999999999999919,1
device_04_faceswap_0008.obj,0.9999999999999925,1
device_04_faceswap_0009.obj,0.9999999999999928,1
device_04_faceswap_0010.obj,0.9999999999999919,1
device_04_faceswap_0011.obj,0.9999999999999926,1
device_04_faceswap_0012.obj,0.9999999999999925,1
device_04_faceswap_0013.obj,0.999999999999992,1
device_04_faceswap_0014.obj,0.9999999999999926,1
device_04_faceswap_0015.obj,0.999999999999992,1
device_04_faceswap_0016.obj,0.999999999999991,1
device_04_faceswap_0017.obj,0.9999999999999913,1
device_04_faceswap_0018.obj,0.9999999999999926,1
device_04_faceswap_0019.obj,0.9999999999999925,1
device_04_faceswap_0020.obj,0.9999999999999928,1
device_04_faceswap_0021.obj,0.999999999999992,1
device_04_faceswap_0022.obj,0.9999999999999866,1
device_04_faceswap_0023.obj,0.9999999999999926,1
device_04_faceswap_0024.obj,0.9999999999999928,1
device_04_jitter_0000.obj,0.9139563512119393,1
device_04_jitter_0001.obj,0.9353130279311352,1
device_04_jitter_0002.obj,0.9751830027780168,1
device_04_jitter_0003.obj,0.9902318487112122,1
device_04_jitter_0004.obj,0.9572033046206294,1
device_04_jitter_0005.obj,0.9765267700970592,1
device_04_jitter_0006.obj,0.95735965204611,1
device_04_jitter_0007.obj,0.9524727536008266,1
device_04_jitter_0008.obj,0.9346281973542983,1
device_04_jitter_0009.obj,0.9587971550936022,1
device_04_jitter_0010.obj,0.9657462863602022,1
device_04_jitter_0011.obj,0.9391890454744078,1
device_04_jitter_0012.obj,0.9704999369307693,1
device_04_jitter_0013.obj,0.968204932891166,1
device_04_jitter_0014.obj,0.9757091538681961,1
device_04_jitter_0015.obj,0.9717275080026684,1
device_04_jitter_0016.obj,0.9803245837400404,1
device_04_jitter_0017.obj,0.979191600820865,1
device_04_jitter_0018.obj,0.9533294626540673,1
device_04_jitter_0019.obj,0.9656505789016476,1
device_04_jitter_0020.obj,0.978745801400739,1
device_04_jitter_0021.obj,0.9796877517506205,1
device_04_jitter_0022.obj,0.922805370705654,1
device_04_jitter_0023.obj,0.965113099037307,1
device_04_jitter_0024.obj,0.9589444457683348,1
device_04_rigid_0000.obj,0.9999999999999907,1
device_04_rigid_0001.obj,0.9999999999999926,1
device_04_rigid_0002.obj,0.99999999999999,1
device_04_rigid_0003.obj,0.9999999999999919,1
device_04_rigid_0004.obj,0.9999999999999907,1
device_04_rigid_0005.obj,0.9999999999999903,1
device_04_rigid_0006.obj,0.9999999999999913,1
device_04_rigid_0007.obj,0.999999999999992,1
device_04_rigid_0008.obj,0.9999999999999907,1
device_04_rigid_0009.obj,0.9999999999999898,1
device_04_rigid_0010.obj,0.9999999999999891,1
device_04_rigid_0011.obj,0.9999999999999913,1
device_04_rigid_0012.obj,0.9999999999999925,1
device_04_rigid_0013.obj,0.9999999999999912,1
device_04_rigid_0014.obj,0.9999999999999909,1
device_04_rigid_0015.obj,0.9999999999999922,1
device_04_rigid_0016.obj,0.9999999999999893,1
device_04_rigid_0017.obj,0.9999999999999917,1
device_04_rigid_0018.obj,0.9999999999999903,1
device_04_rigid_0019.obj,0.9999999999999922,1
device_04_rigid_0020.obj,0.9999999999999912,1
device_04_rigid_0021.obj,0.9999999999999907,1
device_04_rigid_0022.obj,0.9999999999999898,1
device_04_rigid_0023.obj,0.9999999999999912,1
device_04_rigid_0024.obj,0.9999999999999897,1
device_04_tetwild_0000.obj,0.9607310358877136,1
device_04_tetwild_0001.obj,0.967750883354834,1
device_04_tetwild_0002.obj,0.9717478369536445,1
device_04_tetwild_0003.obj,0.9573995969113304,1
device_04_tetwild_0004.obj,0.9628600862334519,1
device_04_tetwild_0005.obj,0.9818138535387146,1
device_04_tetwild_0006.obj,0.9649528246137984,1
device_04_tetwild_0007.obj,0.9710922368322723,1
device_04_tetwild_0008.obj,0.9468059168501519,1
device_04_tetwild_0009.obj,0.9528949880889559,1
device_04_tetwild_0010.obj,0.9691938680692483,1
device_04_tetwild_0011.obj,0.9535557338453167,1
device_04_tetwild_0012.obj,0.9687552068319941,1
device_04_tetwild_0013.obj,0.9783742893233316,1
device_04_tetwild_0014.obj,0.9762192788383702,1
device_04_tetwild_0015.obj,0.9586250123335675,1
device_04_tetwild_0016.obj,0.9747292258988159,1
device_04_tetwild_0017.obj,0.9328296401073399,1
device_04_tetwild_0018.obj,0.9595207923761551,1
device_04_tetwild_0019.obj,0.9750029046903086,1
device_04_tetwild_0020.obj,0.9245775443215888,1
device_04_tetwild_0021.obj,0.9614902560409125,1
device_04_tetwild_0022.obj,0.9717909336612848,1
device_04_tetwild_0023.obj,0.9845333991975012,1
device_04_tetwild_0024.obj,0.9547110978252208,1
device_14_degenerate_0000.obj,0.9999999999999799,1
device_14_degenerate_0001.obj,0.9999999999999812,1
device_14_degenerate_0002.obj,0.9999999999999618,1
device_14_degenerate_0003.obj,0.9999999999999787,1
device_14_degenerate_0004.obj,0.9999999999999694,1
device_14_degenerate_0005.obj,0.9999999999999792,1
device_14_degenerate_0006.obj,0.9999999999999531,1
device_14_degenerate_0007.obj,0.9999999999999758,1
device_14_degenerate_0008.obj,0.9999999999999785,1
device_14_degenerate_0009.obj,0.999999999999979,1
device_14_degenerate_0010.obj,0.9999999999999776,1
device_14_degenerate_0011.obj,0.9999999999999789,1
device_14_degenerate_0012.obj,0.9999999999998959,1
device_14_degenerate_0013.obj,0.9999999999999774,1
device_14_degenerate_0014.obj,0.9999999999999791,1
device_14_degenerate_0015.obj,0.9999999999999806,1
device_14_degenerate_0016.obj,0.9999999999999788,1
device_14_degenerate_0017.obj,0.9999999999999777,1
device_14_degenerate_0018.obj,0.9999999999999786,1
device_14_degenerate_0019.obj,0.9999999999999796,1
device_14_degenerate_0020.obj,0.9999999999999785,1
device_14_degenerate_0021.obj,0.9999999999999803,1
device_14_degenerate_0022.obj,0.9999999999999813,1
device_14_degenerate_0023.obj,0.9999999999999777,1
device_14_degenerate_0024.obj,0.999999999999978,1
device_14_disconnected_0000.obj,0.9999999999999779,1
device_14_disconnected_0001.obj,0.9999999999999789,1
device_14_disconnected_0002.obj,0.9999999999999796,1
device_14_disconnected_0003.obj,0.9999999999999786,1
device_14_disconnected_0004.obj,0.9999999999999793,1
device_14_disconnected_0005.obj,0.9999999999999799,1
device_14_disconnected_0006.obj,0.9999999999999803,1
device_14_disconnected_0007.obj,0.9999999999997616,1
device_14_disconnected_0008.obj,0.9999999999999657,1
device_14_disconnected_0009.obj,0.9999999999999786,1
device_14_disconnected_0010.obj,0.9999999999999771,1
device_14_disconnected_0011.obj,0.999999999999977,1
device_14_disconnected_0012.obj,0.9999999999999802,1
device_14_disconnected_0013.obj,0.9999999999999717,1
device_14_disconnected_0014.obj,0.99999999999998,1
device_14_disconnected_0015.obj,0.9999999999999325,1
device_14_disconnected_0016.obj,0.9999999999999779,1
device_14_disconnected_0017.obj,0.9999999999999757,1
device_14_disconnected_0018.obj,0.9999999999998647,1
device_14_disconnected_0019.obj,0.9999999999999788,1
device_14_disconnected_0020.obj,0.9999999999999782,1
device_14_disconnected_0021.obj,0.9999999999999439,1
device_14_disconnected_0022.obj,0.9999999999998256,1
device_14_disconnected_0023.obj,0.9999999999999764,1
device_14_disconnected_0024.obj,0.9999999999999775,1
device_14_faceswap_0000.obj,0.9999999999999786,1
device_14_faceswap_0001.obj,0.9999999999999751,1
device_14_faceswap_0002.obj,0.9999999999999727,1
device_14_faceswap_0003.obj,0.9999999999999761,1
device_14_faceswap_0004.obj,0.9999999999999742,1
device_14_faceswap_0005.obj,0.9999999999999745,1
device_14_faceswap_0006.obj,0.9999999999999782,1
device_14_faceswap_0007.obj,0.9999999999999754,1
device_14_faceswap_0008.obj,0.9999999999999721,1
device_14_faceswap_0009.obj,0.9999999999999752,1
device_14_faceswap_0010.obj,0.9999999999999734,1
device_14_faceswap_0011.obj,0.9999999999999764,1
device_14_faceswap_0012.obj,0.9999999999999746,1
device_14_faceswap_0013.obj,0.9999999999999497,1
device_14_faceswap_0014.obj,0.9999999999999765,1
device_14_faceswap_0015.obj,0.9999999999999745,1
device_14_faceswap_0016.obj,0.9999999999999765,1
device_14_faceswap_0017.obj,0.9999999999999756,1
device_14_faceswap_0018.obj,0.9999999999999747,1
device_14_faceswap_0019.obj,0.9999999999999732,1
device_14_faceswap_0020.obj,0.9999999999999697,1
device_14_faceswap_0021.obj,0.9999999999999752,1
device_14_faceswap_0022.obj,0.9999999999999769,1
device_14_faceswap_0023.obj,0.9999999999999725,1
device_14_faceswap_0024.obj,0.9999999999999739,1
device_14_jitter_0000.obj,0.9547746247836982,1
device_14_jitter_0001.obj,0.956204761444555,1
device_14_jitter_0002.obj,0.962046337175342,1
device_14_jitter_0003.obj,0.9506747507960975,1
device_14_jitter_0004.obj,0.9658231633045834,1
device_14_jitter_0005.obj,0.9629555745976449,1
device_14_jitter_0006.obj,0.9381417048197849,1
device_14_jitter_0007.obj,0.9701017545921772,1
device_14_jitter_0008.obj,0.9400809920804549,1
device_14_jitter_0009.obj,0.9492922393879974,1
device_14_jitter_0010.obj,0.9505636598049912,1
device_14_jitter_0011.obj,0.9548206797981648,1
device_14_jitter_0012.obj,0.9514068343875032,1
device_14_jitter_0013.obj,0.9574987979034261,1
device_14_jitter_0014.obj,0.9601304861642694,1
device_14_jitter_0015.obj,0.951870749469178,1
device_14_jitter_0016.obj,0.9586156449951264,1
device_14_jitter_0017.obj,0.9276331290639346,1
device_14_jitter_0018.obj,0.9473362049281643,1
device_14_jitter_0019.obj,0.9636802295003771,1
device_14_jitter_0020.obj,0.9734866000000084,1
device_14_jitter_0021.obj,0.9585278379951762,1
device_14_jitter_0022.obj,0.9458589220609617,1
device_14_jitter_0023.obj,0.9715700626909665,1
device_14_jitter_0024.obj,0.9606614999750508,1
device_14_rigid_0000.obj,0.9999999999999507,1
device_14_rigid_0001.obj,0.9999999999999452,1
device_14_rigid_0002.obj,0.999999999999936,1
device_14_rigid_0003.obj,0.9999999999999439,1
device_14_rigid_0004.obj,0.9999999999999425,1
device_14_rigid_0005.obj,0.9999999999999122,1
device_14_rigid_0006.obj,0.9999999999999379,1
device_14_rigid_0007.obj,0.9999999999999588,1
device_14_rigid_0008.obj,0.9999999999999496,1
device_14_rigid_0009.obj,0.9999999999999633,1
device_14_rigid_0010.obj,0.9999999999999057,1
device_14_rigid_0011.obj,0.9999999999999672,1
device_14_rigid_0012.obj,0.9999999999999601,1
device_14_rigid_0013.obj,0.9999999999999385,1
device_14_rigid_0014.obj,0.9999999999999581,1
device_14_rigid_0015.obj,0.9999999999999641,1
device_14_rigid_0016.obj,0.9999999999999287,1
device_14_rigid_0017.obj,0.999999999999959,1
device_14_rigid_0018.obj,0.9999999999999433,1
device_14_rigid_0019.obj,0.9999999999999248,1
device_14_rigid_0020.obj,0.9999999999999513,1
device_14_rigid_0021.obj,0.9999999999999478,1
device_14_rigid_0022.obj,0.9999999999999402,1
device_14_rigid_0023.obj,0.9999999999999452,1
device_14_rigid_0024.obj,0.9999999999999403,1
device_14_tetwild_0000.obj,0.8586761768479887,1
device_14_tetwild_0001.obj,0.8527158251026636,1
device_14_tetwild_0002.obj,0.8346396891647279,1
device_14_tetwild_0003.obj,0.8461150536760181,1
device_14_tetwild_0004.obj,0.8525929478316511,1
device_14_tetwild_0005.obj,0.8455329319344275,1
device_14_tetwild_0006.obj,0.8799677089130976,1
device_14_tetwild_0007.obj,0.8951521556438832,1
device_14_tetwild_0008.obj,0.906990273129125,1
device_14_tetwild_0009.obj,0.8718976621090236,1
device_14_tetwild_0010.obj,0.862227191344561,1
device_14_tetwild_0011.obj,0.8096788863395225,1
device_14_tetwild_0012.obj,0.8415853067035836,1
device_14_tetwild_0013.obj,0.8830883464820547,1
device_14_tetwild_0014.obj,0.8206000406078423,1
device_14_tetwild_0015.obj,0.7054190640157952,1
device_14_tetwild_0016.obj,0.8485058740265353,1
device_14_tetwild_0017.obj,0.8090900102919918,1
device_14_tetwild_0018.obj,0.7992015580146694,1
device_14_tetwild_0019.obj,0.9014582115006385,1
device_14_tetwild_0020.obj,0.831983701412553,1
device_14_tetwild_0021.obj,0.8697182227078838,1
device_14_tetwild_0022.obj,0.8488374041687942,1
device_14_tetwild_0023.obj,0.9177216018437884,1
device_14_tetwild_0024.obj,0.8953059087861341,1
device_23_degenerate_0000.obj,0.9999999999998843,1
device_23_degenerate_0001.obj,0.9999999999998902,1
device_23_degenerate_0002.obj,0.9999999999998835,1
device_23_degenerate_0003.obj,0.999999999999886,1
device_23_degenerate_0004.obj,0.9999999999998905,1
device_23_degenerate_0005.obj,0.9999999999998885,1
device_23_degenerate_0006.obj,0.9999999999998893,1
device_23_degenerate_0007.obj,0.9999999999998948,1
device_23_degenerate_0008.obj,0.9999999999998702,1
device_23_degenerate_0009.obj,0.9999999999998843,1
device_23_degenerate_0010.obj,0.999999999999883,1
device_23_degenerate_0011.obj,0.9999999999998873,1
device_23_degenerate_0012.obj,0.9999999999998885,1
device_23_degenerate_0013.obj,0.9999999999998915,1
device_23_degenerate_0014.obj,0.9999999999998543,1
device_23_degenerate_0015.obj,0.9999999999998925,1
device_23_degenerate_0016.obj,0.9999999999998906,1
device_23_degenerate_0017.obj,0.9999999999998925,1
device_23_degenerate_0018.obj,0.9999999999998922,1
device_23_degenerate_0019.obj,0.999999999999883,1
device_23_degenerate_0020.obj,0.9999999999998873,1
device_23_degenerate_0021.obj,0.9999999999998787,1
device_23_degenerate_0022.obj,0.99999999999988,1
device_23_degenerate_0023.obj,0.9999999999998826,1
device_23_degenerate_0024.obj,0.9999999999998538,1
device_23_disconnected_0000.obj,0.9999999999998945,1
device_23_disconnected_0001.obj,0.9999999999998842,1
device_23_disconnected_0002.obj,0.9999999999998759,1
device_23_disconnected_0003.obj,0.9999999999998876,1
device_23_disconnected_0004.obj,0.9999999999998862,1
device_23_disconnected_0005.obj,0.9999999999998637,1
device_23_disconnected_0006.obj,0.9999999999998822,1
device_23_disconnected_0007.obj,0.9999999999998889,1
device_23_disconnected_0008.obj,0.9999999999998892,1
device_23_disconnected_0009.obj,0.9999999999998692,1
device_23_disconnected_0010.obj,0.9999999999998521,1
device_23_disconnected_0011.obj,0.9999999999998809,1
device_23_disconnected_0012.obj,0.999999999999888,1
device_23_disconnected_0013.obj,0.9999999999998795,1
device_23_disconnected_0014.obj,0.9999999999998807,1
device_23_disconnected_0015.obj,0.999999999999887,1
device_23_disconnected_0016.obj,0.9999999999998964,1
device_23_disconnected_0017.obj,0.999999999999888,1
device_23_disconnected_0018.obj,0.9999999999998892,1
device_23_disconnected_0019.obj,0.9999999999998865,1
device_23_disconnected_0020.obj,0.9999999999998695,1
device_23_disconnected_0021.obj,0.9999999999998902,1
device_23_disconnected_0022.obj,0.999999999999883,1
device_23_disconnected_0023.obj,0.9999999999998919,1
device_23_disconnected_0024.obj,0.9999999999998899,1
device_23_faceswap_0000.obj,0.9999999999998378,1
device_23_faceswap_0001.obj,0.9999999999998398,1
device_23_faceswap_0002.obj,0.9999999999997672,1
device_23_faceswap_0003.obj,0.9999999999998329,1
device_23_faceswap_0004.obj,0.9999999999997595,1
device_23_faceswap_0005.obj,0.9999999999998289,1
device_23_faceswap_0006.obj,0.9999999999997906,1
device_23_faceswap_0007.obj,0.9999999999996687,1
device_23_faceswap_0008.obj,0.9999999999998548,1
device_23_faceswap_0009.obj,0.9999999999997198,1
device_23_faceswap_0010.obj,0.9999999999998209,1
device_23_faceswap_0011.obj,0.9999999999997392,1
device_23_faceswap_0012.obj,0.9999999999997622,1
device_23_faceswap_0013.obj,0.9999999999998133,1
device_23_faceswap_0014.obj,0.9999999999998275,1
device_23_faceswap_0015.obj,0.9999999999998392,1
device_23_faceswap_0016.obj,0.9999999999997579,1
device_23_faceswap_0017.obj,0.9999999999998588,1
device_23_faceswap_0018.obj,0.9999999999998124,1
device_23_faceswap_0019.obj,0.9999999999997355,1
device_23_faceswap_0020.obj,0.9999999999996769,1
device_23_faceswap_0021.obj,0.999999999999756,1
device_23_faceswap_0022.obj,0.9999999999997452,1
device_23_faceswap_0023.obj,0.9999999999998146,1
device_23_faceswap_0024.obj,0.9999999999998782,1
device_23_jitter_0000.obj,0.9789811146237059,1
device_23_jitter_0001.obj,0.9618414559526927,1
device_23_jitter_0002.obj,0.971326211298333,1
device_23_jitter_0003.obj,0.9736920408147409,1
device_23_jitter_0004.obj,0.9656457956053339,1
device_23_jitter_0005.obj,0.9785326092085076,1
device_23_jitter_0006.obj,0.9706228481036797,1
device_23_jitter_0007.obj,0.9696750095896769,1
device_23_jitter_0008.obj,0.9705389102589743,1
device_23_jitter_0009.obj,0.9759627460458059,1
device_23_jitter_0010.obj,0.9774071771830313,1
device_23_jitter_0011.obj,0.9584253915566603,1
device_23_jitter_0012.obj,0.9680411728644206,1
device_23_jitter_0013.obj,0.9659336484980148,1
device_23_jitter_0014.obj,0.9733294879150757,1
device_23_jitter_0015.obj,0.9674376907734993,1
device_23_jitter_0016.obj,0.9578113761798568,1
device_23_jitter_0017.obj,0.9762699935746278,1
device_23_jitter_0018.obj,0.9609624851305631,1
device_23_jitter_0019.obj,0.9737445450821278,1
device_23_jitter_0020.obj,0.9657618622547709,1
device_23_jitter_0021.obj,0.9620199010441876,1
device_23_jitter_0022.obj,0.968755753877184,1
device_23_jitter_0023.obj,0.9587990109898098,1
device_23_jitter_0024.obj,0.9707358334153797,1
device_23_rigid_0000.obj,0.9999999999997897,1
device_23_rigid_0001.obj,0.9999999999997204,1
device_23_rigid_0002.obj,0.9999999999998084,1
device_23_rigid_0003.obj,0.9999999999996368,1
device_23_rigid_0004.obj,0.9999999999994806,1
device_23_rigid_0005.obj,0.9999999999996865,1
device_23_rigid_0006.obj,0.9999999999997036,1
device_23_rigid_0007.obj,0.9999999999996286,1
device_23_rigid_0008.obj,0.9999999999996786,1
device_23_rigid_0009.obj,0.9999999999996821,1
device_23_rigid_0010.obj,0.9999999999997244,1
device_23_rigid_0011.obj,0.9999999999996007,1
device_23_rigid_0012.obj,0.9999999999997483,1
device_23_rigid_0013.obj,0.9999999999996212,1
device_23_rigid_0014.obj,0.9999999999997107,1
device_23_rigid_0015.obj,0.9999999999997989,1
device_23_rigid_0016.obj,0.9999999999997123,1
device_23_rigid_0017.obj,0.9999999999997055,1
device_23_rigid_0018.obj,0.9999999999997758,1
device_23_rigid_0019.obj,0.9999999999997052,1
device_23_rigid_0020.obj,0.9999999999996272,1
device_23_rigid_0021.obj,0.9999999999996941,1
device_23_rigid_0022.obj,0.9999999999997583,1
device_23_rigid_0023.obj,0.9999999999997078,1
device_23_rigid_0024.obj,0.9999999999997651,1
device_23_tetwild_0000.obj,0.9553282655710427,1
device_23_tetwild_0001.obj,0.9579130181717517,1
device_23_tetwild_0002.obj,0.961922034737653,1
device_23_tetwild_0003.obj,0.9459099687073118,1
device_23_tetwild_0004.obj,0.9614618691734612,1
device_23_tetwild_0005.obj,0.9461971062098243,1
device_23_tetwild_0006.obj,0.963671361346059,1
device_23_tetwild_0007.obj,0.9739107744200202,1
device_23_tetwild_0008.obj,0.9757973989092089,1
device_23_tetwild_0009.obj,0.9403999856634517,1
device_23_tetwild_0010.obj,0.9689744173269856,1
device_23_tetwild_0011.obj,0.9483186836103895,1
device_23_tetwild_0012.obj,0.964995919186353,1
device_23_tetwild_0013.obj,0.9637370762466693,1
device_23_tetwild_0014.obj,0.9612676972693606,1
device_23_tetwild_0015.obj,0.9592607116049077,1
device_23_tetwild_0016.obj,0.9684059874469854,1
device_23_tetwild_0017.obj,0.9611465593358012,1
device_23_tetwild_0018.obj,0.9603795991399932,1
device_23_tetwild_0019.obj,0.9618405969278747,1
device_23_tetwild_0020.obj,0.9621169167794966,1
device_23_tetwild_0021.obj,0.940416898965759,1
device_23_tetwild_0022.obj,0.9608090556618051,1
device_23_tetwild_0023.obj,0.945200061839864,1
device_23_tetwild_0024.obj,0.9616272051806216,1
device_09_degenerate_0000.obj,0.9999999999998961,1
device_09_degenerate_0001.obj,0.9999999999998977,1
device_09_degenerate_0002.obj,0.9999999999998991,1
device_09_degenerate_0003.obj,0.9999999999999041,1
device_09_degenerate_0004.obj,0.9999999999998994,1
device_09_degenerate_0005.obj,0.9999999999998981,1
device_09_degenerate_0006.obj,0.9999999999999036,1
device_09_degenerate_0007.obj,0.9999999999998983,1
device_09_degenerate_0008.obj,0.999999999999902,1
device_09_degenerate_0009.obj,0.9999999999999024,1
device_09_degenerate_0010.obj,0.9999999999999054,1
device_09_degenerate_0011.obj,0.9999999999998966,1
device_09_degenerate_0012.obj,0.9999999999998999,1
device_09_degenerate_0013.obj,0.9999999999999003,1
device_09_degenerate_0014.obj,0.9999999999998971,1
device_09_degenerate_0015.obj,0.9999999999998632,1
device_09_degenerate_0016.obj,0.9999999999998922,1
device_09_degenerate_0017.obj,0.9999999999998875,1
device_09_degenerate_0018.obj,0.9999999999998092,1
device_09_degenerate_0019.obj,0.9999999999999034,1
device_09_degenerate_0020.obj,0.9999999999999046,1
device_09_degenerate_0021.obj,0.9999999999999034,1
device_09_degenerate_0022.obj,0.9999999999998594,1
device_09_degenerate_0023.obj,0.9999999999999041,1
device_09_degenerate_0024.obj,0.9999999999998935,1
device_09_disconnected_0000.obj,0.9999999999998969,1
device_09_disconnected_0001.obj,0.9999999999998969,1
device_09_disconnected_0002.obj,0.9999999999999021,1
device_09_disconnected_0003.obj,0.999999999999678,1
device_09_disconnected_0004.obj,0.9999999999999043,1
device_09_disconnected_0005.obj,0.999999999999884,1
device_09_disconnected_0006.obj,0.9999999999998648,1
device_09_disconnected_0007.obj,0.9999999999998994,1
device_09_disconnected_0008.obj,0.9999999999999024,1
device_09_disconnected_0009.obj,0.9999999999998581,1
device_09_disconnected_0010.obj,0.9999999999998979,1
device_09_disconnected_0011.obj,0.9999999999998197,1
device_09_disconnected_0012.obj,0.9999999999999033,1
device_09_disconnected_0013.obj,0.9999999999997795,1
device_09_disconnected_0014.obj,0.999999999999903,1
device_09_disconnected_0015.obj,0.9999999999998971,1
device_09_disconnected_0016.obj,0.9999999999999015,1
device_09_disconnected_0017.obj,0.9999999999999055,1
device_09_disconnected_0018.obj,0.9999999999998893,1
device_09_disconnected_0019.obj,0.9999999999999015,1
device_09_disconnected_0020.obj,0.9999999999998914,1
device_09_disconnected_0021.obj,0.9999999999999011,1
device_09_disconnected_0022.obj,0.9999999999998969,1
device_09_disconnected_0023.obj,0.9999999999999,1
device_09_disconnected_0024.obj,0.9999999999999025,1
device_09_faceswap_0000.obj,0.999999999999782,1
device_09_faceswap_0001.obj,0.9999999999992853,1
device_09_faceswap_0002.obj,0.9999999999997893,1
device_09_faceswap_0003.obj,0.9999999999997785,1
device_09_faceswap_0004.obj,0.9999999999997262,1
device_09_faceswap_0005.obj,0.9999999999996981,1
device_09_faceswap_0006.obj,0.9999999999997939,1
device_09_faceswap_0007.obj,0.9999999999997891,1
device_09_faceswap_0008.obj,0.9999999999997746,1
device_09_faceswap_0009.obj,0.9999999999993864,1
device_09_faceswap_0010.obj,0.9999999999998239,1
device_09_faceswap_0011.obj,0.9999999999998004,1
device_09_faceswap_0012.obj,0.9999999999997756,1
device_09_faceswap_0013.obj,0.9999999999998209,1
device_09_faceswap_0014.obj,0.9999999999997952,1
device_09_faceswap_0015.obj,0.9999999999996257,1
device_09_faceswap_0016.obj,0.9999999999997878,1
device_09_faceswap_0017.obj,0.9999999999998559,1
device_09_faceswap_0018.obj,0.999999999999838,1
device_09_faceswap_0019.obj,0.9999999999997687,1
device_09_faceswap_0020.obj,0.9999999999996422,1
device_09_faceswap_0021.obj,0.9999999999997652,1
device_09_faceswap_0022.obj,0.9999999999997798,1
device_09_faceswap_0023.obj,0.999999999999719,1
device_09_faceswap_0024.obj,0.999999999999409,1
device_09_jitter_0000.obj,0.9708402292155505,1
device_09_jitter_0001.obj,0.9513173907204062,1
device_09_jitter_0002.obj,0.9741833418251907,1
device_09_jitter_0003.obj,0.9531310035650209,1
device_09_jitter_0004.obj,0.9555086931549021,1
device_09_jitter_0005.obj,0.9639027568026507,1
device_09_jitter_0006.obj,0.966235975606653,1
device_09_jitter_0007.obj,0.9556683422688432,1
device_09_jitter_0008.obj,0.9437973121300836,1
device_09_jitter_0009.obj,0.9743457485259619,1
device_09_jitter_0010.obj,0.9720204182177801,1
device_09_jitter_0011.obj,0.9530821371705831,1
device_09_jitter_0012.obj,0.9511584931625148,1
device_09_jitter_0013.obj,0.9316108933564414,1
device_09_jitter_0014.obj,0.958427906190809,1
device_09_jitter_0015.obj,0.9783168830427483,1
device_09_jitter_0016.obj,0.956103830374462,1
device_09_jitter_0017.obj,0.9350275315245781,1
device_09_jitter_0018.obj,0.9436772531587589,1
device_09_jitter_0019.obj,0.9511449064722389,1
device_09_jitter_0020.obj,0.9760509592931408,1
device_09_jitter_0021.obj,0.9710194240681431,1
device_09_jitter_0022.obj,0.9507656912267046,1
device_09_jitter_0023.obj,0.9502235710328494,1
device_09_jitter_0024.obj,0.9628147306608555,1
device_09_rigid_0000.obj,0.9999999999992573,1
device_09_rigid_0001.obj,0.9999999999993769,1
device_09_rigid_0002.obj,0.9999999999995912,1
device_09_rigid_0003.obj,0.9999999999993974,1
device_09_rigid_0004.obj,0.9999999999994403,1
device_09_rigid_0005.obj,0.9999999999995515,1
device_09_rigid_0006.obj,0.9999999999993562,1
device_09_rigid_0007.obj,0.9999999999994778,1
device_09_rigid_0008.obj,0.9999999999991804,1
device_09_rigid_0009.obj,0.9999999999994973,1
device_09_rigid_0010.obj,0.9999999999993474,1
device_09_rigid_0011.obj,0.9999999999994708,1
device_09_rigid_0012.obj,0.9999999999993808,1
device_09_rigid_0013.obj,0.9999999999989752,1
device_09_rigid_0014.obj,0.9999999999992132,1
device_09_rigid_0015.obj,0.9999999999994008,1
device_09_rigid_0016.obj,0.9999999999993483,1
device_09_rigid_0017.obj,0.9999999999995984,1
device_09_rigid_0018.obj,0.9999999999993048,1
device_09_rigid_0019.obj,0.9999999999993585,1
device_09_rigid_0020.obj,0.999999999999016,1
device_09_rigid_0021.obj,0.9999999999993288,1
device_09_rigid_0022.obj,0.9999999999995265,1
device_09_rigid_0023.obj,0.9999999999996088,1
device_09_rigid_0024.obj,0.9999999999995266,1
device_09_tetwild_0000.obj,0.9365598187697424,1
device_09_tetwild_0001.obj,0.9681570576424603,1
device_09_tetwild_0003.obj,0.9682287269365367,1
device_09_tetwild_0004.obj,0.9705478830981064,1
device_09_tetwild_0005.obj,0.9516895315004382,1
device_09_tetwild_0006.obj,0.9674475890649528,1
device_09_tetwild_0007.obj,0.942052959376368,1
device_09_tetwild_0008.obj,0.9150341588205021,1
device_09_tetwild_0009.obj,0.9210128863060507,1
device_09_tetwild_0010.obj,0.963902177711117,1
device_09_tetwild_0011.obj,0.9692850270190551,1
device_09_tetwild_0012.obj,0.9574937159706868,1
device_09_tetwild_0013.obj,0.9688805789618197,1
device_09_tetwild_0014.obj,0.9810678585475289,1
device_09_tetwild_0015.obj,0.9614990589802072,1
device_09_tetwild_0016.obj,0.9716251174900801,1
device_09_tetwild_0017.obj,0.9614047184117701,1
device_09_tetwild_0018.obj,0.969056339443295,1
device_09_tetwild_0019.obj,0.974585763971719,1
device_09_tetwild_0020.obj,0.9540791658172565,1
device_09_tetwild_0021.obj,0.9503571514259783,1
device_09_tetwild_0022.obj,0.960713081941091,1
device_09_tetwild_0023.obj,0.9711066246621208,1
device_09_tetwild_0024.obj,0.9776463265758796,1
device_24_degenerate_0000.obj,0.9999999999999256,1
device_24_degenerate_0001.obj,0.9999999999999243,1
device_24_degenerate_0002.obj,0.9999999999999137,1
device_24_degenerate_0003.obj,0.999999999999928,1
device_24_degenerate_0004.obj,0.9999999999999271,1
device_24_degenerate_0005.obj,0.9999999999999132,1
device_24_degenerate_0006.obj,0.9999999999999077,1
device_24_degenerate_0007.obj,0.9999999999999253,1
device_24_degenerate_0008.obj,0.9999999999999266,1
device_24_degenerate_0009.obj,0.9999999999999184,1
device_24_degenerate_0010.obj,0.9999999999999208,1
device_24_degenerate_0011.obj,0.9999999999999218,1
device_24_degenerate_0012.obj,0.9999999999999215,1
device_24_degenerate_0013.obj,0.9999999999999174,1
device_24_degenerate_0014.obj,0.9999999999999271,1
device_24_degenerate_0015.obj,0.9999999999999254,1
device_24_degenerate_0016.obj,0.9999999999999266,1
device_24_degenerate_0017.obj,0.9999999999999264,1
device_24_degenerate_0018.obj,0.9999999999999026,1
device_24_degenerate_0019.obj,0.9999999999999205,1
device_24_degenerate_0020.obj,0.9999999999999274,1
device_24_degenerate_0021.obj,0.999999999999804,1
device_24_degenerate_0022.obj,0.9999999999999224,1
device_24_degenerate_0023.obj,0.9999999999999232,1
device_24_degenerate_0024.obj,0.9999999999999222,1
device_24_disconnected_0000.obj,0.9999999999999244,1
device_24_disconnected_0001.obj,0.9999999999997834,1
device_24_disconnected_0002.obj,0.9999999999998925,1
device_24_disconnected_0003.obj,0.9999999999999261,1
device_24_disconnected_0004.obj,0.9999999999999252,1
device_24_disconnected_0005.obj,0.9999999999999293,1
device_24_disconnected_0006.obj,0.999999999999906,1
device_24_disconnected_0007.obj,0.9999999999998956,1
device_24_disconnected_0008.obj,0.9999999999999113,1
device_24_disconnected_0009.obj,0.9999999999999145,1
device_24_disconnected_0010.obj,0.999999999999923,1
device_24_disconnected_0011.obj,0.999999999999927,1
device_24_disconnected_0012.obj,0.999999999999925,1
device_24_disconnected_0013.obj,0.9999999999999257,1
device_24_disconnected_0014.obj,0.999999999999921,1
device_24_disconnected_0015.obj,0.9999999999999084,1
device_24_disconnected_0016.obj,0.9999999999999266,1
device_24_disconnected_0017.obj,0.9999999999999237,1
device_24_disconnected_0018.obj,0.9999999999999263,1
device_24_disconnected_0019.obj,0.999999999999929,1
device_24_disconnected_0020.obj,0.9999999999999258,1
device_24_disconnected_0021.obj,0.9999999999999266,1
device_24_disconnected_0022.obj,0.9999999999999225,1
device_24_disconnected_0023.obj,0.9999999999999238,1
device_24_disconnected_0024.obj,0.9999999999999232,1
device_24_faceswap_0000.obj,0.9999999999998991,1
device_24_faceswap_0001.obj,0.9999999999999238,1
device_24_faceswap_0002.obj,0.9999999999999053,1
device_24_faceswap_0003.obj,0.9999999999999164,1
device_24_faceswap_0004.obj,0.9999999999999025,1
device_24_faceswap_0005.obj,0.9999999999998921,1
device_24_faceswap_0006.obj,0.9999999999998745,1
device_24_faceswap_0007.obj,0.9999999999998918,1
device_24_faceswap_0008.obj,0.9999999999998934,1
device_24_faceswap_0009.obj,0.9999999999999075,1
device_24_faceswap_0010.obj,0.9999999999998815,1
device_24_faceswap_0011.obj,0.9999999999998928,1
device_24_faceswap_0012.obj,0.9999999999998843,1
device_24_faceswap_0013.obj,0.9999999999998996,1
device_24_faceswap_0014.obj,0.9999999999999067,1
device_24_faceswap_0015.obj,0.9999999999999115,1
device_24_faceswap_0016.obj,0.9999999999998895,1
device_24_faceswap_0017.obj,0.9999999999998869,1
device_24_faceswap_0018.obj,0.9999999999998618,1
device_24_faceswap_0019.obj,0.9999999999998919,1
device_24_faceswap_0020.obj,0.999999999999861,1
device_24_faceswap_0021.obj,0.9999999999999001,1
device_24_faceswap_0022.obj,0.9999999999998931,1
device_24_faceswap_0023.obj,0.9999999999998549,1
device_24_faceswap_0024.obj,0.9999999999995471,1
device_24_jitter_0000.obj,0.9619599489431631,1
device_24_jitter_0001.obj,0.9640482054128621,1
device_24_jitter_0002.obj,0.9304855366504055,1
device_24_jitter_0003.obj,0.9403997780661267,1
device_24_jitter_0004.obj,0.9296769199247529,1
device_24_jitter_0005.obj,0.9496098680621796,1
device_24_jitter_0006.obj,0.945507796729337,1
device_24_jitter_0007.obj,0.9420712108077489,1
device_24_jitter_0008.obj,0.9225398444203405,1
device_24_jitter_0009.obj,0.9491120847011815,1
device_24_jitter_0010.obj,0.9356064595355066,1
device_24_jitter_0011.obj,0.9532973663877364,1
device_24_jitter_0012.obj,0.9779628871519818,1
device_24_jitter_0013.obj,0.9497117616820827,1
device_24_jitter_0014.obj,0.8995515966037698,1
device_24_jitter_0015.obj,0.9494474755955451,1
device_24_jitter_0016.obj,0.9305008114182856,1
device_24_jitter_0017.obj,0.9351952756046248,1
device_24_jitter_0018.obj,0.9482022468877759,1
device_24_jitter_0019.obj,0.9789584694166841,1
device_24_jitter_0020.obj,0.9493904949310041,1
device_24_jitter_0021.obj,0.9673214480870752,1
device_24_jitter_0022.obj,0.9584373769825063,1
device_24_jitter_0023.obj,0.9638858450551744,1
device_24_jitter_0024.obj,0.9571841651076385,1
device_24_rigid_0000.obj,0.9999999999998809,1
device_24_rigid_0001.obj,0.9999999999998377,1
device_24_rigid_0002.obj,0.9999999999997977,1
device_24_rigid_0003.obj,0.9999999999998466,1
device_24_rigid_0004.obj,0.9999999999997965,1
device_24_rigid_0005.obj,0.9999999999998436,1
device_24_rigid_0006.obj,0.9999999999998757,1
device_24_rigid_0007.obj,0.9999999999998667,1
device_24_rigid_0008.obj,0.999999999999797,1
device_24_rigid_0009.obj,0.9999999999997597,1
device_24_rigid_0010.obj,0.9999999999997956,1
device_24_rigid_0011.obj,0.9999999999998506,1
device_24_rigid_0012.obj,0.9999999999998574,1
device_24_rigid_0013.obj,0.9999999999998653,1
device_24_rigid_0014.obj,0.9999999999998667,1
device_24_rigid_0015.obj,0.9999999999997703,1
device_24_rigid_0016.obj,0.9999999999997822,1
device_24_rigid_0017.obj,0.9999999999989638,1
device_24_rigid_0018.obj,0.9999999999998173,1
device_24_rigid_0019.obj,0.9999999999998256,1
device_24_rigid_0020.obj,0.9999999999998667,1
device_24_rigid_0021.obj,0.9999999999998762,1
device_24_rigid_0022.obj,0.9999999999998097,1
device_24_rigid_0023.obj,0.9999999999998103,1
device_24_rigid_0024.obj,0.9999999999998488,1
device_24_tetwild_0000.obj,0.9122240730390808,1
device_24_tetwild_0001.obj,0.9453958233613045,1
device_24_tetwild_0002.obj,0.9130013444436549,1
device_24_tetwild_0003.obj,0.9419090057337721,1
device_24_tetwild_0004.obj,0.9209905000344855,1
device_24_tetwild_0005.obj,0.9341610029206362,1
device_24_tetwild_0006.obj,0.9128946819748464,1
device_24_tetwild_0007.obj,0.9396372988502822,1
device_24_tetwild_0008.obj,0.9011134281485054,1
device_24_tetwild_0009.obj,0.9291686839600971,1
device_24_tetwild_0010.obj,0.9522802109478907,1
device_24_tetwild_0011.obj,0.8970731047367665,1
device_24_tetwild_0012.obj,0.9144005477383463,1
device_24_tetwild_0013.obj,0.9221462672384256,1
device_24_tetwild_0014.obj,0.9366636293354215,1
device_24_tetwild_0015.obj,0.922966039916304,1
device_24_tetwild_0016.obj,0.9344757864306594,1
device_24_tetwild_0017.obj,0.9537984449475794,1
device_24_tetwild_0018.obj,0.9361873230549126,1
device_24_tetwild_0019.obj,0.9416896425444535,1
device_24_tetwild_0020.obj,0.9421961874950052,1
device_24_tetwild_0021.obj,0.924991542971472,1
device_24_tetwild_0022.obj,0.9522671905788799,1
device_24_tetwild_0023.obj,0.9372114187512119,1
device_24_tetwild_0024.obj,0.952402643793721,1
device_08_degenerate_0000.obj,0.9999999999999605,1
device_08_degenerate_0001.obj,0.9999999999999595,1
device_08_degenerate_0002.obj,0.9999999999999553,1
device_08_degenerate_0003.obj,0.9999999999999617,1
device_08_degenerate_0004.obj,0.9999999999999568,1
device_08_degenerate_0005.obj,0.9999999999999594,1
device_08_degenerate_0006.obj,0.9999999999999567,1
device_08_degenerate_0007.obj,0.9999999999999547,1
device_08_degenerate_0008.obj,0.9999999999999598,1
device_08_degenerate_0009.obj,0.9999999999999584,1
device_08_degenerate_0010.obj,0.99999999999996,1
device_08_degenerate_0011.obj,0.99999999999996,1
device_08_degenerate_0012.obj,0.9999999999999594,1
device_08_degenerate_0013.obj,0.9999999999999589,1
device_08_degenerate_0014.obj,0.999999999999961,1
device_08_degenerate_0015.obj,0.9999999999999599,1
device_08_degenerate_0016.obj,0.9999999999999583,1
device_08_degenerate_0017.obj,0.9999999999999588,1
device_08_degenerate_0018.obj,0.9999999999999581,1
device_08_degenerate_0019.obj,0.9999999999999579,1
device_08_degenerate_0020.obj,0.9999999999999566,1
device_08_degenerate_0021.obj,0.9999999999999601,1
device_08_degenerate_0022.obj,0.9999999999999619,1
device_08_degenerate_0023.obj,0.9999999999999606,1
device_08_degenerate_0024.obj,0.9999999999999591,1
device_08_disconnected_0000.obj,0.9999999999999587,1
device_08_disconnected_0001.obj,0.9999999999999615,1
device_08_disconnected_0002.obj,0.9999999999999557,1
device_08_disconnected_0003.obj,0.9999999999999609,1
device_08_disconnected_0004.obj,0.9999999999999587,1
device_08_disconnected_0005.obj,0.9999999999999609,1
device_08_disconnected_0006.obj,0.9999999999999599,1
device_08_disconnected_0007.obj,0.9999999999999613,1
device_08_disconnected_0008.obj,0.9999999999999567,1
device_08_disconnected_0009.obj,0.9999999999999618,1
device_08_disconnected_0010.obj,0.999999999999962,1
device_08_disconnected_0011.obj,0.9999999999999586,1
device_08_disconnected_0012.obj,0.999999999999961,1
device_08_disconnected_0013.obj,0.9999999999999553,1
device_08_disconnected_0014.obj,0.9999999999999538,1
device_08_disconnected_0015.obj,0.9999999999999588,1
device_08_disconnected_0016.obj,0.9999999999999497,1
device_08_disconnected_0017.obj,0.999999999999958,1
device_08_disconnected_0018.obj,0.9999999999999523,1
device_08_disconnected_0019.obj,0.9999999999999583,1
device_08_disconnected_0020.obj,0.9999999999999584,1
device_08_disconnected_0021.obj,0.9999999999999608,1
device_08_disconnected_0022.obj,0.999999999999957,1
device_08_disconnected_0023.obj,0.9999999999999529,1
device_08_disconnected_0024.obj,0.9999999999999606,1
device_08_faceswap_0000.obj,0.9999999999999514,1
device_08_faceswap_0001.obj,0.9999999999999396,1
device_08_faceswap_0002.obj,0.9999999999999395,1
device_08_faceswap_0003.obj,0.9999999999999412,1
device_08_faceswap_0004.obj,0.999999999999954,1
device_08_faceswap_0005.obj,0.9999999999999512,1
device_08_faceswap_0006.obj,0.9999999999999513,1
device_08_faceswap_0007.obj,0.9999999999999469,1
device_08_faceswap_0008.obj,0.9999999999999598,1
device_08_faceswap_0009.obj,0.9999999999999547,1
device_08_faceswap_0010.obj,0.9999999999999514,1
device_08_faceswap_0011.obj,0.9999999999999425,1
device_08_faceswap_0012.obj,0.9999999999999524,1
device_08_faceswap_0013.obj,0.9999999999999603,1
device_08_faceswap_0014.obj,0.9999999999999277,1
device_08_faceswap_0015.obj,0.9999999999999508,1
device_08_faceswap_0016.obj,0.9999999999999488,1
device_08_faceswap_0017.obj,0.9999999999999509,1
device_08_faceswap_0018.obj,0.9999999999999531,1
device_08_faceswap_0019.obj,0.9999999999999564,1
device_08_faceswap_0020.obj,0.9999999999999507,1
device_08_faceswap_0021.obj,0.9999999999999526,1
device_08_faceswap_0022.obj,0.9999999999999583,1
device_08_faceswap_0023.obj,0.99999999999996,1
device_08_faceswap_0024.obj,0.9999999999999518,1
device_08_jitter_0000.obj,0.9651808743806732,1
device_08_jitter_0001.obj,0.9572331085038068,1
device_08_jitter_0002.obj,0.9688652877059333,1
device_08_jitter_0003.obj,0.9770410954529334,1
device_08_jitter_0004.obj,0.9547585467991142,1
device_08_jitter_0005.obj,0.9741462987402778,1
device_08_jitter_0006.obj,0.9479125213490223,1
device_08_jitter_0007.obj,0.9462457587040848,1
device_08_jitter_0008.obj,0.9485914022481468,1
device_08_jitter_0009.obj,0.9686746253683968,1
device_08_jitter_0010.obj,0.9638773348776087,1
device_08_jitter_0011.obj,0.9654681694283919,1
device_08_jitter_0012.obj,0.9782120524406606,1
device_08_jitter_0013.obj,0.9826303581420377,1
device_08_jitter_0014.obj,0.9531634366400407,1
device_08_jitter_0015.obj,0.9604345905547972,1
device_08_jitter_0016.obj,0.9680428861863227,1
device_08_jitter_0017.obj,0.9500381758085343,1
device_08_jitter_0018.obj,0.9515592547944204,1
device_08_jitter_0019.obj,0.9602553211203311,1
device_08_jitter_0020.obj,0.9674517606092832,1
device_08_jitter_0021.obj,0.9254275787473527,1
device_08_jitter_0022.obj,0.9740693110297497,1
device_08_jitter_0023.obj,0.9604052109973222,1
device_08_jitter_0024.obj,0.9410929672277786,1
device_08_rigid_0000.obj,0.9999999999999393,1
device_08_rigid_0001.obj,0.9999999999999359,1
device_08_rigid_0002.obj,0.9999999999999505,1
device_08_rigid_0003.obj,0.9999999999999376,1
device_08_rigid_0004.obj,0.9999999999999475,1
device_08_rigid_0005.obj,0.999999999999949,1
device_08_rigid_0006.obj,0.9999999999999469,1
device_08_rigid_0007.obj,0.9999999999999372,1
device_08_rigid_0008.obj,0.9999999999999509,1
device_08_rigid_0009.obj,0.9999999999999389,1
device_08_rigid_0010.obj,0.9999999999999438,1
device_08_rigid_0011.obj,0.999999999999942,1
device_08_rigid_0012.obj,0.9999999999999453,1
device_08_rigid_0013.obj,0.9999999999999485,1
device_08_rigid_0014.obj,0.9999999999999447,1
device_08_rigid_0015.obj,0.9999999999999435,1
device_08_rigid_0016.obj,0.9999999999999443,1
device_08_rigid_0017.obj,0.9999999999999428,1
device_08_rigid_0018.obj,0.9999999999999397,1
device_08_rigid_0019.obj,0.999999999999944,1
device_08_rigid_0020.obj,0.9999999999999247,1
device_08_rigid_0021.obj,0.9999999999999382,1
device_08_rigid_0022.obj,0.9999999999999525,1
device_08_rigid_0023.obj,0.999999999999952,1
device_08_rigid_0024.obj,0.9999999999999512,1
device_08_tetwild_0000.obj,0.890931829778527,1
device_08_tetwild_0001.obj,0.9359993260754174,1
device_08_tetwild_0002.obj,0.9243738231037153,1
device_08_tetwild_0003.obj,0.9394077899167028,1
device_08_tetwild_0004.obj,0.9624156462867633,1
device_08_tetwild_0005.obj,0.9404669690295016,1
device_08_tetwild_0006.obj,0.9427976240637633,1
device_08_tetwild_0007.obj,0.9226033645728314,1
device_08_tetwild_0008.obj,0.9185816315943875,1
device_08_tetwild_0009.obj,0.9263732519523485,1
device_08_tetwild_0010.obj,0.9231566575087858,1
device_08_tetwild_0011.obj,0.9730831207591237,1
device_08_tetwild_0012.obj,0.9185700046586097,1
device_08_tetwild_0013.obj,0.8992013911634734,1
device_08_tetwild_0014.obj,0.9397167722022886,1
device_08_tetwild_0015.obj,0.9278628534779898,1
device_08_tetwild_0016.obj,0.9233671296647092,1
device_08_tetwild_0017.obj,0.921669391563286,1
device_08_tetwild_0018.obj,0.9213563017592675,1
device_08_tetwild_0019.obj,0.938059277160712,1
device_08_tetwild_0020.obj,0.9197105658472134,1
device_08_tetwild_0021.obj,0.8918433048672976,1
device_08_tetwild_0022.obj,0.8933362283821688,1
device_08_tetwild_0023.obj,0.926139267650415,1
device_08_tetwild_0024.obj,0.8966999354774509,1
device_19_degenerate_0000.obj,0.9999999999998883,1
device_19_degenerate_0001.obj,0.9999999999998969,1
device_19_degenerate_0002.obj,0.9999999999999005,1
device_19_degenerate_0003.obj,0.9999999999999002,1
device_19_degenerate_0004.obj,0.9999999999998953,1
device_19_degenerate_0005.obj,0.9999999999998993,1
device_19_degenerate_0006.obj,0.9999999999998951,1
device_19_degenerate_0007.obj,0.9999999999998931,1
device_19_degenerate_0008.obj,0.9999999999998931,1
device_19_degenerate_0009.obj,0.9999999999998624,1
device_19_degenerate_0010.obj,0.999999999999902,1
device_19_degenerate_0011.obj,0.9999999999999016,1
device_19_degenerate_0012.obj,0.9999999999998956,1
device_19_degenerate_0013.obj,0.9999999999999004,1
device_19_degenerate_0014.obj,0.9999999999999009,1
device_19_degenerate_0015.obj,0.9999999999998976,1
device_19_degenerate_0016.obj,0.9999999999998375,1
device_19_degenerate_0017.obj,0.999999999999891,1
device_19_degenerate_0018.obj,0.9999999999998801,1
device_19_degenerate_0019.obj,0.9999999999999033,1
device_19_degenerate_0020.obj,0.9999999999998961,1
device_19_degenerate_0021.obj,0.9999999999998918,1
device_19_degenerate_0022.obj,0.999999999999899,1
device_19_degenerate_0023.obj,0.9999999999998961,1
device_19_degenerate_0024.obj,0.9999999999998997,1
device_19_disconnected_0000.obj,0.9999999999998969,1
device_19_disconnected_0001.obj,0.999999999999902,1
device_19_disconnected_0002.obj,0.999999999999899,1
device_19_disconnected_0003.obj,0.9999999999998919,1
device_19_disconnected_0004.obj,0.9999999999998951,1
device_19_disconnected_0005.obj,0.9999999999998918,1
device_19_disconnected_0006.obj,0.9999999999999001,1
device_19_disconnected_0007.obj,0.9999999999998976,1
device_19_disconnected_0008.obj,0.9999999999998961,1
device_19_disconnected_0009.obj,0.9999999999998931,1
device_19_disconnected_0010.obj,0.9999999999998958,1
device_19_disconnected_0011.obj,0.9999999999998962,1
device_19_disconnected_0012.obj,0.9999999999998979,1
device_19_disconnected_0013.obj,0.9999999999998992,1
device_19_disconnected_0014.obj,0.9999999999998898,1
device_19_disconnected_0015.obj,0.999999999999897,1
device_19_disconnected_0016.obj,0.9999999999998949,1
device_19_disconnected_0017.obj,0.9999999999998899,1
device_19_disconnected_0018.obj,0.9999999999998982,1
device_19_disconnected_0019.obj,0.9999999999998989,1
device_19_disconnected_0020.obj,0.9999999999998961,1
device_19_disconnected_0021.obj,0.99999999999989,1
device_19_disconnected_0022.obj,0.9999999999998956,1
device_19_disconnected_0023.obj,0.9999999999998958,1
device_19_disconnected_0024.obj,0.9999999999998961,1
device_19_faceswap_0000.obj,0.9999999999998923,1
device_19_faceswap_0001.obj,0.9999999999998992,1
device_19_faceswap_0002.obj,0.9999999999998964,1
device_19_faceswap_0003.obj,0.9999999999998965,1
device_19_faceswap_0004.obj,0.9999999999998876,1
device_19_faceswap_0005.obj,0.9999999999998848,1
device_19_faceswap_0006.obj,0.9999999999998949,1
device_19_faceswap_0007.obj,0.9999999999998691,1
device_19_faceswap_0008.obj,0.9999999999998939,1
device_19_faceswap_0009.obj,0.9999999999998977,1
device_19_faceswap_0010.obj,0.9999999999998933,1
device_19_faceswap_0011.obj,0.9999999999998848,1
device_19_faceswap_0012.obj,0.9999999999998977,1
device_19_faceswap_0013.obj,0.9999999999998898,1
device_19_faceswap_0014.obj,0.9999999999998953,1
device_19_faceswap_0015.obj,0.9999999999999002,1
device_19_faceswap_0016.obj,0.9999999999998942,1
device_19_faceswap_0017.obj,0.9999999999998961,1
device_19_faceswap_0018.obj,0.9999999999998829,1
device_19_faceswap_0019.obj,0.9999999999998905,1
device_19_faceswap_0020.obj,0.9999999999998902,1
device_19_faceswap_0021.obj,0.9999999999998912,1
device_19_faceswap_0022.obj,0.9999999999998902,1
device_19_faceswap_0023.obj,0.9999999999998931,1
device_19_faceswap_0024.obj,0.9999999999998852,1
device_19_jitter_0000.obj,0.9825195832051744,1
device_19_jitter_0001.obj,0.9767651757583647,1
device_19_jitter_0002.obj,0.9653911172373422,1
device_19_jitter_0003.obj,0.973838483787327,1
device_19_jitter_0004.obj,0.9585031120900169,1
device_19_jitter_0005.obj,0.9716625070081958,1
device_19_jitter_0006.obj,0.9704881772564566,1
device_19_jitter_0007.obj,0.9806590622022827,1
device_19_jitter_0008.obj,0.9611718745730833,1
device_19_jitter_0009.obj,0.9680686168984396,1
device_19_jitter_0010.obj,0.9779326195138158,1
device_19_jitter_0011.obj,0.9855192478040534,1
device_19_jitter_0012.obj,0.9716056660989123,1
device_19_jitter_0013.obj,0.9720081027783964,1
device_19_jitter_0014.obj,0.9748859734746104,1
device_19_jitter_0015.obj,0.963510895341303,1
device_19_jitter_0016.obj,0.9751465724250454,1
device_19_jitter_0017.obj,0.9607084693621677,1
device_19_jitter_0018.obj,0.9735337824452284,1
device_19_jitter_0019.obj,0.9770907891137789,1
device_19_jitter_0020.obj,0.9762506337409574,1
device_19_jitter_0021.obj,0.9548175305840022,1
device_19_jitter_0022.obj,0.95956147525127,1
device_19_jitter_0023.obj,0.9702885049856957,1
device_19_jitter_0024.obj,0.9818448284778455,1
device_19_rigid_0000.obj,0.9999999999998762,1
device_19_rigid_0001.obj,0.9999999999998863,1
device_19_rigid_0002.obj,0.9999999999998942,1
device_19_rigid_0003.obj,0.9999999999998841,1
device_19_rigid_0004.obj,0.9999999999998589,1
device_19_rigid_0005.obj,0.9999999999998809,1
device_19_rigid_0006.obj,0.9999999999998804,1
device_19_rigid_0007.obj,0.9999999999998764,1
device_19_rigid_0008.obj,0.9999999999998531,1
device_19_rigid_0009.obj,0.9999999999998613,1
device_19_rigid_0010.obj,0.9999999999998818,1
device_19_rigid_0011.obj,0.9999999999998311,1
device_19_rigid_0012.obj,0.9999999999998557,1
device_19_rigid_0013.obj,0.999999999999873,1
device_19_rigid_0014.obj,0.9999999999998687,1
device_19_rigid_0015.obj,0.9999999999998851,1
device_19_rigid_0016.obj,0.9999999999998856,1
device_19_rigid_0017.obj,0.9999999999998774,1
device_19_rigid_0018.obj,0.9999999999998723,1
device_19_rigid_0019.obj,0.9999999999998765,1
device_19_rigid_0020.obj,0.9999999999998742,1
device_19_rigid_0021.obj,0.9999999999998886,1
device_19_rigid_0022.obj,0.9999999999998859,1
device_19_rigid_0023.obj,0.999999999999861,1
device_19_rigid_0024.obj,0.9999999999998794,1
device_19_tetwild_0000.obj,0.9629132509165579,1
device_19_tetwild_0001.obj,0.9700249675924373,1
device_19_tetwild_0002.obj,0.9567886166142198,1
device_19_tetwild_0003.obj,0.9597967254785539,1
device_19_tetwild_0004.obj,0.971202369093697,1
device_19_tetwild_0005.obj,0.9783167593454933,1
device_19_tetwild_0006.obj,0.9637292420350316,1
device_19_tetwild_0007.obj,0.9726291123418069,1
device_19_tetwild_0008.obj,0.9784218405670281,1
device_19_tetwild_0009.obj,0.9792984967254981,1
device_19_tetwild_0010.obj,0.9615470310091265,1
device_19_tetwild_0011.obj,0.9576734640709269,1
device_19_tetwild_0012.obj,0.9734044393186829,1
device_19_tetwild_0013.obj,0.9808827641375093,1
device_19_tetwild_0014.obj,0.9666671328530992,1
device_19_tetwild_0015.obj,0.9728834491169152,1
device_19_tetwild_0016.obj,0.9577646617211025,1
device_19_tetwild_0017.obj,0.9719420090678805,1
device_19_tetwild_0018.obj,0.9711889004391187,1
device_19_tetwild_0019.obj,0.9600150877937443,1
device_19_tetwild_0020.obj,0.967060079822905,1
device_19_tetwild_0021.obj,0.9752168901186512,1
device_19_tetwild_0022.obj,0.9691352721759798,1
device_19_tetwild_0023.obj,0.9705759068034523,1
device_19_tetwild_0024.obj,0.9739028853804622,1
device_16_degenerate_0000.obj,0.9999999999999214,1
device_16_degenerate_0001.obj,0.9999999999999178,1
device_16_degenerate_0002.obj,0.9999999999999238,1
device_16_degenerate_0003.obj,0.9999999999999244,1
device_16_degenerate_0004.obj,0.9999999999999204,1
device_16_degenerate_0005.obj,0.9999999999999145,1
device_16_degenerate_0006.obj,0.999999999999919,1
device_16_degenerate_0007.obj,0.9999999999999222,1
device_16_degenerate_0008.obj,0.999999999999914,1
device_16_degenerate_0009.obj,0.9999999999999205,1
device_16_degenerate_0010.obj,0.9999999999999222,1
device_16_degenerate_0011.obj,0.9999999999999141,1
device_16_degenerate_0012.obj,0.9999999999999175,1
device_16_degenerate_0013.obj,0.9999999999999114,1
device_16_degenerate_0014.obj,0.9999999999999132,1
device_16_degenerate_0015.obj,0.999999999999918,1
device_16_degenerate_0016.obj,0.9999999999999187,1
device_16_degenerate_0017.obj,0.9999999999999204,1
device_16_degenerate_0018.obj,0.999999999999922,1
device_16_degenerate_0019.obj,0.9999999999999205,1
device_16_degenerate_0020.obj,0.9999999999999184,1
device_16_degenerate_0021.obj,0.9999999999999213,1
device_16_degenerate_0022.obj,0.9999999999999208,1
device_16_degenerate_0023.obj,0.9999999999999176,1
device_16_degenerate_0024.obj,0.999999999999919,1
device_16_disconnected_0000.obj,0.9999999999999156,1
device_16_disconnected_0001.obj,0.9999999999995446,1
device_16_disconnected_0002.obj,0.9999999999999197,1
device_16_disconnected_0003.obj,0.9999999999999153,1
device_16_disconnected_0004.obj,0.9999999999999198,1
device_16_disconnected_0005.obj,0.9999999999999255,1
device_16_disconnected_0006.obj,0.9999999999999245,1
device_16_disconnected_0007.obj,0.999999999999924,1
device_16_disconnected_0008.obj,0.9999999999999202,1
device_16_disconnected_0009.obj,0.9999999999999174,1
device_16_disconnected_0010.obj,0.9999999999999172,1
device_16_disconnected_0011.obj,0.9999999999999224,1
device_16_disconnected_0012.obj,0.9999999999999168,1
device_16_disconnected_0013.obj,0.9999999999999138,1
device_16_disconnected_0014.obj,0.9999999999999066,1
device_16_disconnected_0015.obj,0.9999999999999101,1
device_16_disconnected_0016.obj,0.9999999999999158,1
device_16_disconnected_0017.obj,0.9999999999999203,1
device_16_disconnected_0018.obj,0.9999999999999138,1
device_16_disconnected_0019.obj,0.9999999999999167,1
device_16_disconnected_0020.obj,0.9999999999999186,1
device_16_disconnected_0021.obj,0.9999999999999215,1
device_16_disconnected_0022.obj,0.9999999999998986,1
device_16_disconnected_0023.obj,0.9999999999999056,1
device_16_disconnected_0024.obj,0.9999999999998638,1
device_16_faceswap_0000.obj,0.9999999999998938,1
device_16_faceswap_0001.obj,0.9999999999999061,1
device_16_faceswap_0002.obj,0.9999999999999044,1
device_16_faceswap_0003.obj,0.9999999999998973,1
device_16_faceswap_0004.obj,0.9999999999999079,1
device_16_faceswap_0005.obj,0.999999999999877,1
device_16_faceswap_0006.obj,0.9999999999998942,1
device_16_faceswap_0007.obj,0.9999999999999059,1
device_16_faceswap_0008.obj,0.9999999999998921,1
device_16_faceswap_0009.obj,0.9999999999998742,1
device_16_faceswap_0010.obj,0.9999999999999044,1
device_16_faceswap_0011.obj,0.9999999999998777,1
device_16_faceswap_0012.obj,0.9999999999999108,1
device_16_faceswap_0013.obj,0.9999999999999029,1
device_16_faceswap_0014.obj,0.9999999999999022,1
device_16_faceswap_0015.obj,0.9999999999998983,1
device_16_faceswap_0016.obj,0.9999999999999066,1
device_16_faceswap_0017.obj,0.999999999999899,1
device_16_faceswap_0018.obj,0.9999999999999153,1
device_16_faceswap_0019.obj,0.999999999999908,1
device_16_faceswap_0020.obj,0.9999999999998711,1
device_16_faceswap_0021.obj,0.9999999999998911,1
device_16_faceswap_0022.obj,0.9999999999993354,1
device_16_faceswap_0023.obj,0.9999999999999138,1
device_16_faceswap_0024.obj,0.9999999999998548,1
device_16_jitter_0000.obj,0.9402061882345119,1
device_16_jitter_0001.obj,0.95850423550357,1
device_16_jitter_0002.obj,0.9579604882446446,1
device_16_jitter_0003.obj,0.9557076571422529,1
device_16_jitter_0004.obj,0.9248358425150969,1
device_16_jitter_0005.obj,0.933753517830725,1
device_16_jitter_0006.obj,0.962855896883308,1
device_16_jitter_0007.obj,0.9534508749575553,1
device_16_jitter_0008.obj,0.9279134771732145,1
device_16_jitter_0009.obj,0.9515642783699169,1
device_16_jitter_0010.obj,0.9427611351387398,1
device_16_jitter_0011.obj,0.9444740325842901,1
device_16_jitter_0012.obj,0.9352002249559694,1
device_16_jitter_0013.obj,0.9621193956454582,1
device_16_jitter_0014.obj,0.9286470450132187,1
device_16_jitter_0015.obj,0.9522592415024929,1
device_16_jitter_0016.obj,0.9346790301707711,1
device_16_jitter_0017.obj,0.9582203638760224,1
device_16_jitter_0018.obj,0.9551166662550807,1
device_16_jitter_0019.obj,0.9147247321743802,1
device_16_jitter_0020.obj,0.9160897587229565,1
device_16_jitter_0021.obj,0.9431305546778617,1
device_16_jitter_0022.obj,0.9564101881567494,1
device_16_jitter_0023.obj,0.9399616428427896,1
device_16_jitter_0024.obj,0.9231663043854659,1
device_16_rigid_0000.obj,0.9999999999998759,1
device_16_rigid_0001.obj,0.9999999999998044,1
device_16_rigid_0002.obj,0.9999999999998598,1
device_16_rigid_0003.obj,0.999999999999862,1
device_16_rigid_0004.obj,0.9999999999998483,1
device_16_rigid_0005.obj,0.9999999999998672,1
device_16_rigid_0006.obj,0.999999999999874,1
device_16_rigid_0007.obj,0.9999999999998448,1
device_16_rigid_0008.obj,0.9999999999998482,1
device_16_rigid_0009.obj,0.9999999999998592,1
device_16_rigid_0010.obj,0.9999999999998599,1
device_16_rigid_0011.obj,0.9999999999998507,1
device_16_rigid_0012.obj,0.9999999999998503,1
device_16_rigid_0013.obj,0.9999999999998324,1
device_16_rigid_0014.obj,0.9999999999997932,1
device_16_rigid_0015.obj,0.9999999999998453,1
device_16_rigid_0016.obj,0.9999999999998731,1
device_16_rigid_0017.obj,0.9999999999998632,1
device_16_rigid_0018.obj,0.9999999999998588,1
device_16_rigid_0019.obj,0.9999999999998367,1
device_16_rigid_0020.obj,0.9999999999998366,1
device_16_rigid_0021.obj,0.9999999999998525,1
device_16_rigid_0022.obj,0.9999999999998501,1
device_16_rigid_0023.obj,0.9999999999998418,1
device_16_rigid_0024.obj,0.9999999999998634,1
device_16_tetwild_0000.obj,0.9468049185280476,1
device_16_tetwild_0001.obj,0.9497199198019858,1
device_16_tetwild_0002.obj,0.9240084775300217,1
device_16_tetwild_0003.obj,0.9462506759006456,1
device_16_tetwild_0004.obj,0.9466259757438039,1
device_16_tetwild_0005.obj,0.9061235254648581,1
device_16_tetwild_0006.obj,0.9525020256218597,1
device_16_tetwild_0007.obj,0.92458431021998,1
device_16_tetwild_0008.obj,0.9608431408805255,1
device_16_tetwild_0009.obj,0.9409520051433077,1
device_16_tetwild_0010.obj,0.9667602293113587,1
device_16_tetwild_0011.obj,0.9197781881672701,1
device_16_tetwild_0012.obj,0.9061364756731781,1
device_16_tetwild_0013.obj,0.9568867787657738,1
device_16_tetwild_0014.obj,0.9012016515225231,1
device_16_tetwild_0015.obj,0.9432101973549786,1
device_16_tetwild_0016.obj,0.9370442236569536,1
device_16_tetwild_0017.obj,0.9329574921274514,1
device_16_tetwild_0018.obj,0.8744402352188706,1
device_16_tetwild_0019.obj,0.9266461881706337,1
device_16_tetwild_0020.obj,0.908508305753585,1
device_16_tetwild_0021.obj,0.9322329974409735,1
device_16_tetwild_0022.obj,0.9309779279833292,1
device_16_tetwild_0023.obj,0.9436000192840394,1
device_16_tetwild_0024.obj,0.9582071673577568,1
device_11_degenerate_0000.obj,0.999999999999904,1
device_11_degenerate_0001.obj,0.9999999999998382,1
device_11_degenerate_0002.obj,0.9999999999999014,1
device_11_degenerate_0003.obj,0.9999999999999091,1
device_11_degenerate_0004.obj,0.9999999999998967,1
device_11_degenerate_0005.obj,0.9999999999999063,1
device_11_degenerate_0006.obj,0.9999999999999034,1
device_11_degenerate_0007.obj,0.9999999999998861,1
device_11_degenerate_0008.obj,0.9999999999998979,1
device_11_degenerate_0009.obj,0.9999999999998844,1
device_11_degenerate_0010.obj,0.9999999999998994,1
device_11_degenerate_0011.obj,0.9999999999998779,1
device_11_degenerate_0012.obj,0.9999999999999059,1
device_11_degenerate_0013.obj,0.9999999999999059,1
device_11_degenerate_0014.obj,0.9999999999998987,1
device_11_degenerate_0015.obj,0.9999999999998825,1
device_11_degenerate_0016.obj,0.9999999999998722,1
device_11_degenerate_0017.obj,0.9999999999998688,1
device_11_degenerate_0018.obj,0.9999999999999096,1
device_11_degenerate_0019.obj,0.9999999999999024,1
device_11_degenerate_0020.obj,0.9999999999995601,1
device_11_degenerate_0021.obj,0.9999999999999061,1
device_11_degenerate_0022.obj,0.9999999999998987,1
device_11_degenerate_0023.obj,0.9999999999998994,1
device_11_degenerate_0024.obj,0.9999999999999022,1
device_11_disconnected_0000.obj,0.9999999999999121,1
device_11_disconnected_0001.obj,0.9999999999999025,1
device_11_disconnected_0002.obj,0.9999999999999061,1
device_11_disconnected_0003.obj,0.9999999999999036,1
device_11_disconnected_0004.obj,0.9999999999999145,1
device_11_disconnected_0005.obj,0.9999999999999092,1
device_11_disconnected_0006.obj,0.9999999999999103,1
device_11_disconnected_0007.obj,0.9999999999998199,1
device_11_disconnected_0008.obj,0.9999999999999071,1
device_11_disconnected_0009.obj,0.9999999999999004,1
device_11_disconnected_0010.obj,0.9999999999999024,1
device_11_disconnected_0011.obj,0.9999999999999095,1
device_11_disconnected_0012.obj,0.9999999999999089,1
device_11_disconnected_0013.obj,0.9999999999998995,1
device_11_disconnected_0014.obj,0.9999999999998523,1
device_11_disconnected_0015.obj,0.9999999999998984,1
device_11_disconnected_0016.obj,0.9999999999999098,1
device_11_disconnected_0017.obj,0.9999999999999026,1
device_11_disconnected_0018.obj,0.9999999999999027,1
device_11_disconnected_0019.obj,0.9999999999999073,1
device_11_disconnected_0020.obj,0.9999999999998987,1
device_11_disconnected_0021.obj,0.9999999999999022,1
device_11_disconnected_0022.obj,0.9999999999999046,1
device_11_disconnected_0023.obj,0.9999999999998793,1
device_11_disconnected_0024.obj,0.9999999999997619,1
device_11_faceswap_0000.obj,0.9999999999998734,1
device_11_faceswap_0001.obj,0.9999999999997972,1
device_11_faceswap_0002.obj,0.9999999999998697,1
device_11_faceswap_0003.obj,0.9999999999998805,1
device_11_faceswap_0004.obj,0.9999999999998856,1
device_11_faceswap_0005.obj,0.9999999999998928,1
device_11_faceswap_0006.obj,0.9999999999998755,1
device_11_faceswap_0007.obj,0.9999999999998829,1
device_11_faceswap_0008.obj,0.9999999999998818,1
device_11_faceswap_0009.obj,0.9999999999998959,1
device_11_faceswap_0010.obj,0.999999999999892,1
device_11_faceswap_0011.obj,0.9999999999998506,1
device_11_faceswap_0012.obj,0.9999999999998986,1
device_11_faceswap_0013.obj,0.9999999999998683,1
device_11_faceswap_0014.obj,0.9999999999998745,1
device_11_faceswap_0015.obj,0.9999999999998694,1
device_11_faceswap_0016.obj,0.9999999999999047,1
device_11_faceswap_0017.obj,0.999999999999892,1
device_11_faceswap_0018.obj,0.9999999999998813,1
device_11_faceswap_0019.obj,0.9999999999998719,1
device_11_faceswap_0020.obj,0.9999999999998948,1
device_11_faceswap_0021.obj,0.999999999999893,1
device_11_faceswap_0022.obj,0.9999999999998885,1
device_11_faceswap_0023.obj,0.9999999999998855,1
device_11_faceswap_0024.obj,0.9999999999998883,1
device_11_jitter_0000.obj,0.9283980412814139,1
device_11_jitter_0001.obj,0.9560902202489978,1
device_11_jitter_0002.obj,0.9023437618549592,1
device_11_jitter_0003.obj,0.8764636167549533,1
device_11_jitter_0004.obj,0.9514857684218705,1
device_11_jitter_0005.obj,0.9461805186466755,1
device_11_jitter_0006.obj,0.9419767711410664,1
device_11_jitter_0007.obj,0.8927891929611257,1
device_11_jitter_0008.obj,0.9246379034712201,1
device_11_jitter_0009.obj,0.9362755215898285,1
device_11_jitter_0010.obj,0.9340488493764129,1
device_11_jitter_0011.obj,0.9380124563884732,1
device_11_jitter_0012.obj,0.9211353320147224,1
device_11_jitter_0013.obj,0.9255491155731667,1
device_11_jitter_0014.obj,0.9379892763019831,1
device_11_jitter_0015.obj,0.9239495218721985,1
device_11_jitter_0016.obj,0.9524603830201094,1
device_11_jitter_0017.obj,0.9371309289044543,1
device_11_jitter_0018.obj,0.9354016480270856,1
device_11_jitter_0019.obj,0.9454436456905011,1
device_11_jitter_0020.obj,0.9223369400853364,1
device_11_jitter_0021.obj,0.9510885981763607,1
device_11_jitter_0022.obj,0.9392519687644194,1
device_11_jitter_0023.obj,0.9509643288385196,1
device_11_jitter_0024.obj,0.9109359730619568,1
device_11_rigid_0000.obj,0.9999999999998108,1
device_11_rigid_0001.obj,0.9999999999998298,1
device_11_rigid_0002.obj,0.9999999999993231,1
device_11_rigid_0003.obj,0.9999999999998056,1
device_11_rigid_0004.obj,0.9999999999998264,1
device_11_rigid_0005.obj,0.999999999999833,1
device_11_rigid_0006.obj,0.9999999999998199,1
device_11_rigid_0007.obj,0.9999999999998241,1
device_11_rigid_0008.obj,0.9999999999998296,1
device_11_rigid_0009.obj,0.9999999999998245,1
device_11_rigid_0010.obj,0.9999999999997878,1
device_11_rigid_0011.obj,0.9999999999998264,1
device_11_rigid_0012.obj,0.9999999999998634,1
device_11_rigid_0013.obj,0.9999999999996044,1
device_11_rigid_0014.obj,0.9999999999997901,1
device_11_rigid_0015.obj,0.9999999999998556,1
device_11_rigid_0016.obj,0.9999999999997997,1
device_11_rigid_0017.obj,0.9999999999987077,1
device_11_rigid_0018.obj,0.9999999999998223,1
device_11_rigid_0019.obj,0.9999999999998127,1
device_11_rigid_0020.obj,0.9999999999998394,1
device_11_rigid_0021.obj,0.9999999999998259,1
device_11_rigid_0022.obj,0.9999999999998525,1
device_11_rigid_0023.obj,0.9999999999682276,1
device_11_rigid_0024.obj,0.999999999999838,1
device_11_tetwild_0000.obj,0.9353394050957861,1
device_11_tetwild_0001.obj,0.9006052668384604,1
device_11_tetwild_0002.obj,0.9065663310876505,1
device_11_tetwild_0003.obj,0.9560565950309174,1
device_11_tetwild_0004.obj,0.9092054180233392,1
device_11_tetwild_0005.obj,0.8960953245524421,1
device_11_tetwild_0006.obj,0.9386699546206484,1
device_11_tetwild_0007.obj,0.8648861959729618,1
device_11_tetwild_0008.obj,0.9341882863906115,1
device_11_tetwild_0009.obj,0.9014769938972281,1
device_11_tetwild_0010.obj,0.9494434793508512,1
device_11_tetwild_0011.obj,0.9479202267192836,1
device_11_tetwild_0012.obj,0.9623342413619015,1
device_11_tetwild_0013.obj,0.9133635253432794,1
device_11_tetwild_0014.obj,0.924282832274333,1
device_11_tetwild_0015.obj,0.8743699799329202,1
device_11_tetwild_0016.obj,0.9246786994149762,1
device_11_tetwild_0017.obj,0.9221869083466011,1
device_11_tetwild_0018.obj,0.8519075633010754,1
device_11_tetwild_0019.obj,0.9309289455352869,1
device_11_tetwild_0020.obj,0.9330095598276682,1
device_11_tetwild_0021.obj,0.9573825641178287,1
device_11_tetwild_0022.obj,0.9448121846048771,1
device_11_tetwild_0023.obj,0.9158503948963903,1
device_11_tetwild_0024.obj,0.9429355221356189,1
device_02_degenerate_0000.obj,0.9999999999999482,1
device_02_degenerate_0001.obj,0.9999999999999284,1
device_02_degenerate_0002.obj,0.9999999999999415,1
device_02_degenerate_0003.obj,0.9999999999999376,1
device_02_degenerate_0004.obj,0.9999999999999483,1
device_02_degenerate_0005.obj,0.9999999999999188,1
device_02_degenerate_0006.obj,0.9999999999998966,1
device_02_degenerate_0007.obj,0.999999999999854,1
device_02_degenerate_0008.obj,0.9999999999999384,1
device_02_degenerate_0009.obj,0.9999999999998997,1
device_02_degenerate_0010.obj,0.999999999999921,1
device_02_degenerate_0011.obj,0.9999999999999477,1
device_02_degenerate_0012.obj,0.9999999999999171,1
device_02_degenerate_0013.obj,0.9999999999999216,1
device_02_degenerate_0014.obj,0.9999999999998738,1
device_02_degenerate_0015.obj,0.999999999999834,1
device_02_degenerate_0016.obj,0.9999999999999383,1
device_02_degenerate_0017.obj,0.9999999999999521,1
device_02_degenerate_0018.obj,0.9999999999999448,1
device_02_degenerate_0019.obj,0.9999999999993155,1
device_02_degenerate_0020.obj,0.9999999999999117,1
device_02_degenerate_0021.obj,0.999999999999883,1
device_02_degenerate_0022.obj,0.9999999999999452,1
device_02_degenerate_0023.obj,0.9999999999998119,1
device_02_degenerate_0024.obj,0.9999999999999363,1
device_02_disconnected_0000.obj,0.9999999999998825,1
device_02_disconnected_0001.obj,0.999999999999884,1
device_02_disconnected_0002.obj,0.9999999999998889,1
device_02_disconnected_0003.obj,0.9999999999999141,1
device_02_disconnected_0004.obj,0.9999999999999195,1
device_02_disconnected_0005.obj,0.9999999999999485,1
device_02_disconnected_0006.obj,0.999999999999935,1
device_02_disconnected_0007.obj,0.9999999999999402,1
device_02_disconnected_0008.obj,0.9999999999999082,1
device_02_disconnected_0009.obj,0.9999999999996362,1
device_02_disconnected_0010.obj,0.9999999999999223,1
device_02_disconnected_0011.obj,0.9999999999999345,1
device_02_disconnected_0012.obj,0.9999999999998805,1
device_02_disconnected_0013.obj,0.9999999999998507,1
device_02_disconnected_0014.obj,0.9999999999999349,1
device_02_disconnected_0015.obj,0.9999999999999176,1
device_02_disconnected_0016.obj,0.9999999999999395,1
device_02_disconnected_0017.obj,0.999999999999752,1
device_02_disconnected_0018.obj,0.9999999999998386,1
device_02_disconnected_0019.obj,0.9999999999998719,1
device_02_disconnected_0020.obj,0.9999999999999375,1
device_02_disconnected_0021.obj,0.9999999999999334,1
device_02_disconnected_0022.obj,0.9999999999999013,1
device_02_disconnected_0023.obj,0.999999999999927,1
device_02_disconnected_0024.obj,0.9999999999996316,1
device_02_faceswap_0000.obj,0.9999999999999252,1
device_02_faceswap_0001.obj,0.9999999999999207,1
device_02_faceswap_0002.obj,0.9999999999999031,1
device_02_faceswap_0003.obj,0.9999999999999232,1
device_02_faceswap_0004.obj,0.99999999999984,1
device_02_faceswap_0005.obj,0.9999999999999222,1
device_02_faceswap_0006.obj,0.9999999999999255,1
device_02_faceswap_0007.obj,0.9999999999997435,1
device_02_faceswap_0008.obj,0.9999999999999165,1
device_02_faceswap_0009.obj,0.9999999999998761,1
device_02_faceswap_0010.obj,0.9999999999999096,1
device_02_faceswap_0011.obj,0.9999999999999238,1
device_02_faceswap_0012.obj,0.9999999999999271,1
device_02_faceswap_0013.obj,0.9999999999999191,1
device_02_faceswap_0014.obj,0.9999999999998409,1
device_02_faceswap_0015.obj,0.9999999999999187,1
device_02_faceswap_0016.obj,0.9999999999999053,1
device_02_faceswap_0017.obj,0.9999999999999077,1
device_02_faceswap_0018.obj,0.9999999999990303,1
device_02_faceswap_0019.obj,0.9999999999998329,1
device_02_faceswap_0020.obj,0.9999999999999089,1
device_02_faceswap_0021.obj,0.9999999999998935,1
device_02_faceswap_0022.obj,0.9999999999999063,1
device_02_faceswap_0023.obj,0.9999999999998751,1
device_02_faceswap_0024.obj,0.9999999999999277,1
device_02_jitter_0000.obj,0.904586000074664,1
device_02_jitter_0001.obj,0.8945595350605775,1
device_02_jitter_0002.obj,0.8429313117269451,1
device_02_jitter_0003.obj,0.8588389674227794,1
device_02_jitter_0004.obj,0.814777413909861,1
device_02_jitter_0005.obj,0.8616961135484505,1
device_02_jitter_0006.obj,0.8242964447217596,1
device_02_jitter_0007.obj,0.8246870998714574,1
device_02_jitter_0008.obj,0.9098860693727419,1
device_02_jitter_0009.obj,0.8823550518440887,1
device_02_jitter_0010.obj,0.8933787671455014,1
device_02_jitter_0011.obj,0.886427561483891,1
device_02_jitter_0012.obj,0.8680182415652709,1
device_02_jitter_0013.obj,0.9142246038159212,1
device_02_jitter_0014.obj,0.8876331726656995,1
device_02_jitter_0015.obj,0.8967595524133951,1
device_02_jitter_0016.obj,0.9015498073255895,1
device_02_jitter_0017.obj,0.8475054975353444,1
device_02_jitter_0018.obj,0.8453616122426364,1
device_02_jitter_0019.obj,0.8709018432508564,1
device_02_jitter_0020.obj,0.891672248086733,1
device_02_jitter_0021.obj,0.8092601659413027,1
device_02_jitter_0022.obj,0.8680845337015591,1
device_02_jitter_0023.obj,0.9068199103025827,1
device_02_jitter_0024.obj,0.8246575956708315,1
device_02_rigid_0000.obj,0.9999999999999241,1
device_02_rigid_0001.obj,0.999999999999919,1
device_02_rigid_0002.obj,0.9999999999999041,1
device_02_rigid_0003.obj,0.9999999999998374,1
device_02_rigid_0004.obj,0.9999999999998972,1
device_02_rigid_0005.obj,0.9999999999998775,1
device_02_rigid_0006.obj,0.9999999999998269,1
device_02_rigid_0007.obj,0.9999999999998745,1
device_02_rigid_0008.obj,0.9999999999999086,1
device_02_rigid_0009.obj,0.9999999999998908,1
device_02_rigid_0010.obj,0.9999999999999044,1
device_02_rigid_0011.obj,0.999999999999852,1
device_02_rigid_0012.obj,0.9999999999999174,1
device_02_rigid_0013.obj,0.9999999999998974,1
device_02_rigid_0014.obj,0.9999999999999126,1
device_02_rigid_0015.obj,0.9999999999998678,1
device_02_rigid_0016.obj,0.9999999999999069,1
device_02_rigid_0017.obj,0.9999999999998807,1
device_02_rigid_0018.obj,0.9999999999998914,1
device_02_rigid_0019.obj,0.999999999999911,1
device_02_rigid_0020.obj,0.9999999999998881,1
device_02_rigid_0021.obj,0.9999999999999136,1
device_02_rigid_0022.obj,0.9999999999999049,1
device_02_rigid_0023.obj,0.9999999999999084,1
device_02_rigid_0024.obj,0.9999999999994666,1
device_02_tetwild_0000.obj,0.8428635258855901,1
device_02_tetwild_0001.obj,0.8084649269785728,1
device_02_tetwild_0002.obj,0.5889778771363517,1
device_02_tetwild_0003.obj,0.9029562201509039,1
device_02_tetwild_0004.obj,0.8107148570360904,1
device_02_tetwild_0006.obj,0.8875701775066117,1
device_02_tetwild_0007.obj,0.5577995887381489,1
device_02_tetwild_0008.obj,0.8622566685858454,1
device_02_tetwild_0009.obj,0.690675363380387,1
device_02_tetwild_0010.obj,0.8877980635192947,1
device_02_tetwild_0011.obj,0.9107780935849724,1
device_02_tetwild_0012.obj,0.9000236283926021,1
device_02_tetwild_0013.obj,0.827994378728287,1
device_02_tetwild_0014.obj,0.7895357059931466,1
device_02_tetwild_0015.obj,0.7989673530489292,1
device_02_tetwild_0016.obj,0.8884352436888614,1
device_02_tetwild_0018.obj,0.74269072794152,1
device_02_tetwild_0019.obj,0.8963827166820049,1
device_02_tetwild_0020.obj,0.8482379439666661,1
device_02_tetwild_0021.obj,0.7716380133779734,1
device_02_tetwild_0022.obj,0.950612163904954,1
device_02_tetwild_0023.obj,0.8660570814267148,1
device_02_tetwild_0024.obj,0.8903278114477253,1
device_27_degenerate_0000.obj,0.9999999999999646,1
device_27_degenerate_0001.obj,0.9999999999999639,1
device_27_degenerate_0002.obj,0.9999999999999664,1
device_27_degenerate_0003.obj,0.999999999999967,1
device_27_degenerate_0004.obj,0.9999999999999614,1
device_27_degenerate_0005.obj,0.9999999999999661,1
device_27_degenerate_0006.obj,0.9999999999999664,1
device_27_degenerate_0007.obj,0.9999999999999672,1
device_27_degenerate_0008.obj,0.9999999999999657,1
device_27_degenerate_0009.obj,0.9999999999999653,1
device_27_degenerate_0010.obj,0.9999999999999666,1
device_27_degenerate_0011.obj,0.9999999999999664,1
device_27_degenerate_0012.obj,0.9999999999999668,1
device_27_degenerate_0013.obj,0.9999999999999668,1
device_27_degenerate_0014.obj,0.9999999999999639,1
device_27_degenerate_0015.obj,0.9999999999999668,1
device_27_degenerate_0016.obj,0.9999999999999664,1
device_27_degenerate_0017.obj,0.9999999999999668,1
device_27_degenerate_0018.obj,0.9999999999999675,1
device_27_degenerate_0019.obj,0.9999999999999661,1
device_27_degenerate_0020.obj,0.999999999999967,1
device_27_degenerate_0021.obj,0.9999999999999664,1
device_27_degenerate_0022.obj,0.9999999999999644,1
device_27_degenerate_0023.obj,0.9999999999999668,1
device_27_degenerate_0024.obj,0.999999999999967,1
device_27_disconnected_0000.obj,0.9999999999999677,1
device_27_disconnected_0001.obj,0.9999999999999666,1
device_27_disconnected_0002.obj,0.9999999999999672,1
device_27_disconnected_0003.obj,0.9999999999999668,1
device_27_disconnected_0004.obj,0.9999999999999637,1
device_27_disconnected_0005.obj,0.9999999999999666,1
device_27_disconnected_0006.obj,0.9999999999999668,1
device_27_disconnected_0007.obj,0.9999999999999637,1
device_27_disconnected_0008.obj,0.9999999999999653,1
device_27_disconnected_0009.obj,0.9999999999999675,1
device_27_disconnected_0010.obj,0.9999999999999655,1
device_27_disconnected_0011.obj,0.9999999999999659,1
device_27_disconnected_0012.obj,0.9999999999999655,1
device_27_disconnected_0013.obj,0.9999999999999672,1
device_27_disconnected_0014.obj,0.9999999999999679,1
device_27_disconnected_0015.obj,0.9999999999999657,1
device_27_disconnected_0016.obj,0.9999999999999668,1
device_27_disconnected_0017.obj,0.9999999999999666,1
device_27_disconnected_0018.obj,0.9999999999999672,1
device_27_disconnected_0019.obj,0.9999999999999616,1
device_27_disconnected_0020.obj,0.9999999999999478,1
device_27_disconnected_0021.obj,0.999999999999967,1
device_27_disconnected_0022.obj,0.9999999999999653,1
device_27_disconnected_0023.obj,0.9999999999999675,1
device_27_disconnected_0024.obj,0.9999999999999352,1
device_27_faceswap_0000.obj,0.9999999999999664,1
device_27_faceswap_0001.obj,0.9999999999999664,1
device_27_faceswap_0002.obj,0.9999999999999675,1
device_27_faceswap_0003.obj,0.9999999999999664,1
device_27_faceswap_0004.obj,0.9999999999999668,1
device_27_faceswap_0005.obj,0.9999999999999659,1
device_27_faceswap_0006.obj,0.9999999999999655,1
device_27_faceswap_0007.obj,0.9999999999999641,1
device_27_faceswap_0008.obj,0.9999999999999659,1
device_27_faceswap_0009.obj,0.9999999999999675,1
device_27_faceswap_0010.obj,0.999999999999967,1
device_27_faceswap_0011.obj,0.9999999999999657,1
device_27_faceswap_0012.obj,0.9999999999999668,1
device_27_faceswap_0013.obj,0.9999999999999659,1
device_27_faceswap_0014.obj,0.999999999999967,1
device_27_faceswap_0015.obj,0.9999999999999544,1
device_27_faceswap_0016.obj,0.9999999999999668,1
device_27_faceswap_0017.obj,0.9999999999999661,1
device_27_faceswap_0018.obj,0.9999999999999661,1
device_27_faceswap_0019.obj,0.9999999999999661,1
device_27_faceswap_0020.obj,0.9999999999999675,1
device_27_faceswap_0021.obj,0.9999999999999681,1
device_27_faceswap_0022.obj,0.9999999999999672,1
device_27_faceswap_0023.obj,0.999999999999965,1
device_27_faceswap_0024.obj,0.9999999999999664,1
device_27_jitter_0000.obj,0.9717078214615393,1
device_27_jitter_0001.obj,0.9722709342044241,1
device_27_jitter_0002.obj,0.9671918307632159,1
device_27_jitter_0003.obj,0.969821444825743,1
device_27_jitter_0004.obj,0.9756927769647468,1
device_27_jitter_0005.obj,0.9709647027130709,1
device_27_jitter_0006.obj,0.9769522025693599,1
device_27_jitter_0007.obj,0.9783340939441454,1
device_27_jitter_0008.obj,0.9752374429313507,1
device_27_jitter_0009.obj,0.9679951625178935,1
device_27_jitter_0010.obj,0.9861983576778264,1
device_27_jitter_0011.obj,0.9696056731495692,1
device_27_jitter_0012.obj,0.9756931284435083,1
device_27_jitter_0013.obj,0.9692805332266087,1
device_27_jitter_0014.obj,0.9389379586975224,1
device_27_jitter_0015.obj,0.9808195262137842,1
device_27_jitter_0016.obj,0.9609935281717886,1
device_27_jitter_0017.obj,0.9781606192076842,1
device_27_jitter_0018.obj,0.9863602836559673,1
device_27_jitter_0019.obj,0.9874782943093678,1
device_27_jitter_0020.obj,0.9823835198296957,1
device_27_jitter_0021.obj,0.981113076517642,1
device_27_jitter_0022.obj,0.962561308355222,1
device_27_jitter_0023.obj,0.9465667326587388,1
device_27_jitter_0024.obj,0.9747181290221155,1
device_27_rigid_0000.obj,0.9999999999999655,1
device_27_rigid_0001.obj,0.9999999999999675,1
device_27_rigid_0002.obj,0.9999999999999644,1
device_27_rigid_0003.obj,0.999999999999965,1
device_27_rigid_0004.obj,0.9999999999999635,1
device_27_rigid_0005.obj,0.9999999999999623,1
device_27_rigid_0006.obj,0.9999999999999655,1
device_27_rigid_0007.obj,0.9999999999999648,1
device_27_rigid_0008.obj,0.9999999999999675,1
device_27_rigid_0009.obj,0.9999999999999661,1
device_27_rigid_0010.obj,0.9999999999999661,1
device_27_rigid_0011.obj,0.9999999999999661,1
device_27_rigid_0012.obj,0.9999999999999672,1
device_27_rigid_0013.obj,0.9999999999999578,1
device_27_rigid_0014.obj,0.9999999999999648,1
device_27_rigid_0015.obj,0.9999999999999666,1
device_27_rigid_0016.obj,0.9999999999999646,1
device_27_rigid_0017.obj,0.9999999999999653,1
device_27_rigid_0018.obj,0.9999999999999644,1
device_27_rigid_0019.obj,0.9999999999999661,1
device_27_rigid_0020.obj,0.9999999999999661,1
device_27_rigid_0021.obj,0.9999999999999655,1
device_27_rigid_0022.obj,0.9999999999999661,1
device_27_rigid_0023.obj,0.9999999999999672,1
device_27_rigid_0024.obj,0.9999999999999648,1
device_27_tetwild_0000.obj,0.8499034766948863,1
device_27_tetwild_0001.obj,0.8404853802745013,1
device_27_tetwild_0002.obj,0.8984737980897937,1
device_27_tetwild_0003.obj,0.8496202610552591,1
device_27_tetwild_0004.obj,0.8764815655077159,1
device_27_tetwild_0005.obj,0.8493201059436708,1
device_27_tetwild_0006.obj,0.8520180290474364,1
device_27_tetwild_0007.obj,0.9430831961186429,1
device_27_tetwild_0008.obj,0.8055479075228911,1
device_27_tetwild_0009.obj,0.906128227323543,1
device_27_tetwild_0010.obj,0.9040859944010616,1
device_27_tetwild_0011.obj,0.8404010853291302,1
device_27_tetwild_0012.obj,0.8955579667248901,1
device_27_tetwild_0013.obj,0.8590280606452397,1
device_27_tetwild_0014.obj,0.8961874513165018,1
device_27_tetwild_0015.obj,0.9191761274628554,1
device_27_tetwild_0016.obj,0.8339172275307917,1
device_27_tetwild_0017.obj,0.9057210418861791,1
device_27_tetwild_0018.obj,0.8659527969334934,1
device_27_tetwild_0019.obj,0.8980430819170764,1
device_27_tetwild_0020.obj,0.9062606015843999,1
device_27_tetwild_0021.obj,0.8667597374169965,1
device_27_tetwild_0022.obj,0.9391941983657578,1
device_27_tetwild_0023.obj,0.8613884127833097,1
device_27_tetwild_0024.obj,0.9266643317910995,1
