name,score,label
abc_00000020_ad34a3f60c4a4caa99646600_trimesh_000.obj,0.0,0
abc_00000027_ad34a3f60c4a4caa99646600_trimesh_007.obj,0.0,0
abc_00000032_ad34a3f60c4a4caa99646600_trimesh_012.obj,0.0,0
abc_00000061_767e4372b5f94a88a7a17d90_trimesh_002.obj,0.0,0
abc_00000063_767e4372b5f94a88a7a17d90_trimesh_004.obj,0.0,0
abc_00000066_767e4372b5f94a88a7a17d90_trimesh_007.obj,0.0,0
abc_00000098_72cf0f9ca5324822a4d41a80_trimesh_000.obj,0.0,0
abc_00000129_e18c7feacfb54f3880659b43_trimesh_004.obj,0.0,0
abc_00000130_e18c7feacfb54f3880659b43_trimesh_005.obj,0.0,0
abc_00000134_1418f3c3ca954e799c8860af_trimesh_000.obj,0.0,0
abc_00000140_2fc54fcd110d4f49969163c4_trimesh_003.obj,0.0,0
abc_00000154_a951550b8a1043a68423c541_trimesh_004.obj,0.0,0
abc_00000161_a583c6c3cdc143bab3f6c856_trimesh_000.obj,0.0,0
abc_00000168_bfdc19149a8b4e72b3d0f5c5_trimesh_000.obj,0.0,0
abc_00000172_b21aa794b6b64d87a57c245e_trimesh_002.obj,0.0,0
abc_00000243_4829bc0645d6414d9b5cec31_trimesh_006.obj,0.0,0
abc_00000259_845fb06d7f2f4802a806a600_trimesh_004.obj,0.0,0
abc_00000267_845fb06d7f2f4802a806a600_trimesh_012.obj,0.0,0
abc_00000269_845fb06d7f2f4802a806a600_trimesh_014.obj,0.0,0
abc_00000280_5a6ef3285b89452ea6b390e7_trimesh_001.obj,0.0,0
abc_00000291_58f8ff46b7564e989f9695b7_trimesh_004.obj,0.0,0
abc_00000295_52a153d2417747b5926ff9df_trimesh_000.obj,0.0,0
abc_00000296_52a153d2417747b5926ff9df_trimesh_001.obj,0.0,0
abc_00000318_3062bccff48e47a2b9de05e3_trimesh_013.obj,0.0,0
abc_00000329_12a935cd9b684f879c0505fe_trimesh_000.obj,0.0,0
abc_00000336_1a821c3883f7459a9615fca4_trimesh_000.obj,0.0,0
abc_00000342_fe70be720f7e49fa90ded969_trimesh_001.obj,0.0,0
abc_00000352_4185972a944744d8a7a0f2b4_trimesh_008.obj,0.0,0
abc_00000355_68d1a5c2319a4a419ff625c6_trimesh_001.obj,0.0,0
abc_00000357_68d1a5c2319a4a419ff625c6_trimesh_003.obj,0.0,0
abc_00000361_9ee540a56d79451e8026e1e6_trimesh_003.obj,0.0,0
abc_00000362_9ee540a56d79451e8026e1e6_trimesh_004.obj,0.0,0
abc_00000369_23c957e8e7b2428282a13ae2_trimesh_002.obj,0.0,0
abc_00000377_23c957e8e7b2428282a13ae2_trimesh_010.obj,0.0,0
abc_00000378_23c957e8e7b2428282a13ae2_trimesh_011.obj,0.0,0
abc_00000399_2a4de304cbd9449ba073b442_trimesh_003.obj,0.0,0
abc_00000420_bd0972033f464f8f961a150a_trimesh_001.obj,0.0,0
abc_00000461_516b1784884d4facbc4c0d74_trimesh_009.obj,0.0,0
abc_00000486_a7d0c851b5f24a97a7cac950_trimesh_003.obj,0.0,0
abc_00000500_5499914343bd4f549b38046d_trimesh_001.obj,0.0,0
abc_00000501_5499914343bd4f549b38046d_trimesh_002.obj,0.0,0
abc_00000526_f9d6559308dc4c85aab9fa38_trimesh_000.obj,0.0,0
abc_00000541_ee945ee6b30a473d9b86447f_trimesh_000.obj,0.0,0
abc_00000566_2f2b015ef4904c1caef56154_trimesh_000.obj,0.0,0
abc_00000611_04e799936ae446b9a3d8d2b8_trimesh_002.obj,0.0,0
abc_00000616_c710d414bbbc4340b682c58a_trimesh_002.obj,0.0,0
abc_00000632_4f322b34e87c43289916c298_trimesh_001.obj,0.0,0
abc_00000655_d87d11d9c3ca4ee5a88797ae_trimesh_003.obj,0.0,0
abc_00000660_6fae5591b3034f949b7e8eae_trimesh_001.obj,0.0,0
abc_00000694_45f6100bfa3948e69405bb21_trimesh_000.obj,0.0,0
abc_00000711_7ad02ca9009d40fd8c345639_trimesh_000.obj,0.0,0
abc_00000714_7ad02ca9009d40fd8c345639_trimesh_003.obj,0.0,0
abc_00000719_4332e25d10a247f084c68cba_trimesh_002.obj,0.0,0
abc_00000733_4a23e5ff37ae4a19b5c7859d_trimesh_000.obj,0.0,0
abc_00000746_6cb3ddbb49974d7db0e97135_trimesh_001.obj,0.0,0
abc_00000752_6f0d90054d40400593050930_trimesh_001.obj,0.0,0
abc_00000806_05cadeb104be4c8aa75ccc71_trimesh_000.obj,0.0,0
abc_00000813_36e6258346004cabb4c091b2_trimesh_001.obj,0.0,0
abc_00000818_6bbad2756d7845bd8d731d60_trimesh_000.obj,0.0,0
abc_00000848_2c1efcc32d094e9fb9e1a88e_trimesh_008.obj,0.0,0
abc_00000850_2c1efcc32d094e9fb9e1a88e_trimesh_010.obj,0.0,0
abc_00000852_2c1efcc32d094e9fb9e1a88e_trimesh_012.obj,0.0,0
abc_00000854_2c1efcc32d094e9fb9e1a88e_trimesh_014.obj,0.0,0
abc_00000862_029c2575dd474650ba1b8d21_trimesh_002.obj,0.0,0
abc_00000873_029c2575dd474650ba1b8d21_trimesh_013.obj,0.0,0
abc_00000876_029c2575dd474650ba1b8d21_trimesh_016.obj,0.0,0
abc_00000878_029c2575dd474650ba1b8d21_trimesh_018.obj,0.0,0
abc_00000883_029c2575dd474650ba1b8d21_trimesh_023.obj,0.0,0
abc_00000889_e2d3a4dc5f7c438bb240e9d1_trimesh_000.obj,0.0,0
abc_00000912_c9400dcd7ae9428caffe2204_trimesh_005.obj,0.0,0
abc_00000948_f297a24e1a4446cf9d74efd9_trimesh_007.obj,0.0,0
abc_00000949_f297a24e1a4446cf9d74efd9_trimesh_008.obj,0.0,0
abc_00000954_a741c7966d2c40a8a511263e_trimesh_000.obj,0.0,0
abc_00000984_0dd1386597104265ab67e6cf_trimesh_007.obj,0.0,0
abc_00000993_ac4ba032d4b5431ca04f542c_trimesh_000.obj,0.0,0
abc_00000994_ac4ba032d4b5431ca04f542c_trimesh_001.obj,0.0,0
abc_00001024_21adcacb9707488ea6655fd2_trimesh_000.obj,0.0,0
abc_00001030_cde47df6e28543d1b434f206_trimesh_002.obj,0.0,0
abc_00001037_be3ed2c9696e4e6a91b34f79_trimesh_002.obj,0.0,0
abc_00001049_2b2638f82b3946b1867f2d11_trimesh_005.obj,0.0,0
abc_00001129_c2db313c2ce749d784c610d2_trimesh_001.obj,0.0,0
abc_00001173_0889c458f3f74dc288d2d531_trimesh_004.obj,0.0,0
abc_00001192_c69a73fe64c84fa5a34c9f79_trimesh_000.obj,0.0,0
abc_00001210_4be610c137ba42ae9933e69b_trimesh_000.obj,0.0,0
abc_00001212_4be610c137ba42ae9933e69b_trimesh_002.obj,0.0,0
abc_00001225_5b328344bcd7429b89dba948_trimesh_000.obj,0.0,0
abc_00001245_96503b6a26c64074ad598927_trimesh_007.obj,0.0,0
abc_00001246_96503b6a26c64074ad598927_trimesh_008.obj,0.0,0
abc_00001247_96503b6a26c64074ad598927_trimesh_009.obj,0.0,0
abc_00001249_96503b6a26c64074ad598927_trimesh_011.obj,0.0,0
abc_00001289_b53ece83d8964b44bbf1f8ed_trimesh_025.obj,0.0,0
abc_00001345_d8d97699a52842539e08d117_trimesh_003.obj,0.0,0
abc_00001376_2e314c6e080b40fcb6a6db96_trimesh_019.obj,0.0,0
abc_00001386_be5d90220c204022acecd5f5_trimesh_000.obj,0.0,0
abc_00001389_21b525da345e4e62aebd906b_trimesh_000.obj,0.0,0
abc_00001401_49414db2dd594dc6a3907cf3_trimesh_004.obj,0.0,0
abc_00001402_49414db2dd594dc6a3907cf3_trimesh_005.obj,0.0,0
abc_00001403_49414db2dd594dc6a3907cf3_trimesh_006.obj,0.0,0
abc_00001404_49414db2dd594dc6a3907cf3_trimesh_007.obj,0.0,0
abc_00001417_a45f6c99e2154f3b94955175_trimesh_001.obj,0.0,0
abc_00001432_a45f6c99e2154f3b94955175_trimesh_016.obj,0.0,0
abc_00001450_a45f6c99e2154f3b94955175_trimesh_034.obj,0.0,0
abc_00001468_a45f6c99e2154f3b94955175_trimesh_052.obj,0.0,0
abc_00001469_a45f6c99e2154f3b94955175_trimesh_053.obj,0.0,0
abc_00001486_a45f6c99e2154f3b94955175_trimesh_070.obj,0.0,0
abc_00001490_6c8ef6d2f5564d139a5077f8_trimesh_001.obj,0.0,0
abc_00001495_6c8ef6d2f5564d139a5077f8_trimesh_006.obj,0.0,0
abc_00001497_eb4e2b01aaca4131bfc64adb_trimesh_001.obj,0.0,0
abc_00001500_eb4e2b01aaca4131bfc64adb_trimesh_004.obj,0.0,0
abc_00001517_5696c053883042c4b316adf0_trimesh_001.obj,0.0,0
abc_00001535_e1d62958d7ca4ad18fefd54d_trimesh_002.obj,0.0,0
abc_00001542_e1d62958d7ca4ad18fefd54d_trimesh_009.obj,0.0,0
abc_00001550_a94d978cf62948ce80b417a9_trimesh_000.obj,0.0,0
abc_00001560_b76a69da5d3445f9bf397a98_trimesh_000.obj,0.0,0
abc_00001563_2e9dc7e9a1a54dd7ab901478_trimesh_000.obj,0.0,0
abc_00001567_9280741c840d4aa1af32658e_trimesh_002.obj,0.0,0
abc_00001598_c118664e9f6f4943855293fa_trimesh_000.obj,0.0,0
abc_00001600_c118664e9f6f4943855293fa_trimesh_002.obj,0.0,0
abc_00001614_8c3b97c1382c43bab3eb1b48_trimesh_002.obj,0.0,0
abc_00001628_403be38599f04115b74521a6_trimesh_000.obj,0.0,0
abc_00001630_c1de5979807b4b6a8c5b0e49_trimesh_001.obj,0.0,0
abc_00001649_07f31e6ec73a4ba68df19f1f_trimesh_002.obj,0.0,0
abc_00001665_2d7a230277ef4271b7ffd737_trimesh_000.obj,0.0,0
abc_00001677_de1d70dc0e3b4652b6cfce4f_trimesh_004.obj,0.0,0
abc_00001679_de1d70dc0e3b4652b6cfce4f_trimesh_006.obj,0.0,0
abc_00001683_41da72eee5ca4a5492178124_trimesh_000.obj,0.0,0
abc_00001694_2d229d781dc9461a9375c9af_trimesh_003.obj,0.0,0
abc_00001703_46556a3837274c098a5fc60a_trimesh_000.obj,0.0,0
abc_00001705_46556a3837274c098a5fc60a_trimesh_002.obj,0.0,0
abc_00001722_ad7be758db3641a5a3e62d00_trimesh_000.obj,0.0,0
abc_00001729_2e4d39f311304cfcab975e6a_trimesh_002.obj,0.0,0
abc_00001735_ee1c39157f2e4a089c90e7e8_trimesh_000.obj,0.0,0
abc_00001736_58088030d4b7419b8ad214f6_trimesh_000.obj,0.0,0
abc_00001749_74905c964c8c4708bf6e2e44_trimesh_012.obj,0.0,0
abc_00001779_b8592e9925204df1805bd0c3_trimesh_004.obj,0.0,0
abc_00001794_23e6efbdae254d48b914d347_trimesh_012.obj,0.0,0
abc_00001805_23e6efbdae254d48b914d347_trimesh_023.obj,0.0,0
abc_00001812_eb80cc3405004d2aadfec0d3_trimesh_001.obj,0.0,0
abc_00001813_eb80cc3405004d2aadfec0d3_trimesh_002.obj,0.0,0
abc_00001828_f8ce225b03b045e1a8743a75_trimesh_000.obj,0.0,0
abc_00001830_9588ed6efa3c45dca239e256_trimesh_000.obj,0.0,0
abc_00001858_161dbdd1389245c6aa183461_trimesh_001.obj,0.0,0
abc_00001871_e6274ed08407419d8a719730_trimesh_001.obj,0.0,0
abc_00001876_7dff003bccb549eca063340e_trimesh_002.obj,0.0,0
abc_00001877_7dff003bccb549eca063340e_trimesh_003.obj,0.0,0
abc_00001879_7dff003bccb549eca063340e_trimesh_005.obj,0.0,0
abc_00001881_7dff003bccb549eca063340e_trimesh_007.obj,0.0,0
abc_00001885_7dff003bccb549eca063340e_trimesh_011.obj,0.0,0
abc_00001894_7dff003bccb549eca063340e_trimesh_020.obj,0.0,0
abc_00001895_7dff003bccb549eca063340e_trimesh_021.obj,0.0,0
abc_00001905_84deecba8b6449b5988f2e56_trimesh_001.obj,0.0,0
abc_00001906_84deecba8b6449b5988f2e56_trimesh_002.obj,0.0,0
abc_00001909_84deecba8b6449b5988f2e56_trimesh_005.obj,0.0,0
abc_00001913_9912faaee57b4176b1deb5d4_trimesh_001.obj,0.0,0
abc_00001924_bad445004ddc447b83171224_trimesh_003.obj,0.0,0
abc_00001926_bad445004ddc447b83171224_trimesh_005.obj,0.0,0
abc_00001931_d686c9d7503a42478530b382_trimesh_000.obj,0.0,0
abc_00001969_72af61802aeb4e91b1b1b37b_trimesh_000.obj,0.0,0
abc_00001984_72af61802aeb4e91b1b1b37b_trimesh_015.obj,0.0,0
abc_00001992_79a5e839b001428dbc772925_trimesh_000.obj,0.0,0
abc_00001998_b53d499a5d5c42dfade565bf_trimesh_000.obj,0.0,0
abc_00002008_be2dc79cac834a8895f8aa60_trimesh_000.obj,0.0,0
abc_00002023_f024db94f83d4bbb94358624_trimesh_000.obj,0.0,0
abc_00002056_fb7d8749f7824fc9a0b49831_trimesh_000.obj,0.0,0
abc_00002065_ec9ce2bb0d20437dad4533a2_trimesh_001.obj,0.0,0
abc_00002066_ec9ce2bb0d20437dad4533a2_trimesh_002.obj,0.0,0
abc_00002067_4ad58d9a4088415b9e0dbf18_trimesh_000.obj,0.0,0
abc_00002138_05091350f8cd4cdda2981cab_trimesh_008.obj,0.0,0
abc_00002153_b82d66be3f1244d1a6e9b75a_trimesh_000.obj,0.0,0
abc_00002155_cde1f6a0f70c4897a0016114_trimesh_000.obj,0.0,0
abc_00002165_af3af6b131e747f38dbcb2c5_trimesh_000.obj,0.0,0
abc_00002169_af3af6b131e747f38dbcb2c5_trimesh_004.obj,0.0,0
abc_00002195_c66535496d9741e3baa4a85c_trimesh_001.obj,0.0,0
abc_00002223_e38471b78a2f45118e2e8a1e_trimesh_003.obj,0.0,0
abc_00002235_c0346d7e928247129c7f105e_trimesh_000.obj,0.0,0
abc_00002237_70fc984390f94560b7b9dafa_trimesh_000.obj,0.0,0
abc_00002257_ee36ce2e0fc6420195435501_trimesh_000.obj,0.0,0
abc_00002262_ee36ce2e0fc6420195435501_trimesh_005.obj,0.0,0
abc_00002275_d78016eb44004ecb82bdbaa7_trimesh_000.obj,0.0,0
abc_00002280_d78016eb44004ecb82bdbaa7_trimesh_005.obj,0.0,0
abc_00002283_d78016eb44004ecb82bdbaa7_trimesh_008.obj,0.0,0
abc_00002287_008ac7621b8c4a199f5780f1_trimesh_000.obj,0.0,0
abc_00002291_121bc109bb5a40869e7cb6e3_trimesh_000.obj,0.0,0
abc_00002298_e81bd6e8eea447f9ad6f246d_trimesh_000.obj,0.0,0
abc_00002301_4809f34e75cd44d393946d41_trimesh_001.obj,0.0,0
abc_00002306_4809f34e75cd44d393946d41_trimesh_006.obj,0.0,0
abc_00002321_1e1145d05fff4ed3934ed4df_trimesh_000.obj,0.0,0
abc_00002333_f48c116e43104b4bb10898e9_trimesh_002.obj,0.0,0
abc_00002334_f48c116e43104b4bb10898e9_trimesh_003.obj,0.0,0
abc_00002335_f48c116e43104b4bb10898e9_trimesh_004.obj,0.0,0
abc_00002338_a60f038f2b574004ad1f6f50_trimesh_000.obj,0.0,0
abc_00002340_f5a5af9c002e4bfba983a31d_trimesh_001.obj,0.0,0
abc_00002347_634ba60fb4fc40f89c56cb4a_trimesh_004.obj,0.0,0
abc_00002364_470c2865307645c78ae7a0cb_trimesh_007.obj,0.0,0
abc_00002366_470c2865307645c78ae7a0cb_trimesh_009.obj,0.0,0
abc_00002407_c13dc1fdb43348c4a4298958_trimesh_004.obj,0.0,0
abc_00002409_c13dc1fdb43348c4a4298958_trimesh_006.obj,0.0,0
abc_00002412_50cd9407596747729fc8d773_trimesh_001.obj,0.0,0
abc_00002418_f439002a18b84d8798439932_trimesh_002.obj,0.0,0
abc_00002438_179a8df075c94d0596b1f20d_trimesh_007.obj,0.0,0
abc_00002443_ece945968068453ab36dc00a_trimesh_000.obj,0.0,0
abc_00002450_8c12611557a543f99907ee82_trimesh_000.obj,0.0,0
abc_00002455_7d5c3882272742b980293bcd_trimesh_000.obj,0.0,0
abc_00002459_86f90a9ff5c5414cba6b0b14_trimesh_000.obj,0.0,0
abc_00002478_4e29879a16ed4dadab2750bc_trimesh_003.obj,0.0,0
abc_00002481_6eda6b73d6ea4472bea05e8f_trimesh_001.obj,0.0,0
abc_00002496_61afe52ce5764b8bb0531667_trimesh_003.obj,0.0,0
abc_00002498_a6da4aea6b0047b6abb890a7_trimesh_000.obj,0.0,0
abc_00002505_e6ff054993ae478686179d0f_trimesh_001.obj,0.0,0
abc_00002530_8d3bbea092534341a45dd40c_trimesh_000.obj,0.0,0
abc_00002533_6f7f8f03941c4d5d8882c21a_trimesh_001.obj,0.0,0
abc_00002572_800b457b0b614ceabc56bdea_trimesh_000.obj,0.0,0
abc_00002577_8556c200606545a8bcf28a5e_trimesh_000.obj,0.0,0
abc_00002610_770f033464d542f88ec04d0f_trimesh_004.obj,0.0,0
abc_00002612_770f033464d542f88ec04d0f_trimesh_006.obj,0.0,0
abc_00002616_0f526e008933416b8fbfdc0e_trimesh_000.obj,0.0,0
abc_00002626_89e4911a99ba40bfa29de7c4_trimesh_005.obj,0.0,0
abc_00002646_b018db4e207246979202dbc2_trimesh_000.obj,0.0,0
abc_00002648_407d3a51eb214752976de9e9_trimesh_001.obj,0.0,0
abc_00002649_d97b4345cb5b41b4b6729b21_trimesh_000.obj,0.0,0
abc_00002653_185cf3437add427ba643feb3_trimesh_000.obj,0.0,0
abc_00002665_f161f588b3fc4bd39c387901_trimesh_000.obj,0.0,0
abc_00002678_5e64117cf77b4072b9b1ab29_trimesh_001.obj,0.0,0
abc_00002680_5e64117cf77b4072b9b1ab29_trimesh_003.obj,0.0,0
abc_00002682_5e64117cf77b4072b9b1ab29_trimesh_005.obj,0.0,0
abc_00002690_294dc55ca19943afbe7b9ca2_trimesh_000.obj,0.0,0
abc_00002695_57d0ed693e5f43db94b48a6c_trimesh_004.obj,0.0,0
abc_00002698_57d0ed693e5f43db94b48a6c_trimesh_007.obj,0.0,0
abc_00002706_57d0ed693e5f43db94b48a6c_trimesh_015.obj,0.0,0
abc_00002712_6aaf2a59f56d47e4a209d1b5_trimesh_000.obj,0.0,0
abc_00002728_98d8f78b1bb5495f9a193852_trimesh_014.obj,0.0,0
abc_00002730_98d8f78b1bb5495f9a193852_trimesh_016.obj,0.0,0
abc_00002786_2150a50d7ae54ec1ab562d25_trimesh_012.obj,0.0,0
abc_00002800_a13cab04d1224f3badc910a3_trimesh_000.obj,0.0,0
abc_00002840_b108e5f7e4f34918bd31b5de_trimesh_000.obj,0.0,0
abc_00002853_fd92ba86ea354cce817faf60_trimesh_000.obj,0.0,0
abc_00002855_86a580f378754e7ea677bb55_trimesh_000.obj,0.0,0
abc_00002859_0b97dd9849a14df99ab286a8_trimesh_002.obj,0.0,0
abc_00002876_441b788f697449128e3c8032_trimesh_009.obj,0.0,0
abc_00002885_e435fac25ee84f3697893a36_trimesh_001.obj,0.0,0
abc_00002899_635bf5c85753420fbc65a4c5_trimesh_001.obj,0.0,0
abc_00002919_bc8a6e930c404316833d09a5_trimesh_004.obj,0.0,0
abc_00002958_1212f04812bc4821bfd87412_trimesh_002.obj,0.0,0
abc_00002965_1212f04812bc4821bfd87412_trimesh_009.obj,0.0,0
abc_00002966_1212f04812bc4821bfd87412_trimesh_010.obj,0.0,0
abc_00002984_c80dedb4f61e401889b609e2_trimesh_000.obj,0.0,0
abc_00003008_42b012d55efa4bd480adc003_trimesh_000.obj,0.0,0
abc_00003027_623a6f12d0724d62a351e2a1_trimesh_014.obj,0.0,0
abc_00003036_623a6f12d0724d62a351e2a1_trimesh_023.obj,0.0,0
abc_00003043_623a6f12d0724d62a351e2a1_trimesh_030.obj,0.0,0
abc_00003049_623a6f12d0724d62a351e2a1_trimesh_036.obj,0.0,0
abc_00003059_623a6f12d0724d62a351e2a1_trimesh_046.obj,0.0,0
abc_00003071_a7d9266fc0a542148831dbb5_trimesh_000.obj,0.0,0
abc_00003072_a7d9266fc0a542148831dbb5_trimesh_001.obj,0.0,0
abc_00003073_a7d9266fc0a542148831dbb5_trimesh_002.obj,0.0,0
abc_00003075_a7d9266fc0a542148831dbb5_trimesh_004.obj,0.0,0
abc_00003095_5b5eaab14b374d1992e2fe9e_trimesh_008.obj,0.0,0
abc_00003118_9212fac3cdd24372892212d1_trimesh_018.obj,0.0,0
abc_00003124_89e6a825d21e4fafaa8b314a_trimesh_000.obj,0.0,0
abc_00003143_bb4de5fef0c444bf9cde6caf_trimesh_000.obj,0.0,0
abc_00003151_9a1eacce39a7456ba698b8ff_trimesh_000.obj,0.0,0
abc_00003156_dc2953ffcb9b4720b6486292_trimesh_000.obj,0.0,0
abc_00003159_e08de079271d427e8898090c_trimesh_001.obj,0.0,0
abc_00003198_7bec57689ee04fb4aecca452_trimesh_003.obj,0.0,0
abc_00003199_7bec57689ee04fb4aecca452_trimesh_004.obj,0.0,0
abc_00003203_7bec57689ee04fb4aecca452_trimesh_008.obj,0.0,0
abc_00003210_7bec57689ee04fb4aecca452_trimesh_015.obj,0.0,0
abc_00003219_04893ba73e6f4c298353bb57_trimesh_000.obj,0.0,0
abc_00003220_04893ba73e6f4c298353bb57_trimesh_001.obj,0.0,0
abc_00003232_96b00fb447eb427290194a85_trimesh_002.obj,0.0,0
abc_00003245_64bf0eb2d82b4b9aac59e530_trimesh_009.obj,0.0,0
abc_00003260_31738bd32847475590f7ef21_trimesh_000.obj,0.0,0
abc_00003265_85a3fae4f6be46b9a1c7c5df_trimesh_001.obj,0.0,0
abc_00003283_684f83cd472b461789191511_trimesh_001.obj,0.0,0
abc_00003286_684f83cd472b461789191511_trimesh_004.obj,0.0,0
abc_00003291_9500471d9e5c4cae8725de9c_trimesh_000.obj,0.0,0
abc_00003292_d068cf20730349eba1ada81b_trimesh_000.obj,0.0,0
abc_00003294_4c6dd8316dae41b58f49afa2_trimesh_000.obj,0.0,0
abc_00003315_0397a0a89fda483c9ea0eea7_trimesh_003.obj,0.0,0
abc_00003336_361fb11574184c04a2dc34be_trimesh_000.obj,0.0,0
abc_00003338_ba3d8e31b77647b3a32b2e24_trimesh_001.obj,0.0,0
abc_00003346_dd2281fd5b874c50b5930664_trimesh_003.obj,0.0,0
abc_00003347_ad2574e1c85d4b07afe7076c_trimesh_000.obj,0.0,0
abc_00003359_9b231e07646740d3aa893236_trimesh_006.obj,0.0,0
abc_00003377_e1bb8b6758e4454a93c2b3e7_trimesh_001.obj,0.0,0
abc_00003392_ef8394ce96624d5984cc9e2a_trimesh_000.obj,0.0,0
abc_00003395_2dba1a55cece44d888641f5c_trimesh_000.obj,0.0,0
abc_00003400_a77cf5d003fc4ab09e843c54_trimesh_002.obj,0.0,0
abc_00003408_a77cf5d003fc4ab09e843c54_trimesh_010.obj,0.0,0
abc_00003418_86545cc828ee4b3392520977_trimesh_003.obj,0.0,0
abc_00003434_a23c770ac676468bac18a14e_trimesh_002.obj,0.0,0
abc_00003437_41db336d07d34605b95e17f8_trimesh_000.obj,0.0,0
abc_00003456_a51abce06a2e4071ae9cd533_trimesh_007.obj,0.0,0
abc_00003458_a51abce06a2e4071ae9cd533_trimesh_009.obj,0.0,0
abc_00003501_86be4eefc6eb459e9a9370bc_trimesh_005.obj,0.0,0
abc_00003524_1a90c3eacd054ae79754b726_trimesh_000.obj,0.0,0
abc_00003540_f8a70fd3c80a412bb0c040b9_trimesh_000.obj,0.0,0
abc_00003542_f8a70fd3c80a412bb0c040b9_trimesh_002.obj,0.0,0
abc_00003564_eda85e7e50824947bc393fff_trimesh_002.obj,0.0,0
abc_00003567_eda85e7e50824947bc393fff_trimesh_005.obj,0.0,0
abc_00003569_b1a7c5bc57e448b68bfa699c_trimesh_000.obj,0.0,0
abc_00003587_08d53a45d78c4d88a2ca2ff3_trimesh_001.obj,0.0,0
abc_00003588_b2e8be17a0874c08a01ba1c0_trimesh_000.obj,0.0,0
abc_00003633_7ef2498822ef47b796e03092_trimesh_004.obj,0.0,0
abc_00003640_809676ace5bb40fea5802468_trimesh_000.obj,0.0,0
abc_00003666_ca90483ed4144d6db48c58b6_trimesh_000.obj,0.0,0
abc_00003676_a2b0fad560234fbbbe012494_trimesh_001.obj,0.0,0
abc_00003679_dd039a28e007439aa01edbad_trimesh_002.obj,0.0,0
abc_00003686_5818fd8428ed43a399bce519_trimesh_000.obj,0.0,0
abc_00003690_f45beab3d58b42c4b87ee28e_trimesh_000.obj,0.0,0
abc_00003712_939d7f2bcd8443da97eddf78_trimesh_000.obj,0.0,0
abc_00003731_1d05af96ba5b40bc88f9959f_trimesh_001.obj,0.0,0
abc_00003749_1d05af96ba5b40bc88f9959f_trimesh_019.obj,0.0,0
abc_00003750_1d05af96ba5b40bc88f9959f_trimesh_020.obj,0.0,0
abc_00003765_c781c748bead4016bf75490d_trimesh_001.obj,0.0,0
abc_00003778_d1d459383d9b43d59df3de80_trimesh_004.obj,0.0,0
abc_00003781_d1d459383d9b43d59df3de80_trimesh_007.obj,0.0,0
abc_00003788_d1d459383d9b43d59df3de80_trimesh_014.obj,0.0,0
abc_00003801_78fee7c279f441e2939f6833_trimesh_000.obj,0.0,0
abc_00003805_83b7cdf86a9a4630a9217b6a_trimesh_002.obj,0.0,0
abc_00003807_83b7cdf86a9a4630a9217b6a_trimesh_004.obj,0.0,0
abc_00003824_81b3bd441a5a497789f6c818_trimesh_001.obj,0.0,0
abc_00003843_4b36a963a4b74718ba5af25b_trimesh_002.obj,0.0,0
abc_00003844_4b36a963a4b74718ba5af25b_trimesh_003.obj,0.0,0
abc_00003877_29a72d867dcb4b8ca6aa51eb_trimesh_005.obj,0.0,0
abc_00003878_29a72d867dcb4b8ca6aa51eb_trimesh_006.obj,0.0,0
abc_00003882_29a72d867dcb4b8ca6aa51eb_trimesh_010.obj,0.0,0
abc_00003895_0f131d41320541f4928a8004_trimesh_003.obj,0.0,0
abc_00003896_0f131d41320541f4928a8004_trimesh_004.obj,0.0,0
abc_00003915_1f103ae876d64e4b88f94d77_trimesh_005.obj,0.0,0
abc_00003919_1f103ae876d64e4b88f94d77_trimesh_009.obj,0.0,0
abc_00003920_1f103ae876d64e4b88f94d77_trimesh_010.obj,0.0,0
abc_00003956_cb29926b8a244c868ae5ed86_trimesh_006.obj,0.0,0
abc_00003957_cb29926b8a244c868ae5ed86_trimesh_007.obj,0.0,0
abc_00003960_0ea41122faa643aebd0b25e8_trimesh_000.obj,0.0,0
abc_00003974_30214440d29b401c8b860c42_trimesh_009.obj,0.0,0
abc_00003988_30214440d29b401c8b860c42_trimesh_023.obj,0.0,0
abc_00004006_690490b212df4d5eacc6635c_trimesh_002.obj,0.0,0
abc_00004021_690490b212df4d5eacc6635c_trimesh_017.obj,0.0,0
abc_00004038_f619073c02f94b0e8502739a_trimesh_003.obj,0.0,0
abc_00004062_561b15139c044a0ba3e09633_trimesh_001.obj,0.0,0
abc_00004070_99288b53db2442e39f5956e4_trimesh_003.obj,0.0,0
abc_00004085_45986d8635e748b49f3d9f7a_trimesh_000.obj,0.0,0
abc_00004106_58cfb48e5d6440d28a263e2f_trimesh_001.obj,0.0,0
abc_00004131_640a2eb433a34aae908420ed_trimesh_001.obj,0.0,0
abc_00004132_640a2eb433a34aae908420ed_trimesh_002.obj,0.0,0
abc_00004134_640a2eb433a34aae908420ed_trimesh_004.obj,0.0,0
abc_00004138_640a2eb433a34aae908420ed_trimesh_008.obj,0.0,0
abc_00004156_a051c8775c1b4f7e94096d2c_trimesh_001.obj,0.0,0
abc_00004226_b75d70544ce4433fa538f2a2_trimesh_008.obj,0.0,0
abc_00004253_ee78e0a2efef4b598e976993_trimesh_006.obj,0.0,0
abc_00004256_ee78e0a2efef4b598e976993_trimesh_009.obj,0.0,0
abc_00004258_ee78e0a2efef4b598e976993_trimesh_011.obj,0.0,0
abc_00004279_f69bf34d6f7e4eb887450aa2_trimesh_005.obj,0.0,0
abc_00004280_f69bf34d6f7e4eb887450aa2_trimesh_006.obj,0.0,0
abc_00004283_f69bf34d6f7e4eb887450aa2_trimesh_009.obj,0.0,0
abc_00004286_f69bf34d6f7e4eb887450aa2_trimesh_012.obj,0.0,0
abc_00004293_00e12f076c9f44728924a007_trimesh_005.obj,0.0,0
abc_00004296_00e12f076c9f44728924a007_trimesh_008.obj,0.0,0
abc_00004306_00e12f076c9f44728924a007_trimesh_018.obj,0.0,0
abc_00004313_00e12f076c9f44728924a007_trimesh_025.obj,0.0,0
abc_00004323_00e12f076c9f44728924a007_trimesh_035.obj,0.0,0
abc_00004342_c290684bc7264c05b2054a59_trimesh_003.obj,0.0,0
abc_00004346_c290684bc7264c05b2054a59_trimesh_007.obj,0.0,0
abc_00004355_c290684bc7264c05b2054a59_trimesh_016.obj,0.0,0
abc_00004386_d82c8accf5f948f9b9935f36_trimesh_000.obj,0.0,0
abc_00004389_478cd71be49144f0bb3ff944_trimesh_000.obj,0.0,0
abc_00004393_147a0707012c4408b79a6041_trimesh_003.obj,0.0,0
abc_00004396_af6d85fa924447d6a5d0db39_trimesh_001.obj,0.0,0
abc_00004397_af6d85fa924447d6a5d0db39_trimesh_002.obj,0.0,0
abc_00004398_af6d85fa924447d6a5d0db39_trimesh_003.obj,0.0,0
abc_00004408_2f3c47ebc0054b4f8e0e4cf4_trimesh_006.obj,0.0,0
abc_00004415_2f3c47ebc0054b4f8e0e4cf4_trimesh_013.obj,0.0,0
abc_00004420_2f3c47ebc0054b4f8e0e4cf4_trimesh_018.obj,0.0,0
abc_00004435_e100ebaee82a4a1ca7c82468_trimesh_002.obj,0.0,0
abc_00004447_50a5c011c1d44d7ca5c90fbf_trimesh_001.obj,0.0,0
abc_00004449_50a5c011c1d44d7ca5c90fbf_trimesh_003.obj,0.0,0
abc_00004452_50a5c011c1d44d7ca5c90fbf_trimesh_006.obj,0.0,0
abc_00004477_dd1a875303094c76b5517535_trimesh_000.obj,0.0,0
abc_00004480_f18ebc9adf1b48c3afba1b4c_trimesh_001.obj,0.0,0
abc_00004488_36e0a0ff049b4877b70b421a_trimesh_000.obj,0.0,0
abc_00004496_abc1a655d48842ae9f5adc64_trimesh_000.obj,0.0,0
abc_00004511_b6350639195e4a19957904f9_trimesh_000.obj,0.0,0
abc_00004527_f94525731d404b9ba25613f4_trimesh_000.obj,0.0,0
abc_00004529_f930e8d581954005adfd5d39_trimesh_000.obj,0.0,0
abc_00004537_671ca20207bf44269953cc33_trimesh_003.obj,0.0,0
abc_00004539_a9de53e862dd4ad197873cc0_trimesh_001.obj,0.0,0
abc_00004551_7d8ef6c508d649a3bd208a47_trimesh_002.obj,0.0,0
abc_00004554_7d8ef6c508d649a3bd208a47_trimesh_005.obj,0.0,0
abc_00004573_044763f9258c48bb92a22aa8_trimesh_000.obj,0.0,0
abc_00004594_ee924c64f16c4e15bc14d8ab_trimesh_000.obj,0.0,0
abc_00004618_3b6de5b6816c4a089c64ec20_trimesh_000.obj,0.0,0
abc_00004619_3dc4ec66fde64a1fb6527b4f_trimesh_000.obj,0.0,0
abc_00004639_baf77661114341479c1cc071_trimesh_000.obj,0.0,0
abc_00004640_b65138ec4a0b4cfcb5abe830_trimesh_000.obj,0.0,0
abc_00004642_0fb5a9a4791542bfbe291b8c_trimesh_001.obj,0.0,0
abc_00004647_50c6a7655c3a4fc2bf31808e_trimesh_002.obj,0.0,0
abc_00004656_d580779d75894bb291e63623_trimesh_007.obj,0.0,0
abc_00004684_0f4d984eef2647c4a2fcd01f_trimesh_000.obj,0.0,0
abc_00004701_5e32955b6a6546a9a1d8f64b_trimesh_000.obj,0.0,0
abc_00004706_ba569cff36cc4316b623ab23_trimesh_001.obj,0.0,0
abc_00004721_9c428a57184f47ec9235ae67_trimesh_001.obj,0.0,0
abc_00004733_7f37dc7e41c24893bbf01471_trimesh_000.obj,0.0,0
abc_00004734_1c8688b494ca410495cced61_trimesh_000.obj,0.0,0
abc_00004744_9381ca84764640298ab6da0d_trimesh_000.obj,0.0,0
abc_00004776_29ce3eb9259f4becb9a5e526_trimesh_022.obj,0.0,0
abc_00004777_29ce3eb9259f4becb9a5e526_trimesh_023.obj,0.0,0
abc_00004790_29ce3eb9259f4becb9a5e526_trimesh_036.obj,0.0,0
abc_00004797_29ce3eb9259f4becb9a5e526_trimesh_043.obj,0.0,0
abc_00004805_29ce3eb9259f4becb9a5e526_trimesh_051.obj,0.0,0
abc_00004807_29ce3eb9259f4becb9a5e526_trimesh_053.obj,0.0,0
abc_00004809_29ce3eb9259f4becb9a5e526_trimesh_055.obj,0.0,0
abc_00004833_29ce3eb9259f4becb9a5e526_trimesh_079.obj,0.0,0
abc_00004835_29ce3eb9259f4becb9a5e526_trimesh_081.obj,0.0,0
abc_00004849_29ce3eb9259f4becb9a5e526_trimesh_095.obj,0.0,0
abc_00004855_29ce3eb9259f4becb9a5e526_trimesh_101.obj,0.0,0
abc_00004857_29ce3eb9259f4becb9a5e526_trimesh_103.obj,0.0,0
abc_00004870_29ce3eb9259f4becb9a5e526_trimesh_116.obj,0.0,0
abc_00004883_29ce3eb9259f4becb9a5e526_trimesh_129.obj,0.0,0
abc_00004887_29ce3eb9259f4becb9a5e526_trimesh_133.obj,0.0,0
abc_00004893_29ce3eb9259f4becb9a5e526_trimesh_139.obj,0.0,0
abc_00004895_29ce3eb9259f4becb9a5e526_trimesh_141.obj,0.0,0
abc_00004899_29ce3eb9259f4becb9a5e526_trimesh_145.obj,0.0,0
abc_00004900_29ce3eb9259f4becb9a5e526_trimesh_146.obj,0.0,0
abc_00004909_4d0817c82a684de48cbe9816_trimesh_000.obj,0.0,0
abc_00004935_42840156b4aa4709ab90d3f9_trimesh_001.obj,0.0,0
abc_00004938_d6f9da33017048c683ac514f_trimesh_002.obj,0.0,0
abc_00004951_d6f9da33017048c683ac514f_trimesh_015.obj,0.0,0
abc_00004952_d6f9da33017048c683ac514f_trimesh_016.obj,0.0,0
abc_00004957_d6f9da33017048c683ac514f_trimesh_021.obj,0.0,0
abc_00004970_d6f9da33017048c683ac514f_trimesh_034.obj,0.0,0
abc_00004974_d6f9da33017048c683ac514f_trimesh_038.obj,0.0,0
abc_00004975_d6f9da33017048c683ac514f_trimesh_039.obj,0.0,0
abc_00004985_d6f9da33017048c683ac514f_trimesh_049.obj,0.0,0
abc_00004986_d6f9da33017048c683ac514f_trimesh_050.obj,0.0,0
abc_00004989_d6f9da33017048c683ac514f_trimesh_053.obj,0.0,0
abc_00004996_d6f9da33017048c683ac514f_trimesh_060.obj,0.0,0
abc_00005010_97731583b3104939acf30c9a_trimesh_005.obj,0.0,0
abc_00005013_5001e2de07c44b8ab04f8ce7_trimesh_000.obj,0.0,0
abc_00005025_38e260715fbb4c19bab37a75_trimesh_001.obj,0.0,0
abc_00005040_51a7e299c47e4228b019c74b_trimesh_006.obj,0.0,0
abc_00005041_51a7e299c47e4228b019c74b_trimesh_007.obj,0.0,0
abc_00005051_d29ff8e74a0f49809e533f48_trimesh_003.obj,0.0,0
abc_00005055_d29ff8e74a0f49809e533f48_trimesh_007.obj,0.0,0
abc_00005066_d29ff8e74a0f49809e533f48_trimesh_018.obj,0.0,0
abc_00005082_9a19028ec476443d95ce902a_trimesh_002.obj,0.0,0
abc_00005092_c5feaa3ac05c4f43abf1e725_trimesh_002.obj,0.0,0
abc_00005099_c5feaa3ac05c4f43abf1e725_trimesh_009.obj,0.0,0
abc_00005103_f00fdbe69a2f4524a58ad1d6_trimesh_002.obj,0.0,0
abc_00005104_f00fdbe69a2f4524a58ad1d6_trimesh_003.obj,0.0,0
abc_00005112_a4d13a0ea546408bb7e08479_trimesh_005.obj,0.0,0
abc_00005116_8df83a229f094c96a1198497_trimesh_002.obj,0.0,0
abc_00005125_c4185a5498ce4a2f86e6f014_trimesh_004.obj,0.0,0
abc_00005126_c4185a5498ce4a2f86e6f014_trimesh_005.obj,0.0,0
abc_00005128_b1721210d59544ada810caa1_trimesh_001.obj,0.0,0
abc_00005129_b1721210d59544ada810caa1_trimesh_002.obj,0.0,0
abc_00005177_e85b98fbe73143b9b7ce7b73_trimesh_001.obj,0.0,0
abc_00005178_e85b98fbe73143b9b7ce7b73_trimesh_002.obj,0.0,0
abc_00005180_e85b98fbe73143b9b7ce7b73_trimesh_004.obj,0.0,0
abc_00005189_e85b98fbe73143b9b7ce7b73_trimesh_013.obj,0.0,0
abc_00005225_e85b98fbe73143b9b7ce7b73_trimesh_049.obj,0.0,0
abc_00005255_bacfba9898a6423d833880ae_trimesh_004.obj,0.0,0
abc_00005256_bacfba9898a6423d833880ae_trimesh_005.obj,0.0,0
abc_00005257_bacfba9898a6423d833880ae_trimesh_006.obj,0.0,0
abc_00005261_bacfba9898a6423d833880ae_trimesh_010.obj,0.0,0
abc_00005268_a8ded82a1fd74021ac459ffb_trimesh_004.obj,0.0,0
abc_00005270_a8ded82a1fd74021ac459ffb_trimesh_006.obj,0.0,0
abc_00005274_a8ded82a1fd74021ac459ffb_trimesh_010.obj,0.0,0
abc_00005278_a8ded82a1fd74021ac459ffb_trimesh_014.obj,0.0,0
abc_00005283_a8ded82a1fd74021ac459ffb_trimesh_019.obj,0.0,0
abc_00005288_8a58a06c9bba479a9127d831_trimesh_000.obj,0.0,0
abc_00005292_7bf855de16b54fb6add38973_trimesh_002.obj,0.0,0
abc_00005310_9eb3b088ee874600bb384ad5_trimesh_002.obj,0.0,0
abc_00005311_9eb3b088ee874600bb384ad5_trimesh_003.obj,0.0,0
abc_00005312_9eb3b088ee874600bb384ad5_trimesh_004.obj,0.0,0
abc_00005314_9eb3b088ee874600bb384ad5_trimesh_006.obj,0.0,0
abc_00005319_9eb3b088ee874600bb384ad5_trimesh_011.obj,0.0,0
abc_00005320_9eb3b088ee874600bb384ad5_trimesh_012.obj,0.0,0
abc_00005321_9eb3b088ee874600bb384ad5_trimesh_013.obj,0.0,0
abc_00005322_9eb3b088ee874600bb384ad5_trimesh_014.obj,0.0,0
abc_00005359_264a4d4786e34d9898f87b2d_trimesh_000.obj,0.0,0
abc_00005367_264a4d4786e34d9898f87b2d_trimesh_008.obj,0.0,0
abc_00005370_264a4d4786e34d9898f87b2d_trimesh_011.obj,0.0,0
abc_00005377_264a4d4786e34d9898f87b2d_trimesh_018.obj,0.0,0
abc_00005383_264a4d4786e34d9898f87b2d_trimesh_024.obj,0.0,0
abc_00005400_82e81ca0cde24645852f50f3_trimesh_004.obj,0.0,0
abc_00005402_82e81ca0cde24645852f50f3_trimesh_006.obj,0.0,0
abc_00005414_6477e8ad02554200884775b4_trimesh_001.obj,0.0,0
abc_00005422_6477e8ad02554200884775b4_trimesh_009.obj,0.0,0
abc_00005439_19cdae3511744c81a1e86391_trimesh_000.obj,0.0,0
abc_00005443_8a4327334ab1443dae44fd75_trimesh_000.obj,0.0,0
abc_00005445_3c849aec1cc940888a3d827b_trimesh_000.obj,0.0,0
abc_00005447_2ccd2dfb9ffc4cf29e94e0cf_trimesh_001.obj,0.0,0
abc_00005453_2ccd2dfb9ffc4cf29e94e0cf_trimesh_007.obj,0.0,0
abc_00005457_2ccd2dfb9ffc4cf29e94e0cf_trimesh_011.obj,0.0,0
abc_00005461_2ccd2dfb9ffc4cf29e94e0cf_trimesh_015.obj,0.0,0
abc_00005490_315403c3759345ca9b2768d7_trimesh_009.obj,0.0,0
abc_00005507_fe86467a300e4511abf78b3a_trimesh_000.obj,0.0,0
abc_00005511_d4d5a3c91ba445c2b24cdf18_trimesh_003.obj,0.0,0
abc_00005513_d4d5a3c91ba445c2b24cdf18_trimesh_005.obj,0.0,0
t10k_100330.obj,0.0,0
t10k_1005287.obj,0.0,0
t10k_100639.obj,0.0,0
t10k_100730.obj,0.0,0
t10k_100831.obj,0.0,0
t10k_101340.obj,0.0,0
t10k_1015841.obj,0.0,0
t10k_1015842.obj,0.0,0
t10k_1017017.obj,0.0,0
t10k_1017019.obj,0.0,0
t10k_101864.obj,0.0,0
t10k_101865.obj,0.0,0
t10k_1036309.obj,0.0,0
t10k_1036428.obj,0.0,0
t10k_1037021.obj,0.0,0
t10k_104187.obj,0.0,0
t10k_104290.obj,0.0,0
t10k_104930.obj,0.0,0
t10k_105103.obj,0.0,0
t10k_105326.obj,0.0,0
t10k_1053874.obj,0.0,0
t10k_1055250.obj,0.0,0
t10k_105765.obj,0.0,0
t10k_105804.obj,0.0,0
t10k_105862.obj,0.0,0
t10k_105875.obj,0.0,0
t10k_105924.obj,0.0,0
t10k_1064467.obj,0.0,0
t10k_106782.obj,0.0,0
t10k_107069.obj,0.0,0
t10k_107071.obj,0.0,0
t10k_1075457.obj,0.0,0
t10k_107558.obj,0.0,0
t10k_1079827.obj,0.0,0
t10k_108199.obj,0.0,0
t10k_1082149.obj,0.0,0
t10k_108452.obj,0.0,0
t10k_108517.obj,0.0,0
t10k_1087135.obj,0.0,0
t10k_1088056.obj,0.0,0
t10k_1093140.obj,0.0,0
t10k_109344.obj,0.0,0
t10k_109459.obj,0.0,0
t10k_1099672.obj,0.0,0
t10k_110025.obj,0.0,0
t10k_110173.obj,0.0,0
t10k_110445.obj,0.0,0
t10k_110707.obj,0.0,0
t10k_110803.obj,0.0,0
t10k_110905.obj,0.0,0
t10k_110907.obj,0.0,0
t10k_110911.obj,0.0,0
t10k_110955.obj,0.0,0
t10k_111046.obj,0.0,0
t10k_111048.obj,0.0,0
t10k_111394.obj,0.0,0
t10k_1120776.obj,0.0,0
t10k_1120779.obj,0.0,0
t10k_112542.obj,0.0,0
t10k_112544.obj,0.0,0
t10k_1126615.obj,0.0,0
t10k_112916.obj,0.0,0
t10k_112925.obj,0.0,0
t10k_112927.obj,0.0,0
t10k_112929.obj,0.0,0
t10k_1129818.obj,0.0,0
t10k_113125.obj,0.0,0
t10k_113127.obj,0.0,0
t10k_1131601.obj,0.0,0
t10k_114020.obj,0.0,0
t10k_114077.obj,0.0,0
t10k_1146171.obj,0.0,0
t10k_1146183.obj,0.0,0
t10k_1174395.obj,0.0,0
t10k_1174397.obj,0.0,0
t10k_1176418.obj,0.0,0
t10k_117951.obj,0.0,0
t10k_118302.obj,0.0,0
t10k_118304.obj,0.0,0
t10k_118657.obj,0.0,0
t10k_119051.obj,0.0,0
t10k_1207657.obj,0.0,0
t10k_122126.obj,0.0,0
t10k_1224384.obj,0.0,0
t10k_1228190.obj,0.0,0
t10k_124336.obj,0.0,0
t10k_124370.obj,0.0,0
t10k_128482.obj,0.0,0
t10k_129051.obj,0.0,0
t10k_130037.obj,0.0,0
t10k_1307399.obj,0.0,0
t10k_130969.obj,0.0,0
t10k_1312953.obj,0.0,0
t10k_131329.obj,0.0,0
t10k_1313542.obj,0.0,0
t10k_131443.obj,0.0,0
t10k_1315843.obj,0.0,0
t10k_1315844.obj,0.0,0
t10k_132056.obj,0.0,0
t10k_1327299.obj,0.0,0
t10k_133582.obj,0.0,0
t10k_1344041.obj,0.0,0
t10k_1344059.obj,0.0,0
t10k_1344060.obj,0.0,0
t10k_1356650.obj,0.0,0
t10k_1356651.obj,0.0,0
t10k_1368076.obj,0.0,0
t10k_138197.obj,0.0,0
t10k_1387346.obj,0.0,0
t10k_139430.obj,0.0,0
t10k_1395585.obj,0.0,0
t10k_1396898.obj,0.0,0
t10k_139763.obj,0.0,0
t10k_140511.obj,0.0,0
t10k_1417963.obj,0.0,0
t10k_1451899.obj,0.0,0
t10k_1452677.obj,0.0,0
t10k_1452681.obj,0.0,0
t10k_145330.obj,0.0,0
t10k_145419.obj,0.0,0
t10k_1455627.obj,0.0,0
t10k_1458676.obj,0.0,0
t10k_1504272.obj,0.0,0
t10k_1505017.obj,0.0,0
t10k_1505025.obj,0.0,0
t10k_1516886.obj,0.0,0
t10k_1527409.obj,0.0,0
t10k_153961.obj,0.0,0
t10k_1582376.obj,0.0,0
t10k_1582420.obj,0.0,0
t10k_1582428.obj,0.0,0
t10k_1582436.obj,0.0,0
t10k_1601406.obj,0.0,0
t10k_1614064.obj,0.0,0
t10k_161717.obj,0.0,0
t10k_161718.obj,0.0,0
t10k_1628449.obj,0.0,0
t10k_1681118.obj,0.0,0
t10k_1681119.obj,0.0,0
t10k_1681124.obj,0.0,0
t10k_1681235.obj,0.0,0
t10k_1722413.obj,0.0,0
t10k_1722423.obj,0.0,0
t10k_1750620.obj,0.0,0
t10k_1772593.obj,0.0,0
t10k_178199.obj,0.0,0
t10k_186541.obj,0.0,0
t10k_196211.obj,0.0,0
t10k_199660.obj,0.0,0
t10k_200973.obj,0.0,0
t10k_201962.obj,0.0,0
t10k_203284.obj,0.0,0
t10k_203285.obj,0.0,0
t10k_203287.obj,0.0,0
t10k_203983.obj,0.0,0
t10k_204392.obj,0.0,0
t10k_206492.obj,0.0,0
t10k_208721.obj,0.0,0
t10k_211915.obj,0.0,0
t10k_212094.obj,0.0,0
t10k_217020.obj,0.0,0
t10k_222140.obj,0.0,0
t10k_225966.obj,0.0,0
t10k_225969.obj,0.0,0
t10k_239188.obj,0.0,0
t10k_242222.obj,0.0,0
t10k_247069.obj,0.0,0
t10k_247517.obj,0.0,0
t10k_250767.obj,0.0,0
t10k_255237.obj,0.0,0
t10k_255496.obj,0.0,0
t10k_257587.obj,0.0,0
t10k_257590.obj,0.0,0
t10k_263995.obj,0.0,0
t10k_265590.obj,0.0,0
t10k_267853.obj,0.0,0
t10k_269126.obj,0.0,0
t10k_278457.obj,0.0,0
t10k_280282.obj,0.0,0
t10k_280283.obj,0.0,0
t10k_285605.obj,0.0,0
t10k_288801.obj,0.0,0
t10k_288802.obj,0.0,0
t10k_289665.obj,0.0,0
t10k_289691.obj,0.0,0
t10k_294010.obj,0.0,0
t10k_298323.obj,0.0,0
t10k_301888.obj,0.0,0
t10k_301926.obj,0.0,0
t10k_301933.obj,0.0,0
t10k_306466.obj,0.0,0
t10k_313444.obj,0.0,0
t10k_313879.obj,0.0,0
t10k_313917.obj,0.0,0
t10k_314003.obj,0.0,0
t10k_316358.obj,0.0,0
t10k_331754.obj,0.0,0
t10k_331784.obj,0.0,0
t10k_338910.obj,0.0,0
t10k_343548.obj,0.0,0
t10k_34783.obj,0.0,0
t10k_36075.obj,0.0,0
t10k_366724.obj,0.0,0
t10k_367344.obj,0.0,0
t10k_369989.obj,0.0,0
t10k_370988.obj,0.0,0
t10k_375251.obj,0.0,0
t10k_376245.obj,0.0,0
t10k_37868.obj,0.0,0
t10k_384098.obj,0.0,0
t10k_385609.obj,0.0,0
t10k_38645.obj,0.0,0
t10k_386839.obj,0.0,0
t10k_387223.obj,0.0,0
t10k_388570.obj,0.0,0
t10k_388632.obj,0.0,0
t10k_39123.obj,0.0,0
t10k_39208.obj,0.0,0
t10k_39347.obj,0.0,0
t10k_39643.obj,0.0,0
t10k_40176.obj,0.0,0
t10k_40360.obj,0.0,0
t10k_40361.obj,0.0,0
t10k_40583.obj,0.0,0
t10k_40663.obj,0.0,0
t10k_40986.obj,0.0,0
t10k_41081.obj,0.0,0
t10k_41089.obj,0.0,0
t10k_41521.obj,0.0,0
t10k_41929.obj,0.0,0
t10k_41930.obj,0.0,0
t10k_42025.obj,0.0,0
t10k_42036.obj,0.0,0
t10k_42046.obj,0.0,0
t10k_42192.obj,0.0,0
t10k_422370.obj,0.0,0
t10k_42500.obj,0.0,0
t10k_42721.obj,0.0,0
t10k_43188.obj,0.0,0
t10k_43389.obj,0.0,0
t10k_43393.obj,0.0,0
t10k_437347.obj,0.0,0
t10k_437375.obj,0.0,0
t10k_43769.obj,0.0,0
t10k_439142.obj,0.0,0
t10k_44037.obj,0.0,0
t10k_44384.obj,0.0,0
t10k_44396.obj,0.0,0
t10k_44398.obj,0.0,0
t10k_44740.obj,0.0,0
t10k_44874.obj,0.0,0
t10k_45009.obj,0.0,0
t10k_451676.obj,0.0,0
t10k_45514.obj,0.0,0
t10k_462512.obj,0.0,0
t10k_46541.obj,0.0,0
t10k_47088.obj,0.0,0
t10k_47089.obj,0.0,0
t10k_471994.obj,0.0,0
t10k_472012.obj,0.0,0
t10k_472026.obj,0.0,0
t10k_472039.obj,0.0,0
t10k_472043.obj,0.0,0
t10k_472056.obj,0.0,0
t10k_472083.obj,0.0,0
t10k_472092.obj,0.0,0
t10k_472131.obj,0.0,0
t10k_472150.obj,0.0,0
t10k_472204.obj,0.0,0
t10k_474712.obj,0.0,0
t10k_48131.obj,0.0,0
t10k_482738.obj,0.0,0
t10k_48495.obj,0.0,0
t10k_48554.obj,0.0,0
t10k_48949.obj,0.0,0
t10k_49546.obj,0.0,0
t10k_496673.obj,0.0,0
t10k_498431.obj,0.0,0
t10k_498461.obj,0.0,0
t10k_49886.obj,0.0,0
t10k_49888.obj,0.0,0
t10k_500112.obj,0.0,0
t10k_500117.obj,0.0,0
t10k_50098.obj,0.0,0
t10k_501150.obj,0.0,0
t10k_502009.obj,0.0,0
t10k_50410.obj,0.0,0
t10k_50881.obj,0.0,0
t10k_51142.obj,0.0,0
t10k_51354.obj,0.0,0
t10k_51508.obj,0.0,0
t10k_51639.obj,0.0,0
t10k_51643.obj,0.0,0
t10k_51653.obj,0.0,0
t10k_518082.obj,0.0,0
t10k_520644.obj,0.0,0
t10k_520647.obj,0.0,0
t10k_52072.obj,0.0,0
t10k_52858.obj,0.0,0
t10k_52861.obj,0.0,0
t10k_53404.obj,0.0,0
t10k_53430.obj,0.0,0
t10k_53439.obj,0.0,0
t10k_53520.obj,0.0,0
t10k_55092.obj,0.0,0
t10k_55583.obj,0.0,0
t10k_557388.obj,0.0,0
t10k_56095.obj,0.0,0
t10k_56527.obj,0.0,0
t10k_56892.obj,0.0,0
t10k_570154.obj,0.0,0
t10k_57179.obj,0.0,0
t10k_57420.obj,0.0,0
t10k_57896.obj,0.0,0
t10k_579054.obj,0.0,0
t10k_579055.obj,0.0,0
t10k_57909.obj,0.0,0
t10k_579370.obj,0.0,0
t10k_58007.obj,0.0,0
t10k_58051.obj,0.0,0
t10k_58053.obj,0.0,0
t10k_58877.obj,0.0,0
t10k_591226.obj,0.0,0
t10k_591246.obj,0.0,0
t10k_59230.obj,0.0,0
t10k_59766.obj,0.0,0
t10k_601646.obj,0.0,0
t10k_60172.obj,0.0,0
t10k_60246.obj,0.0,0
t10k_60813.obj,0.0,0
t10k_60843.obj,0.0,0
t10k_60847.obj,0.0,0
t10k_60863.obj,0.0,0
t10k_61194.obj,0.0,0
t10k_61200.obj,0.0,0
t10k_613661.obj,0.0,0
t10k_61765.obj,0.0,0
t10k_619671.obj,0.0,0
t10k_622001.obj,0.0,0
t10k_62288.obj,0.0,0
t10k_62592.obj,0.0,0
t10k_63461.obj,0.0,0
t10k_63556.obj,0.0,0
t10k_635754.obj,0.0,0
t10k_63942.obj,0.0,0
t10k_64988.obj,0.0,0
t10k_64989.obj,0.0,0
t10k_650186.obj,0.0,0
t10k_65444.obj,0.0,0
t10k_65608.obj,0.0,0
t10k_66479.obj,0.0,0
t10k_668419.obj,0.0,0
t10k_679618.obj,0.0,0
t10k_68215.obj,0.0,0
t10k_68334.obj,0.0,0
t10k_68500.obj,0.0,0
t10k_68647.obj,0.0,0
t10k_68656.obj,0.0,0
t10k_688370.obj,0.0,0
t10k_693468.obj,0.0,0
t10k_69880.obj,0.0,0
t10k_700904.obj,0.0,0
t10k_700908.obj,0.0,0
t10k_702398.obj,0.0,0
t10k_702412.obj,0.0,0
t10k_702426.obj,0.0,0
t10k_702427.obj,0.0,0
t10k_70378.obj,0.0,0
t10k_70558.obj,0.0,0
t10k_70833.obj,0.0,0
t10k_71157.obj,0.0,0
t10k_71693.obj,0.0,0
t10k_72016.obj,0.0,0
t10k_72227.obj,0.0,0
t10k_72361.obj,0.0,0
t10k_723831.obj,0.0,0
t10k_72607.obj,0.0,0
t10k_72611.obj,0.0,0
t10k_73068.obj,0.0,0
t10k_73084.obj,0.0,0
t10k_73160.obj,0.0,0
t10k_73432.obj,0.0,0
t10k_73470.obj,0.0,0
t10k_73737.obj,0.0,0
t10k_73739.obj,0.0,0
t10k_740251.obj,0.0,0
t10k_74448.obj,0.0,0
t10k_74470.obj,0.0,0
t10k_74494.obj,0.0,0
t10k_74690.obj,0.0,0
t10k_75092.obj,0.0,0
t10k_75549.obj,0.0,0
t10k_75653.obj,0.0,0
t10k_75665.obj,0.0,0
t10k_75991.obj,0.0,0
t10k_76204.obj,0.0,0
t10k_762589.obj,0.0,0
t10k_763724.obj,0.0,0
t10k_76901.obj,0.0,0
t10k_77463.obj,0.0,0
t10k_77525.obj,0.0,0
t10k_779964.obj,0.0,0
t10k_779966.obj,0.0,0
t10k_78299.obj,0.0,0
t10k_78737.obj,0.0,0
t10k_78738.obj,0.0,0
t10k_789072.obj,0.0,0
t10k_79787.obj,0.0,0
t10k_79960.obj,0.0,0
t10k_80364.obj,0.0,0
t10k_804299.obj,0.0,0
t10k_80597.obj,0.0,0
t10k_80752.obj,0.0,0
t10k_80904.obj,0.0,0
t10k_81130.obj,0.0,0
t10k_81141.obj,0.0,0
t10k_81145.obj,0.0,0
t10k_81259.obj,0.0,0
t10k_81307.obj,0.0,0
t10k_81310.obj,0.0,0
t10k_815478.obj,0.0,0
t10k_81776.obj,0.0,0
t10k_82063.obj,0.0,0
t10k_82407.obj,0.0,0
t10k_82722.obj,0.0,0
t10k_83005.obj,0.0,0
t10k_834595.obj,0.0,0
t10k_83490.obj,0.0,0
t10k_838515.obj,0.0,0
t10k_84625.obj,0.0,0
t10k_84642.obj,0.0,0
t10k_84975.obj,0.0,0
t10k_852175.obj,0.0,0
t10k_85440.obj,0.0,0
t10k_85493.obj,0.0,0
t10k_85534.obj,0.0,0
t10k_856328.obj,0.0,0
t10k_85800.obj,0.0,0
t10k_858853.obj,0.0,0
t10k_86236.obj,0.0,0
t10k_87075.obj,0.0,0
t10k_87519.obj,0.0,0
t10k_88152.obj,0.0,0
t10k_88383.obj,0.0,0
t10k_88581.obj,0.0,0
t10k_88615.obj,0.0,0
t10k_888455.obj,0.0,0
t10k_894831.obj,0.0,0
t10k_90283.obj,0.0,0
t10k_903533.obj,0.0,0
t10k_90439.obj,0.0,0
t10k_90441.obj,0.0,0
t10k_90442.obj,0.0,0
t10k_904474.obj,0.0,0
t10k_908460.obj,0.0,0
t10k_91139.obj,0.0,0
t10k_914685.obj,0.0,0
t10k_91469.obj,0.0,0
t10k_91588.obj,0.0,0
t10k_91610.obj,0.0,0
t10k_91659.obj,0.0,0
t10k_91917.obj,0.0,0
t10k_919992.obj,0.0,0
t10k_92068.obj,0.0,0
t10k_92116.obj,0.0,0
t10k_921797.obj,0.0,0
t10k_92420.obj,0.0,0
t10k_93071.obj,0.0,0
t10k_93101.obj,0.0,0
t10k_931874.obj,0.0,0
t10k_94148.obj,0.0,0
t10k_94675.obj,0.0,0
t10k_953787.obj,0.0,0
t10k_95409.obj,0.0,0
t10k_95421.obj,0.0,0
t10k_95434.obj,0.0,0
t10k_95489.obj,0.0,0
t10k_95500.obj,0.0,0
t10k_95797.obj,0.0,0
t10k_958471.obj,0.0,0
t10k_96068.obj,0.0,0
t10k_96123.obj,0.0,0
t10k_96269.obj,0.0,0
t10k_96541.obj,0.0,0
t10k_96777.obj,0.0,0
t10k_96779.obj,0.0,0
t10k_97254.obj,0.0,0
t10k_97591.obj,0.0,0
t10k_97595.obj,0.0,0
t10k_976646.obj,0.0,0
t10k_97866.obj,0.0,0
t10k_98009.obj,0.0,0
t10k_985159.obj,0.0,0
t10k_98657.obj,0.0,0
t10k_98660.obj,0.0,0
t10k_98667.obj,0.0,0
t10k_98671.obj,0.0,0
t10k_98936.obj,0.0,0
t10k_993954.obj,0.0,0
t10k_99896.obj,0.0,0
device_03_degenerate_0000.obj,0.0,1
device_03_degenerate_0001.obj,0.0,1
device_03_degenerate_0002.obj,0.0,1
device_03_degenerate_0003.obj,0.0,1
device_03_degenerate_0004.obj,0.0,1
device_03_degenerate_0005.obj,0.0,1
device_03_degenerate_0006.obj,0.0,1
device_03_degenerate_0007.obj,0.0,1
device_03_degenerate_0008.obj,0.0,1
device_03_degenerate_0009.obj,0.0,1
device_03_degenerate_0010.obj,0.0,1
device_03_degenerate_0011.obj,0.0,1
device_03_degenerate_0012.obj,0.0,1
device_03_degenerate_0013.obj,0.0,1
device_03_degenerate_0014.obj,0.0,1
device_03_degenerate_0015.obj,0.0,1
device_03_degenerate_0016.obj,0.0,1
device_03_degenerate_0017.obj,0.0,1
device_03_degenerate_0018.obj,0.0,1
device_03_degenerate_0019.obj,0.0,1
device_03_degenerate_0020.obj,0.0,1
device_03_degenerate_0021.obj,0.0,1
device_03_degenerate_0022.obj,0.0,1
device_03_degenerate_0023.obj,0.0,1
device_03_degenerate_0024.obj,0.0,1
device_03_disconnected_0000.obj,0.0,1
device_03_disconnected_0001.obj,0.0,1
device_03_disconnected_0002.obj,0.0,1
device_03_disconnected_0003.obj,0.0,1
device_03_disconnected_0004.obj,0.0,1
device_03_disconnected_0005.obj,0.0,1
device_03_disconnected_0006.obj,0.0,1
device_03_disconnected_0007.obj,0.0,1
device_03_disconnected_0008.obj,0.0,1
device_03_disconnected_0009.obj,0.0,1
device_03_disconnected_0010.obj,0.0,1
device_03_disconnected_0011.obj,0.0,1
device_03_disconnected_0012.obj,0.0,1
device_03_disconnected_0013.obj,0.0,1
device_03_disconnected_0014.obj,0.0,1
device_03_disconnected_0015.obj,0.0,1
device_03_disconnected_0016.obj,0.0,1
device_03_disconnected_0017.obj,0.0,1
device_03_disconnected_0018.obj,0.0,1
device_03_disconnected_0019.obj,0.0,1
device_03_disconnected_0020.obj,0.0,1
device_03_disconnected_0021.obj,0.0,1
device_03_disconnected_0022.obj,0.0,1
device_03_disconnected_0023.obj,0.0,1
device_03_disconnected_0024.obj,0.0,1
device_03_faceswap_0000.obj,0.0,1
device_03_faceswap_0001.obj,0.0,1
device_03_faceswap_0002.obj,0.0,1
device_03_faceswap_0003.obj,0.0,1
device_03_faceswap_0004.obj,0.0,1
device_03_faceswap_0005.obj,0.0,1
device_03_faceswap_0006.obj,0.0,1
device_03_faceswap_0007.obj,0.0,1
device_03_faceswap_0008.obj,0.0,1
device_03_faceswap_0009.obj,0.0,1
device_03_faceswap_0010.obj,0.0,1
device_03_faceswap_0011.obj,0.0,1
device_03_faceswap_0012.obj,0.0,1
device_03_faceswap_0013.obj,0.0,1
device_03_faceswap_0014.obj,0.0,1
device_03_faceswap_0015.obj,0.0,1
device_03_faceswap_0016.obj,0.0,1
device_03_faceswap_0017.obj,0.0,1
device_03_faceswap_0018.obj,0.0,1
device_03_faceswap_0019.obj,0.0,1
device_03_faceswap_0020.obj,0.0,1
device_03_faceswap_0021.obj,0.0,1
device_03_faceswap_0022.obj,0.0,1
device_03_faceswap_0023.obj,0.0,1
device_03_faceswap_0024.obj,0.0,1
device_03_jitter_0000.obj,0.0,1
device_03_jitter_0001.obj,0.0,1
device_03_jitter_0002.obj,0.0,1
device_03_jitter_0003.obj,0.0,1
device_03_jitter_0004.obj,0.0,1
device_03_jitter_0005.obj,0.0,1
device_03_jitter_0006.obj,0.0,1
device_03_jitter_0007.obj,0.0,1
device_03_jitter_0008.obj,0.0,1
device_03_jitter_0009.obj,0.0,1
device_03_jitter_0010.obj,0.0,1
device_03_jitter_0011.obj,0.0,1
device_03_jitter_0012.obj,0.0,1
device_03_jitter_0013.obj,0.0,1
device_03_jitter_0014.obj,0.0,1
device_03_jitter_0015.obj,0.0,1
device_03_jitter_0016.obj,0.0,1
device_03_jitter_0017.obj,0.0,1
device_03_jitter_0018.obj,0.0,1
device_03_jitter_0019.obj,0.0,1
device_03_jitter_0020.obj,0.0,1
device_03_jitter_0021.obj,0.0,1
device_03_jitter_0022.obj,0.0,1
device_03_jitter_0023.obj,0.0,1
device_03_jitter_0024.obj,0.0,1
device_03_rigid_0000.obj,0.0,1
device_03_rigid_0001.obj,0.0,1
device_03_rigid_0002.obj,0.0,1
device_03_rigid_0003.obj,0.0,1
device_03_rigid_0004.obj,0.0,1
device_03_rigid_0005.obj,0.0,1
device_03_rigid_0006.obj,0.0,1
device_03_rigid_0007.obj,0.0,1
device_03_rigid_0008.obj,0.0,1
device_03_rigid_0009.obj,0.0,1
device_03_rigid_0010.obj,0.0,1
device_03_rigid_0011.obj,0.0,1
device_03_rigid_0012.obj,0.0,1
device_03_rigid_0013.obj,0.0,1
device_03_rigid_0014.obj,0.0,1
device_03_rigid_0015.obj,0.0,1
device_03_rigid_0016.obj,0.0,1
device_03_rigid_0017.obj,0.0,1
device_03_rigid_0018.obj,0.0,1
device_03_rigid_0019.obj,0.0,1
device_03_rigid_0020.obj,0.0,1
device_03_rigid_0021.obj,0.0,1
device_03_rigid_0022.obj,0.0,1
device_03_rigid_0023.obj,0.0,1
device_03_rigid_0024.obj,0.0,1
device_03_tetwild_0000.obj,0.0,1
device_03_tetwild_0001.obj,0.0,1
device_03_tetwild_0002.obj,0.0,1
device_03_tetwild_0003.obj,0.0,1
device_03_tetwild_0004.obj,0.0,1
device_03_tetwild_0005.obj,0.0,1
device_03_tetwild_0006.obj,0.0,1
device_03_tetwild_0007.obj,0.0,1
device_03_tetwild_0008.obj,0.0,1
device_03_tetwild_0009.obj,0.0,1
device_03_tetwild_0010.obj,0.0,1
device_03_tetwild_0011.obj,0.0,1
device_03_tetwild_0012.obj,0.0,1
device_03_tetwild_0013.obj,0.0,1
device_03_tetwild_0014.obj,0.0,1
device_03_tetwild_0015.obj,0.0,1
device_03_tetwild_0016.obj,0.0,1
device_03_tetwild_0017.obj,0.0,1
device_03_tetwild_0018.obj,0.0,1
device_03_tetwild_0019.obj,0.0,1
device_03_tetwild_0020.obj,0.0,1
device_03_tetwild_0021.obj,0.0,1
device_03_tetwild_0022.obj,0.0,1
device_03_tetwild_0023.obj,0.0,1
device_03_tetwild_0024.obj,0.0,1
device_07_degenerate_0000.obj,0.0,1
device_07_degenerate_0001.obj,0.0,1
device_07_degenerate_0002.obj,0.0,1
device_07_degenerate_0003.obj,0.0,1
device_07_degenerate_0004.obj,0.0,1
device_07_degenerate_0005.obj,0.0,1
device_07_degenerate_0006.obj,0.0,1
device_07_degenerate_0007.obj,0.0,1
device_07_degenerate_0008.obj,0.0,1
device_07_degenerate_0009.obj,0.0,1
device_07_degenerate_0010.obj,0.0,1
device_07_degenerate_0011.obj,0.0,1
device_07_degenerate_0012.obj,0.0,1
device_07_degenerate_0013.obj,0.0,1
device_07_degenerate_0014.obj,0.0,1
device_07_degenerate_0015.obj,0.0,1
device_07_degenerate_0016.obj,0.0,1
device_07_degenerate_0017.obj,0.0,1
device_07_degenerate_0018.obj,0.0,1
device_07_degenerate_0019.obj,0.0,1
device_07_degenerate_0020.obj,0.0,1
device_07_degenerate_0021.obj,0.0,1
device_07_degenerate_0022.obj,0.0,1
device_07_degenerate_0023.obj,0.0,1
device_07_degenerate_0024.obj,0.0,1
device_07_disconnected_0000.obj,0.0,1
device_07_disconnected_0001.obj,0.0,1
device_07_disconnected_0002.obj,0.0,1
device_07_disconnected_0003.obj,0.0,1
device_07_disconnected_0004.obj,0.0,1
device_07_disconnected_0005.obj,0.0,1
device_07_disconnected_0006.obj,0.0,1
device_07_disconnected_0007.obj,0.0,1
device_07_disconnected_0008.obj,0.0,1
device_07_disconnected_0009.obj,0.0,1
device_07_disconnected_0010.obj,0.0,1
device_07_disconnected_0011.obj,0.0,1
device_07_disconnected_0012.obj,0.0,1
device_07_disconnected_0013.obj,0.0,1
device_07_disconnected_0014.obj,0.0,1
device_07_disconnected_0015.obj,0.0,1
device_07_disconnected_0016.obj,0.0,1
device_07_disconnected_0017.obj,0.0,1
device_07_disconnected_0018.obj,0.0,1
device_07_disconnected_0019.obj,0.0,1
device_07_disconnected_0020.obj,0.0,1
device_07_disconnected_0021.obj,0.0,1
device_07_disconnected_0022.obj,0.0,1
device_07_disconnected_0023.obj,0.0,1
device_07_disconnected_0024.obj,0.0,1
device_07_faceswap_0000.obj,0.0,1
device_07_faceswap_0001.obj,0.0,1
device_07_faceswap_0002.obj,0.0,1
device_07_faceswap_0003.obj,0.0,1
device_07_faceswap_0004.obj,0.0,1
device_07_faceswap_0005.obj,0.0,1
device_07_faceswap_0006.obj,0.0,1
device_07_faceswap_0007.obj,0.0,1
device_07_faceswap_0008.obj,0.0,1
device_07_faceswap_0009.obj,0.0,1
device_07_faceswap_0010.obj,0.0,1
device_07_faceswap_0011.obj,0.0,1
device_07_faceswap_0012.obj,0.0,1
device_07_faceswap_0013.obj,0.0,1
device_07_faceswap_0014.obj,0.0,1
device_07_faceswap_0015.obj,0.0,1
device_07_faceswap_0016.obj,0.0,1
device_07_faceswap_0017.obj,0.0,1
device_07_faceswap_0018.obj,0.0,1
device_07_faceswap_0019.obj,0.0,1
device_07_faceswap_0020.obj,0.0,1
device_07_faceswap_0021.obj,0.0,1
device_07_faceswap_0022.obj,0.0,1
device_07_faceswap_0023.obj,0.0,1
device_07_faceswap_0024.obj,0.0,1
device_07_jitter_0000.obj,0.0,1
device_07_jitter_0001.obj,0.0,1
device_07_jitter_0002.obj,0.0,1
device_07_jitter_0003.obj,0.0,1
device_07_jitter_0004.obj,0.0,1
device_07_jitter_0005.obj,0.0,1
device_07_jitter_0006.obj,0.0,1
device_07_jitter_0007.obj,0.0,1
device_07_jitter_0008.obj,0.0,1
device_07_jitter_0009.obj,0.0,1
device_07_jitter_0010.obj,0.0,1
device_07_jitter_0011.obj,0.0,1
device_07_jitter_0012.obj,0.0,1
device_07_jitter_0013.obj,0.0,1
device_07_jitter_0014.obj,0.0,1
device_07_jitter_0015.obj,0.0,1
device_07_jitter_0016.obj,0.0,1
device_07_jitter_0017.obj,0.0,1
device_07_jitter_0018.obj,0.0,1
device_07_jitter_0019.obj,0.0,1
device_07_jitter_0020.obj,0.0,1
device_07_jitter_0021.obj,0.0,1
device_07_jitter_0022.obj,0.0,1
device_07_jitter_0023.obj,0.0,1
device_07_jitter_0024.obj,0.0,1
device_07_rigid_0000.obj,0.0,1
device_07_rigid_0001.obj,0.0,1
device_07_rigid_0002.obj,0.0,1
device_07_rigid_0003.obj,0.0,1
device_07_rigid_0004.obj,0.0,1
device_07_rigid_0005.obj,0.0,1
device_07_rigid_0006.obj,0.0,1
device_07_rigid_0007.obj,0.0,1
device_07_rigid_0008.obj,0.0,1
device_07_rigid_0009.obj,0.0,1
device_07_rigid_0010.obj,0.0,1
device_07_rigid_0011.obj,0.0,1
device_07_rigid_0012.obj,0.0,1
device_07_rigid_0013.obj,0.0,1
device_07_rigid_0014.obj,0.0,1
device_07_rigid_0015.obj,0.0,1
device_07_rigid_0016.obj,0.0,1
device_07_rigid_0017.obj,0.0,1
device_07_rigid_0018.obj,0.0,1
device_07_rigid_0019.obj,0.0,1
device_07_rigid_0020.obj,0.0,1
device_07_rigid_0021.obj,0.0,1
device_07_rigid_0022.obj,0.0,1
device_07_rigid_0023.obj,0.0,1
device_07_rigid_0024.obj,0.0,1
device_07_tetwild_0000.obj,0.0,1
device_07_tetwild_0001.obj,0.0,1
device_07_tetwild_0002.obj,0.0,1
device_07_tetwild_0003.obj,0.0,1
device_07_tetwild_0004.obj,0.0,1
device_07_tetwild_0005.obj,0.0,1
device_07_tetwild_0006.obj,0.0,1
device_07_tetwild_0007.obj,0.0,1
device_07_tetwild_0008.obj,0.0,1
device_07_tetwild_0009.obj,0.0,1
device_07_tetwild_0010.obj,0.0,1
device_07_tetwild_0011.obj,0.0,1
device_07_tetwild_0012.obj,0.0,1
device_07_tetwild_0013.obj,0.0,1
device_07_tetwild_0014.obj,0.0,1
device_07_tetwild_0015.obj,0.0,1
device_07_tetwild_0016.obj,0.0,1
device_07_tetwild_0017.obj,0.0,1
device_07_tetwild_0018.obj,0.0,1
device_07_tetwild_0019.obj,0.0,1
device_07_tetwild_0020.obj,0.0,1
device_07_tetwild_0021.obj,0.0,1
device_07_tetwild_0022.obj,0.0,1
device_07_tetwild_0023.obj,0.0,1
device_07_tetwild_0024.obj,0.0,1
device_00_degenerate_0000.obj,0.0,1
device_00_degenerate_0001.obj,0.0,1
device_00_degenerate_0002.obj,0.0,1
device_00_degenerate_0003.obj,0.0,1
device_00_degenerate_0004.obj,0.0,1
device_00_degenerate_0005.obj,0.0,1
device_00_degenerate_0006.obj,0.0,1
device_00_degenerate_0007.obj,0.0,1
device_00_degenerate_0008.obj,0.0,1
device_00_degenerate_0009.obj,0.0,1
device_00_degenerate_0010.obj,0.0,1
device_00_degenerate_0011.obj,0.0,1
device_00_degenerate_0012.obj,0.0,1
device_00_degenerate_0013.obj,0.0,1
device_00_degenerate_0014.obj,0.0,1
device_00_degenerate_0015.obj,0.0,1
device_00_degenerate_0016.obj,0.0,1
device_00_degenerate_0017.obj,0.0,1
device_00_degenerate_0018.obj,0.0,1
device_00_degenerate_0019.obj,0.0,1
device_00_degenerate_0020.obj,0.0,1
device_00_degenerate_0021.obj,0.0,1
device_00_degenerate_0022.obj,0.0,1
device_00_degenerate_0023.obj,0.0,1
device_00_degenerate_0024.obj,0.0,1
device_00_disconnected_0000.obj,0.0,1
device_00_disconnected_0001.obj,0.0,1
device_00_disconnected_0002.obj,0.0,1
device_00_disconnected_0003.obj,0.0,1
device_00_disconnected_0004.obj,0.0,1
device_00_disconnected_0005.obj,0.0,1
device_00_disconnected_0006.obj,0.0,1
device_00_disconnected_0007.obj,0.0,1
device_00_disconnected_0008.obj,0.0,1
device_00_disconnected_0009.obj,0.0,1
device_00_disconnected_0010.obj,0.0,1
device_00_disconnected_0011.obj,0.0,1
device_00_disconnected_0012.obj,0.0,1
device_00_disconnected_0013.obj,0.0,1
device_00_disconnected_0014.obj,0.0,1
device_00_disconnected_0015.obj,0.0,1
device_00_disconnected_0016.obj,0.0,1
device_00_disconnected_0017.obj,0.0,1
device_00_disconnected_0018.obj,0.0,1
device_00_disconnected_0019.obj,0.0,1
device_00_disconnected_0020.obj,0.0,1
device_00_disconnected_0021.obj,0.0,1
device_00_disconnected_0022.obj,0.0,1
device_00_disconnected_0023.obj,0.0,1
device_00_disconnected_0024.obj,0.0,1
device_00_faceswap_0000.obj,0.0,1
device_00_faceswap_0001.obj,0.0,1
device_00_faceswap_0002.obj,0.0,1
device_00_faceswap_0003.obj,0.0,1
device_00_faceswap_0004.obj,0.0,1
device_00_faceswap_0005.obj,0.0,1
device_00_faceswap_0006.obj,0.0,1
device_00_faceswap_0007.obj,0.0,1
device_00_faceswap_0008.obj,0.0,1
device_00_faceswap_0009.obj,0.0,1
device_00_faceswap_0010.obj,0.0,1
device_00_faceswap_0011.obj,0.0,1
device_00_faceswap_0012.obj,0.0,1
device_00_faceswap_0013.obj,0.0,1
device_00_faceswap_0014.obj,0.0,1
device_00_faceswap_0015.obj,0.0,1
device_00_faceswap_0016.obj,0.0,1
device_00_faceswap_0017.obj,0.0,1
device_00_faceswap_0018.obj,0.0,1
device_00_faceswap_0019.obj,0.0,1
device_00_faceswap_0020.obj,0.0,1
device_00_faceswap_0021.obj,0.0,1
device_00_faceswap_0022.obj,0.0,1
device_00_faceswap_0023.obj,0.0,1
device_00_faceswap_0024.obj,0.0,1
device_00_jitter_0000.obj,0.0,1
device_00_jitter_0001.obj,0.0,1
device_00_jitter_0002.obj,0.0,1
device_00_jitter_0003.obj,0.0,1
device_00_jitter_0004.obj,0.0,1
device_00_jitter_0005.obj,0.0,1
device_00_jitter_0006.obj,0.0,1
device_00_jitter_0007.obj,0.0,1
device_00_jitter_0008.obj,0.0,1
device_00_jitter_0009.obj,0.0,1
device_00_jitter_0010.obj,0.0,1
device_00_jitter_0011.obj,0.0,1
device_00_jitter_0012.obj,0.0,1
device_00_jitter_0013.obj,0.0,1
device_00_jitter_0014.obj,0.0,1
device_00_jitter_0015.obj,0.0,1
device_00_jitter_0016.obj,0.0,1
device_00_jitter_0017.obj,0.0,1
device_00_jitter_0018.obj,0.0,1
device_00_jitter_0019.obj,0.0,1
device_00_jitter_0020.obj,0.0,1
device_00_jitter_0021.obj,0.0,1
device_00_jitter_0022.obj,0.0,1
device_00_jitter_0023.obj,0.0,1
device_00_jitter_0024.obj,0.0,1
device_00_rigid_0000.obj,0.0,1
device_00_rigid_0001.obj,0.0,1
device_00_rigid_0002.obj,0.0,1
device_00_rigid_0003.obj,0.0,1
device_00_rigid_0004.obj,0.0,1
device_00_rigid_0005.obj,0.0,1
device_00_rigid_0006.obj,0.0,1
device_00_rigid_0007.obj,0.0,1
device_00_rigid_0008.obj,0.0,1
device_00_rigid_0009.obj,0.0,1
device_00_rigid_0010.obj,0.0,1
device_00_rigid_0011.obj,0.0,1
device_00_rigid_0012.obj,0.0,1
device_00_rigid_0013.obj,0.0,1
device_00_rigid_0014.obj,0.0,1
device_00_rigid_0015.obj,0.0,1
device_00_rigid_0016.obj,0.0,1
device_00_rigid_0017.obj,0.0,1
device_00_rigid_0018.obj,0.0,1
device_00_rigid_0019.obj,0.0,1
device_00_rigid_0020.obj,0.0,1
device_00_rigid_0021.obj,0.0,1
device_00_rigid_0022.obj,0.0,1
device_00_rigid_0023.obj,0.0,1
device_00_rigid_0024.obj,0.0,1
device_00_tetwild_0000.obj,0.0,1
device_00_tetwild_0001.obj,0.0,1
device_00_tetwild_0002.obj,0.0,1
device_00_tetwild_0003.obj,0.0,1
device_00_tetwild_0004.obj,0.0,1
device_00_tetwild_0005.obj,0.0,1
device_00_tetwild_0006.obj,0.0,1
device_00_tetwild_0007.obj,0.0,1
device_00_tetwild_0008.obj,0.0,1
device_00_tetwild_0009.obj,0.0,1
device_00_tetwild_0010.obj,0.0,1
device_00_tetwild_0011.obj,0.0,1
device_00_tetwild_0012.obj,0.0,1
device_00_tetwild_0013.obj,0.0,1
device_00_tetwild_0014.obj,0.0,1
device_00_tetwild_0015.obj,0.0,1
device_00_tetwild_0016.obj,0.0,1
device_00_tetwild_0017.obj,0.0,1
device_00_tetwild_0018.obj,0.0,1
device_00_tetwild_0019.obj,0.0,1
device_00_tetwild_0020.obj,0.0,1
device_00_tetwild_0021.obj,0.0,1
device_00_tetwild_0022.obj,0.0,1
device_00_tetwild_0023.obj,0.0,1
device_00_tetwild_0024.obj,0.0,1
device_17_degenerate_0000.obj,0.0,1
device_17_degenerate_0001.obj,0.0,1
device_17_degenerate_0002.obj,0.0,1
device_17_degenerate_0003.obj,0.0,1
device_17_degenerate_0004.obj,0.0,1
device_17_degenerate_0005.obj,0.0,1
device_17_degenerate_0006.obj,0.0,1
device_17_degenerate_0007.obj,0.0,1
device_17_degenerate_0008.obj,0.0,1
device_17_degenerate_0009.obj,0.0,1
device_17_degenerate_0010.obj,0.0,1
device_17_degenerate_0011.obj,0.0,1
device_17_degenerate_0012.obj,0.0,1
device_17_degenerate_0013.obj,0.0,1
device_17_degenerate_0014.obj,0.0,1
device_17_degenerate_0015.obj,0.0,1
device_17_degenerate_0016.obj,0.0,1
device_17_degenerate_0017.obj,0.0,1
device_17_degenerate_0018.obj,0.0,1
device_17_degenerate_0019.obj,0.0,1
device_17_degenerate_0020.obj,0.0,1
device_17_degenerate_0021.obj,0.0,1
device_17_degenerate_0022.obj,0.0,1
device_17_degenerate_0023.obj,0.0,1
device_17_degenerate_0024.obj,0.0,1
device_17_disconnected_0000.obj,0.0,1
device_17_disconnected_0001.obj,0.0,1
device_17_disconnected_0002.obj,0.0,1
device_17_disconnected_0003.obj,0.0,1
device_17_disconnected_0004.obj,0.0,1
device_17_disconnected_0005.obj,0.0,1
device_17_disconnected_0006.obj,0.0,1
device_17_disconnected_0007.obj,0.0,1
device_17_disconnected_0008.obj,0.0,1
device_17_disconnected_0009.obj,0.0,1
device_17_disconnected_0010.obj,0.0,1
device_17_disconnected_0011.obj,0.0,1
device_17_disconnected_0012.obj,0.0,1
device_17_disconnected_0013.obj,0.0,1
device_17_disconnected_0014.obj,0.0,1
device_17_disconnected_0015.obj,0.0,1
device_17_disconnected_0016.obj,0.0,1
device_17_disconnected_0017.obj,0.0,1
device_17_disconnected_0018.obj,0.0,1
device_17_disconnected_0019.obj,0.0,1
device_17_disconnected_0020.obj,0.0,1
device_17_disconnected_0021.obj,0.0,1
device_17_disconnected_0022.obj,0.0,1
device_17_disconnected_0023.obj,0.0,1
device_17_disconnected_0024.obj,0.0,1
device_17_faceswap_0000.obj,0.0,1
device_17_faceswap_0001.obj,0.0,1
device_17_faceswap_0002.obj,0.0,1
device_17_faceswap_0003.obj,0.0,1
device_17_faceswap_0004.obj,0.0,1
device_17_faceswap_0005.obj,0.0,1
device_17_faceswap_0006.obj,0.0,1
device_17_faceswap_0007.obj,0.0,1
device_17_faceswap_0008.obj,0.0,1
device_17_faceswap_0009.obj,0.0,1
device_17_faceswap_0010.obj,0.0,1
device_17_faceswap_0011.obj,0.0,1
device_17_faceswap_0012.obj,0.0,1
device_17_faceswap_0013.obj,0.0,1
device_17_faceswap_0014.obj,0.0,1
device_17_faceswap_0015.obj,0.0,1
device_17_faceswap_0016.obj,0.0,1
device_17_faceswap_0017.obj,0.0,1
device_17_faceswap_0018.obj,0.0,1
device_17_faceswap_0019.obj,0.0,1
device_17_faceswap_0020.obj,0.0,1
device_17_faceswap_0021.obj,0.0,1
device_17_faceswap_0022.obj,0.0,1
device_17_faceswap_0023.obj,0.0,1
device_17_faceswap_0024.obj,0.0,1
device_17_jitter_0000.obj,0.0,1
device_17_jitter_0001.obj,0.0,1
device_17_jitter_0002.obj,0.0,1
device_17_jitter_0003.obj,0.0,1
device_17_jitter_0004.obj,0.0,1
device_17_jitter_0005.obj,0.0,1
device_17_jitter_0006.obj,0.0,1
device_17_jitter_0007.obj,0.0,1
device_17_jitter_0008.obj,0.0,1
device_17_jitter_0009.obj,0.0,1
device_17_jitter_0010.obj,0.0,1
device_17_jitter_0011.obj,0.0,1
device_17_jitter_0012.obj,0.0,1
device_17_jitter_0013.obj,0.0,1
device_17_jitter_0014.obj,0.0,1
device_17_jitter_0015.obj,0.0,1
device_17_jitter_0016.obj,0.0,1
device_17_jitter_0017.obj,0.0,1
device_17_jitter_0018.obj,0.0,1
device_17_jitter_0019.obj,0.0,1
device_17_jitter_0020.obj,0.0,1
device_17_jitter_0021.obj,0.0,1
device_17_jitter_0022.obj,0.0,1
device_17_jitter_0023.obj,0.0,1
device_17_jitter_0024.obj,0.0,1
device_17_rigid_0000.obj,0.0,1
device_17_rigid_0001.obj,0.0,1
device_17_rigid_0002.obj,0.0,1
device_17_rigid_0003.obj,0.0,1
device_17_rigid_0004.obj,0.0,1
device_17_rigid_0005.obj,0.0,1
device_17_rigid_0006.obj,0.0,1
device_17_rigid_0007.obj,0.0,1
device_17_rigid_0008.obj,0.0,1
device_17_rigid_0009.obj,0.0,1
device_17_rigid_0010.obj,0.0,1
device_17_rigid_0011.obj,0.0,1
device_17_rigid_0012.obj,0.0,1
device_17_rigid_0013.obj,0.0,1
device_17_rigid_0014.obj,0.0,1
device_17_rigid_0015.obj,0.0,1
device_17_rigid_0016.obj,0.0,1
device_17_rigid_0017.obj,0.0,1
device_17_rigid_0018.obj,0.0,1
device_17_rigid_0019.obj,0.0,1
device_17_rigid_0020.obj,0.0,1
device_17_rigid_0021.obj,0.0,1
device_17_rigid_0022.obj,0.0,1
device_17_rigid_0023.obj,0.0,1
device_17_rigid_0024.obj,0.0,1
device_17_tetwild_0000.obj,0.0,1
device_17_tetwild_0001.obj,0.0,1
device_17_tetwild_0002.obj,0.0,1
device_17_tetwild_0003.obj,0.0,1
device_17_tetwild_0004.obj,0.0,1
device_17_tetwild_0005.obj,0.0,1
device_17_tetwild_0007.obj,0.0,1
device_17_tetwild_0008.obj,0.0,1
device_17_tetwild_0009.obj,0.0,1
device_17_tetwild_0010.obj,0.0,1
device_17_tetwild_0011.obj,0.0,1
device_17_tetwild_0012.obj,0.0,1
device_17_tetwild_0013.obj,0.0,1
device_17_tetwild_0014.obj,0.0,1
device_17_tetwild_0015.obj,0.0,1
device_17_tetwild_0016.obj,0.0,1
device_17_tetwild_0017.obj,0.0,1
device_17_tetwild_0018.obj,0.0,1
device_17_tetwild_0019.obj,0.0,1
device_17_tetwild_0020.obj,0.0,1
device_17_tetwild_0021.obj,0.0,1
device_17_tetwild_0022.obj,0.0,1
device_17_tetwild_0023.obj,0.0,1
device_17_tetwild_0024.obj,0.0,1
device_06_degenerate_0000.obj,0.0,1
device_06_degenerate_0001.obj,0.0,1
device_06_degenerate_0002.obj,0.0,1
device_06_degenerate_0003.obj,0.0,1
device_06_degenerate_0004.obj,0.0,1
device_06_degenerate_0005.obj,0.0,1
device_06_degenerate_0006.obj,0.0,1
device_06_degenerate_0007.obj,0.0,1
device_06_degenerate_0008.obj,0.0,1
device_06_degenerate_0009.obj,0.0,1
device_06_degenerate_0010.obj,0.0,1
device_06_degenerate_0011.obj,0.0,1
device_06_degenerate_0012.obj,0.0,1
device_06_degenerate_0013.obj,0.0,1
device_06_degenerate_0014.obj,0.0,1
device_06_degenerate_0015.obj,0.0,1
device_06_degenerate_0016.obj,0.0,1
device_06_degenerate_0017.obj,0.0,1
device_06_degenerate_0018.obj,0.0,1
device_06_degenerate_0019.obj,0.0,1
device_06_degenerate_0020.obj,0.0,1
device_06_degenerate_0021.obj,0.0,1
device_06_degenerate_0022.obj,0.0,1
device_06_degenerate_0023.obj,0.0,1
device_06_degenerate_0024.obj,0.0,1
device_06_disconnected_0000.obj,0.0,1
device_06_disconnected_0001.obj,0.0,1
device_06_disconnected_0002.obj,0.0,1
device_06_disconnected_0003.obj,0.0,1
device_06_disconnected_0004.obj,0.0,1
device_06_disconnected_0005.obj,0.0,1
device_06_disconnected_0006.obj,0.0,1
device_06_disconnected_0007.obj,0.0,1
device_06_disconnected_0008.obj,0.0,1
device_06_disconnected_0009.obj,0.0,1
device_06_disconnected_0010.obj,0.0,1
device_06_disconnected_0011.obj,0.0,1
device_06_disconnected_0012.obj,0.0,1
device_06_disconnected_0013.obj,0.0,1
device_06_disconnected_0014.obj,0.0,1
device_06_disconnected_0015.obj,0.0,1
device_06_disconnected_0016.obj,0.0,1
device_06_disconnected_0017.obj,0.0,1
device_06_disconnected_0018.obj,0.0,1
device_06_disconnected_0019.obj,0.0,1
device_06_disconnected_0020.obj,0.0,1
device_06_disconnected_0021.obj,0.0,1
device_06_disconnected_0022.obj,0.0,1
device_06_disconnected_0023.obj,0.0,1
device_06_disconnected_0024.obj,0.0,1
device_06_faceswap_0000.obj,0.0,1
device_06_faceswap_0001.obj,0.0,1
device_06_faceswap_0002.obj,0.0,1
device_06_faceswap_0003.obj,0.0,1
device_06_faceswap_0004.obj,0.0,1
device_06_faceswap_0005.obj,0.0,1
device_06_faceswap_0006.obj,0.0,1
device_06_faceswap_0007.obj,0.0,1
device_06_faceswap_0008.obj,0.0,1
device_06_faceswap_0009.obj,0.0,1
device_06_faceswap_0010.obj,0.0,1
device_06_faceswap_0011.obj,0.0,1
device_06_faceswap_0012.obj,0.0,1
device_06_faceswap_0013.obj,0.0,1
device_06_faceswap_0014.obj,0.0,1
device_06_faceswap_0015.obj,0.0,1
device_06_faceswap_0016.obj,0.0,1
device_06_faceswap_0017.obj,0.0,1
device_06_faceswap_0018.obj,0.0,1
device_06_faceswap_0019.obj,0.0,1
device_06_faceswap_0020.obj,0.0,1
device_06_faceswap_0021.obj,0.0,1
device_06_faceswap_0022.obj,0.0,1
device_06_faceswap_0023.obj,0.0,1
device_06_faceswap_0024.obj,0.0,1
device_06_jitter_0000.obj,0.0,1
device_06_jitter_0001.obj,0.0,1
device_06_jitter_0002.obj,0.0,1
device_06_jitter_0003.obj,0.0,1
device_06_jitter_0004.obj,0.0,1
device_06_jitter_0005.obj,0.0,1
device_06_jitter_0006.obj,0.0,1
device_06_jitter_0007.obj,0.0,1
device_06_jitter_0008.obj,0.0,1
device_06_jitter_0009.obj,0.0,1
device_06_jitter_0010.obj,0.0,1
device_06_jitter_0011.obj,0.0,1
device_06_jitter_0012.obj,0.0,1
device_06_jitter_0013.obj,0.0,1
device_06_jitter_0014.obj,0.0,1
device_06_jitter_0015.obj,0.0,1
device_06_jitter_0016.obj,0.0,1
device_06_jitter_0017.obj,0.0,1
device_06_jitter_0018.obj,0.0,1
device_06_jitter_0019.obj,0.0,1
device_06_jitter_0020.obj,0.0,1
device_06_jitter_0021.obj,0.0,1
device_06_jitter_0022.obj,0.0,1
device_06_jitter_0023.obj,0.0,1
device_06_jitter_0024.obj,0.0,1
device_06_rigid_0000.obj,0.0,1
device_06_rigid_0001.obj,0.0,1
device_06_rigid_0002.obj,0.0,1
device_06_rigid_0003.obj,0.0,1
device_06_rigid_0004.obj,0.0,1
device_06_rigid_0005.obj,0.0,1
device_06_rigid_0006.obj,0.0,1
device_06_rigid_0007.obj,0.0,1
device_06_rigid_0008.obj,0.0,1
device_06_rigid_0009.obj,0.0,1
device_06_rigid_0010.obj,0.0,1
device_06_rigid_0011.obj,0.0,1
device_06_rigid_0012.obj,0.0,1
device_06_rigid_0013.obj,0.0,1
device_06_rigid_0014.obj,0.0,1
device_06_rigid_0015.obj,0.0,1
device_06_rigid_0016.obj,0.0,1
device_06_rigid_0017.obj,0.0,1
device_06_rigid_0018.obj,0.0,1
device_06_rigid_0019.obj,0.0,1
device_06_rigid_0020.obj,0.0,1
device_06_rigid_0021.obj,0.0,1
device_06_rigid_0022.obj,0.0,1
device_06_rigid_0023.obj,0.0,1
device_06_rigid_0024.obj,0.0,1
device_06_tetwild_0000.obj,0.0,1
device_06_tetwild_0001.obj,0.0,1
device_06_tetwild_0002.obj,0.0,1
device_06_tetwild_0003.obj,0.0,1
device_06_tetwild_0004.obj,0.0,1
device_06_tetwild_0005.obj,0.0,1
device_06_tetwild_0006.obj,0.0,1
device_06_tetwild_0007.obj,0.0,1
device_06_tetwild_0008.obj,0.0,1
device_06_tetwild_0009.obj,0.0,1
device_06_tetwild_0010.obj,0.0,1
device_06_tetwild_0011.obj,0.0,1
device_06_tetwild_0012.obj,0.0,1
device_06_tetwild_0013.obj,0.0,1
device_06_tetwild_0014.obj,0.0,1
device_06_tetwild_0015.obj,0.0,1
device_06_tetwild_0016.obj,0.0,1
device_06_tetwild_0017.obj,0.0,1
device_06_tetwild_0018.obj,0.0,1
device_06_tetwild_0019.obj,0.0,1
device_06_tetwild_0020.obj,0.0,1
device_06_tetwild_0021.obj,0.0,1
device_06_tetwild_0022.obj,0.0,1
device_06_tetwild_0023.obj,0.0,1
device_06_tetwild_0024.obj,0.0,1
device_01_degenerate_0000.obj,0.0,1
device_01_degenerate_0001.obj,0.0,1
device_01_degenerate_0002.obj,0.0,1
device_01_degenerate_0003.obj,0.0,1
device_01_degenerate_0004.obj,0.0,1
device_01_degenerate_0005.obj,0.0,1
device_01_degenerate_0006.obj,0.0,1
device_01_degenerate_0007.obj,0.0,1
device_01_degenerate_0008.obj,0.0,1
device_01_degenerate_0009.obj,0.0,1
device_01_degenerate_0010.obj,0.0,1
device_01_degenerate_0011.obj,0.0,1
device_01_degenerate_0012.obj,0.0,1
device_01_degenerate_0013.obj,0.0,1
device_01_degenerate_0014.obj,0.0,1
device_01_degenerate_0015.obj,0.0,1
device_01_degenerate_0016.obj,0.0,1
device_01_degenerate_0017.obj,0.0,1
device_01_degenerate_0018.obj,0.0,1
device_01_degenerate_0019.obj,0.0,1
device_01_degenerate_0020.obj,0.0,1
device_01_degenerate_0021.obj,0.0,1
device_01_degenerate_0022.obj,0.0,1
device_01_degenerate_0023.obj,0.0,1
device_01_degenerate_0024.obj,0.0,1
device_01_disconnected_0000.obj,0.0,1
device_01_disconnected_0001.obj,0.0,1
device_01_disconnected_0002.obj,0.0,1
device_01_disconnected_0003.obj,0.0,1
device_01_disconnected_0004.obj,0.0,1
device_01_disconnected_0005.obj,0.0,1
device_01_disconnected_0006.obj,0.0,1
device_01_disconnected_0007.obj,0.0,1
device_01_disconnected_0008.obj,0.0,1
device_01_disconnected_0009.obj,0.0,1
device_01_disconnected_0010.obj,0.0,1
device_01_disconnected_0011.obj,0.0,1
device_01_disconnected_0012.obj,0.0,1
device_01_disconnected_0013.obj,0.0,1
device_01_disconnected_0014.obj,0.0,1
device_01_disconnected_0015.obj,0.0,1
device_01_disconnected_0016.obj,0.0,1
device_01_disconnected_0017.obj,0.0,1
device_01_disconnected_0018.obj,0.0,1
device_01_disconnected_0019.obj,0.0,1
device_01_disconnected_0020.obj,0.0,1
device_01_disconnected_0021.obj,0.0,1
device_01_disconnected_0022.obj,0.0,1
device_01_disconnected_0023.obj,0.0,1
device_01_disconnected_0024.obj,0.0,1
device_01_faceswap_0000.obj,0.0,1
device_01_faceswap_0001.obj,0.0,1
device_01_faceswap_0002.obj,0.0,1
device_01_faceswap_0003.obj,0.0,1
device_01_faceswap_0004.obj,0.0,1
device_01_faceswap_0005.obj,0.0,1
device_01_faceswap_0006.obj,0.0,1
device_01_faceswap_0007.obj,0.0,1
device_01_faceswap_0008.obj,0.0,1
device_01_faceswap_0009.obj,0.0,1
device_01_faceswap_0010.obj,0.0,1
device_01_faceswap_0011.obj,0.0,1
device_01_faceswap_0012.obj,0.0,1
device_01_faceswap_0013.obj,0.0,1
device_01_faceswap_0014.obj,0.0,1
device_01_faceswap_0015.obj,0.0,1
device_01_faceswap_0016.obj,0.0,1
device_01_faceswap_0017.obj,0.0,1
device_01_faceswap_0018.obj,0.0,1
device_01_faceswap_0019.obj,0.0,1
device_01_faceswap_0020.obj,0.0,1
device_01_faceswap_0021.obj,0.0,1
device_01_faceswap_0022.obj,0.0,1
device_01_faceswap_0023.obj,0.0,1
device_01_faceswap_0024.obj,0.0,1
device_01_jitter_0000.obj,0.0,1
device_01_jitter_0001.obj,0.0,1
device_01_jitter_0002.obj,0.0,1
device_01_jitter_0003.obj,0.0,1
device_01_jitter_0004.obj,0.0,1
device_01_jitter_0005.obj,0.0,1
device_01_jitter_0006.obj,0.0,1
device_01_jitter_0007.obj,0.0,1
device_01_jitter_0008.obj,0.0,1
device_01_jitter_0009.obj,0.0,1
device_01_jitter_0010.obj,0.0,1
device_01_jitter_0011.obj,0.0,1
device_01_jitter_0012.obj,0.0,1
device_01_jitter_0013.obj,0.0,1
device_01_jitter_0014.obj,0.0,1
device_01_jitter_0015.obj,0.0,1
device_01_jitter_0016.obj,0.0,1
device_01_jitter_0017.obj,0.0,1
device_01_jitter_0018.obj,0.0,1
device_01_jitter_0019.obj,0.0,1
device_01_jitter_0020.obj,0.0,1
device_01_jitter_0021.obj,0.0,1
device_01_jitter_0022.obj,0.0,1
device_01_jitter_0023.obj,0.0,1
device_01_jitter_0024.obj,0.0,1
device_01_rigid_0000.obj,0.0,1
device_01_rigid_0001.obj,0.0,1
device_01_rigid_0002.obj,0.0,1
device_01_rigid_0003.obj,0.0,1
device_01_rigid_0004.obj,0.0,1
device_01_rigid_0005.obj,0.0,1
device_01_rigid_0006.obj,0.0,1
device_01_rigid_0007.obj,0.0,1
device_01_rigid_0008.obj,0.0,1
device_01_rigid_0009.obj,0.0,1
device_01_rigid_0010.obj,0.0,1
device_01_rigid_0011.obj,0.0,1
device_01_rigid_0012.obj,0.0,1
device_01_rigid_0013.obj,0.0,1
device_01_rigid_0014.obj,0.0,1
device_01_rigid_0015.obj,0.0,1
device_01_rigid_0016.obj,0.0,1
device_01_rigid_0017.obj,0.0,1
device_01_rigid_0018.obj,0.0,1
device_01_rigid_0019.obj,0.0,1
device_01_rigid_0020.obj,0.0,1
device_01_rigid_0021.obj,0.0,1
device_01_rigid_0022.obj,0.0,1
device_01_rigid_0023.obj,0.0,1
device_01_rigid_0024.obj,0.0,1
device_01_tetwild_0000.obj,0.0,1
device_01_tetwild_0001.obj,0.0,1
device_01_tetwild_0002.obj,0.0,1
device_01_tetwild_0003.obj,0.0,1
device_01_tetwild_0004.obj,0.0,1
device_01_tetwild_0005.obj,0.0,1
device_01_tetwild_0006.obj,0.0,1
device_01_tetwild_0007.obj,0.0,1
device_01_tetwild_0008.obj,0.0,1
device_01_tetwild_0009.obj,0.0,1
device_01_tetwild_0011.obj,0.0,1
device_01_tetwild_0012.obj,0.0,1
device_01_tetwild_0013.obj,0.0,1
device_01_tetwild_0014.obj,0.0,1
device_01_tetwild_0015.obj,0.0,1
device_01_tetwild_0016.obj,0.0,1
device_01_tetwild_0017.obj,0.0,1
device_01_tetwild_0018.obj,0.0,1
device_01_tetwild_0019.obj,0.0,1
device_01_tetwild_0020.obj,0.0,1
device_01_tetwild_0021.obj,0.0,1
device_01_tetwild_0022.obj,0.0,1
device_01_tetwild_0023.obj,0.0,1
device_01_tetwild_0024.obj,0.0,1
device_15_degenerate_0000.obj,0.0,1
device_15_degenerate_0001.obj,0.0,1
device_15_degenerate_0002.obj,0.0,1
device_15_degenerate_0003.obj,0.0,1
device_15_degenerate_0004.obj,0.0,1
device_15_degenerate_0005.obj,0.0,1
device_15_degenerate_0006.obj,0.0,1
device_15_degenerate_0007.obj,0.0,1
device_15_degenerate_0008.obj,0.0,1
device_15_degenerate_0009.obj,0.0,1
device_15_degenerate_0010.obj,0.0,1
device_15_degenerate_0011.obj,0.0,1
device_15_degenerate_0012.obj,0.0,1
device_15_degenerate_0013.obj,0.0,1
device_15_degenerate_0014.obj,0.0,1
device_15_degenerate_0015.obj,0.0,1
device_15_degenerate_0016.obj,0.0,1
device_15_degenerate_0017.obj,0.0,1
device_15_degenerate_0018.obj,0.0,1
device_15_degenerate_0019.obj,0.0,1
device_15_degenerate_0020.obj,0.0,1
device_15_degenerate_0021.obj,0.0,1
device_15_degenerate_0022.obj,0.0,1
device_15_degenerate_0023.obj,0.0,1
device_15_degenerate_0024.obj,0.0,1
device_15_disconnected_0000.obj,0.0,1
device_15_disconnected_0001.obj,0.0,1
device_15_disconnected_0002.obj,0.0,1
device_15_disconnected_0003.obj,0.0,1
device_15_disconnected_0004.obj,0.0,1
device_15_disconnected_0005.obj,0.0,1
device_15_disconnected_0006.obj,0.0,1
device_15_disconnected_0007.obj,0.0,1
device_15_disconnected_0008.obj,0.0,1
device_15_disconnected_0009.obj,0.0,1
device_15_disconnected_0010.obj,0.0,1
device_15_disconnected_0011.obj,0.0,1
device_15_disconnected_0012.obj,0.0,1
device_15_disconnected_0013.obj,0.0,1
device_15_disconnected_0014.obj,0.0,1
device_15_disconnected_0015.obj,0.0,1
device_15_disconnected_0016.obj,0.0,1
device_15_disconnected_0017.obj,0.0,1
device_15_disconnected_0018.obj,0.0,1
device_15_disconnected_0019.obj,0.0,1
device_15_disconnected_0020.obj,0.0,1
device_15_disconnected_0021.obj,0.0,1
device_15_disconnected_0022.obj,0.0,1
device_15_disconnected_0023.obj,0.0,1
device_15_disconnected_0024.obj,0.0,1
device_15_faceswap_0000.obj,0.0,1
device_15_faceswap_0001.obj,0.0,1
device_15_faceswap_0002.obj,0.0,1
device_15_faceswap_0003.obj,0.0,1
device_15_faceswap_0004.obj,0.0,1
device_15_faceswap_0005.obj,0.0,1
device_15_faceswap_0006.obj,0.0,1
device_15_faceswap_0007.obj,0.0,1
device_15_faceswap_0008.obj,0.0,1
device_15_faceswap_0009.obj,0.0,1
device_15_faceswap_0010.obj,0.0,1
device_15_faceswap_0011.obj,0.0,1
device_15_faceswap_0012.obj,0.0,1
device_15_faceswap_0013.obj,0.0,1
device_15_faceswap_0014.obj,0.0,1
device_15_faceswap_0015.obj,0.0,1
device_15_faceswap_0016.obj,0.0,1
device_15_faceswap_0017.obj,0.0,1
device_15_faceswap_0018.obj,0.0,1
device_15_faceswap_0019.obj,0.0,1
device_15_faceswap_0020.obj,0.0,1
device_15_faceswap_0021.obj,0.0,1
device_15_faceswap_0022.obj,0.0,1
device_15_faceswap_0023.obj,0.0,1
device_15_faceswap_0024.obj,0.0,1
device_15_jitter_0000.obj,0.0,1
device_15_jitter_0001.obj,0.0,1
device_15_jitter_0002.obj,0.0,1
device_15_jitter_0003.obj,0.0,1
device_15_jitter_0004.obj,0.0,1
device_15_jitter_0005.obj,0.0,1
device_15_jitter_0006.obj,0.0,1
device_15_jitter_0007.obj,0.0,1
device_15_jitter_0008.obj,0.0,1
device_15_jitter_0009.obj,0.0,1
device_15_jitter_0010.obj,0.0,1
device_15_jitter_0011.obj,0.0,1
device_15_jitter_0012.obj,0.0,1
device_15_jitter_0013.obj,0.0,1
device_15_jitter_0014.obj,0.0,1
device_15_jitter_0015.obj,0.0,1
device_15_jitter_0016.obj,0.0,1
device_15_jitter_0017.obj,0.0,1
device_15_jitter_0018.obj,0.0,1
device_15_jitter_0019.obj,0.0,1
device_15_jitter_0020.obj,0.0,1
device_15_jitter_0021.obj,0.0,1
device_15_jitter_0022.obj,0.0,1
device_15_jitter_0023.obj,0.0,1
device_15_jitter_0024.obj,0.0,1
device_15_rigid_0000.obj,0.0,1
device_15_rigid_0001.obj,0.0,1
device_15_rigid_0002.obj,0.0,1
device_15_rigid_0003.obj,0.0,1
device_15_rigid_0004.obj,0.0,1
device_15_rigid_0005.obj,0.0,1
device_15_rigid_0006.obj,0.0,1
device_15_rigid_0007.obj,0.0,1
device_15_rigid_0008.obj,0.0,1
device_15_rigid_0009.obj,0.0,1
device_15_rigid_0010.obj,0.0,1
device_15_rigid_0011.obj,0.0,1
device_15_rigid_0012.obj,0.0,1
device_15_rigid_0013.obj,0.0,1
device_15_rigid_0014.obj,0.0,1
device_15_rigid_0015.obj,0.0,1
device_15_rigid_0016.obj,0.0,1
device_15_rigid_0017.obj,0.0,1
device_15_rigid_0018.obj,0.0,1
device_15_rigid_0019.obj,0.0,1
device_15_rigid_0020.obj,0.0,1
device_15_rigid_0021.obj,0.0,1
device_15_rigid_0022.obj,0.0,1
device_15_rigid_0023.obj,0.0,1
device_15_rigid_0024.obj,0.0,1
device_15_tetwild_0000.obj,0.0,1
device_15_tetwild_0001.obj,0.0,1
device_15_tetwild_0002.obj,0.0,1
device_15_tetwild_0003.obj,0.0,1
device_15_tetwild_0004.obj,0.0,1
device_15_tetwild_0005.obj,0.0,1
device_15_tetwild_0006.obj,0.0,1
device_15_tetwild_0007.obj,0.0,1
device_15_tetwild_0008.obj,0.0,1
device_15_tetwild_0009.obj,0.0,1
device_15_tetwild_0010.obj,0.0,1
device_15_tetwild_0011.obj,0.0,1
device_15_tetwild_0012.obj,0.0,1
device_15_tetwild_0013.obj,0.0,1
device_15_tetwild_0014.obj,0.0,1
device_15_tetwild_0015.obj,0.0,1
device_15_tetwild_0016.obj,0.0,1
device_15_tetwild_0017.obj,0.0,1
device_15_tetwild_0018.obj,0.0,1
device_15_tetwild_0019.obj,0.0,1
device_15_tetwild_0021.obj,0.0,1
device_15_tetwild_0022.obj,0.0,1
device_15_tetwild_0023.obj,0.0,1
device_15_tetwild_0024.obj,0.0,1
device_12_degenerate_0000.obj,0.0,1
device_12_degenerate_0001.obj,0.0,1
device_12_degenerate_0002.obj,0.0,1
device_12_degenerate_0003.obj,0.0,1
device_12_degenerate_0004.obj,0.0,1
device_12_degenerate_0005.obj,0.0,1
device_12_degenerate_0006.obj,0.0,1
device_12_degenerate_0007.obj,0.0,1
device_12_degenerate_0008.obj,0.0,1
device_12_degenerate_0009.obj,0.0,1
device_12_degenerate_0010.obj,0.0,1
device_12_degenerate_0011.obj,0.0,1
device_12_degenerate_0012.obj,0.0,1
device_12_degenerate_0013.obj,0.0,1
device_12_degenerate_0014.obj,0.0,1
device_12_degenerate_0015.obj,0.0,1
device_12_degenerate_0016.obj,0.0,1
device_12_degenerate_0017.obj,0.0,1
device_12_degenerate_0018.obj,0.0,1
device_12_degenerate_0019.obj,0.0,1
device_12_degenerate_0020.obj,0.0,1
device_12_degenerate_0021.obj,0.0,1
device_12_degenerate_0022.obj,0.0,1
device_12_degenerate_0023.obj,0.0,1
device_12_degenerate_0024.obj,0.0,1
device_12_disconnected_0000.obj,0.0,1
device_12_disconnected_0001.obj,0.0,1
device_12_disconnected_0002.obj,0.0,1
device_12_disconnected_0003.obj,0.0,1
device_12_disconnected_0004.obj,0.0,1
device_12_disconnected_0005.obj,0.0,1
device_12_disconnected_0006.obj,0.0,1
device_12_disconnected_0007.obj,0.0,1
device_12_disconnected_0008.obj,0.0,1
device_12_disconnected_0009.obj,0.0,1
device_12_disconnected_0010.obj,0.0,1
device_12_disconnected_0011.obj,0.0,1
device_12_disconnected_0012.obj,0.0,1
device_12_disconnected_0013.obj,0.0,1
device_12_disconnected_0014.obj,0.0,1
device_12_disconnected_0015.obj,0.0,1
device_12_disconnected_0016.obj,0.0,1
device_12_disconnected_0017.obj,0.0,1
device_12_disconnected_0018.obj,0.0,1
device_12_disconnected_0019.obj,0.0,1
device_12_disconnected_0020.obj,0.0,1
device_12_disconnected_0021.obj,0.0,1
device_12_disconnected_0022.obj,0.0,1
device_12_disconnected_0023.obj,0.0,1
device_12_disconnected_0024.obj,0.0,1
device_12_faceswap_0000.obj,0.0,1
device_12_faceswap_0001.obj,0.0,1
device_12_faceswap_0002.obj,0.0,1
device_12_faceswap_0003.obj,0.0,1
device_12_faceswap_0004.obj,0.0,1
device_12_faceswap_0005.obj,0.0,1
device_12_faceswap_0006.obj,0.0,1
device_12_faceswap_0007.obj,0.0,1
device_12_faceswap_0008.obj,0.0,1
device_12_faceswap_0009.obj,0.0,1
device_12_faceswap_0010.obj,0.0,1
device_12_faceswap_0011.obj,0.0,1
device_12_faceswap_0012.obj,0.0,1
device_12_faceswap_0013.obj,0.0,1
device_12_faceswap_0014.obj,0.0,1
device_12_faceswap_0015.obj,0.0,1
device_12_faceswap_0016.obj,0.0,1
device_12_faceswap_0017.obj,0.0,1
device_12_faceswap_0018.obj,0.0,1
device_12_faceswap_0019.obj,0.0,1
device_12_faceswap_0020.obj,0.0,1
device_12_faceswap_0021.obj,0.0,1
device_12_faceswap_0022.obj,0.0,1
device_12_faceswap_0023.obj,0.0,1
device_12_faceswap_0024.obj,0.0,1
device_12_jitter_0000.obj,0.0,1
device_12_jitter_0001.obj,0.0,1
device_12_jitter_0002.obj,0.0,1
device_12_jitter_0003.obj,0.0,1
device_12_jitter_0004.obj,0.0,1
device_12_jitter_0005.obj,0.0,1
device_12_jitter_0006.obj,0.0,1
device_12_jitter_0007.obj,0.0,1
device_12_jitter_0008.obj,0.0,1
device_12_jitter_0009.obj,0.0,1
device_12_jitter_0010.obj,0.0,1
device_12_jitter_0011.obj,0.0,1
device_12_jitter_0012.obj,0.0,1
device_12_jitter_0013.obj,0.0,1
device_12_jitter_0014.obj,0.0,1
device_12_jitter_0015.obj,0.0,1
device_12_jitter_0016.obj,0.0,1
device_12_jitter_0017.obj,0.0,1
device_12_jitter_0018.obj,0.0,1
device_12_jitter_0019.obj,0.0,1
device_12_jitter_0020.obj,0.0,1
device_12_jitter_0021.obj,0.0,1
device_12_jitter_0022.obj,0.0,1
device_12_jitter_0023.obj,0.0,1
device_12_jitter_0024.obj,0.0,1
device_12_rigid_0000.obj,0.0,1
device_12_rigid_0001.obj,0.0,1
device_12_rigid_0002.obj,0.0,1
device_12_rigid_0003.obj,0.0,1
device_12_rigid_0004.obj,0.0,1
device_12_rigid_0005.obj,0.0,1
device_12_rigid_0006.obj,0.0,1
device_12_rigid_0007.obj,0.0,1
device_12_rigid_0008.obj,0.0,1
device_12_rigid_0009.obj,0.0,1
device_12_rigid_0010.obj,0.0,1
device_12_rigid_0011.obj,0.0,1
device_12_rigid_0012.obj,0.0,1
device_12_rigid_0013.obj,0.0,1
device_12_rigid_0014.obj,0.0,1
device_12_rigid_0015.obj,0.0,1
device_12_rigid_0016.obj,0.0,1
device_12_rigid_0017.obj,0.0,1
device_12_rigid_0018.obj,0.0,1
device_12_rigid_0019.obj,0.0,1
device_12_rigid_0020.obj,0.0,1
device_12_rigid_0021.obj,0.0,1
device_12_rigid_0022.obj,0.0,1
device_12_rigid_0023.obj,0.0,1
device_12_rigid_0024.obj,0.0,1
device_12_tetwild_0000.obj,0.0,1
device_12_tetwild_0001.obj,0.0,1
device_12_tetwild_0002.obj,0.0,1
device_12_tetwild_0003.obj,0.0,1
device_12_tetwild_0004.obj,0.0,1
device_12_tetwild_0005.obj,0.0,1
device_12_tetwild_0006.obj,0.0,1
device_12_tetwild_0007.obj,0.0,1
device_12_tetwild_0008.obj,0.0,1
device_12_tetwild_0009.obj,0.0,1
device_12_tetwild_0010.obj,0.0,1
device_12_tetwild_0011.obj,0.0,1
device_12_tetwild_0012.obj,0.0,1
device_12_tetwild_0013.obj,0.0,1
device_12_tetwild_0014.obj,0.0,1
device_12_tetwild_0015.obj,0.0,1
device_12_tetwild_0016.obj,0.0,1
device_12_tetwild_0017.obj,0.0,1
device_12_tetwild_0018.obj,0.0,1
device_12_tetwild_0019.obj,0.0,1
device_12_tetwild_0020.obj,0.0,1
device_12_tetwild_0021.obj,0.0,1
device_12_tetwild_0022.obj,0.0,1
device_12_tetwild_0023.obj,0.0,1
device_12_tetwild_0024.obj,0.0,1
device_22_degenerate_0000.obj,0.0,1
device_22_degenerate_0001.obj,0.0,1
device_22_degenerate_0002.obj,0.0,1
device_22_degenerate_0003.obj,0.0,1
device_22_degenerate_0004.obj,0.0,1
device_22_degenerate_0005.obj,0.0,1
device_22_degenerate_0006.obj,0.0,1
device_22_degenerate_0007.obj,0.0,1
device_22_degenerate_0008.obj,0.0,1
device_22_degenerate_0009.obj,0.0,1
device_22_degenerate_0010.obj,0.0,1
device_22_degenerate_0011.obj,0.0,1
device_22_degenerate_0012.obj,0.0,1
device_22_degenerate_0013.obj,0.0,1
device_22_degenerate_0014.obj,0.0,1
device_22_degenerate_0015.obj,0.0,1
device_22_degenerate_0016.obj,0.0,1
device_22_degenerate_0017.obj,0.0,1
device_22_degenerate_0018.obj,0.0,1
device_22_degenerate_0019.obj,0.0,1
device_22_degenerate_0020.obj,0.0,1
device_22_degenerate_0021.obj,0.0,1
device_22_degenerate_0022.obj,0.0,1
device_22_degenerate_0023.obj,0.0,1
device_22_degenerate_0024.obj,0.0,1
device_22_disconnected_0000.obj,0.0,1
device_22_disconnected_0001.obj,0.0,1
device_22_disconnected_0002.obj,0.0,1
device_22_disconnected_0003.obj,0.0,1
device_22_disconnected_0004.obj,0.0,1
device_22_disconnected_0005.obj,0.0,1
device_22_disconnected_0006.obj,0.0,1
device_22_disconnected_0007.obj,0.0,1
device_22_disconnected_0008.obj,0.0,1
device_22_disconnected_0009.obj,0.0,1
device_22_disconnected_0010.obj,0.0,1
device_22_disconnected_0011.obj,0.0,1
device_22_disconnected_0012.obj,0.0,1
device_22_disconnected_0013.obj,0.0,1
device_22_disconnected_0014.obj,0.0,1
device_22_disconnected_0015.obj,0.0,1
device_22_disconnected_0016.obj,0.0,1
device_22_disconnected_0017.obj,0.0,1
device_22_disconnected_0018.obj,0.0,1
device_22_disconnected_0019.obj,0.0,1
device_22_disconnected_0020.obj,0.0,1
device_22_disconnected_0021.obj,0.0,1
device_22_disconnected_0022.obj,0.0,1
device_22_disconnected_0023.obj,0.0,1
device_22_disconnected_0024.obj,0.0,1
device_22_faceswap_0000.obj,0.0,1
device_22_faceswap_0001.obj,0.0,1
device_22_faceswap_0002.obj,0.0,1
device_22_faceswap_0003.obj,0.0,1
device_22_faceswap_0004.obj,0.0,1
device_22_faceswap_0005.obj,0.0,1
device_22_faceswap_0006.obj,0.0,1
device_22_faceswap_0007.obj,0.0,1
device_22_faceswap_0008.obj,0.0,1
device_22_faceswap_0009.obj,0.0,1
device_22_faceswap_0010.obj,0.0,1
device_22_faceswap_0011.obj,0.0,1
device_22_faceswap_0012.obj,0.0,1
device_22_faceswap_0013.obj,0.0,1
device_22_faceswap_0014.obj,0.0,1
device_22_faceswap_0015.obj,0.0,1
device_22_faceswap_0016.obj,0.0,1
device_22_faceswap_0017.obj,0.0,1
device_22_faceswap_0018.obj,0.0,1
device_22_faceswap_0019.obj,0.0,1
device_22_faceswap_0020.obj,0.0,1
device_22_faceswap_0021.obj,0.0,1
device_22_faceswap_0022.obj,0.0,1
device_22_faceswap_0023.obj,0.0,1
device_22_faceswap_0024.obj,0.0,1
device_22_jitter_0000.obj,0.0,1
device_22_jitter_0001.obj,0.0,1
device_22_jitter_0002.obj,0.0,1
device_22_jitter_0003.obj,0.0,1
device_22_jitter_0004.obj,0.0,1
device_22_jitter_0005.obj,0.0,1
device_22_jitter_0006.obj,0.0,1
device_22_jitter_0007.obj,0.0,1
device_22_jitter_0008.obj,0.0,1
device_22_jitter_0009.obj,0.0,1
device_22_jitter_0010.obj,0.0,1
device_22_jitter_0011.obj,0.0,1
device_22_jitter_0012.obj,0.0,1
device_22_jitter_0013.obj,0.0,1
device_22_jitter_0014.obj,0.0,1
device_22_jitter_0015.obj,0.0,1
device_22_jitter_0016.obj,0.0,1
device_22_jitter_0017.obj,0.0,1
device_22_jitter_0018.obj,0.0,1
device_22_jitter_0019.obj,0.0,1
device_22_jitter_0020.obj,0.0,1
device_22_jitter_0021.obj,0.0,1
device_22_jitter_0022.obj,0.0,1
device_22_jitter_0023.obj,0.0,1
device_22_jitter_0024.obj,0.0,1
device_22_rigid_0000.obj,0.0,1
device_22_rigid_0001.obj,0.0,1
device_22_rigid_0002.obj,0.0,1
device_22_rigid_0003.obj,0.0,1
device_22_rigid_0004.obj,0.0,1
device_22_rigid_0005.obj,0.0,1
device_22_rigid_0006.obj,0.0,1
device_22_rigid_0007.obj,0.0,1
device_22_rigid_0008.obj,0.0,1
device_22_rigid_0009.obj,0.0,1
device_22_rigid_0010.obj,0.0,1
device_22_rigid_0011.obj,0.0,1
device_22_rigid_0012.obj,0.0,1
device_22_rigid_0013.obj,0.0,1
device_22_rigid_0014.obj,0.0,1
device_22_rigid_0015.obj,0.0,1
device_22_rigid_0016.obj,0.0,1
device_22_rigid_0017.obj,0.0,1
device_22_rigid_0018.obj,0.0,1
device_22_rigid_0019.obj,0.0,1
device_22_rigid_0020.obj,0.0,1
device_22_rigid_0021.obj,0.0,1
device_22_rigid_0022.obj,0.0,1
device_22_rigid_0023.obj,0.0,1
device_22_rigid_0024.obj,0.0,1
device_22_tetwild_0000.obj,0.0,1
device_22_tetwild_0001.obj,0.0,1
device_22_tetwild_0002.obj,0.0,1
device_22_tetwild_0003.obj,0.0,1
device_22_tetwild_0004.obj,0.0,1
device_22_tetwild_0005.obj,0.0,1
device_22_tetwild_0006.obj,0.0,1
device_22_tetwild_0007.obj,0.0,1
device_22_tetwild_0008.obj,0.0,1
device_22_tetwild_0009.obj,0.0,1
device_22_tetwild_0010.obj,0.0,1
device_22_tetwild_0011.obj,0.0,1
device_22_tetwild_0012.obj,0.0,1
device_22_tetwild_0013.obj,0.0,1
device_22_tetwild_0014.obj,0.0,1
device_22_tetwild_0015.obj,0.0,1
device_22_tetwild_0016.obj,0.0,1
device_22_tetwild_0017.obj,0.0,1
device_22_tetwild_0018.obj,0.0,1
device_22_tetwild_0019.obj,0.0,1
device_22_tetwild_0020.obj,0.0,1
device_22_tetwild_0021.obj,0.0,1
device_22_tetwild_0022.obj,0.0,1
device_22_tetwild_0023.obj,0.0,1
device_22_tetwild_0024.obj,0.0,1
device_21_degenerate_0000.obj,0.0,1
device_21_degenerate_0001.obj,0.0,1
device_21_degenerate_0002.obj,0.0,1
device_21_degenerate_0003.obj,0.0,1
device_21_degenerate_0004.obj,0.0,1
device_21_degenerate_0005.obj,0.0,1
device_21_degenerate_0006.obj,0.0,1
device_21_degenerate_0007.obj,0.0,1
device_21_degenerate_0008.obj,0.0,1
device_21_degenerate_0009.obj,0.0,1
device_21_degenerate_0010.obj,0.0,1
device_21_degenerate_0011.obj,0.0,1
device_21_degenerate_0012.obj,0.0,1
device_21_degenerate_0013.obj,0.0,1
device_21_degenerate_0014.obj,0.0,1
device_21_degenerate_0015.obj,0.0,1
device_21_degenerate_0016.obj,0.0,1
device_21_degenerate_0017.obj,0.0,1
device_21_degenerate_0018.obj,0.0,1
device_21_degenerate_0019.obj,0.0,1
device_21_degenerate_0020.obj,0.0,1
device_21_degenerate_0021.obj,0.0,1
device_21_degenerate_0022.obj,0.0,1
device_21_degenerate_0023.obj,0.0,1
device_21_degenerate_0024.obj,0.0,1
device_21_disconnected_0000.obj,0.0,1
device_21_disconnected_0001.obj,0.0,1
device_21_disconnected_0002.obj,0.0,1
device_21_disconnected_0003.obj,0.0,1
device_21_disconnected_0004.obj,0.0,1
device_21_disconnected_0005.obj,0.0,1
device_21_disconnected_0006.obj,0.0,1
device_21_disconnected_0007.obj,0.0,1
device_21_disconnected_0008.obj,0.0,1
device_21_disconnected_0009.obj,0.0,1
device_21_disconnected_0010.obj,0.0,1
device_21_disconnected_0011.obj,0.0,1
device_21_disconnected_0012.obj,0.0,1
device_21_disconnected_0013.obj,0.0,1
device_21_disconnected_0014.obj,0.0,1
device_21_disconnected_0015.obj,0.0,1
device_21_disconnected_0016.obj,0.0,1
device_21_disconnected_0017.obj,0.0,1
device_21_disconnected_0018.obj,0.0,1
device_21_disconnected_0019.obj,0.0,1
device_21_disconnected_0020.obj,0.0,1
device_21_disconnected_0021.obj,0.0,1
device_21_disconnected_0022.obj,0.0,1
device_21_disconnected_0023.obj,0.0,1
device_21_disconnected_0024.obj,0.0,1
device_21_faceswap_0000.obj,0.0,1
device_21_faceswap_0001.obj,0.0,1
device_21_faceswap_0002.obj,0.0,1
device_21_faceswap_0003.obj,0.0,1
device_21_faceswap_0004.obj,0.0,1
device_21_faceswap_0005.obj,0.0,1
device_21_faceswap_0006.obj,0.0,1
device_21_faceswap_0007.obj,0.0,1
device_21_faceswap_0008.obj,0.0,1
device_21_faceswap_0009.obj,0.0,1
device_21_faceswap_0010.obj,0.0,1
device_21_faceswap_0011.obj,0.0,1
device_21_faceswap_0012.obj,0.0,1
device_21_faceswap_0013.obj,0.0,1
device_21_faceswap_0014.obj,0.0,1
device_21_faceswap_0015.obj,0.0,1
device_21_faceswap_0016.obj,0.0,1
device_21_faceswap_0017.obj,0.0,1
device_21_faceswap_0018.obj,0.0,1
device_21_faceswap_0019.obj,0.0,1
device_21_faceswap_0020.obj,0.0,1
device_21_faceswap_0021.obj,0.0,1
device_21_faceswap_0022.obj,0.0,1
device_21_faceswap_0023.obj,0.0,1
device_21_faceswap_0024.obj,0.0,1
device_21_jitter_0000.obj,0.0,1
device_21_jitter_0001.obj,0.0,1
device_21_jitter_0002.obj,0.0,1
device_21_jitter_0003.obj,0.0,1
device_21_jitter_0004.obj,0.0,1
device_21_jitter_0005.obj,0.0,1
device_21_jitter_0006.obj,0.0,1
device_21_jitter_0007.obj,0.0,1
device_21_jitter_0008.obj,0.0,1
device_21_jitter_0009.obj,0.0,1
device_21_jitter_0010.obj,0.0,1
device_21_jitter_0011.obj,0.0,1
device_21_jitter_0012.obj,0.0,1
device_21_jitter_0013.obj,0.0,1
device_21_jitter_0014.obj,0.0,1
device_21_jitter_0015.obj,0.0,1
device_21_jitter_0016.obj,0.0,1
device_21_jitter_0017.obj,0.0,1
device_21_jitter_0018.obj,0.0,1
device_21_jitter_0019.obj,0.0,1
device_21_jitter_0020.obj,0.0,1
device_21_jitter_0021.obj,0.0,1
device_21_jitter_0022.obj,0.0,1
device_21_jitter_0023.obj,0.0,1
device_21_jitter_0024.obj,0.0,1
device_21_rigid_0000.obj,0.0,1
device_21_rigid_0001.obj,0.0,1
device_21_rigid_0002.obj,0.0,1
device_21_rigid_0003.obj,0.0,1
device_21_rigid_0004.obj,0.0,1
device_21_rigid_0005.obj,0.0,1
device_21_rigid_0006.obj,0.0,1
device_21_rigid_0007.obj,0.0,1
device_21_rigid_0008.obj,0.0,1
device_21_rigid_0009.obj,0.0,1
device_21_rigid_0010.obj,0.0,1
device_21_rigid_0011.obj,0.0,1
device_21_rigid_0012.obj,0.0,1
device_21_rigid_0013.obj,0.0,1
device_21_rigid_0014.obj,0.0,1
device_21_rigid_0015.obj,0.0,1
device_21_rigid_0016.obj,0.0,1
device_21_rigid_0017.obj,0.0,1
device_21_rigid_0018.obj,0.0,1
device_21_rigid_0019.obj,0.0,1
device_21_rigid_0020.obj,0.0,1
device_21_rigid_0021.obj,0.0,1
device_21_rigid_0022.obj,0.0,1
device_21_rigid_0023.obj,0.0,1
device_21_rigid_0024.obj,0.0,1
device_21_tetwild_0000.obj,0.0,1
device_21_tetwild_0001.obj,0.0,1
device_21_tetwild_0002.obj,0.0,1
device_21_tetwild_0003.obj,0.0,1
device_21_tetwild_0004.obj,0.0,1
device_21_tetwild_0005.obj,0.0,1
device_21_tetwild_0006.obj,0.0,1
device_21_tetwild_0007.obj,0.0,1
device_21_tetwild_0008.obj,0.0,1
device_21_tetwild_0009.obj,0.0,1
device_21_tetwild_0010.obj,0.0,1
device_21_tetwild_0011.obj,0.0,1
device_21_tetwild_0012.obj,0.0,1
device_21_tetwild_0013.obj,0.0,1
device_21_tetwild_0014.obj,0.0,1
device_21_tetwild_0015.obj,0.0,1
device_21_tetwild_0016.obj,0.0,1
device_21_tetwild_0017.obj,0.0,1
device_21_tetwild_0018.obj,0.0,1
device_21_tetwild_0019.obj,0.0,1
device_21_tetwild_0020.obj,0.0,1
device_21_tetwild_0021.obj,0.0,1
device_21_tetwild_0022.obj,0.0,1
device_21_tetwild_0023.obj,0.0,1
device_21_tetwild_0024.obj,0.0,1
device_13_degenerate_0000.obj,0.0,1
device_13_degenerate_0001.obj,0.0,1
device_13_degenerate_0002.obj,0.0,1
device_13_degenerate_0003.obj,0.0,1
device_13_degenerate_0004.obj,0.0,1
device_13_degenerate_0005.obj,0.0,1
device_13_degenerate_0006.obj,0.0,1
device_13_degenerate_0007.obj,0.0,1
device_13_degenerate_0008.obj,0.0,1
device_13_degenerate_0009.obj,0.0,1
device_13_degenerate_0010.obj,0.0,1
device_13_degenerate_0011.obj,0.0,1
device_13_degenerate_0012.obj,0.0,1
device_13_degenerate_0013.obj,0.0,1
device_13_degenerate_0014.obj,0.0,1
device_13_degenerate_0015.obj,0.0,1
device_13_degenerate_0016.obj,0.0,1
device_13_degenerate_0017.obj,0.0,1
device_13_degenerate_0018.obj,0.0,1
device_13_degenerate_0019.obj,0.0,1
device_13_degenerate_0020.obj,0.0,1
device_13_degenerate_0021.obj,0.0,1
device_13_degenerate_0022.obj,0.0,1
device_13_degenerate_0023.obj,0.0,1
device_13_degenerate_0024.obj,0.0,1
device_13_disconnected_0000.obj,0.0,1
device_13_disconnected_0001.obj,0.0,1
device_13_disconnected_0002.obj,0.0,1
device_13_disconnected_0003.obj,0.0,1
device_13_disconnected_0004.obj,0.0,1
device_13_disconnected_0005.obj,0.0,1
device_13_disconnected_0006.obj,0.0,1
device_13_disconnected_0007.obj,0.0,1
device_13_disconnected_0008.obj,0.0,1
device_13_disconnected_0009.obj,0.0,1
device_13_disconnected_0010.obj,0.0,1
device_13_disconnected_0011.obj,0.0,1
device_13_disconnected_0012.obj,0.0,1
device_13_disconnected_0013.obj,0.0,1
device_13_disconnected_0014.obj,0.0,1
device_13_disconnected_0015.obj,0.0,1
device_13_disconnected_0016.obj,0.0,1
device_13_disconnected_0017.obj,0.0,1
device_13_disconnected_0018.obj,0.0,1
device_13_disconnected_0019.obj,0.0,1
device_13_disconnected_0020.obj,0.0,1
device_13_disconnected_0021.obj,0.0,1
device_13_disconnected_0022.obj,0.0,1
device_13_disconnected_0023.obj,0.0,1
device_13_disconnected_0024.obj,0.0,1
device_13_faceswap_0000.obj,0.0,1
device_13_faceswap_0001.obj,0.0,1
device_13_faceswap_0002.obj,0.0,1
device_13_faceswap_0003.obj,0.0,1
device_13_faceswap_0004.obj,0.0,1
device_13_faceswap_0005.obj,0.0,1
device_13_faceswap_0006.obj,0.0,1
device_13_faceswap_0007.obj,0.0,1
device_13_faceswap_0008.obj,0.0,1
device_13_faceswap_0009.obj,0.0,1
device_13_faceswap_0010.obj,0.0,1
device_13_faceswap_0011.obj,0.0,1
device_13_faceswap_0012.obj,0.0,1
device_13_faceswap_0013.obj,0.0,1
device_13_faceswap_0014.obj,0.0,1
device_13_faceswap_0015.obj,0.0,1
device_13_faceswap_0016.obj,0.0,1
device_13_faceswap_0017.obj,0.0,1
device_13_faceswap_0018.obj,0.0,1
device_13_faceswap_0019.obj,0.0,1
device_13_faceswap_0020.obj,0.0,1
device_13_faceswap_0021.obj,0.0,1
device_13_faceswap_0022.obj,0.0,1
device_13_faceswap_0023.obj,0.0,1
device_13_faceswap_0024.obj,0.0,1
device_13_jitter_0000.obj,0.0,1
device_13_jitter_0001.obj,0.0,1
device_13_jitter_0002.obj,0.0,1
device_13_jitter_0003.obj,0.0,1
device_13_jitter_0004.obj,0.0,1
device_13_jitter_0005.obj,0.0,1
device_13_jitter_0006.obj,0.0,1
device_13_jitter_0007.obj,0.0,1
device_13_jitter_0008.obj,0.0,1
device_13_jitter_0009.obj,0.0,1
device_13_jitter_0010.obj,0.0,1
device_13_jitter_0011.obj,0.0,1
device_13_jitter_0012.obj,0.0,1
device_13_jitter_0013.obj,0.0,1
device_13_jitter_0014.obj,0.0,1
device_13_jitter_0015.obj,0.0,1
device_13_jitter_0016.obj,0.0,1
device_13_jitter_0017.obj,0.0,1
device_13_jitter_0018.obj,0.0,1
device_13_jitter_0019.obj,0.0,1
device_13_jitter_0020.obj,0.0,1
device_13_jitter_0021.obj,0.0,1
device_13_jitter_0022.obj,0.0,1
device_13_jitter_0023.obj,0.0,1
device_13_jitter_0024.obj,0.0,1
device_13_rigid_0000.obj,0.0,1
device_13_rigid_0001.obj,0.0,1
device_13_rigid_0002.obj,0.0,1
device_13_rigid_0003.obj,0.0,1
device_13_rigid_0004.obj,0.0,1
device_13_rigid_0005.obj,0.0,1
device_13_rigid_0006.obj,0.0,1
device_13_rigid_0007.obj,0.0,1
device_13_rigid_0008.obj,0.0,1
device_13_rigid_0009.obj,0.0,1
device_13_rigid_0010.obj,0.0,1
device_13_rigid_0011.obj,0.0,1
device_13_rigid_0012.obj,0.0,1
device_13_rigid_0013.obj,0.0,1
device_13_rigid_0014.obj,0.0,1
device_13_rigid_0015.obj,0.0,1
device_13_rigid_0016.obj,0.0,1
device_13_rigid_0017.obj,0.0,1
device_13_rigid_0018.obj,0.0,1
device_13_rigid_0019.obj,0.0,1
device_13_rigid_0020.obj,0.0,1
device_13_rigid_0021.obj,0.0,1
device_13_rigid_0022.obj,0.0,1
device_13_rigid_0023.obj,0.0,1
device_13_rigid_0024.obj,0.0,1
device_13_tetwild_0000.obj,0.0,1
device_13_tetwild_0001.obj,0.0,1
device_13_tetwild_0002.obj,0.0,1
device_13_tetwild_0003.obj,0.0,1
device_13_tetwild_0004.obj,0.0,1
device_13_tetwild_0005.obj,0.0,1
device_13_tetwild_0006.obj,0.0,1
device_13_tetwild_0007.obj,0.0,1
device_13_tetwild_0008.obj,0.0,1
device_13_tetwild_0009.obj,0.0,1
device_13_tetwild_0010.obj,0.0,1
device_13_tetwild_0011.obj,0.0,1
device_13_tetwild_0012.obj,0.0,1
device_13_tetwild_0013.obj,0.0,1
device_13_tetwild_0014.obj,0.0,1
device_13_tetwild_0015.obj,0.0,1
device_13_tetwild_0016.obj,0.0,1
device_13_tetwild_0017.obj,0.0,1
device_13_tetwild_0018.obj,0.0,1
device_13_tetwild_0019.obj,0.0,1
device_13_tetwild_0020.obj,0.0,1
device_13_tetwild_0021.obj,0.0,1
device_13_tetwild_0022.obj,0.0,1
device_13_tetwild_0023.obj,0.0,1
device_13_tetwild_0024.obj,0.0,1
device_05_degenerate_0000.obj,0.0,1
device_05_degenerate_0001.obj,0.0,1
device_05_degenerate_0002.obj,0.0,1
device_05_degenerate_0003.obj,0.0,1
device_05_degenerate_0004.obj,0.0,1
device_05_degenerate_0005.obj,0.0,1
device_05_degenerate_0006.obj,0.0,1
device_05_degenerate_0007.obj,0.0,1
device_05_degenerate_0008.obj,0.0,1
device_05_degenerate_0009.obj,0.0,1
device_05_degenerate_0010.obj,0.0,1
device_05_degenerate_0011.obj,0.0,1
device_05_degenerate_0012.obj,0.0,1
device_05_degenerate_0013.obj,0.0,1
device_05_degenerate_0014.obj,0.0,1
device_05_degenerate_0015.obj,0.0,1
device_05_degenerate_0016.obj,0.0,1
device_05_degenerate_0017.obj,0.0,1
device_05_degenerate_0018.obj,0.0,1
device_05_degenerate_0019.obj,0.0,1
device_05_degenerate_0020.obj,0.0,1
device_05_degenerate_0021.obj,0.0,1
device_05_degenerate_0022.obj,0.0,1
device_05_degenerate_0023.obj,0.0,1
device_05_degenerate_0024.obj,0.0,1
device_05_disconnected_0000.obj,0.0,1
device_05_disconnected_0001.obj,0.0,1
device_05_disconnected_0002.obj,0.0,1
device_05_disconnected_0003.obj,0.0,1
device_05_disconnected_0004.obj,0.0,1
device_05_disconnected_0005.obj,0.0,1
device_05_disconnected_0006.obj,0.0,1
device_05_disconnected_0007.obj,0.0,1
device_05_disconnected_0008.obj,0.0,1
device_05_disconnected_0009.obj,0.0,1
device_05_disconnected_0010.obj,0.0,1
device_05_disconnected_0011.obj,0.0,1
device_05_disconnected_0012.obj,0.0,1
device_05_disconnected_0013.obj,0.0,1
device_05_disconnected_0014.obj,0.0,1
device_05_disconnected_0015.obj,0.0,1
device_05_disconnected_0016.obj,0.0,1
device_05_disconnected_0017.obj,0.0,1
device_05_disconnected_0018.obj,0.0,1
device_05_disconnected_0019.obj,0.0,1
device_05_disconnected_0020.obj,0.0,1
device_05_disconnected_0021.obj,0.0,1
device_05_disconnected_0022.obj,0.0,1
device_05_disconnected_0023.obj,0.0,1
device_05_disconnected_0024.obj,0.0,1
device_05_faceswap_0000.obj,0.0,1
device_05_faceswap_0001.obj,0.0,1
device_05_faceswap_0002.obj,0.0,1
device_05_faceswap_0003.obj,0.0,1
device_05_faceswap_0004.obj,0.0,1
device_05_faceswap_0005.obj,0.0,1
device_05_faceswap_0006.obj,0.0,1
device_05_faceswap_0007.obj,0.0,1
device_05_faceswap_0008.obj,0.0,1
device_05_faceswap_0009.obj,0.0,1
device_05_faceswap_0010.obj,0.0,1
device_05_faceswap_0011.obj,0.0,1
device_05_faceswap_0012.obj,0.0,1
device_05_faceswap_0013.obj,0.0,1
device_05_faceswap_0014.obj,0.0,1
device_05_faceswap_0015.obj,0.0,1
device_05_faceswap_0016.obj,0.0,1
device_05_faceswap_0017.obj,0.0,1
device_05_faceswap_0018.obj,0.0,1
device_05_faceswap_0019.obj,0.0,1
device_05_faceswap_0020.obj,0.0,1
device_05_faceswap_0021.obj,0.0,1
device_05_faceswap_0022.obj,0.0,1
device_05_faceswap_0023.obj,0.0,1
device_05_faceswap_0024.obj,0.0,1
device_05_jitter_0000.obj,0.0,1
device_05_jitter_0001.obj,0.0,1
device_05_jitter_0002.obj,0.0,1
device_05_jitter_0003.obj,0.0,1
device_05_jitter_0004.obj,0.0,1
device_05_jitter_0005.obj,0.0,1
device_05_jitter_0006.obj,0.0,1
device_05_jitter_0007.obj,0.0,1
device_05_jitter_0008.obj,0.0,1
device_05_jitter_0009.obj,0.0,1
device_05_jitter_0010.obj,0.0,1
device_05_jitter_0011.obj,0.0,1
device_05_jitter_0012.obj,0.0,1
device_05_jitter_0013.obj,0.0,1
device_05_jitter_0014.obj,0.0,1
device_05_jitter_0015.obj,0.0,1
device_05_jitter_0016.obj,0.0,1
device_05_jitter_0017.obj,0.0,1
device_05_jitter_0018.obj,0.0,1
device_05_jitter_0019.obj,0.0,1
device_05_jitter_0020.obj,0.0,1
device_05_jitter_0021.obj,0.0,1
device_05_jitter_0022.obj,0.0,1
device_05_jitter_0023.obj,0.0,1
device_05_jitter_0024.obj,0.0,1
device_05_rigid_0000.obj,0.0,1
device_05_rigid_0001.obj,0.0,1
device_05_rigid_0002.obj,0.0,1
device_05_rigid_0003.obj,0.0,1
device_05_rigid_0004.obj,0.0,1
device_05_rigid_0005.obj,0.0,1
device_05_rigid_0006.obj,0.0,1
device_05_rigid_0007.obj,0.0,1
device_05_rigid_0008.obj,0.0,1
device_05_rigid_0009.obj,0.0,1
device_05_rigid_0010.obj,0.0,1
device_05_rigid_0011.obj,0.0,1
device_05_rigid_0012.obj,0.0,1
device_05_rigid_0013.obj,0.0,1
device_05_rigid_0014.obj,0.0,1
device_05_rigid_0015.obj,0.0,1
device_05_rigid_0016.obj,0.0,1
device_05_rigid_0017.obj,0.0,1
device_05_rigid_0018.obj,0.0,1
device_05_rigid_0019.obj,0.0,1
device_05_rigid_0020.obj,0.0,1
device_05_rigid_0021.obj,0.0,1
device_05_rigid_0022.obj,0.0,1
device_05_rigid_0023.obj,0.0,1
device_05_rigid_0024.obj,0.0,1
device_05_tetwild_0000.obj,0.0,1
device_05_tetwild_0001.obj,0.0,1
device_05_tetwild_0002.obj,0.0,1
device_05_tetwild_0003.obj,0.0,1
device_05_tetwild_0004.obj,0.0,1
device_05_tetwild_0005.obj,0.0,1
device_05_tetwild_0006.obj,0.0,1
device_05_tetwild_0007.obj,0.0,1
device_05_tetwild_0008.obj,0.0,1
device_05_tetwild_0009.obj,0.0,1
device_05_tetwild_0010.obj,0.0,1
device_05_tetwild_0011.obj,0.0,1
device_05_tetwild_0012.obj,0.0,1
device_05_tetwild_0013.obj,0.0,1
device_05_tetwild_0014.obj,0.0,1
device_05_tetwild_0015.obj,0.0,1
device_05_tetwild_0016.obj,0.0,1
device_05_tetwild_0017.obj,0.0,1
device_05_tetwild_0018.obj,0.0,1
device_05_tetwild_0020.obj,0.0,1
device_05_tetwild_0021.obj,0.0,1
device_05_tetwild_0022.obj,0.0,1
device_05_tetwild_0023.obj,0.0,1
device_05_tetwild_0024.obj,0.0,1
device_25_degenerate_0000.obj,0.0,1
device_25_degenerate_0001.obj,0.0,1
device_25_degenerate_0002.obj,0.0,1
device_25_degenerate_0003.obj,0.0,1
device_25_degenerate_0004.obj,0.0,1
device_25_degenerate_0005.obj,0.0,1
device_25_degenerate_0006.obj,0.0,1
device_25_degenerate_0007.obj,0.0,1
device_25_degenerate_0008.obj,0.0,1
device_25_degenerate_0009.obj,0.0,1
device_25_degenerate_0010.obj,0.0,1
device_25_degenerate_0011.obj,0.0,1
device_25_degenerate_0012.obj,0.0,1
device_25_degenerate_0013.obj,0.0,1
device_25_degenerate_0014.obj,0.0,1
device_25_degenerate_0015.obj,0.0,1
device_25_degenerate_0016.obj,0.0,1
device_25_degenerate_0017.obj,0.0,1
device_25_degenerate_0018.obj,0.0,1
device_25_degenerate_0019.obj,0.0,1
device_25_degenerate_0020.obj,0.0,1
device_25_degenerate_0021.obj,0.0,1
device_25_degenerate_0022.obj,0.0,1
device_25_degenerate_0023.obj,0.0,1
device_25_degenerate_0024.obj,0.0,1
device_25_disconnected_0000.obj,0.0,1
device_25_disconnected_0001.obj,0.0,1
device_25_disconnected_0002.obj,0.0,1
device_25_disconnected_0003.obj,0.0,1
device_25_disconnected_0004.obj,0.0,1
device_25_disconnected_0005.obj,0.0,1
device_25_disconnected_0006.obj,0.0,1
device_25_disconnected_0007.obj,0.0,1
device_25_disconnected_0008.obj,0.0,1
device_25_disconnected_0009.obj,0.0,1
device_25_disconnected_0010.obj,0.0,1
device_25_disconnected_0011.obj,0.0,1
device_25_disconnected_0012.obj,0.0,1
device_25_disconnected_0013.obj,0.0,1
device_25_disconnected_0014.obj,0.0,1
device_25_disconnected_0015.obj,0.0,1
device_25_disconnected_0016.obj,0.0,1
device_25_disconnected_0017.obj,0.0,1
device_25_disconnected_0018.obj,0.0,1
device_25_disconnected_0019.obj,0.0,1
device_25_disconnected_0020.obj,0.0,1
device_25_disconnected_0021.obj,0.0,1
device_25_disconnected_0022.obj,0.0,1
device_25_disconnected_0023.obj,0.0,1
device_25_disconnected_0024.obj,0.0,1
device_25_faceswap_0000.obj,0.0,1
device_25_faceswap_0001.obj,0.0,1
device_25_faceswap_0002.obj,0.0,1
device_25_faceswap_0003.obj,0.0,1
device_25_faceswap_0004.obj,0.0,1
device_25_faceswap_0005.obj,0.0,1
device_25_faceswap_0006.obj,0.0,1
device_25_faceswap_0007.obj,0.0,1
device_25_faceswap_0008.obj,0.0,1
device_25_faceswap_0009.obj,0.0,1
device_25_faceswap_0010.obj,0.0,1
device_25_faceswap_0011.obj,0.0,1
device_25_faceswap_0012.obj,0.0,1
device_25_faceswap_0013.obj,0.0,1
device_25_faceswap_0014.obj,0.0,1
device_25_faceswap_0015.obj,0.0,1
device_25_faceswap_0016.obj,0.0,1
device_25_faceswap_0017.obj,0.0,1
device_25_faceswap_0018.obj,0.0,1
device_25_faceswap_0019.obj,0.0,1
device_25_faceswap_0020.obj,0.0,1
device_25_faceswap_0021.obj,0.0,1
device_25_faceswap_0022.obj,0.0,1
device_25_faceswap_0023.obj,0.0,1
device_25_faceswap_0024.obj,0.0,1
device_25_jitter_0000.obj,0.0,1
device_25_jitter_0001.obj,0.0,1
device_25_jitter_0002.obj,0.0,1
device_25_jitter_0003.obj,0.0,1
device_25_jitter_0004.obj,0.0,1
device_25_jitter_0005.obj,0.0,1
device_25_jitter_0006.obj,0.0,1
device_25_jitter_0007.obj,0.0,1
device_25_jitter_0008.obj,0.0,1
device_25_jitter_0009.obj,0.0,1
device_25_jitter_0010.obj,0.0,1
device_25_jitter_0011.obj,0.0,1
device_25_jitter_0012.obj,0.0,1
device_25_jitter_0013.obj,0.0,1
device_25_jitter_0014.obj,0.0,1
device_25_jitter_0015.obj,0.0,1
device_25_jitter_0016.obj,0.0,1
device_25_jitter_0017.obj,0.0,1
device_25_jitter_0018.obj,0.0,1
device_25_jitter_0019.obj,0.0,1
device_25_jitter_0020.obj,0.0,1
device_25_jitter_0021.obj,0.0,1
device_25_jitter_0022.obj,0.0,1
device_25_jitter_0023.obj,0.0,1
device_25_jitter_0024.obj,0.0,1
device_25_rigid_0000.obj,0.0,1
device_25_rigid_0001.obj,0.0,1
device_25_rigid_0002.obj,0.0,1
device_25_rigid_0003.obj,0.0,1
device_25_rigid_0004.obj,0.0,1
device_25_rigid_0005.obj,0.0,1
device_25_rigid_0006.obj,0.0,1
device_25_rigid_0007.obj,0.0,1
device_25_rigid_0008.obj,0.0,1
device_25_rigid_0009.obj,0.0,1
device_25_rigid_0010.obj,0.0,1
device_25_rigid_0011.obj,0.0,1
device_25_rigid_0012.obj,0.0,1
device_25_rigid_0013.obj,0.0,1
device_25_rigid_0014.obj,0.0,1
device_25_rigid_0015.obj,0.0,1
device_25_rigid_0016.obj,0.0,1
device_25_rigid_0017.obj,0.0,1
device_25_rigid_0018.obj,0.0,1
device_25_rigid_0019.obj,0.0,1
device_25_rigid_0020.obj,0.0,1
device_25_rigid_0021.obj,0.0,1
device_25_rigid_0022.obj,0.0,1
device_25_rigid_0023.obj,0.0,1
device_25_rigid_0024.obj,0.0,1
device_25_tetwild_0000.obj,0.0,1
device_25_tetwild_0001.obj,0.0,1
device_25_tetwild_0002.obj,0.0,1
device_25_tetwild_0003.obj,0.0,1
device_25_tetwild_0004.obj,0.0,1
device_25_tetwild_0005.obj,0.0,1
device_25_tetwild_0006.obj,0.0,1
device_25_tetwild_0007.obj,0.0,1
device_25_tetwild_0008.obj,0.0,1
device_25_tetwild_0009.obj,0.0,1
device_25_tetwild_0010.obj,0.0,1
device_25_tetwild_0011.obj,0.0,1
device_25_tetwild_0012.obj,0.0,1
device_25_tetwild_0013.obj,0.0,1
device_25_tetwild_0014.obj,0.0,1
device_25_tetwild_0015.obj,0.0,1
device_25_tetwild_0016.obj,0.0,1
device_25_tetwild_0017.obj,0.0,1
device_25_tetwild_0018.obj,0.0,1
device_25_tetwild_0019.obj,0.0,1
device_25_tetwild_0020.obj,0.0,1
device_25_tetwild_0021.obj,0.0,1
device_25_tetwild_0022.obj,0.0,1
device_25_tetwild_0023.obj,0.0,1
device_25_tetwild_0024.obj,0.0,1
device_26_degenerate_0000.obj,0.0,1
device_26_degenerate_0001.obj,0.0,1
device_26_degenerate_0002.obj,0.0,1
device_26_degenerate_0003.obj,0.0,1
device_26_degenerate_0004.obj,0.0,1
device_26_degenerate_0005.obj,0.0,1
device_26_degenerate_0006.obj,0.0,1
device_26_degenerate_0007.obj,0.0,1
device_26_degenerate_0008.obj,0.0,1
device_26_degenerate_0009.obj,0.0,1
device_26_degenerate_0010.obj,0.0,1
device_26_degenerate_0011.obj,0.0,1
device_26_degenerate_0012.obj,0.0,1
device_26_degenerate_0013.obj,0.0,1
device_26_degenerate_0014.obj,0.0,1
device_26_degenerate_0015.obj,0.0,1
device_26_degenerate_0016.obj,0.0,1
device_26_degenerate_0017.obj,0.0,1
device_26_degenerate_0018.obj,0.0,1
device_26_degenerate_0019.obj,0.0,1
device_26_degenerate_0020.obj,0.0,1
device_26_degenerate_0021.obj,0.0,1
device_26_degenerate_0022.obj,0.0,1
device_26_degenerate_0023.obj,0.0,1
device_26_degenerate_0024.obj,0.0,1
device_26_disconnected_0000.obj,0.0,1
device_26_disconnected_0001.obj,0.0,1
device_26_disconnected_0002.obj,0.0,1
device_26_disconnected_0003.obj,0.0,1
device_26_disconnected_0004.obj,0.0,1
device_26_disconnected_0005.obj,0.0,1
device_26_disconnected_0006.obj,0.0,1
device_26_disconnected_0007.obj,0.0,1
device_26_disconnected_0008.obj,0.0,1
device_26_disconnected_0009.obj,0.0,1
device_26_disconnected_0010.obj,0.0,1
device_26_disconnected_0011.obj,0.0,1
device_26_disconnected_0012.obj,0.0,1
device_26_disconnected_0013.obj,0.0,1
device_26_disconnected_0014.obj,0.0,1
device_26_disconnected_0015.obj,0.0,1
device_26_disconnected_0016.obj,0.0,1
device_26_disconnected_0017.obj,0.0,1
device_26_disconnected_0018.obj,0.0,1
device_26_disconnected_0019.obj,0.0,1
device_26_disconnected_0020.obj,0.0,1
device_26_disconnected_0021.obj,0.0,1
device_26_disconnected_0022.obj,0.0,1
device_26_disconnected_0023.obj,0.0,1
device_26_disconnected_0024.obj,0.0,1
device_26_faceswap_0000.obj,0.0,1
device_26_faceswap_0001.obj,0.0,1
device_26_faceswap_0002.obj,0.0,1
device_26_faceswap_0003.obj,0.0,1
device_26_faceswap_0004.obj,0.0,1
device_26_faceswap_0005.obj,0.0,1
device_26_faceswap_0006.obj,0.0,1
device_26_faceswap_0007.obj,0.0,1
device_26_faceswap_0008.obj,0.0,1
device_26_faceswap_0009.obj,0.0,1
device_26_faceswap_0010.obj,0.0,1
device_26_faceswap_0011.obj,0.0,1
device_26_faceswap_0012.obj,0.0,1
device_26_faceswap_0013.obj,0.0,1
device_26_faceswap_0014.obj,0.0,1
device_26_faceswap_0015.obj,0.0,1
device_26_faceswap_0016.obj,0.0,1
device_26_faceswap_0017.obj,0.0,1
device_26_faceswap_0018.obj,0.0,1
device_26_faceswap_0019.obj,0.0,1
device_26_faceswap_0020.obj,0.0,1
device_26_faceswap_0021.obj,0.0,1
device_26_faceswap_0022.obj,0.0,1
device_26_faceswap_0023.obj,0.0,1
device_26_faceswap_0024.obj,0.0,1
device_26_jitter_0000.obj,0.0,1
device_26_jitter_0001.obj,0.0,1
device_26_jitter_0002.obj,0.0,1
device_26_jitter_0003.obj,0.0,1
device_26_jitter_0004.obj,0.0,1
device_26_jitter_0005.obj,0.0,1
device_26_jitter_0006.obj,0.0,1
device_26_jitter_0007.obj,0.0,1
device_26_jitter_0008.obj,0.0,1
device_26_jitter_0009.obj,0.0,1
device_26_jitter_0010.obj,0.0,1
device_26_jitter_0011.obj,0.0,1
device_26_jitter_0012.obj,0.0,1
device_26_jitter_0013.obj,0.0,1
device_26_jitter_0014.obj,0.0,1
device_26_jitter_0015.obj,0.0,1
device_26_jitter_0016.obj,0.0,1
device_26_jitter_0017.obj,0.0,1
device_26_jitter_0018.obj,0.0,1
device_26_jitter_0019.obj,0.0,1
device_26_jitter_0020.obj,0.0,1
device_26_jitter_0021.obj,0.0,1
device_26_jitter_0022.obj,0.0,1
device_26_jitter_0023.obj,0.0,1
device_26_jitter_0024.obj,0.0,1
device_26_rigid_0000.obj,0.0,1
device_26_rigid_0001.obj,0.0,1
device_26_rigid_0002.obj,0.0,1
device_26_rigid_0003.obj,0.0,1
device_26_rigid_0004.obj,0.0,1
device_26_rigid_0005.obj,0.0,1
device_26_rigid_0006.obj,0.0,1
device_26_rigid_0007.obj,0.0,1
device_26_rigid_0008.obj,0.0,1
device_26_rigid_0009.obj,0.0,1
device_26_rigid_0010.obj,0.0,1
device_26_rigid_0011.obj,0.0,1
device_26_rigid_0012.obj,0.0,1
device_26_rigid_0013.obj,0.0,1
device_26_rigid_0014.obj,0.0,1
device_26_rigid_0015.obj,0.0,1
device_26_rigid_0016.obj,0.0,1
device_26_rigid_0017.obj,0.0,1
device_26_rigid_0018.obj,0.0,1
device_26_rigid_0019.obj,0.0,1
device_26_rigid_0020.obj,0.0,1
device_26_rigid_0021.obj,0.0,1
device_26_rigid_0022.obj,0.0,1
device_26_rigid_0023.obj,0.0,1
device_26_rigid_0024.obj,0.0,1
device_26_tetwild_0000.obj,0.0,1
device_26_tetwild_0001.obj,0.0,1
device_26_tetwild_0002.obj,0.0,1
device_26_tetwild_0003.obj,0.0,1
device_26_tetwild_0004.obj,0.0,1
device_26_tetwild_0005.obj,0.0,1
device_26_tetwild_0006.obj,0.0,1
device_26_tetwild_0007.obj,0.0,1
device_26_tetwild_0008.obj,0.0,1
device_26_tetwild_0009.obj,0.0,1
device_26_tetwild_0010.obj,0.0,1
device_26_tetwild_0011.obj,0.0,1
device_26_tetwild_0012.obj,0.0,1
device_26_tetwild_0013.obj,0.0,1
device_26_tetwild_0014.obj,0.0,1
device_26_tetwild_0015.obj,0.0,1
device_26_tetwild_0016.obj,0.0,1
device_26_tetwild_0017.obj,0.0,1
device_26_tetwild_0018.obj,0.0,1
device_26_tetwild_0019.obj,0.0,1
device_26_tetwild_0020.obj,0.0,1
device_26_tetwild_0021.obj,0.0,1
device_26_tetwild_0022.obj,0.0,1
device_26_tetwild_0023.obj,0.0,1
device_10_degenerate_0000.obj,0.0,1
device_10_degenerate_0001.obj,0.0,1
device_10_degenerate_0002.obj,0.0,1
device_10_degenerate_0003.obj,0.0,1
device_10_degenerate_0004.obj,0.0,1
device_10_degenerate_0005.obj,0.0,1
device_10_degenerate_0006.obj,0.0,1
device_10_degenerate_0007.obj,0.0,1
device_10_degenerate_0008.obj,0.0,1
device_10_degenerate_0009.obj,0.0,1
device_10_degenerate_0010.obj,0.0,1
device_10_degenerate_0011.obj,0.0,1
device_10_degenerate_0012.obj,0.0,1
device_10_degenerate_0013.obj,0.0,1
device_10_degenerate_0014.obj,0.0,1
device_10_degenerate_0015.obj,0.0,1
device_10_degenerate_0016.obj,0.0,1
device_10_degenerate_0017.obj,0.0,1
device_10_degenerate_0018.obj,0.0,1
device_10_degenerate_0019.obj,0.0,1
device_10_degenerate_0020.obj,0.0,1
device_10_degenerate_0021.obj,0.0,1
device_10_degenerate_0022.obj,0.0,1
device_10_degenerate_0023.obj,0.0,1
device_10_degenerate_0024.obj,0.0,1
device_10_disconnected_0000.obj,0.0,1
device_10_disconnected_0001.obj,0.0,1
device_10_disconnected_0002.obj,0.0,1
device_10_disconnected_0003.obj,0.0,1
device_10_disconnected_0004.obj,0.0,1
device_10_disconnected_0005.obj,0.0,1
device_10_disconnected_0006.obj,0.0,1
device_10_disconnected_0007.obj,0.0,1
device_10_disconnected_0008.obj,0.0,1
device_10_disconnected_0009.obj,0.0,1
device_10_disconnected_0010.obj,0.0,1
device_10_disconnected_0011.obj,0.0,1
device_10_disconnected_0012.obj,0.0,1
device_10_disconnected_0013.obj,0.0,1
device_10_disconnected_0014.obj,0.0,1
device_10_disconnected_0015.obj,0.0,1
device_10_disconnected_0016.obj,0.0,1
device_10_disconnected_0017.obj,0.0,1
device_10_disconnected_0018.obj,0.0,1
device_10_disconnected_0019.obj,0.0,1
device_10_disconnected_0020.obj,0.0,1
device_10_disconnected_0021.obj,0.0,1
device_10_disconnected_0022.obj,0.0,1
device_10_disconnected_0023.obj,0.0,1
device_10_disconnected_0024.obj,0.0,1
device_10_faceswap_0000.obj,0.0,1
device_10_faceswap_0001.obj,0.0,1
device_10_faceswap_0002.obj,0.0,1
device_10_faceswap_0003.obj,0.0,1
device_10_faceswap_0004.obj,0.0,1
device_10_faceswap_0005.obj,0.0,1
device_10_faceswap_0006.obj,0.0,1
device_10_faceswap_0007.obj,0.0,1
device_10_faceswap_0008.obj,0.0,1
device_10_faceswap_0009.obj,0.0,1
device_10_faceswap_0010.obj,0.0,1
device_10_faceswap_0011.obj,0.0,1
device_10_faceswap_0012.obj,0.0,1
device_10_faceswap_0013.obj,0.0,1
device_10_faceswap_0014.obj,0.0,1
device_10_faceswap_0015.obj,0.0,1
device_10_faceswap_0016.obj,0.0,1
device_10_faceswap_0017.obj,0.0,1
device_10_faceswap_0018.obj,0.0,1
device_10_faceswap_0019.obj,0.0,1
device_10_faceswap_0020.obj,0.0,1
device_10_faceswap_0021.obj,0.0,1
device_10_faceswap_0022.obj,0.0,1
device_10_faceswap_0023.obj,0.0,1
device_10_faceswap_0024.obj,0.0,1
device_10_jitter_0000.obj,0.0,1
device_10_jitter_0001.obj,0.0,1
device_10_jitter_0002.obj,0.0,1
device_10_jitter_0003.obj,0.0,1
device_10_jitter_0004.obj,0.0,1
device_10_jitter_0005.obj,0.0,1
device_10_jitter_0006.obj,0.0,1
device_10_jitter_0007.obj,0.0,1
device_10_jitter_0008.obj,0.0,1
device_10_jitter_0009.obj,0.0,1
device_10_jitter_0010.obj,0.0,1
device_10_jitter_0011.obj,0.0,1
device_10_jitter_0012.obj,0.0,1
device_10_jitter_0013.obj,0.0,1
device_10_jitter_0014.obj,0.0,1
device_10_jitter_0015.obj,0.0,1
device_10_jitter_0016.obj,0.0,1
device_10_jitter_0017.obj,0.0,1
device_10_jitter_0018.obj,0.0,1
device_10_jitter_0019.obj,0.0,1
device_10_jitter_0020.obj,0.0,1
device_10_jitter_0021.obj,0.0,1
device_10_jitter_0022.obj,0.0,1
device_10_jitter_0023.obj,0.0,1
device_10_jitter_0024.obj,0.0,1
device_10_rigid_0000.obj,0.0,1
device_10_rigid_0001.obj,0.0,1
device_10_rigid_0002.obj,0.0,1
device_10_rigid_0003.obj,0.0,1
device_10_rigid_0004.obj,0.0,1
device_10_rigid_0005.obj,0.0,1
device_10_rigid_0006.obj,0.0,1
device_10_rigid_0007.obj,0.0,1
device_10_rigid_0008.obj,0.0,1
device_10_rigid_0009.obj,0.0,1
device_10_rigid_0010.obj,0.0,1
device_10_rigid_0011.obj,0.0,1
device_10_rigid_0012.obj,0.0,1
device_10_rigid_0013.obj,0.0,1
device_10_rigid_0014.obj,0.0,1
device_10_rigid_0015.obj,0.0,1
device_10_rigid_0016.obj,0.0,1
device_10_rigid_0017.obj,0.0,1
device_10_rigid_0018.obj,0.0,1
device_10_rigid_0019.obj,0.0,1
device_10_rigid_0020.obj,0.0,1
device_10_rigid_0021.obj,0.0,1
device_10_rigid_0022.obj,0.0,1
device_10_rigid_0023.obj,0.0,1
device_10_rigid_0024.obj,0.0,1
device_10_tetwild_0000.obj,0.0,1
device_10_tetwild_0001.obj,0.0,1
device_10_tetwild_0002.obj,0.0,1
device_10_tetwild_0003.obj,0.0,1
device_10_tetwild_0004.obj,0.0,1
device_10_tetwild_0005.obj,0.0,1
device_10_tetwild_0006.obj,0.0,1
device_10_tetwild_0007.obj,0.0,1
device_10_tetwild_0008.obj,0.0,1
device_10_tetwild_0009.obj,0.0,1
device_10_tetwild_0010.obj,0.0,1
device_10_tetwild_0011.obj,0.0,1
device_10_tetwild_0012.obj,0.0,1
device_10_tetwild_0013.obj,0.0,1
device_10_tetwild_0014.obj,0.0,1
device_10_tetwild_0015.obj,0.0,1
device_10_tetwild_0016.obj,0.0,1
device_10_tetwild_0017.obj,0.0,1
device_10_tetwild_0018.obj,0.0,1
device_10_tetwild_0019.obj,0.0,1
device_10_tetwild_0020.obj,0.0,1
device_10_tetwild_0021.obj,0.0,1
device_10_tetwild_0022.obj,0.0,1
device_10_tetwild_0023.obj,0.0,1
device_10_tetwild_0024.obj,0.0,1
device_20_degenerate_0000.obj,0.0,1
device_20_degenerate_0001.obj,0.0,1
device_20_degenerate_0002.obj,0.0,1
device_20_degenerate_0003.obj,0.0,1
device_20_degenerate_0004.obj,0.0,1
device_20_degenerate_0005.obj,0.0,1
device_20_degenerate_0006.obj,0.0,1
device_20_degenerate_0007.obj,0.0,1
device_20_degenerate_0008.obj,0.0,1
device_20_degenerate_0009.obj,0.0,1
device_20_degenerate_0010.obj,0.0,1
device_20_degenerate_0011.obj,0.0,1
device_20_degenerate_0012.obj,0.0,1
device_20_degenerate_0013.obj,0.0,1
device_20_degenerate_0014.obj,0.0,1
device_20_degenerate_0015.obj,0.0,1
device_20_degenerate_0016.obj,0.0,1
device_20_degenerate_0017.obj,0.0,1
device_20_degenerate_0018.obj,0.0,1
device_20_degenerate_0019.obj,0.0,1
device_20_degenerate_0020.obj,0.0,1
device_20_degenerate_0021.obj,0.0,1
device_20_degenerate_0022.obj,0.0,1
device_20_degenerate_0023.obj,0.0,1
device_20_degenerate_0024.obj,0.0,1
device_20_disconnected_0000.obj,0.0,1
device_20_disconnected_0001.obj,0.0,1
device_20_disconnected_0002.obj,0.0,1
device_20_disconnected_0003.obj,0.0,1
device_20_disconnected_0004.obj,0.0,1
device_20_disconnected_0005.obj,0.0,1
device_20_disconnected_0006.obj,0.0,1
device_20_disconnected_0007.obj,0.0,1
device_20_disconnected_0008.obj,0.0,1
device_20_disconnected_0009.obj,0.0,1
device_20_disconnected_0010.obj,0.0,1
device_20_disconnected_0011.obj,0.0,1
device_20_disconnected_0012.obj,0.0,1
device_20_disconnected_0013.obj,0.0,1
device_20_disconnected_0014.obj,0.0,1
device_20_disconnected_0015.obj,0.0,1
device_20_disconnected_0016.obj,0.0,1
device_20_disconnected_0017.obj,0.0,1
device_20_disconnected_0018.obj,0.0,1
device_20_disconnected_0019.obj,0.0,1
device_20_disconnected_0020.obj,0.0,1
device_20_disconnected_0021.obj,0.0,1
device_20_disconnected_0022.obj,0.0,1
device_20_disconnected_0023.obj,0.0,1
device_20_disconnected_0024.obj,0.0,1
device_20_faceswap_0000.obj,0.0,1
device_20_faceswap_0001.obj,0.0,1
device_20_faceswap_0002.obj,0.0,1
device_20_faceswap_0003.obj,0.0,1
device_20_faceswap_0004.obj,0.0,1
device_20_faceswap_0005.obj,0.0,1
device_20_faceswap_0006.obj,0.0,1
device_20_faceswap_0007.obj,0.0,1
device_20_faceswap_0008.obj,0.0,1
device_20_faceswap_0009.obj,0.0,1
device_20_faceswap_0010.obj,0.0,1
device_20_faceswap_0011.obj,0.0,1
device_20_faceswap_0012.obj,0.0,1
device_20_faceswap_0013.obj,0.0,1
device_20_faceswap_0014.obj,0.0,1
device_20_faceswap_0015.obj,0.0,1
device_20_faceswap_0016.obj,0.0,1
device_20_faceswap_0017.obj,0.0,1
device_20_faceswap_0018.obj,0.0,1
device_20_faceswap_0019.obj,0.0,1
device_20_faceswap_0020.obj,0.0,1
device_20_faceswap_0021.obj,0.0,1
device_20_faceswap_0022.obj,0.0,1
device_20_faceswap_0023.obj,0.0,1
device_20_faceswap_0024.obj,0.0,1
device_20_jitter_0000.obj,0.0,1
device_20_jitter_0001.obj,0.0,1
device_20_jitter_0002.obj,0.0,1
device_20_jitter_0003.obj,0.0,1
device_20_jitter_0004.obj,0.0,1
device_20_jitter_0005.obj,0.0,1
device_20_jitter_0006.obj,0.0,1
device_20_jitter_0007.obj,0.0,1
device_20_jitter_0008.obj,0.0,1
device_20_jitter_0009.obj,0.0,1
device_20_jitter_0010.obj,0.0,1
device_20_jitter_0011.obj,0.0,1
device_20_jitter_0012.obj,0.0,1
device_20_jitter_0013.obj,0.0,1
device_20_jitter_0014.obj,0.0,1
device_20_jitter_0015.obj,0.0,1
device_20_jitter_0016.obj,0.0,1
device_20_jitter_0017.obj,0.0,1
device_20_jitter_0018.obj,0.0,1
device_20_jitter_0019.obj,0.0,1
device_20_jitter_0020.obj,0.0,1
device_20_jitter_0021.obj,0.0,1
device_20_jitter_0022.obj,0.0,1
device_20_jitter_0023.obj,0.0,1
device_20_jitter_0024.obj,0.0,1
device_20_rigid_0000.obj,0.0,1
device_20_rigid_0001.obj,0.0,1
device_20_rigid_0002.obj,0.0,1
device_20_rigid_0003.obj,0.0,1
device_20_rigid_0004.obj,0.0,1
device_20_rigid_0005.obj,0.0,1
device_20_rigid_0006.obj,0.0,1
device_20_rigid_0007.obj,0.0,1
device_20_rigid_0008.obj,0.0,1
device_20_rigid_0009.obj,0.0,1
device_20_rigid_0010.obj,0.0,1
device_20_rigid_0011.obj,0.0,1
device_20_rigid_0012.obj,0.0,1
device_20_rigid_0013.obj,0.0,1
device_20_rigid_0014.obj,0.0,1
device_20_rigid_0015.obj,0.0,1
device_20_rigid_0016.obj,0.0,1
device_20_rigid_0017.obj,0.0,1
device_20_rigid_0018.obj,0.0,1
device_20_rigid_0019.obj,0.0,1
device_20_rigid_0020.obj,0.0,1
device_20_rigid_0021.obj,0.0,1
device_20_rigid_0022.obj,0.0,1
device_20_rigid_0023.obj,0.0,1
device_20_rigid_0024.obj,0.0,1
device_20_tetwild_0000.obj,0.0,1
device_20_tetwild_0001.obj,0.0,1
device_20_tetwild_0002.obj,0.0,1
device_20_tetwild_0003.obj,0.0,1
device_20_tetwild_0004.obj,0.0,1
device_20_tetwild_0005.obj,0.0,1
device_20_tetwild_0006.obj,0.0,1
device_20_tetwild_0007.obj,0.0,1
device_20_tetwild_0008.obj,0.0,1
device_20_tetwild_0009.obj,0.0,1
device_20_tetwild_0010.obj,0.0,1
device_20_tetwild_0011.obj,0.0,1
device_20_tetwild_0012.obj,0.0,1
device_20_tetwild_0014.obj,0.0,1
device_20_tetwild_0015.obj,0.0,1
device_20_tetwild_0016.obj,0.0,1
device_20_tetwild_0017.obj,0.0,1
device_20_tetwild_0018.obj,0.0,1
device_20_tetwild_0019.obj,0.0,1
device_20_tetwild_0020.obj,0.0,1
device_20_tetwild_0021.obj,0.0,1
device_20_tetwild_0022.obj,0.0,1
device_20_tetwild_0023.obj,0.0,1
device_20_tetwild_0024.obj,0.0,1
device_18_degenerate_0000.obj,0.0,1
device_18_degenerate_0001.obj,0.0,1
device_18_degenerate_0002.obj,0.0,1
device_18_degenerate_0003.obj,0.0,1
device_18_degenerate_0004.obj,0.0,1
device_18_degenerate_0005.obj,0.0,1
device_18_degenerate_0006.obj,0.0,1
device_18_degenerate_0007.obj,0.0,1
device_18_degenerate_0008.obj,0.0,1
device_18_degenerate_0009.obj,0.0,1
device_18_degenerate_0010.obj,0.0,1
device_18_degenerate_0011.obj,0.0,1
device_18_degenerate_0012.obj,0.0,1
device_18_degenerate_0013.obj,0.0,1
device_18_degenerate_0014.obj,0.0,1
device_18_degenerate_0015.obj,0.0,1
device_18_degenerate_0016.obj,0.0,1
device_18_degenerate_0017.obj,0.0,1
device_18_degenerate_0018.obj,0.0,1
device_18_degenerate_0019.obj,0.0,1
device_18_degenerate_0020.obj,0.0,1
device_18_degenerate_0021.obj,0.0,1
device_18_degenerate_0022.obj,0.0,1
device_18_degenerate_0023.obj,0.0,1
device_18_degenerate_0024.obj,0.0,1
device_18_disconnected_0000.obj,0.0,1
device_18_disconnected_0001.obj,0.0,1
device_18_disconnected_0002.obj,0.0,1
device_18_disconnected_0003.obj,0.0,1
device_18_disconnected_0004.obj,0.0,1
device_18_disconnected_0005.obj,0.0,1
device_18_disconnected_0006.obj,0.0,1
device_18_disconnected_0007.obj,0.0,1
device_18_disconnected_0008.obj,0.0,1
device_18_disconnected_0009.obj,0.0,1
device_18_disconnected_0010.obj,0.0,1
device_18_disconnected_0011.obj,0.0,1
device_18_disconnected_0012.obj,0.0,1
device_18_disconnected_0013.obj,0.0,1
device_18_disconnected_0014.obj,0.0,1
device_18_disconnected_0015.obj,0.0,1
device_18_disconnected_0016.obj,0.0,1
device_18_disconnected_0017.obj,0.0,1
device_18_disconnected_0018.obj,0.0,1
device_18_disconnected_0019.obj,0.0,1
device_18_disconnected_0020.obj,0.0,1
device_18_disconnected_0021.obj,0.0,1
device_18_disconnected_0022.obj,0.0,1
device_18_disconnected_0023.obj,0.0,1
device_18_disconnected_0024.obj,0.0,1
device_18_faceswap_0000.obj,0.0,1
device_18_faceswap_0001.obj,0.0,1
device_18_faceswap_0002.obj,0.0,1
device_18_faceswap_0003.obj,0.0,1
device_18_faceswap_0004.obj,0.0,1
device_18_faceswap_0005.obj,0.0,1
device_18_faceswap_0006.obj,0.0,1
device_18_faceswap_0007.obj,0.0,1
device_18_faceswap_0008.obj,0.0,1
device_18_faceswap_0009.obj,0.0,1
device_18_faceswap_0010.obj,0.0,1
device_18_faceswap_0011.obj,0.0,1
device_18_faceswap_0012.obj,0.0,1
device_18_faceswap_0013.obj,0.0,1
device_18_faceswap_0014.obj,0.0,1
device_18_faceswap_0015.obj,0.0,1
device_18_faceswap_0016.obj,0.0,1
device_18_faceswap_0017.obj,0.0,1
device_18_faceswap_0018.obj,0.0,1
device_18_faceswap_0019.obj,0.0,1
device_18_faceswap_0020.obj,0.0,1
device_18_faceswap_0021.obj,0.0,1
device_18_faceswap_0022.obj,0.0,1
device_18_faceswap_0023.obj,0.0,1
device_18_faceswap_0024.obj,0.0,1
device_18_jitter_0000.obj,0.0,1
device_18_jitter_0001.obj,0.0,1
device_18_jitter_0002.obj,0.0,1
device_18_jitter_0003.obj,0.0,1
device_18_jitter_0004.obj,0.0,1
device_18_jitter_0005.obj,0.0,1
device_18_jitter_0006.obj,0.0,1
device_18_jitter_0007.obj,0.0,1
device_18_jitter_0008.obj,0.0,1
device_18_jitter_0009.obj,0.0,1
device_18_jitter_0010.obj,0.0,1
device_18_jitter_0011.obj,0.0,1
device_18_jitter_0012.obj,0.0,1
device_18_jitter_0013.obj,0.0,1
device_18_jitter_0014.obj,0.0,1
device_18_jitter_0015.obj,0.0,1
device_18_jitter_0016.obj,0.0,1
device_18_jitter_0017.obj,0.0,1
device_18_jitter_0018.obj,0.0,1
device_18_jitter_0019.obj,0.0,1
device_18_jitter_0020.obj,0.0,1
device_18_jitter_0021.obj,0.0,1
device_18_jitter_0022.obj,0.0,1
device_18_jitter_0023.obj,0.0,1
device_18_jitter_0024.obj,0.0,1
device_18_rigid_0000.obj,0.0,1
device_18_rigid_0001.obj,0.0,1
device_18_rigid_0002.obj,0.0,1
device_18_rigid_0003.obj,0.0,1
device_18_rigid_0004.obj,0.0,1
device_18_rigid_0005.obj,0.0,1
device_18_rigid_0006.obj,0.0,1
device_18_rigid_0007.obj,0.0,1
device_18_rigid_0008.obj,0.0,1
device_18_rigid_0009.obj,0.0,1
device_18_rigid_0010.obj,0.0,1
device_18_rigid_0011.obj,0.0,1
device_18_rigid_0012.obj,0.0,1
device_18_rigid_0013.obj,0.0,1
device_18_rigid_0014.obj,0.0,1
device_18_rigid_0015.obj,0.0,1
device_18_rigid_0016.obj,0.0,1
device_18_rigid_0017.obj,0.0,1
device_18_rigid_0018.obj,0.0,1
device_18_rigid_0019.obj,0.0,1
device_18_rigid_0020.obj,0.0,1
device_18_rigid_0021.obj,0.0,1
device_18_rigid_0022.obj,0.0,1
device_18_rigid_0023.obj,0.0,1
device_18_rigid_0024.obj,0.0,1
device_18_tetwild_0000.obj,0.0,1
device_18_tetwild_0001.obj,0.0,1
device_18_tetwild_0002.obj,0.0,1
device_18_tetwild_0003.obj,0.0,1
device_18_tetwild_0004.obj,0.0,1
device_18_tetwild_0005.obj,0.0,1
device_18_tetwild_0006.obj,0.0,1
device_18_tetwild_0007.obj,0.0,1
device_18_tetwild_0008.obj,0.0,1
device_18_tetwild_0009.obj,0.0,1
device_18_tetwild_0010.obj,0.0,1
device_18_tetwild_0011.obj,0.0,1
device_18_tetwild_0012.obj,0.0,1
device_18_tetwild_0013.obj,0.0,1
device_18_tetwild_0014.obj,0.0,1
device_18_tetwild_0015.obj,0.0,1
device_18_tetwild_0016.obj,0.0,1
device_18_tetwild_0017.obj,0.0,1
device_18_tetwild_0018.obj,0.0,1
device_18_tetwild_0019.obj,0.0,1
device_18_tetwild_0020.obj,0.0,1
device_18_tetwild_0021.obj,0.0,1
device_18_tetwild_0022.obj,0.0,1
device_18_tetwild_0023.obj,0.0,1
device_18_tetwild_0024.obj,0.0,1
device_04_degenerate_0000.obj,0.0,1
device_04_degenerate_0001.obj,0.0,1
device_04_degenerate_0002.obj,0.0,1
device_04_degenerate_0003.obj,0.0,1
device_04_degenerate_0004.obj,0.0,1
device_04_degenerate_0005.obj,0.0,1
device_04_degenerate_0006.obj,0.0,1
device_04_degenerate_0007.obj,0.0,1
device_04_degenerate_0008.obj,0.0,1
device_04_degenerate_0009.obj,0.0,1
device_04_degenerate_0010.obj,0.0,1
device_04_degenerate_0011.obj,0.0,1
device_04_degenerate_0012.obj,0.0,1
device_04_degenerate_0013.obj,0.0,1
device_04_degenerate_0014.obj,0.0,1
device_04_degenerate_0015.obj,0.0,1
device_04_degenerate_0016.obj,0.0,1
device_04_degenerate_0017.obj,0.0,1
device_04_degenerate_0018.obj,0.0,1
device_04_degenerate_0019.obj,0.0,1
device_04_degenerate_0020.obj,0.0,1
device_04_degenerate_0021.obj,0.0,1
device_04_degenerate_0022.obj,0.0,1
device_04_degenerate_0023.obj,0.0,1
device_04_degenerate_0024.obj,0.0,1
device_04_disconnected_0000.obj,0.0,1
device_04_disconnected_0001.obj,0.0,1
device_04_disconnected_0002.obj,0.0,1
device_04_disconnected_0003.obj,0.0,1
device_04_disconnected_0004.obj,0.0,1
device_04_disconnected_0005.obj,0.0,1
device_04_disconnected_0006.obj,0.0,1
device_04_disconnected_0007.obj,0.0,1
device_04_disconnected_0008.obj,0.0,1
device_04_disconnected_0009.obj,0.0,1
device_04_disconnected_0010.obj,0.0,1
device_04_disconnected_0011.obj,0.0,1
device_04_disconnected_0012.obj,0.0,1
device_04_disconnected_0013.obj,0.0,1
device_04_disconnected_0014.obj,0.0,1
device_04_disconnected_0015.obj,0.0,1
device_04_disconnected_0016.obj,0.0,1
device_04_disconnected_0017.obj,0.0,1
device_04_disconnected_0018.obj,0.0,1
device_04_disconnected_0019.obj,0.0,1
device_04_disconnected_0020.obj,0.0,1
device_04_disconnected_0021.obj,0.0,1
device_04_disconnected_0022.obj,0.0,1
device_04_disconnected_0023.obj,0.0,1
device_04_disconnected_0024.obj,0.0,1
device_04_faceswap_0000.obj,0.0,1
device_04_faceswap_0001.obj,0.0,1
device_04_faceswap_0002.obj,0.0,1
device_04_faceswap_0003.obj,0.0,1
device_04_faceswap_0004.obj,0.0,1
device_04_faceswap_0005.obj,0.0,1
device_04_faceswap_0006.obj,0.0,1
device_04_faceswap_0007.obj,0.0,1
device_04_faceswap_0008.obj,0.0,1
device_04_faceswap_0009.obj,0.0,1
device_04_faceswap_0010.obj,0.0,1
device_04_faceswap_0011.obj,0.0,1
device_04_faceswap_0012.obj,0.0,1
device_04_faceswap_0013.obj,0.0,1
device_04_faceswap_0014.obj,0.0,1
device_04_faceswap_0015.obj,0.0,1
device_04_faceswap_0016.obj,0.0,1
device_04_faceswap_0017.obj,0.0,1
device_04_faceswap_0018.obj,0.0,1
device_04_faceswap_0019.obj,0.0,1
device_04_faceswap_0020.obj,0.0,1
device_04_faceswap_0021.obj,0.0,1
device_04_faceswap_0022.obj,0.0,1
device_04_faceswap_0023.obj,0.0,1
device_04_faceswap_0024.obj,0.0,1
device_04_jitter_0000.obj,0.0,1
device_04_jitter_0001.obj,0.0,1
device_04_jitter_0002.obj,0.0,1
device_04_jitter_0003.obj,0.0,1
device_04_jitter_0004.obj,0.0,1
device_04_jitter_0005.obj,0.0,1
device_04_jitter_0006.obj,0.0,1
device_04_jitter_0007.obj,0.0,1
device_04_jitter_0008.obj,0.0,1
device_04_jitter_0009.obj,0.0,1
device_04_jitter_0010.obj,0.0,1
device_04_jitter_0011.obj,0.0,1
device_04_jitter_0012.obj,0.0,1
device_04_jitter_0013.obj,0.0,1
device_04_jitter_0014.obj,0.0,1
device_04_jitter_0015.obj,0.0,1
device_04_jitter_0016.obj,0.0,1
device_04_jitter_0017.obj,0.0,1
device_04_jitter_0018.obj,0.0,1
device_04_jitter_0019.obj,0.0,1
device_04_jitter_0020.obj,0.0,1
device_04_jitter_0021.obj,0.0,1
device_04_jitter_0022.obj,0.0,1
device_04_jitter_0023.obj,0.0,1
device_04_jitter_0024.obj,0.0,1
device_04_rigid_0000.obj,0.0,1
device_04_rigid_0001.obj,0.0,1
device_04_rigid_0002.obj,0.0,1
device_04_rigid_0003.obj,0.0,1
device_04_rigid_0004.obj,0.0,1
device_04_rigid_0005.obj,0.0,1
device_04_rigid_0006.obj,0.0,1
device_04_rigid_0007.obj,0.0,1
device_04_rigid_0008.obj,0.0,1
device_04_rigid_0009.obj,0.0,1
device_04_rigid_0010.obj,0.0,1
device_04_rigid_0011.obj,0.0,1
device_04_rigid_0012.obj,0.0,1
device_04_rigid_0013.obj,0.0,1
device_04_rigid_0014.obj,0.0,1
device_04_rigid_0015.obj,0.0,1
device_04_rigid_0016.obj,0.0,1
device_04_rigid_0017.obj,0.0,1
device_04_rigid_0018.obj,0.0,1
device_04_rigid_0019.obj,0.0,1
device_04_rigid_0020.obj,0.0,1
device_04_rigid_0021.obj,0.0,1
device_04_rigid_0022.obj,0.0,1
device_04_rigid_0023.obj,0.0,1
device_04_rigid_0024.obj,0.0,1
device_04_tetwild_0000.obj,0.0,1
device_04_tetwild_0001.obj,0.0,1
device_04_tetwild_0002.obj,0.0,1
device_04_tetwild_0003.obj,0.0,1
device_04_tetwild_0004.obj,0.0,1
device_04_tetwild_0005.obj,0.0,1
device_04_tetwild_0006.obj,0.0,1
device_04_tetwild_0007.obj,0.0,1
device_04_tetwild_0008.obj,0.0,1
device_04_tetwild_0009.obj,0.0,1
device_04_tetwild_0010.obj,0.0,1
device_04_tetwild_0011.obj,0.0,1
device_04_tetwild_0012.obj,0.0,1
device_04_tetwild_0013.obj,0.0,1
device_04_tetwild_0014.obj,0.0,1
device_04_tetwild_0015.obj,0.0,1
device_04_tetwild_0016.obj,0.0,1
device_04_tetwild_0017.obj,0.0,1
device_04_tetwild_0018.obj,0.0,1
device_04_tetwild_0019.obj,0.0,1
device_04_tetwild_0020.obj,0.0,1
device_04_tetwild_0021.obj,0.0,1
device_04_tetwild_0022.obj,0.0,1
device_04_tetwild_0023.obj,0.0,1
device_04_tetwild_0024.obj,0.0,1
device_14_degenerate_0000.obj,0.0,1
device_14_degenerate_0001.obj,0.0,1
device_14_degenerate_0002.obj,0.0,1
device_14_degenerate_0003.obj,0.0,1
device_14_degenerate_0004.obj,0.0,1
device_14_degenerate_0005.obj,0.0,1
device_14_degenerate_0006.obj,0.0,1
device_14_degenerate_0007.obj,0.0,1
device_14_degenerate_0008.obj,0.0,1
device_14_degenerate_0009.obj,0.0,1
device_14_degenerate_0010.obj,0.0,1
device_14_degenerate_0011.obj,0.0,1
device_14_degenerate_0012.obj,0.0,1
device_14_degenerate_0013.obj,0.0,1
device_14_degenerate_0014.obj,0.0,1
device_14_degenerate_0015.obj,0.0,1
device_14_degenerate_0016.obj,0.0,1
device_14_degenerate_0017.obj,0.0,1
device_14_degenerate_0018.obj,0.0,1
device_14_degenerate_0019.obj,0.0,1
device_14_degenerate_0020.obj,0.0,1
device_14_degenerate_0021.obj,0.0,1
device_14_degenerate_0022.obj,0.0,1
device_14_degenerate_0023.obj,0.0,1
device_14_degenerate_0024.obj,0.0,1
device_14_disconnected_0000.obj,0.0,1
device_14_disconnected_0001.obj,0.0,1
device_14_disconnected_0002.obj,0.0,1
device_14_disconnected_0003.obj,0.0,1
device_14_disconnected_0004.obj,0.0,1
device_14_disconnected_0005.obj,0.0,1
device_14_disconnected_0006.obj,0.0,1
device_14_disconnected_0007.obj,0.0,1
device_14_disconnected_0008.obj,0.0,1
device_14_disconnected_0009.obj,0.0,1
device_14_disconnected_0010.obj,0.0,1
device_14_disconnected_0011.obj,0.0,1
device_14_disconnected_0012.obj,0.0,1
device_14_disconnected_0013.obj,0.0,1
device_14_disconnected_0014.obj,0.0,1
device_14_disconnected_0015.obj,0.0,1
device_14_disconnected_0016.obj,0.0,1
device_14_disconnected_0017.obj,0.0,1
device_14_disconnected_0018.obj,0.0,1
device_14_disconnected_0019.obj,0.0,1
device_14_disconnected_0020.obj,0.0,1
device_14_disconnected_0021.obj,0.0,1
device_14_disconnected_0022.obj,0.0,1
device_14_disconnected_0023.obj,0.0,1
device_14_disconnected_0024.obj,0.0,1
device_14_faceswap_0000.obj,0.0,1
device_14_faceswap_0001.obj,0.0,1
device_14_faceswap_0002.obj,0.0,1
device_14_faceswap_0003.obj,0.0,1
device_14_faceswap_0004.obj,0.0,1
device_14_faceswap_0005.obj,0.0,1
device_14_faceswap_0006.obj,0.0,1
device_14_faceswap_0007.obj,0.0,1
device_14_faceswap_0008.obj,0.0,1
device_14_faceswap_0009.obj,0.0,1
device_14_faceswap_0010.obj,0.0,1
device_14_faceswap_0011.obj,0.0,1
device_14_faceswap_0012.obj,0.0,1
device_14_faceswap_0013.obj,0.0,1
device_14_faceswap_0014.obj,0.0,1
device_14_faceswap_0015.obj,0.0,1
device_14_faceswap_0016.obj,0.0,1
device_14_faceswap_0017.obj,0.0,1
device_14_faceswap_0018.obj,0.0,1
device_14_faceswap_0019.obj,0.0,1
device_14_faceswap_0020.obj,0.0,1
device_14_faceswap_0021.obj,0.0,1
device_14_faceswap_0022.obj,0.0,1
device_14_faceswap_0023.obj,0.0,1
device_14_faceswap_0024.obj,0.0,1
device_14_jitter_0000.obj,0.0,1
device_14_jitter_0001.obj,0.0,1
device_14_jitter_0002.obj,0.0,1
device_14_jitter_0003.obj,0.0,1
device_14_jitter_0004.obj,0.0,1
device_14_jitter_0005.obj,0.0,1
device_14_jitter_0006.obj,0.0,1
device_14_jitter_0007.obj,0.0,1
device_14_jitter_0008.obj,0.0,1
device_14_jitter_0009.obj,0.0,1
device_14_jitter_0010.obj,0.0,1
device_14_jitter_0011.obj,0.0,1
device_14_jitter_0012.obj,0.0,1
device_14_jitter_0013.obj,0.0,1
device_14_jitter_0014.obj,0.0,1
device_14_jitter_0015.obj,0.0,1
device_14_jitter_0016.obj,0.0,1
device_14_jitter_0017.obj,0.0,1
device_14_jitter_0018.obj,0.0,1
device_14_jitter_0019.obj,0.0,1
device_14_jitter_0020.obj,0.0,1
device_14_jitter_0021.obj,0.0,1
device_14_jitter_0022.obj,0.0,1
device_14_jitter_0023.obj,0.0,1
device_14_jitter_0024.obj,0.0,1
device_14_rigid_0000.obj,0.0,1
device_14_rigid_0001.obj,0.0,1
device_14_rigid_0002.obj,0.0,1
device_14_rigid_0003.obj,0.0,1
device_14_rigid_0004.obj,0.0,1
device_14_rigid_0005.obj,0.0,1
device_14_rigid_0006.obj,0.0,1
device_14_rigid_0007.obj,0.0,1
device_14_rigid_0008.obj,0.0,1
device_14_rigid_0009.obj,0.0,1
device_14_rigid_0010.obj,0.0,1
device_14_rigid_0011.obj,0.0,1
device_14_rigid_0012.obj,0.0,1
device_14_rigid_0013.obj,0.0,1
device_14_rigid_0014.obj,0.0,1
device_14_rigid_0015.obj,0.0,1
device_14_rigid_0016.obj,0.0,1
device_14_rigid_0017.obj,0.0,1
device_14_rigid_0018.obj,0.0,1
device_14_rigid_0019.obj,0.0,1
device_14_rigid_0020.obj,0.0,1
device_14_rigid_0021.obj,0.0,1
device_14_rigid_0022.obj,0.0,1
device_14_rigid_0023.obj,0.0,1
device_14_rigid_0024.obj,0.0,1
device_14_tetwild_0000.obj,0.0,1
device_14_tetwild_0001.obj,0.0,1
device_14_tetwild_0002.obj,0.0,1
device_14_tetwild_0003.obj,0.0,1
device_14_tetwild_0004.obj,0.0,1
device_14_tetwild_0005.obj,0.0,1
device_14_tetwild_0006.obj,0.0,1
device_14_tetwild_0007.obj,0.0,1
device_14_tetwild_0008.obj,0.0,1
device_14_tetwild_0009.obj,0.0,1
device_14_tetwild_0010.obj,0.0,1
device_14_tetwild_0011.obj,0.0,1
device_14_tetwild_0012.obj,0.0,1
device_14_tetwild_0013.obj,0.0,1
device_14_tetwild_0014.obj,0.0,1
device_14_tetwild_0015.obj,0.0,1
device_14_tetwild_0016.obj,0.0,1
device_14_tetwild_0017.obj,0.0,1
device_14_tetwild_0018.obj,0.0,1
device_14_tetwild_0019.obj,0.0,1
device_14_tetwild_0020.obj,0.0,1
device_14_tetwild_0021.obj,0.0,1
device_14_tetwild_0022.obj,0.0,1
device_14_tetwild_0023.obj,0.0,1
device_14_tetwild_0024.obj,0.0,1
device_23_degenerate_0000.obj,0.0,1
device_23_degenerate_0001.obj,0.0,1
device_23_degenerate_0002.obj,0.0,1
device_23_degenerate_0003.obj,0.0,1
device_23_degenerate_0004.obj,0.0,1
device_23_degenerate_0005.obj,0.0,1
device_23_degenerate_0006.obj,0.0,1
device_23_degenerate_0007.obj,0.0,1
device_23_degenerate_0008.obj,0.0,1
device_23_degenerate_0009.obj,0.0,1
device_23_degenerate_0010.obj,0.0,1
device_23_degenerate_0011.obj,0.0,1
device_23_degenerate_0012.obj,0.0,1
device_23_degenerate_0013.obj,0.0,1
device_23_degenerate_0014.obj,0.0,1
device_23_degenerate_0015.obj,0.0,1
device_23_degenerate_0016.obj,0.0,1
device_23_degenerate_0017.obj,0.0,1
device_23_degenerate_0018.obj,0.0,1
device_23_degenerate_0019.obj,0.0,1
device_23_degenerate_0020.obj,0.0,1
device_23_degenerate_0021.obj,0.0,1
device_23_degenerate_0022.obj,0.0,1
device_23_degenerate_0023.obj,0.0,1
device_23_degenerate_0024.obj,0.0,1
device_23_disconnected_0000.obj,0.0,1
device_23_disconnected_0001.obj,0.0,1
device_23_disconnected_0002.obj,0.0,1
device_23_disconnected_0003.obj,0.0,1
device_23_disconnected_0004.obj,0.0,1
device_23_disconnected_0005.obj,0.0,1
device_23_disconnected_0006.obj,0.0,1
device_23_disconnected_0007.obj,0.0,1
device_23_disconnected_0008.obj,0.0,1
device_23_disconnected_0009.obj,0.0,1
device_23_disconnected_0010.obj,0.0,1
device_23_disconnected_0011.obj,0.0,1
device_23_disconnected_0012.obj,0.0,1
device_23_disconnected_0013.obj,0.0,1
device_23_disconnected_0014.obj,0.0,1
device_23_disconnected_0015.obj,0.0,1
device_23_disconnected_0016.obj,0.0,1
device_23_disconnected_0017.obj,0.0,1
device_23_disconnected_0018.obj,0.0,1
device_23_disconnected_0019.obj,0.0,1
device_23_disconnected_0020.obj,0.0,1
device_23_disconnected_0021.obj,0.0,1
device_23_disconnected_0022.obj,0.0,1
device_23_disconnected_0023.obj,0.0,1
device_23_disconnected_0024.obj,0.0,1
device_23_faceswap_0000.obj,0.0,1
device_23_faceswap_0001.obj,0.0,1
device_23_faceswap_0002.obj,0.0,1
device_23_faceswap_0003.obj,0.0,1
device_23_faceswap_0004.obj,0.0,1
device_23_faceswap_0005.obj,0.0,1
device_23_faceswap_0006.obj,0.0,1
device_23_faceswap_0007.obj,0.0,1
device_23_faceswap_0008.obj,0.0,1
device_23_faceswap_0009.obj,0.0,1
device_23_faceswap_0010.obj,0.0,1
device_23_faceswap_0011.obj,0.0,1
device_23_faceswap_0012.obj,0.0,1
device_23_faceswap_0013.obj,0.0,1
device_23_faceswap_0014.obj,0.0,1
device_23_faceswap_0015.obj,0.0,1
device_23_faceswap_0016.obj,0.0,1
device_23_faceswap_0017.obj,0.0,1
device_23_faceswap_0018.obj,0.0,1
device_23_faceswap_0019.obj,0.0,1
device_23_faceswap_0020.obj,0.0,1
device_23_faceswap_0021.obj,0.0,1
device_23_faceswap_0022.obj,0.0,1
device_23_faceswap_0023.obj,0.0,1
device_23_faceswap_0024.obj,0.0,1
device_23_jitter_0000.obj,0.0,1
device_23_jitter_0001.obj,0.0,1
device_23_jitter_0002.obj,0.0,1
device_23_jitter_0003.obj,0.0,1
device_23_jitter_0004.obj,0.0,1
device_23_jitter_0005.obj,0.0,1
device_23_jitter_0006.obj,0.0,1
device_23_jitter_0007.obj,0.0,1
device_23_jitter_0008.obj,0.0,1
device_23_jitter_0009.obj,0.0,1
device_23_jitter_0010.obj,0.0,1
device_23_jitter_0011.obj,0.0,1
device_23_jitter_0012.obj,0.0,1
device_23_jitter_0013.obj,0.0,1
device_23_jitter_0014.obj,0.0,1
device_23_jitter_0015.obj,0.0,1
device_23_jitter_0016.obj,0.0,1
device_23_jitter_0017.obj,0.0,1
device_23_jitter_0018.obj,0.0,1
device_23_jitter_0019.obj,0.0,1
device_23_jitter_0020.obj,0.0,1
device_23_jitter_0021.obj,0.0,1
device_23_jitter_0022.obj,0.0,1
device_23_jitter_0023.obj,0.0,1
device_23_jitter_0024.obj,0.0,1
device_23_rigid_0000.obj,0.0,1
device_23_rigid_0001.obj,0.0,1
device_23_rigid_0002.obj,0.0,1
device_23_rigid_0003.obj,0.0,1
device_23_rigid_0004.obj,0.0,1
device_23_rigid_0005.obj,0.0,1
device_23_rigid_0006.obj,0.0,1
device_23_rigid_0007.obj,0.0,1
device_23_rigid_0008.obj,0.0,1
device_23_rigid_0009.obj,0.0,1
device_23_rigid_0010.obj,0.0,1
device_23_rigid_0011.obj,0.0,1
device_23_rigid_0012.obj,0.0,1
device_23_rigid_0013.obj,0.0,1
device_23_rigid_0014.obj,0.0,1
device_23_rigid_0015.obj,0.0,1
device_23_rigid_0016.obj,0.0,1
device_23_rigid_0017.obj,0.0,1
device_23_rigid_0018.obj,0.0,1
device_23_rigid_0019.obj,0.0,1
device_23_rigid_0020.obj,0.0,1
device_23_rigid_0021.obj,0.0,1
device_23_rigid_0022.obj,0.0,1
device_23_rigid_0023.obj,0.0,1
device_23_rigid_0024.obj,0.0,1
device_23_tetwild_0000.obj,0.0,1
device_23_tetwild_0001.obj,0.0,1
device_23_tetwild_0002.obj,0.0,1
device_23_tetwild_0003.obj,0.0,1
device_23_tetwild_0004.obj,0.0,1
device_23_tetwild_0005.obj,0.0,1
device_23_tetwild_0006.obj,0.0,1
device_23_tetwild_0007.obj,0.0,1
device_23_tetwild_0008.obj,0.0,1
device_23_tetwild_0009.obj,0.0,1
device_23_tetwild_0010.obj,0.0,1
device_23_tetwild_0011.obj,0.0,1
device_23_tetwild_0012.obj,0.0,1
device_23_tetwild_0013.obj,0.0,1
device_23_tetwild_0014.obj,0.0,1
device_23_tetwild_0015.obj,0.0,1
device_23_tetwild_0016.obj,0.0,1
device_23_tetwild_0017.obj,0.0,1
device_23_tetwild_0018.obj,0.0,1
device_23_tetwild_0019.obj,0.0,1
device_23_tetwild_0020.obj,0.0,1
device_23_tetwild_0021.obj,0.0,1
device_23_tetwild_0022.obj,0.0,1
device_23_tetwild_0023.obj,0.0,1
device_23_tetwild_0024.obj,0.0,1
device_09_degenerate_0000.obj,0.0,1
device_09_degenerate_0001.obj,0.0,1
device_09_degenerate_0002.obj,0.0,1
device_09_degenerate_0003.obj,0.0,1
device_09_degenerate_0004.obj,0.0,1
device_09_degenerate_0005.obj,0.0,1
device_09_degenerate_0006.obj,0.0,1
device_09_degenerate_0007.obj,0.0,1
device_09_degenerate_0008.obj,0.0,1
device_09_degenerate_0009.obj,0.0,1
device_09_degenerate_0010.obj,0.0,1
device_09_degenerate_0011.obj,0.0,1
device_09_degenerate_0012.obj,0.0,1
device_09_degenerate_0013.obj,0.0,1
device_09_degenerate_0014.obj,0.0,1
device_09_degenerate_0015.obj,0.0,1
device_09_degenerate_0016.obj,0.0,1
device_09_degenerate_0017.obj,0.0,1
device_09_degenerate_0018.obj,0.0,1
device_09_degenerate_0019.obj,0.0,1
device_09_degenerate_0020.obj,0.0,1
device_09_degenerate_0021.obj,0.0,1
device_09_degenerate_0022.obj,0.0,1
device_09_degenerate_0023.obj,0.0,1
device_09_degenerate_0024.obj,0.0,1
device_09_disconnected_0000.obj,0.0,1
device_09_disconnected_0001.obj,0.0,1
device_09_disconnected_0002.obj,0.0,1
device_09_disconnected_0003.obj,0.0,1
device_09_disconnected_0004.obj,0.0,1
device_09_disconnected_0005.obj,0.0,1
device_09_disconnected_0006.obj,0.0,1
device_09_disconnected_0007.obj,0.0,1
device_09_disconnected_0008.obj,0.0,1
device_09_disconnected_0009.obj,0.0,1
device_09_disconnected_0010.obj,0.0,1
device_09_disconnected_0011.obj,0.0,1
device_09_disconnected_0012.obj,0.0,1
device_09_disconnected_0013.obj,0.0,1
device_09_disconnected_0014.obj,0.0,1
device_09_disconnected_0015.obj,0.0,1
device_09_disconnected_0016.obj,0.0,1
device_09_disconnected_0017.obj,0.0,1
device_09_disconnected_0018.obj,0.0,1
device_09_disconnected_0019.obj,0.0,1
device_09_disconnected_0020.obj,0.0,1
device_09_disconnected_0021.obj,0.0,1
device_09_disconnected_0022.obj,0.0,1
device_09_disconnected_0023.obj,0.0,1
device_09_disconnected_0024.obj,0.0,1
device_09_faceswap_0000.obj,0.0,1
device_09_faceswap_0001.obj,0.0,1
device_09_faceswap_0002.obj,0.0,1
device_09_faceswap_0003.obj,0.0,1
device_09_faceswap_0004.obj,0.0,1
device_09_faceswap_0005.obj,0.0,1
device_09_faceswap_0006.obj,0.0,1
device_09_faceswap_0007.obj,0.0,1
device_09_faceswap_0008.obj,0.0,1
device_09_faceswap_0009.obj,0.0,1
device_09_faceswap_0010.obj,0.0,1
device_09_faceswap_0011.obj,0.0,1
device_09_faceswap_0012.obj,0.0,1
device_09_faceswap_0013.obj,0.0,1
device_09_faceswap_0014.obj,0.0,1
device_09_faceswap_0015.obj,0.0,1
device_09_faceswap_0016.obj,0.0,1
device_09_faceswap_0017.obj,0.0,1
device_09_faceswap_0018.obj,0.0,1
device_09_faceswap_0019.obj,0.0,1
device_09_faceswap_0020.obj,0.0,1
device_09_faceswap_0021.obj,0.0,1
device_09_faceswap_0022.obj,0.0,1
device_09_faceswap_0023.obj,0.0,1
device_09_faceswap_0024.obj,0.0,1
device_09_jitter_0000.obj,0.0,1
device_09_jitter_0001.obj,0.0,1
device_09_jitter_0002.obj,0.0,1
device_09_jitter_0003.obj,0.0,1
device_09_jitter_0004.obj,0.0,1
device_09_jitter_0005.obj,0.0,1
device_09_jitter_0006.obj,0.0,1
device_09_jitter_0007.obj,0.0,1
device_09_jitter_0008.obj,0.0,1
device_09_jitter_0009.obj,0.0,1
device_09_jitter_0010.obj,0.0,1
device_09_jitter_0011.obj,0.0,1
device_09_jitter_0012.obj,0.0,1
device_09_jitter_0013.obj,0.0,1
device_09_jitter_0014.obj,0.0,1
device_09_jitter_0015.obj,0.0,1
device_09_jitter_0016.obj,0.0,1
device_09_jitter_0017.obj,0.0,1
device_09_jitter_0018.obj,0.0,1
device_09_jitter_0019.obj,0.0,1
device_09_jitter_0020.obj,0.0,1
device_09_jitter_0021.obj,0.0,1
device_09_jitter_0022.obj,0.0,1
device_09_jitter_0023.obj,0.0,1
device_09_jitter_0024.obj,0.0,1
device_09_rigid_0000.obj,0.0,1
device_09_rigid_0001.obj,0.0,1
device_09_rigid_0002.obj,0.0,1
device_09_rigid_0003.obj,0.0,1
device_09_rigid_0004.obj,0.0,1
device_09_rigid_0005.obj,0.0,1
device_09_rigid_0006.obj,0.0,1
device_09_rigid_0007.obj,0.0,1
device_09_rigid_0008.obj,0.0,1
device_09_rigid_0009.obj,0.0,1
device_09_rigid_0010.obj,0.0,1
device_09_rigid_0011.obj,0.0,1
device_09_rigid_0012.obj,0.0,1
device_09_rigid_0013.obj,0.0,1
device_09_rigid_0014.obj,0.0,1
device_09_rigid_0015.obj,0.0,1
device_09_rigid_0016.obj,0.0,1
device_09_rigid_0017.obj,0.0,1
device_09_rigid_0018.obj,0.0,1
device_09_rigid_0019.obj,0.0,1
device_09_rigid_0020.obj,0.0,1
device_09_rigid_0021.obj,0.0,1
device_09_rigid_0022.obj,0.0,1
device_09_rigid_0023.obj,0.0,1
device_09_rigid_0024.obj,0.0,1
device_09_tetwild_0000.obj,0.0,1
device_09_tetwild_0001.obj,0.0,1
device_09_tetwild_0003.obj,0.0,1
device_09_tetwild_0004.obj,0.0,1
device_09_tetwild_0005.obj,0.0,1
device_09_tetwild_0006.obj,0.0,1
device_09_tetwild_0007.obj,0.0,1
device_09_tetwild_0008.obj,0.0,1
device_09_tetwild_0009.obj,0.0,1
device_09_tetwild_0010.obj,0.0,1
device_09_tetwild_0011.obj,0.0,1
device_09_tetwild_0012.obj,0.0,1
device_09_tetwild_0013.obj,0.0,1
device_09_tetwild_0014.obj,0.0,1
device_09_tetwild_0015.obj,0.0,1
device_09_tetwild_0016.obj,0.0,1
device_09_tetwild_0017.obj,0.0,1
device_09_tetwild_0018.obj,0.0,1
device_09_tetwild_0019.obj,0.0,1
device_09_tetwild_0020.obj,0.0,1
device_09_tetwild_0021.obj,0.0,1
device_09_tetwild_0022.obj,0.0,1
device_09_tetwild_0023.obj,0.0,1
device_09_tetwild_0024.obj,0.0,1
device_24_degenerate_0000.obj,0.0,1
device_24_degenerate_0001.obj,0.0,1
device_24_degenerate_0002.obj,0.0,1
device_24_degenerate_0003.obj,0.0,1
device_24_degenerate_0004.obj,0.0,1
device_24_degenerate_0005.obj,0.0,1
device_24_degenerate_0006.obj,0.0,1
device_24_degenerate_0007.obj,0.0,1
device_24_degenerate_0008.obj,0.0,1
device_24_degenerate_0009.obj,0.0,1
device_24_degenerate_0010.obj,0.0,1
device_24_degenerate_0011.obj,0.0,1
device_24_degenerate_0012.obj,0.0,1
device_24_degenerate_0013.obj,0.0,1
device_24_degenerate_0014.obj,0.0,1
device_24_degenerate_0015.obj,0.0,1
device_24_degenerate_0016.obj,0.0,1
device_24_degenerate_0017.obj,0.0,1
device_24_degenerate_0018.obj,0.0,1
device_24_degenerate_0019.obj,0.0,1
device_24_degenerate_0020.obj,0.0,1
device_24_degenerate_0021.obj,0.0,1
device_24_degenerate_0022.obj,0.0,1
device_24_degenerate_0023.obj,0.0,1
device_24_degenerate_0024.obj,0.0,1
device_24_disconnected_0000.obj,0.0,1
device_24_disconnected_0001.obj,0.0,1
device_24_disconnected_0002.obj,0.0,1
device_24_disconnected_0003.obj,0.0,1
device_24_disconnected_0004.obj,0.0,1
device_24_disconnected_0005.obj,0.0,1
device_24_disconnected_0006.obj,0.0,1
device_24_disconnected_0007.obj,0.0,1
device_24_disconnected_0008.obj,0.0,1
device_24_disconnected_0009.obj,0.0,1
device_24_disconnected_0010.obj,0.0,1
device_24_disconnected_0011.obj,0.0,1
device_24_disconnected_0012.obj,0.0,1
device_24_disconnected_0013.obj,0.0,1
device_24_disconnected_0014.obj,0.0,1
device_24_disconnected_0015.obj,0.0,1
device_24_disconnected_0016.obj,0.0,1
device_24_disconnected_0017.obj,0.0,1
device_24_disconnected_0018.obj,0.0,1
device_24_disconnected_0019.obj,0.0,1
device_24_disconnected_0020.obj,0.0,1
device_24_disconnected_0021.obj,0.0,1
device_24_disconnected_0022.obj,0.0,1
device_24_disconnected_0023.obj,0.0,1
device_24_disconnected_0024.obj,0.0,1
device_24_faceswap_0000.obj,0.0,1
device_24_faceswap_0001.obj,0.0,1
device_24_faceswap_0002.obj,0.0,1
device_24_faceswap_0003.obj,0.0,1
device_24_faceswap_0004.obj,0.0,1
device_24_faceswap_0005.obj,0.0,1
device_24_faceswap_0006.obj,0.0,1
device_24_faceswap_0007.obj,0.0,1
device_24_faceswap_0008.obj,0.0,1
device_24_faceswap_0009.obj,0.0,1
device_24_faceswap_0010.obj,0.0,1
device_24_faceswap_0011.obj,0.0,1
device_24_faceswap_0012.obj,0.0,1
device_24_faceswap_0013.obj,0.0,1
device_24_faceswap_0014.obj,0.0,1
device_24_faceswap_0015.obj,0.0,1
device_24_faceswap_0016.obj,0.0,1
device_24_faceswap_0017.obj,0.0,1
device_24_faceswap_0018.obj,0.0,1
device_24_faceswap_0019.obj,0.0,1
device_24_faceswap_0020.obj,0.0,1
device_24_faceswap_0021.obj,0.0,1
device_24_faceswap_0022.obj,0.0,1
device_24_faceswap_0023.obj,0.0,1
device_24_faceswap_0024.obj,0.0,1
device_24_jitter_0000.obj,0.0,1
device_24_jitter_0001.obj,0.0,1
device_24_jitter_0002.obj,0.0,1
device_24_jitter_0003.obj,0.0,1
device_24_jitter_0004.obj,0.0,1
device_24_jitter_0005.obj,0.0,1
device_24_jitter_0006.obj,0.0,1
device_24_jitter_0007.obj,0.0,1
device_24_jitter_0008.obj,0.0,1
device_24_jitter_0009.obj,0.0,1
device_24_jitter_0010.obj,0.0,1
device_24_jitter_0011.obj,0.0,1
device_24_jitter_0012.obj,0.0,1
device_24_jitter_0013.obj,0.0,1
device_24_jitter_0014.obj,0.0,1
device_24_jitter_0015.obj,0.0,1
device_24_jitter_0016.obj,0.0,1
device_24_jitter_0017.obj,0.0,1
device_24_jitter_0018.obj,0.0,1
device_24_jitter_0019.obj,0.0,1
device_24_jitter_0020.obj,0.0,1
device_24_jitter_0021.obj,0.0,1
device_24_jitter_0022.obj,0.0,1
device_24_jitter_0023.obj,0.0,1
device_24_jitter_0024.obj,0.0,1
device_24_rigid_0000.obj,0.0,1
device_24_rigid_0001.obj,0.0,1
device_24_rigid_0002.obj,0.0,1
device_24_rigid_0003.obj,0.0,1
device_24_rigid_0004.obj,0.0,1
device_24_rigid_0005.obj,0.0,1
device_24_rigid_0006.obj,0.0,1
device_24_rigid_0007.obj,0.0,1
device_24_rigid_0008.obj,0.0,1
device_24_rigid_0009.obj,0.0,1
device_24_rigid_0010.obj,0.0,1
device_24_rigid_0011.obj,0.0,1
device_24_rigid_0012.obj,0.0,1
device_24_rigid_0013.obj,0.0,1
device_24_rigid_0014.obj,0.0,1
device_24_rigid_0015.obj,0.0,1
device_24_rigid_0016.obj,0.0,1
device_24_rigid_0017.obj,0.0,1
device_24_rigid_0018.obj,0.0,1
device_24_rigid_0019.obj,0.0,1
device_24_rigid_0020.obj,0.0,1
device_24_rigid_0021.obj,0.0,1
device_24_rigid_0022.obj,0.0,1
device_24_rigid_0023.obj,0.0,1
device_24_rigid_0024.obj,0.0,1
device_24_tetwild_0000.obj,0.0,1
device_24_tetwild_0001.obj,0.0,1
device_24_tetwild_0002.obj,0.0,1
device_24_tetwild_0003.obj,0.0,1
device_24_tetwild_0004.obj,0.0,1
device_24_tetwild_0005.obj,0.0,1
device_24_tetwild_0006.obj,0.0,1
device_24_tetwild_0007.obj,0.0,1
device_24_tetwild_0008.obj,0.0,1
device_24_tetwild_0009.obj,0.0,1
device_24_tetwild_0010.obj,0.0,1
device_24_tetwild_0011.obj,0.0,1
device_24_tetwild_0012.obj,0.0,1
device_24_tetwild_0013.obj,0.0,1
device_24_tetwild_0014.obj,0.0,1
device_24_tetwild_0015.obj,0.0,1
device_24_tetwild_0016.obj,0.0,1
device_24_tetwild_0017.obj,0.0,1
device_24_tetwild_0018.obj,0.0,1
device_24_tetwild_0019.obj,0.0,1
device_24_tetwild_0020.obj,0.0,1
device_24_tetwild_0021.obj,0.0,1
device_24_tetwild_0022.obj,0.0,1
device_24_tetwild_0023.obj,0.0,1
device_24_tetwild_0024.obj,0.0,1
device_08_degenerate_0000.obj,0.0,1
device_08_degenerate_0001.obj,0.0,1
device_08_degenerate_0002.obj,0.0,1
device_08_degenerate_0003.obj,0.0,1
device_08_degenerate_0004.obj,0.0,1
device_08_degenerate_0005.obj,0.0,1
device_08_degenerate_0006.obj,0.0,1
device_08_degenerate_0007.obj,0.0,1
device_08_degenerate_0008.obj,0.0,1
device_08_degenerate_0009.obj,0.0,1
device_08_degenerate_0010.obj,0.0,1
device_08_degenerate_0011.obj,0.0,1
device_08_degenerate_0012.obj,0.0,1
device_08_degenerate_0013.obj,0.0,1
device_08_degenerate_0014.obj,0.0,1
device_08_degenerate_0015.obj,0.0,1
device_08_degenerate_0016.obj,0.0,1
device_08_degenerate_0017.obj,0.0,1
device_08_degenerate_0018.obj,0.0,1
device_08_degenerate_0019.obj,0.0,1
device_08_degenerate_0020.obj,0.0,1
device_08_degenerate_0021.obj,0.0,1
device_08_degenerate_0022.obj,0.0,1
device_08_degenerate_0023.obj,0.0,1
device_08_degenerate_0024.obj,0.0,1
device_08_disconnected_0000.obj,0.0,1
device_08_disconnected_0001.obj,0.0,1
device_08_disconnected_0002.obj,0.0,1
device_08_disconnected_0003.obj,0.0,1
device_08_disconnected_0004.obj,0.0,1
device_08_disconnected_0005.obj,0.0,1
device_08_disconnected_0006.obj,0.0,1
device_08_disconnected_0007.obj,0.0,1
device_08_disconnected_0008.obj,0.0,1
device_08_disconnected_0009.obj,0.0,1
device_08_disconnected_0010.obj,0.0,1
device_08_disconnected_0011.obj,0.0,1
device_08_disconnected_0012.obj,0.0,1
device_08_disconnected_0013.obj,0.0,1
device_08_disconnected_0014.obj,0.0,1
device_08_disconnected_0015.obj,0.0,1
device_08_disconnected_0016.obj,0.0,1
device_08_disconnected_0017.obj,0.0,1
device_08_disconnected_0018.obj,0.0,1
device_08_disconnected_0019.obj,0.0,1
device_08_disconnected_0020.obj,0.0,1
device_08_disconnected_0021.obj,0.0,1
device_08_disconnected_0022.obj,0.0,1
device_08_disconnected_0023.obj,0.0,1
device_08_disconnected_0024.obj,0.0,1
device_08_faceswap_0000.obj,0.0,1
device_08_faceswap_0001.obj,0.0,1
device_08_faceswap_0002.obj,0.0,1
device_08_faceswap_0003.obj,0.0,1
device_08_faceswap_0004.obj,0.0,1
device_08_faceswap_0005.obj,0.0,1
device_08_faceswap_0006.obj,0.0,1
device_08_faceswap_0007.obj,0.0,1
device_08_faceswap_0008.obj,0.0,1
device_08_faceswap_0009.obj,0.0,1
device_08_faceswap_0010.obj,0.0,1
device_08_faceswap_0011.obj,0.0,1
device_08_faceswap_0012.obj,0.0,1
device_08_faceswap_0013.obj,0.0,1
device_08_faceswap_0014.obj,0.0,1
device_08_faceswap_0015.obj,0.0,1
device_08_faceswap_0016.obj,0.0,1
device_08_faceswap_0017.obj,0.0,1
device_08_faceswap_0018.obj,0.0,1
device_08_faceswap_0019.obj,0.0,1
device_08_faceswap_0020.obj,0.0,1
device_08_faceswap_0021.obj,0.0,1
device_08_faceswap_0022.obj,0.0,1
device_08_faceswap_0023.obj,0.0,1
device_08_faceswap_0024.obj,0.0,1
device_08_jitter_0000.obj,0.0,1
device_08_jitter_0001.obj,0.0,1
device_08_jitter_0002.obj,0.0,1
device_08_jitter_0003.obj,0.0,1
device_08_jitter_0004.obj,0.0,1
device_08_jitter_0005.obj,0.0,1
device_08_jitter_0006.obj,0.0,1
device_08_jitter_0007.obj,0.0,1
device_08_jitter_0008.obj,0.0,1
device_08_jitter_0009.obj,0.0,1
device_08_jitter_0010.obj,0.0,1
device_08_jitter_0011.obj,0.0,1
device_08_jitter_0012.obj,0.0,1
device_08_jitter_0013.obj,0.0,1
device_08_jitter_0014.obj,0.0,1
device_08_jitter_0015.obj,0.0,1
device_08_jitter_0016.obj,0.0,1
device_08_jitter_0017.obj,0.0,1
device_08_jitter_0018.obj,0.0,1
device_08_jitter_0019.obj,0.0,1
device_08_jitter_0020.obj,0.0,1
device_08_jitter_0021.obj,0.0,1
device_08_jitter_0022.obj,0.0,1
device_08_jitter_0023.obj,0.0,1
device_08_jitter_0024.obj,0.0,1
device_08_rigid_0000.obj,0.0,1
device_08_rigid_0001.obj,0.0,1
device_08_rigid_0002.obj,0.0,1
device_08_rigid_0003.obj,0.0,1
device_08_rigid_0004.obj,0.0,1
device_08_rigid_0005.obj,0.0,1
device_08_rigid_0006.obj,0.0,1
device_08_rigid_0007.obj,0.0,1
device_08_rigid_0008.obj,0.0,1
device_08_rigid_0009.obj,0.0,1
device_08_rigid_0010.obj,0.0,1
device_08_rigid_0011.obj,0.0,1
device_08_rigid_0012.obj,0.0,1
device_08_rigid_0013.obj,0.0,1
device_08_rigid_0014.obj,0.0,1
device_08_rigid_0015.obj,0.0,1
device_08_rigid_0016.obj,0.0,1
device_08_rigid_0017.obj,0.0,1
device_08_rigid_0018.obj,0.0,1
device_08_rigid_0019.obj,0.0,1
device_08_rigid_0020.obj,0.0,1
device_08_rigid_0021.obj,0.0,1
device_08_rigid_0022.obj,0.0,1
device_08_rigid_0023.obj,0.0,1
device_08_rigid_0024.obj,0.0,1
device_08_tetwild_0000.obj,0.0,1
device_08_tetwild_0001.obj,0.0,1
device_08_tetwild_0002.obj,0.0,1
device_08_tetwild_0003.obj,0.0,1
device_08_tetwild_0004.obj,0.0,1
device_08_tetwild_0005.obj,0.0,1
device_08_tetwild_0006.obj,0.0,1
device_08_tetwild_0007.obj,0.0,1
device_08_tetwild_0008.obj,0.0,1
device_08_tetwild_0009.obj,0.0,1
device_08_tetwild_0010.obj,0.0,1
device_08_tetwild_0011.obj,0.0,1
device_08_tetwild_0012.obj,0.0,1
device_08_tetwild_0013.obj,0.0,1
device_08_tetwild_0014.obj,0.0,1
device_08_tetwild_0015.obj,0.0,1
device_08_tetwild_0016.obj,0.0,1
device_08_tetwild_0017.obj,0.0,1
device_08_tetwild_0018.obj,0.0,1
device_08_tetwild_0019.obj,0.0,1
device_08_tetwild_0020.obj,0.0,1
device_08_tetwild_0021.obj,0.0,1
device_08_tetwild_0022.obj,0.0,1
device_08_tetwild_0023.obj,0.0,1
device_08_tetwild_0024.obj,0.0,1
device_19_degenerate_0000.obj,0.0,1
device_19_degenerate_0001.obj,0.0,1
device_19_degenerate_0002.obj,0.0,1
device_19_degenerate_0003.obj,0.0,1
device_19_degenerate_0004.obj,0.0,1
device_19_degenerate_0005.obj,0.0,1
device_19_degenerate_0006.obj,0.0,1
device_19_degenerate_0007.obj,0.0,1
device_19_degenerate_0008.obj,0.0,1
device_19_degenerate_0009.obj,0.0,1
device_19_degenerate_0010.obj,0.0,1
device_19_degenerate_0011.obj,0.0,1
device_19_degenerate_0012.obj,0.0,1
device_19_degenerate_0013.obj,0.0,1
device_19_degenerate_0014.obj,0.0,1
device_19_degenerate_0015.obj,0.0,1
device_19_degenerate_0016.obj,0.0,1
device_19_degenerate_0017.obj,0.0,1
device_19_degenerate_0018.obj,0.0,1
device_19_degenerate_0019.obj,0.0,1
device_19_degenerate_0020.obj,0.0,1
device_19_degenerate_0021.obj,0.0,1
device_19_degenerate_0022.obj,0.0,1
device_19_degenerate_0023.obj,0.0,1
device_19_degenerate_0024.obj,0.0,1
device_19_disconnected_0000.obj,0.0,1
device_19_disconnected_0001.obj,0.0,1
device_19_disconnected_0002.obj,0.0,1
device_19_disconnected_0003.obj,0.0,1
device_19_disconnected_0004.obj,0.0,1
device_19_disconnected_0005.obj,0.0,1
device_19_disconnected_0006.obj,0.0,1
device_19_disconnected_0007.obj,0.0,1
device_19_disconnected_0008.obj,0.0,1
device_19_disconnected_0009.obj,0.0,1
device_19_disconnected_0010.obj,0.0,1
device_19_disconnected_0011.obj,0.0,1
device_19_disconnected_0012.obj,0.0,1
device_19_disconnected_0013.obj,0.0,1
device_19_disconnected_0014.obj,0.0,1
device_19_disconnected_0015.obj,0.0,1
device_19_disconnected_0016.obj,0.0,1
device_19_disconnected_0017.obj,0.0,1
device_19_disconnected_0018.obj,0.0,1
device_19_disconnected_0019.obj,0.0,1
device_19_disconnected_0020.obj,0.0,1
device_19_disconnected_0021.obj,0.0,1
device_19_disconnected_0022.obj,0.0,1
device_19_disconnected_0023.obj,0.0,1
device_19_disconnected_0024.obj,0.0,1
device_19_faceswap_0000.obj,0.0,1
device_19_faceswap_0001.obj,0.0,1
device_19_faceswap_0002.obj,0.0,1
device_19_faceswap_0003.obj,0.0,1
device_19_faceswap_0004.obj,0.0,1
device_19_faceswap_0005.obj,0.0,1
device_19_faceswap_0006.obj,0.0,1
device_19_faceswap_0007.obj,0.0,1
device_19_faceswap_0008.obj,0.0,1
device_19_faceswap_0009.obj,0.0,1
device_19_faceswap_0010.obj,0.0,1
device_19_faceswap_0011.obj,0.0,1
device_19_faceswap_0012.obj,0.0,1
device_19_faceswap_0013.obj,0.0,1
device_19_faceswap_0014.obj,0.0,1
device_19_faceswap_0015.obj,0.0,1
device_19_faceswap_0016.obj,0.0,1
device_19_faceswap_0017.obj,0.0,1
device_19_faceswap_0018.obj,0.0,1
device_19_faceswap_0019.obj,0.0,1
device_19_faceswap_0020.obj,0.0,1
device_19_faceswap_0021.obj,0.0,1
device_19_faceswap_0022.obj,0.0,1
device_19_faceswap_0023.obj,0.0,1
device_19_faceswap_0024.obj,0.0,1
device_19_jitter_0000.obj,0.0,1
device_19_jitter_0001.obj,0.0,1
device_19_jitter_0002.obj,0.0,1
device_19_jitter_0003.obj,0.0,1
device_19_jitter_0004.obj,0.0,1
device_19_jitter_0005.obj,0.0,1
device_19_jitter_0006.obj,0.0,1
device_19_jitter_0007.obj,0.0,1
device_19_jitter_0008.obj,0.0,1
device_19_jitter_0009.obj,0.0,1
device_19_jitter_0010.obj,0.0,1
device_19_jitter_0011.obj,0.0,1
device_19_jitter_0012.obj,0.0,1
device_19_jitter_0013.obj,0.0,1
device_19_jitter_0014.obj,0.0,1
device_19_jitter_0015.obj,0.0,1
device_19_jitter_0016.obj,0.0,1
device_19_jitter_0017.obj,0.0,1
device_19_jitter_0018.obj,0.0,1
device_19_jitter_0019.obj,0.0,1
device_19_jitter_0020.obj,0.0,1
device_19_jitter_0021.obj,0.0,1
device_19_jitter_0022.obj,0.0,1
device_19_jitter_0023.obj,0.0,1
device_19_jitter_0024.obj,0.0,1
device_19_rigid_0000.obj,0.0,1
device_19_rigid_0001.obj,0.0,1
device_19_rigid_0002.obj,0.0,1
device_19_rigid_0003.obj,0.0,1
device_19_rigid_0004.obj,0.0,1
device_19_rigid_0005.obj,0.0,1
device_19_rigid_0006.obj,0.0,1
device_19_rigid_0007.obj,0.0,1
device_19_rigid_0008.obj,0.0,1
device_19_rigid_0009.obj,0.0,1
device_19_rigid_0010.obj,0.0,1
device_19_rigid_0011.obj,0.0,1
device_19_rigid_0012.obj,0.0,1
device_19_rigid_0013.obj,0.0,1
device_19_rigid_0014.obj,0.0,1
device_19_rigid_0015.obj,0.0,1
device_19_rigid_0016.obj,0.0,1
device_19_rigid_0017.obj,0.0,1
device_19_rigid_0018.obj,0.0,1
device_19_rigid_0019.obj,0.0,1
device_19_rigid_0020.obj,0.0,1
device_19_rigid_0021.obj,0.0,1
device_19_rigid_0022.obj,0.0,1
device_19_rigid_0023.obj,0.0,1
device_19_rigid_0024.obj,0.0,1
device_19_tetwild_0000.obj,0.0,1
device_19_tetwild_0001.obj,0.0,1
device_19_tetwild_0002.obj,0.0,1
device_19_tetwild_0003.obj,0.0,1
device_19_tetwild_0004.obj,0.0,1
device_19_tetwild_0005.obj,0.0,1
device_19_tetwild_0006.obj,0.0,1
device_19_tetwild_0007.obj,0.0,1
device_19_tetwild_0008.obj,0.0,1
device_19_tetwild_0009.obj,0.0,1
device_19_tetwild_0010.obj,0.0,1
device_19_tetwild_0011.obj,0.0,1
device_19_tetwild_0012.obj,0.0,1
device_19_tetwild_0013.obj,0.0,1
device_19_tetwild_0014.obj,0.0,1
device_19_tetwild_0015.obj,0.0,1
device_19_tetwild_0016.obj,0.0,1
device_19_tetwild_0017.obj,0.0,1
device_19_tetwild_0018.obj,0.0,1
device_19_tetwild_0019.obj,0.0,1
device_19_tetwild_0020.obj,0.0,1
device_19_tetwild_0021.obj,0.0,1
device_19_tetwild_0022.obj,0.0,1
device_19_tetwild_0023.obj,0.0,1
device_19_tetwild_0024.obj,0.0,1
device_16_degenerate_0000.obj,0.0,1
device_16_degenerate_0001.obj,0.0,1
device_16_degenerate_0002.obj,0.0,1
device_16_degenerate_0003.obj,0.0,1
device_16_degenerate_0004.obj,0.0,1
device_16_degenerate_0005.obj,0.0,1
device_16_degenerate_0006.obj,0.0,1
device_16_degenerate_0007.obj,0.0,1
device_16_degenerate_0008.obj,0.0,1
device_16_degenerate_0009.obj,0.0,1
device_16_degenerate_0010.obj,0.0,1
device_16_degenerate_0011.obj,0.0,1
device_16_degenerate_0012.obj,0.0,1
device_16_degenerate_0013.obj,0.0,1
device_16_degenerate_0014.obj,0.0,1
device_16_degenerate_0015.obj,0.0,1
device_16_degenerate_0016.obj,0.0,1
device_16_degenerate_0017.obj,0.0,1
device_16_degenerate_0018.obj,0.0,1
device_16_degenerate_0019.obj,0.0,1
device_16_degenerate_0020.obj,0.0,1
device_16_degenerate_0021.obj,0.0,1
device_16_degenerate_0022.obj,0.0,1
device_16_degenerate_0023.obj,0.0,1
device_16_degenerate_0024.obj,0.0,1
device_16_disconnected_0000.obj,0.0,1
device_16_disconnected_0001.obj,0.0,1
device_16_disconnected_0002.obj,0.0,1
device_16_disconnected_0003.obj,0.0,1
device_16_disconnected_0004.obj,0.0,1
device_16_disconnected_0005.obj,0.0,1
device_16_disconnected_0006.obj,0.0,1
device_16_disconnected_0007.obj,0.0,1
device_16_disconnected_0008.obj,0.0,1
device_16_disconnected_0009.obj,0.0,1
device_16_disconnected_0010.obj,0.0,1
device_16_disconnected_0011.obj,0.0,1
device_16_disconnected_0012.obj,0.0,1
device_16_disconnected_0013.obj,0.0,1
device_16_disconnected_0014.obj,0.0,1
device_16_disconnected_0015.obj,0.0,1
device_16_disconnected_0016.obj,0.0,1
device_16_disconnected_0017.obj,0.0,1
device_16_disconnected_0018.obj,0.0,1
device_16_disconnected_0019.obj,0.0,1
device_16_disconnected_0020.obj,0.0,1
device_16_disconnected_0021.obj,0.0,1
device_16_disconnected_0022.obj,0.0,1
device_16_disconnected_0023.obj,0.0,1
device_16_disconnected_0024.obj,0.0,1
device_16_faceswap_0000.obj,0.0,1
device_16_faceswap_0001.obj,0.0,1
device_16_faceswap_0002.obj,0.0,1
device_16_faceswap_0003.obj,0.0,1
device_16_faceswap_0004.obj,0.0,1
device_16_faceswap_0005.obj,0.0,1
device_16_faceswap_0006.obj,0.0,1
device_16_faceswap_0007.obj,0.0,1
device_16_faceswap_0008.obj,0.0,1
device_16_faceswap_0009.obj,0.0,1
device_16_faceswap_0010.obj,0.0,1
device_16_faceswap_0011.obj,0.0,1
device_16_faceswap_0012.obj,0.0,1
device_16_faceswap_0013.obj,0.0,1
device_16_faceswap_0014.obj,0.0,1
device_16_faceswap_0015.obj,0.0,1
device_16_faceswap_0016.obj,0.0,1
device_16_faceswap_0017.obj,0.0,1
device_16_faceswap_0018.obj,0.0,1
device_16_faceswap_0019.obj,0.0,1
device_16_faceswap_0020.obj,0.0,1
device_16_faceswap_0021.obj,0.0,1
device_16_faceswap_0022.obj,0.0,1
device_16_faceswap_0023.obj,0.0,1
device_16_faceswap_0024.obj,0.0,1
device_16_jitter_0000.obj,0.0,1
device_16_jitter_0001.obj,0.0,1
device_16_jitter_0002.obj,0.0,1
device_16_jitter_0003.obj,0.0,1
device_16_jitter_0004.obj,0.0,1
device_16_jitter_0005.obj,0.0,1
device_16_jitter_0006.obj,0.0,1
device_16_jitter_0007.obj,0.0,1
device_16_jitter_0008.obj,0.0,1
device_16_jitter_0009.obj,0.0,1
device_16_jitter_0010.obj,0.0,1
device_16_jitter_0011.obj,0.0,1
device_16_jitter_0012.obj,0.0,1
device_16_jitter_0013.obj,0.0,1
device_16_jitter_0014.obj,0.0,1
device_16_jitter_0015.obj,0.0,1
device_16_jitter_0016.obj,0.0,1
device_16_jitter_0017.obj,0.0,1
device_16_jitter_0018.obj,0.0,1
device_16_jitter_0019.obj,0.0,1
device_16_jitter_0020.obj,0.0,1
device_16_jitter_0021.obj,0.0,1
device_16_jitter_0022.obj,0.0,1
device_16_jitter_0023.obj,0.0,1
device_16_jitter_0024.obj,0.0,1
device_16_rigid_0000.obj,0.0,1
device_16_rigid_0001.obj,0.0,1
device_16_rigid_0002.obj,0.0,1
device_16_rigid_0003.obj,0.0,1
device_16_rigid_0004.obj,0.0,1
device_16_rigid_0005.obj,0.0,1
device_16_rigid_0006.obj,0.0,1
device_16_rigid_0007.obj,0.0,1
device_16_rigid_0008.obj,0.0,1
device_16_rigid_0009.obj,0.0,1
device_16_rigid_0010.obj,0.0,1
device_16_rigid_0011.obj,0.0,1
device_16_rigid_0012.obj,0.0,1
device_16_rigid_0013.obj,0.0,1
device_16_rigid_0014.obj,0.0,1
device_16_rigid_0015.obj,0.0,1
device_16_rigid_0016.obj,0.0,1
device_16_rigid_0017.obj,0.0,1
device_16_rigid_0018.obj,0.0,1
device_16_rigid_0019.obj,0.0,1
device_16_rigid_0020.obj,0.0,1
device_16_rigid_0021.obj,0.0,1
device_16_rigid_0022.obj,0.0,1
device_16_rigid_0023.obj,0.0,1
device_16_rigid_0024.obj,0.0,1
device_16_tetwild_0000.obj,0.0,1
device_16_tetwild_0001.obj,0.0,1
device_16_tetwild_0002.obj,0.0,1
device_16_tetwild_0003.obj,0.0,1
device_16_tetwild_0004.obj,0.0,1
device_16_tetwild_0005.obj,0.0,1
device_16_tetwild_0006.obj,0.0,1
device_16_tetwild_0007.obj,0.0,1
device_16_tetwild_0008.obj,0.0,1
device_16_tetwild_0009.obj,0.0,1
device_16_tetwild_0010.obj,0.0,1
device_16_tetwild_0011.obj,0.0,1
device_16_tetwild_0012.obj,0.0,1
device_16_tetwild_0013.obj,0.0,1
device_16_tetwild_0014.obj,0.0,1
device_16_tetwild_0015.obj,0.0,1
device_16_tetwild_0016.obj,0.0,1
device_16_tetwild_0017.obj,0.0,1
device_16_tetwild_0018.obj,0.0,1
device_16_tetwild_0019.obj,0.0,1
device_16_tetwild_0020.obj,0.0,1
device_16_tetwild_0021.obj,0.0,1
device_16_tetwild_0022.obj,0.0,1
device_16_tetwild_0023.obj,0.0,1
device_16_tetwild_0024.obj,0.0,1
device_11_degenerate_0000.obj,0.0,1
device_11_degenerate_0001.obj,0.0,1
device_11_degenerate_0002.obj,0.0,1
device_11_degenerate_0003.obj,0.0,1
device_11_degenerate_0004.obj,0.0,1
device_11_degenerate_0005.obj,0.0,1
device_11_degenerate_0006.obj,0.0,1
device_11_degenerate_0007.obj,0.0,1
device_11_degenerate_0008.obj,0.0,1
device_11_degenerate_0009.obj,0.0,1
device_11_degenerate_0010.obj,0.0,1
device_11_degenerate_0011.obj,0.0,1
device_11_degenerate_0012.obj,0.0,1
device_11_degenerate_0013.obj,0.0,1
device_11_degenerate_0014.obj,0.0,1
device_11_degenerate_0015.obj,0.0,1
device_11_degenerate_0016.obj,0.0,1
device_11_degenerate_0017.obj,0.0,1
device_11_degenerate_0018.obj,0.0,1
device_11_degenerate_0019.obj,0.0,1
device_11_degenerate_0020.obj,0.0,1
device_11_degenerate_0021.obj,0.0,1
device_11_degenerate_0022.obj,0.0,1
device_11_degenerate_0023.obj,0.0,1
device_11_degenerate_0024.obj,0.0,1
device_11_disconnected_0000.obj,0.0,1
device_11_disconnected_0001.obj,0.0,1
device_11_disconnected_0002.obj,0.0,1
device_11_disconnected_0003.obj,0.0,1
device_11_disconnected_0004.obj,0.0,1
device_11_disconnected_0005.obj,0.0,1
device_11_disconnected_0006.obj,0.0,1
device_11_disconnected_0007.obj,0.0,1
device_11_disconnected_0008.obj,0.0,1
device_11_disconnected_0009.obj,0.0,1
device_11_disconnected_0010.obj,0.0,1
device_11_disconnected_0011.obj,0.0,1
device_11_disconnected_0012.obj,0.0,1
device_11_disconnected_0013.obj,0.0,1
device_11_disconnected_0014.obj,0.0,1
device_11_disconnected_0015.obj,0.0,1
device_11_disconnected_0016.obj,0.0,1
device_11_disconnected_0017.obj,0.0,1
device_11_disconnected_0018.obj,0.0,1
device_11_disconnected_0019.obj,0.0,1
device_11_disconnected_0020.obj,0.0,1
device_11_disconnected_0021.obj,0.0,1
device_11_disconnected_0022.obj,0.0,1
device_11_disconnected_0023.obj,0.0,1
device_11_disconnected_0024.obj,0.0,1
device_11_faceswap_0000.obj,0.0,1
device_11_faceswap_0001.obj,0.0,1
device_11_faceswap_0002.obj,0.0,1
device_11_faceswap_0003.obj,0.0,1
device_11_faceswap_0004.obj,0.0,1
device_11_faceswap_0005.obj,0.0,1
device_11_faceswap_0006.obj,0.0,1
device_11_faceswap_0007.obj,0.0,1
device_11_faceswap_0008.obj,0.0,1
device_11_faceswap_0009.obj,0.0,1
device_11_faceswap_0010.obj,0.0,1
device_11_faceswap_0011.obj,0.0,1
device_11_faceswap_0012.obj,0.0,1
device_11_faceswap_0013.obj,0.0,1
device_11_faceswap_0014.obj,0.0,1
device_11_faceswap_0015.obj,0.0,1
device_11_faceswap_0016.obj,0.0,1
device_11_faceswap_0017.obj,0.0,1
device_11_faceswap_0018.obj,0.0,1
device_11_faceswap_0019.obj,0.0,1
device_11_faceswap_0020.obj,0.0,1
device_11_faceswap_0021.obj,0.0,1
device_11_faceswap_0022.obj,0.0,1
device_11_faceswap_0023.obj,0.0,1
device_11_faceswap_0024.obj,0.0,1
device_11_jitter_0000.obj,0.0,1
device_11_jitter_0001.obj,0.0,1
device_11_jitter_0002.obj,0.0,1
device_11_jitter_0003.obj,0.0,1
device_11_jitter_0004.obj,0.0,1
device_11_jitter_0005.obj,0.0,1
device_11_jitter_0006.obj,0.0,1
device_11_jitter_0007.obj,0.0,1
device_11_jitter_0008.obj,0.0,1
device_11_jitter_0009.obj,0.0,1
device_11_jitter_0010.obj,0.0,1
device_11_jitter_0011.obj,0.0,1
device_11_jitter_0012.obj,0.0,1
device_11_jitter_0013.obj,0.0,1
device_11_jitter_0014.obj,0.0,1
device_11_jitter_0015.obj,0.0,1
device_11_jitter_0016.obj,0.0,1
device_11_jitter_0017.obj,0.0,1
device_11_jitter_0018.obj,0.0,1
device_11_jitter_0019.obj,0.0,1
device_11_jitter_0020.obj,0.0,1
device_11_jitter_0021.obj,0.0,1
device_11_jitter_0022.obj,0.0,1
device_11_jitter_0023.obj,0.0,1
device_11_jitter_0024.obj,0.0,1
device_11_rigid_0000.obj,0.0,1
device_11_rigid_0001.obj,0.0,1
device_11_rigid_0002.obj,0.0,1
device_11_rigid_0003.obj,0.0,1
device_11_rigid_0004.obj,0.0,1
device_11_rigid_0005.obj,0.0,1
device_11_rigid_0006.obj,0.0,1
device_11_rigid_0007.obj,0.0,1
device_11_rigid_0008.obj,0.0,1
device_11_rigid_0009.obj,0.0,1
device_11_rigid_0010.obj,0.0,1
device_11_rigid_0011.obj,0.0,1
device_11_rigid_0012.obj,0.0,1
device_11_rigid_0013.obj,0.0,1
device_11_rigid_0014.obj,0.0,1
device_11_rigid_0015.obj,0.0,1
device_11_rigid_0016.obj,0.0,1
device_11_rigid_0017.obj,0.0,1
device_11_rigid_0018.obj,0.0,1
device_11_rigid_0019.obj,0.0,1
device_11_rigid_0020.obj,0.0,1
device_11_rigid_0021.obj,0.0,1
device_11_rigid_0022.obj,0.0,1
device_11_rigid_0023.obj,0.0,1
device_11_rigid_0024.obj,0.0,1
device_11_tetwild_0000.obj,0.0,1
device_11_tetwild_0001.obj,0.0,1
device_11_tetwild_0002.obj,0.0,1
device_11_tetwild_0003.obj,0.0,1
device_11_tetwild_0004.obj,0.0,1
device_11_tetwild_0005.obj,0.0,1
device_11_tetwild_0006.obj,0.0,1
device_11_tetwild_0007.obj,0.0,1
device_11_tetwild_0008.obj,0.0,1
device_11_tetwild_0009.obj,0.0,1
device_11_tetwild_0010.obj,0.0,1
device_11_tetwild_0011.obj,0.0,1
device_11_tetwild_0012.obj,0.0,1
device_11_tetwild_0013.obj,0.0,1
device_11_tetwild_0014.obj,0.0,1
device_11_tetwild_0015.obj,0.0,1
device_11_tetwild_0016.obj,0.0,1
device_11_tetwild_0017.obj,0.0,1
device_11_tetwild_0018.obj,0.0,1
device_11_tetwild_0019.obj,0.0,1
device_11_tetwild_0020.obj,0.0,1
device_11_tetwild_0021.obj,0.0,1
device_11_tetwild_0022.obj,0.0,1
device_11_tetwild_0023.obj,0.0,1
device_11_tetwild_0024.obj,0.0,1
device_02_degenerate_0000.obj,0.0,1
device_02_degenerate_0001.obj,0.0,1
device_02_degenerate_0002.obj,0.0,1
device_02_degenerate_0003.obj,0.0,1
device_02_degenerate_0004.obj,0.0,1
device_02_degenerate_0005.obj,0.0,1
device_02_degenerate_0006.obj,0.0,1
device_02_degenerate_0007.obj,0.0,1
device_02_degenerate_0008.obj,0.0,1
device_02_degenerate_0009.obj,0.0,1
device_02_degenerate_0010.obj,0.0,1
device_02_degenerate_0011.obj,0.0,1
device_02_degenerate_0012.obj,0.0,1
device_02_degenerate_0013.obj,0.0,1
device_02_degenerate_0014.obj,0.0,1
device_02_degenerate_0015.obj,0.0,1
device_02_degenerate_0016.obj,0.0,1
device_02_degenerate_0017.obj,0.0,1
device_02_degenerate_0018.obj,0.0,1
device_02_degenerate_0019.obj,0.0,1
device_02_degenerate_0020.obj,0.0,1
device_02_degenerate_0021.obj,0.0,1
device_02_degenerate_0022.obj,0.0,1
device_02_degenerate_0023.obj,0.0,1
device_02_degenerate_0024.obj,0.0,1
device_02_disconnected_0000.obj,0.0,1
device_02_disconnected_0001.obj,0.0,1
device_02_disconnected_0002.obj,0.0,1
device_02_disconnected_0003.obj,0.0,1
device_02_disconnected_0004.obj,0.0,1
device_02_disconnected_0005.obj,0.0,1
device_02_disconnected_0006.obj,0.0,1
device_02_disconnected_0007.obj,0.0,1
device_02_disconnected_0008.obj,0.0,1
device_02_disconnected_0009.obj,0.0,1
device_02_disconnected_0010.obj,0.0,1
device_02_disconnected_0011.obj,0.0,1
device_02_disconnected_0012.obj,0.0,1
device_02_disconnected_0013.obj,0.0,1
device_02_disconnected_0014.obj,0.0,1
device_02_disconnected_0015.obj,0.0,1
device_02_disconnected_0016.obj,0.0,1
device_02_disconnected_0017.obj,0.0,1
device_02_disconnected_0018.obj,0.0,1
device_02_disconnected_0019.obj,0.0,1
device_02_disconnected_0020.obj,0.0,1
device_02_disconnected_0021.obj,0.0,1
device_02_disconnected_0022.obj,0.0,1
device_02_disconnected_0023.obj,0.0,1
device_02_disconnected_0024.obj,0.0,1
device_02_faceswap_0000.obj,0.0,1
device_02_faceswap_0001.obj,0.0,1
device_02_faceswap_0002.obj,0.0,1
device_02_faceswap_0003.obj,0.0,1
device_02_faceswap_0004.obj,0.0,1
device_02_faceswap_0005.obj,0.0,1
device_02_faceswap_0006.obj,0.0,1
device_02_faceswap_0007.obj,0.0,1
device_02_faceswap_0008.obj,0.0,1
device_02_faceswap_0009.obj,0.0,1
device_02_faceswap_0010.obj,0.0,1
device_02_faceswap_0011.obj,0.0,1
device_02_faceswap_0012.obj,0.0,1
device_02_faceswap_0013.obj,0.0,1
device_02_faceswap_0014.obj,0.0,1
device_02_faceswap_0015.obj,0.0,1
device_02_faceswap_0016.obj,0.0,1
device_02_faceswap_0017.obj,0.0,1
device_02_faceswap_0018.obj,0.0,1
device_02_faceswap_0019.obj,0.0,1
device_02_faceswap_0020.obj,0.0,1
device_02_faceswap_0021.obj,0.0,1
device_02_faceswap_0022.obj,0.0,1
device_02_faceswap_0023.obj,0.0,1
device_02_faceswap_0024.obj,0.0,1
device_02_jitter_0000.obj,0.0,1
device_02_jitter_0001.obj,0.0,1
device_02_jitter_0002.obj,0.0,1
device_02_jitter_0003.obj,0.0,1
device_02_jitter_0004.obj,0.0,1
device_02_jitter_0005.obj,0.0,1
device_02_jitter_0006.obj,0.0,1
device_02_jitter_0007.obj,0.0,1
device_02_jitter_0008.obj,0.0,1
device_02_jitter_0009.obj,0.0,1
device_02_jitter_0010.obj,0.0,1
device_02_jitter_0011.obj,0.0,1
device_02_jitter_0012.obj,0.0,1
device_02_jitter_0013.obj,0.0,1
device_02_jitter_0014.obj,0.0,1
device_02_jitter_0015.obj,0.0,1
device_02_jitter_0016.obj,0.0,1
device_02_jitter_0017.obj,0.0,1
device_02_jitter_0018.obj,0.0,1
device_02_jitter_0019.obj,0.0,1
device_02_jitter_0020.obj,0.0,1
device_02_jitter_0021.obj,0.0,1
device_02_jitter_0022.obj,0.0,1
device_02_jitter_0023.obj,0.0,1
device_02_jitter_0024.obj,0.0,1
device_02_rigid_0000.obj,0.0,1
device_02_rigid_0001.obj,0.0,1
device_02_rigid_0002.obj,0.0,1
device_02_rigid_0003.obj,0.0,1
device_02_rigid_0004.obj,0.0,1
device_02_rigid_0005.obj,0.0,1
device_02_rigid_0006.obj,0.0,1
device_02_rigid_0007.obj,0.0,1
device_02_rigid_0008.obj,0.0,1
device_02_rigid_0009.obj,0.0,1
device_02_rigid_0010.obj,0.0,1
device_02_rigid_0011.obj,0.0,1
device_02_rigid_0012.obj,0.0,1
device_02_rigid_0013.obj,0.0,1
device_02_rigid_0014.obj,0.0,1
device_02_rigid_0015.obj,0.0,1
device_02_rigid_0016.obj,0.0,1
device_02_rigid_0017.obj,0.0,1
device_02_rigid_0018.obj,0.0,1
device_02_rigid_0019.obj,0.0,1
device_02_rigid_0020.obj,0.0,1
device_02_rigid_0021.obj,0.0,1
device_02_rigid_0022.obj,0.0,1
device_02_rigid_0023.obj,0.0,1
device_02_rigid_0024.obj,0.0,1
device_02_tetwild_0000.obj,0.0,1
device_02_tetwild_0001.obj,0.0,1
device_02_tetwild_0002.obj,0.0,1
device_02_tetwild_0003.obj,0.0,1
device_02_tetwild_0004.obj,0.0,1
device_02_tetwild_0006.obj,0.0,1
device_02_tetwild_0007.obj,0.0,1
device_02_tetwild_0008.obj,0.0,1
device_02_tetwild_0009.obj,0.0,1
device_02_tetwild_0010.obj,0.0,1
device_02_tetwild_0011.obj,0.0,1
device_02_tetwild_0012.obj,0.0,1
device_02_tetwild_0013.obj,0.0,1
device_02_tetwild_0014.obj,0.0,1
device_02_tetwild_0015.obj,0.0,1
device_02_tetwild_0016.obj,0.0,1
device_02_tetwild_0018.obj,0.0,1
device_02_tetwild_0019.obj,0.0,1
device_02_tetwild_0020.obj,0.0,1
device_02_tetwild_0021.obj,0.0,1
device_02_tetwild_0022.obj,0.0,1
device_02_tetwild_0023.obj,0.0,1
device_02_tetwild_0024.obj,0.0,1
device_27_degenerate_0000.obj,0.0,1
device_27_degenerate_0001.obj,0.0,1
device_27_degenerate_0002.obj,0.0,1
device_27_degenerate_0003.obj,0.0,1
device_27_degenerate_0004.obj,0.0,1
device_27_degenerate_0005.obj,0.0,1
device_27_degenerate_0006.obj,0.0,1
device_27_degenerate_0007.obj,0.0,1
device_27_degenerate_0008.obj,0.0,1
device_27_degenerate_0009.obj,0.0,1
device_27_degenerate_0010.obj,0.0,1
device_27_degenerate_0011.obj,0.0,1
device_27_degenerate_0012.obj,0.0,1
device_27_degenerate_0013.obj,0.0,1
device_27_degenerate_0014.obj,0.0,1
device_27_degenerate_0015.obj,0.0,1
device_27_degenerate_0016.obj,0.0,1
device_27_degenerate_0017.obj,0.0,1
device_27_degenerate_0018.obj,0.0,1
device_27_degenerate_0019.obj,0.0,1
device_27_degenerate_0020.obj,0.0,1
device_27_degenerate_0021.obj,0.0,1
device_27_degenerate_0022.obj,0.0,1
device_27_degenerate_0023.obj,0.0,1
device_27_degenerate_0024.obj,0.0,1
device_27_disconnected_0000.obj,0.0,1
device_27_disconnected_0001.obj,0.0,1
device_27_disconnected_0002.obj,0.0,1
device_27_disconnected_0003.obj,0.0,1
device_27_disconnected_0004.obj,0.0,1
device_27_disconnected_0005.obj,0.0,1
device_27_disconnected_0006.obj,0.0,1
device_27_disconnected_0007.obj,0.0,1
device_27_disconnected_0008.obj,0.0,1
device_27_disconnected_0009.obj,0.0,1
device_27_disconnected_0010.obj,0.0,1
device_27_disconnected_0011.obj,0.0,1
device_27_disconnected_0012.obj,0.0,1
device_27_disconnected_0013.obj,0.0,1
device_27_disconnected_0014.obj,0.0,1
device_27_disconnected_0015.obj,0.0,1
device_27_disconnected_0016.obj,0.0,1
device_27_disconnected_0017.obj,0.0,1
device_27_disconnected_0018.obj,0.0,1
device_27_disconnected_0019.obj,0.0,1
device_27_disconnected_0020.obj,0.0,1
device_27_disconnected_0021.obj,0.0,1
device_27_disconnected_0022.obj,0.0,1
device_27_disconnected_0023.obj,0.0,1
device_27_disconnected_0024.obj,0.0,1
device_27_faceswap_0000.obj,0.0,1
device_27_faceswap_0001.obj,0.0,1
device_27_faceswap_0002.obj,1.0,1
device_27_faceswap_0003.obj,0.0,1
device_27_faceswap_0004.obj,0.0,1
device_27_faceswap_0005.obj,0.0,1
device_27_faceswap_0006.obj,0.0,1
device_27_faceswap_0007.obj,0.0,1
device_27_faceswap_0008.obj,0.0,1
device_27_faceswap_0009.obj,0.0,1
device_27_faceswap_0010.obj,0.0,1
device_27_faceswap_0011.obj,0.0,1
device_27_faceswap_0012.obj,0.0,1
device_27_faceswap_0013.obj,0.0,1
device_27_faceswap_0014.obj,0.0,1
device_27_faceswap_0015.obj,0.0,1
device_27_faceswap_0016.obj,0.0,1
device_27_faceswap_0017.obj,0.0,1
device_27_faceswap_0018.obj,0.0,1
device_27_faceswap_0019.obj,0.0,1
device_27_faceswap_0020.obj,0.0,1
device_27_faceswap_0021.obj,0.0,1
device_27_faceswap_0022.obj,0.0,1
device_27_faceswap_0023.obj,0.0,1
device_27_faceswap_0024.obj,0.0,1
device_27_jitter_0000.obj,0.0,1
device_27_jitter_0001.obj,0.0,1
device_27_jitter_0002.obj,0.0,1
device_27_jitter_0003.obj,0.0,1
device_27_jitter_0004.obj,0.0,1
device_27_jitter_0005.obj,0.0,1
device_27_jitter_0006.obj,0.0,1
device_27_jitter_0007.obj,0.0,1
device_27_jitter_0008.obj,0.0,1
device_27_jitter_0009.obj,0.0,1
device_27_jitter_0010.obj,0.0,1
device_27_jitter_0011.obj,0.0,1
device_27_jitter_0012.obj,0.0,1
device_27_jitter_0013.obj,0.0,1
device_27_jitter_0014.obj,0.0,1
device_27_jitter_0015.obj,0.0,1
device_27_jitter_0016.obj,0.0,1
device_27_jitter_0017.obj,0.0,1
device_27_jitter_0018.obj,0.0,1
device_27_jitter_0019.obj,0.0,1
device_27_jitter_0020.obj,0.0,1
device_27_jitter_0021.obj,0.0,1
device_27_jitter_0022.obj,0.0,1
device_27_jitter_0023.obj,0.0,1
device_27_jitter_0024.obj,0.0,1
device_27_rigid_0000.obj,0.0,1
device_27_rigid_0001.obj,0.0,1
device_27_rigid_0002.obj,0.0,1
device_27_rigid_0003.obj,0.0,1
device_27_rigid_0004.obj,0.0,1
device_27_rigid_0005.obj,0.0,1
device_27_rigid_0006.obj,0.0,1
device_27_rigid_0007.obj,0.0,1
device_27_rigid_0008.obj,0.0,1
device_27_rigid_0009.obj,0.0,1
device_27_rigid_0010.obj,0.0,1
device_27_rigid_0011.obj,0.0,1
device_27_rigid_0012.obj,0.0,1
device_27_rigid_0013.obj,0.0,1
device_27_rigid_0014.obj,0.0,1
device_27_rigid_0015.obj,0.0,1
device_27_rigid_0016.obj,0.0,1
device_27_rigid_0017.obj,0.0,1
device_27_rigid_0018.obj,0.0,1
device_27_rigid_0019.obj,0.0,1
device_27_rigid_0020.obj,0.0,1
device_27_rigid_0021.obj,0.0,1
device_27_rigid_0022.obj,0.0,1
device_27_rigid_0023.obj,0.0,1
device_27_rigid_0024.obj,0.0,1
device_27_tetwild_0000.obj,0.0,1
device_27_tetwild_0001.obj,0.0,1
device_27_tetwild_0002.obj,0.0,1
device_27_tetwild_0003.obj,0.0,1
device_27_tetwild_0004.obj,0.0,1
device_27_tetwild_0005.obj,0.0,1
device_27_tetwild_0006.obj,0.0,1
device_27_tetwild_0007.obj,0.0,1
device_27_tetwild_0008.obj,0.0,1
device_27_tetwild_0009.obj,0.0,1
device_27_tetwild_0010.obj,0.0,1
device_27_tetwild_0011.obj,0.0,1
device_27_tetwild_0012.obj,0.0,1
device_27_tetwild_0013.obj,0.0,1
device_27_tetwild_0014.obj,0.0,1
device_27_tetwild_0015.obj,0.0,1
device_27_tetwild_0016.obj,0.0,1
device_27_tetwild_0017.obj,0.0,1
device_27_tetwild_0018.obj,0.0,1
device_27_tetwild_0019.obj,0.0,1
device_27_tetwild_0020.obj,0.0,1
device_27_tetwild_0021.obj,0.0,1
device_27_tetwild_0022.obj,0.0,1
device_27_tetwild_0023.obj,0.0,1
device_27_tetwild_0024.obj,0.0,1
