name,score,label
abc_00000020_ad34a3f60c4a4caa99646600_trimesh_000.obj,0.005111657936746876,0
abc_00000027_ad34a3f60c4a4caa99646600_trimesh_007.obj,0.13806795825560889,0
abc_00000032_ad34a3f60c4a4caa99646600_trimesh_012.obj,0.009519377102454504,0
abc_00000061_767e4372b5f94a88a7a17d90_trimesh_002.obj,7.145008945978286e-06,0
abc_00000063_767e4372b5f94a88a7a17d90_trimesh_004.obj,2.47176082363391e-05,0
abc_00000066_767e4372b5f94a88a7a17d90_trimesh_007.obj,1.5004123146885224e-06,0
abc_00000098_72cf0f9ca5324822a4d41a80_trimesh_000.obj,0.0006135491421446204,0
abc_00000129_e18c7feacfb54f3880659b43_trimesh_004.obj,0.0006034056253459615,0
abc_00000130_e18c7feacfb54f3880659b43_trimesh_005.obj,0.0013516789585992228,0
abc_00000134_1418f3c3ca954e799c8860af_trimesh_000.obj,7.798382929043631e-06,0
abc_00000140_2fc54fcd110d4f49969163c4_trimesh_003.obj,2.2162621225637245e-06,0
abc_00000154_a951550b8a1043a68423c541_trimesh_004.obj,9.846890295743076e-08,0
abc_00000161_a583c6c3cdc143bab3f6c856_trimesh_000.obj,0.0429175915196538,0
abc_00000168_bfdc19149a8b4e72b3d0f5c5_trimesh_000.obj,2.2256780738416637e-06,0
abc_00000172_b21aa794b6b64d87a57c245e_trimesh_002.obj,5.962795626146544e-07,0
abc_00000243_4829bc0645d6414d9b5cec31_trimesh_006.obj,7.555100698179255e-05,0
abc_00000259_845fb06d7f2f4802a806a600_trimesh_004.obj,0.004767668278266986,0
abc_00000267_845fb06d7f2f4802a806a600_trimesh_012.obj,5.326216665491046e-07,0
abc_00000269_845fb06d7f2f4802a806a600_trimesh_014.obj,0.9729618032773336,0
abc_00000280_5a6ef3285b89452ea6b390e7_trimesh_001.obj,5.512476046002727e-07,0
abc_00000291_58f8ff46b7564e989f9695b7_trimesh_004.obj,6.57873888864439e-05,0
abc_00000295_52a153d2417747b5926ff9df_trimesh_000.obj,5.7382829557658015e-06,0
abc_00000296_52a153d2417747b5926ff9df_trimesh_001.obj,5.536653134186054e-06,0
abc_00000318_3062bccff48e47a2b9de05e3_trimesh_013.obj,0.00015110285797466835,0
abc_00000329_12a935cd9b684f879c0505fe_trimesh_000.obj,0.00021819764515385032,0
abc_00000336_1a821c3883f7459a9615fca4_trimesh_000.obj,0.014975231684123477,0
abc_00000342_fe70be720f7e49fa90ded969_trimesh_001.obj,7.888755648721713e-09,0
abc_00000352_4185972a944744d8a7a0f2b4_trimesh_008.obj,0.7645348707834879,0
abc_00000355_68d1a5c2319a4a419ff625c6_trimesh_001.obj,6.425103551421785e-06,0
abc_00000357_68d1a5c2319a4a419ff625c6_trimesh_003.obj,0.0028750159544870257,0
abc_00000361_9ee540a56d79451e8026e1e6_trimesh_003.obj,8.50023556135208e-07,0
abc_00000362_9ee540a56d79451e8026e1e6_trimesh_004.obj,3.775814671295545e-07,0
abc_00000369_23c957e8e7b2428282a13ae2_trimesh_002.obj,0.00015014343686440648,0
abc_00000377_23c957e8e7b2428282a13ae2_trimesh_010.obj,0.000450676807910592,0
abc_00000378_23c957e8e7b2428282a13ae2_trimesh_011.obj,0.000179880712191031,0
abc_00000399_2a4de304cbd9449ba073b442_trimesh_003.obj,2.12471795061712e-06,0
abc_00000420_bd0972033f464f8f961a150a_trimesh_001.obj,0.00012731842495365223,0
abc_00000461_516b1784884d4facbc4c0d74_trimesh_009.obj,0.0006115431557797516,0
abc_00000486_a7d0c851b5f24a97a7cac950_trimesh_003.obj,0.0007379105275807282,0
abc_00000500_5499914343bd4f549b38046d_trimesh_001.obj,2.3620964194985086e-06,0
abc_00000501_5499914343bd4f549b38046d_trimesh_002.obj,6.574968267614167e-07,0
abc_00000526_f9d6559308dc4c85aab9fa38_trimesh_000.obj,0.005022491017977397,0
abc_00000541_ee945ee6b30a473d9b86447f_trimesh_000.obj,1.1121076874213523e-08,0
abc_00000566_2f2b015ef4904c1caef56154_trimesh_000.obj,2.4800447893843134e-06,0
abc_00000611_04e799936ae446b9a3d8d2b8_trimesh_002.obj,0.007062153269847234,0
abc_00000616_c710d414bbbc4340b682c58a_trimesh_002.obj,9.999267111500862e-06,0
abc_00000632_4f322b34e87c43289916c298_trimesh_001.obj,4.2104704626548067e-07,0
abc_00000655_d87d11d9c3ca4ee5a88797ae_trimesh_003.obj,0.0004526815512993683,0
abc_00000660_6fae5591b3034f949b7e8eae_trimesh_001.obj,1.894084541986807e-09,0
abc_00000694_45f6100bfa3948e69405bb21_trimesh_000.obj,2.8243495156251203e-05,0
abc_00000711_7ad02ca9009d40fd8c345639_trimesh_000.obj,1.0712441962823505e-05,0
abc_00000714_7ad02ca9009d40fd8c345639_trimesh_003.obj,7.663906217203476e-06,0
abc_00000719_4332e25d10a247f084c68cba_trimesh_002.obj,5.7315145486717496e-06,0
abc_00000733_4a23e5ff37ae4a19b5c7859d_trimesh_000.obj,2.6889939969502543e-06,0
abc_00000746_6cb3ddbb49974d7db0e97135_trimesh_001.obj,0.03744844160974026,0
abc_00000752_6f0d90054d40400593050930_trimesh_001.obj,1.962489477591589e-07,0
abc_00000806_05cadeb104be4c8aa75ccc71_trimesh_000.obj,6.696215043196693e-07,0
abc_00000813_36e6258346004cabb4c091b2_trimesh_001.obj,1.2311137087550605e-07,0
abc_00000818_6bbad2756d7845bd8d731d60_trimesh_000.obj,0.007330436608754098,0
abc_00000848_2c1efcc32d094e9fb9e1a88e_trimesh_008.obj,6.278888046532908e-07,0
abc_00000850_2c1efcc32d094e9fb9e1a88e_trimesh_010.obj,1.2306894484985047e-09,0
abc_00000852_2c1efcc32d094e9fb9e1a88e_trimesh_012.obj,1.287733075135596e-06,0
abc_00000854_2c1efcc32d094e9fb9e1a88e_trimesh_014.obj,2.337773175042912e-08,0
abc_00000862_029c2575dd474650ba1b8d21_trimesh_002.obj,5.306190497359845e-07,0
abc_00000873_029c2575dd474650ba1b8d21_trimesh_013.obj,6.341385333508143e-10,0
abc_00000876_029c2575dd474650ba1b8d21_trimesh_016.obj,1.0011003581666955e-08,0
abc_00000878_029c2575dd474650ba1b8d21_trimesh_018.obj,6.710216287804845e-06,0
abc_00000883_029c2575dd474650ba1b8d21_trimesh_023.obj,1.0128038824275265e-09,0
abc_00000889_e2d3a4dc5f7c438bb240e9d1_trimesh_000.obj,7.615125650772825e-05,0
abc_00000912_c9400dcd7ae9428caffe2204_trimesh_005.obj,0.8014379541079203,0
abc_00000948_f297a24e1a4446cf9d74efd9_trimesh_007.obj,0.04330321905824045,0
abc_00000949_f297a24e1a4446cf9d74efd9_trimesh_008.obj,0.00583551439922303,0
abc_00000954_a741c7966d2c40a8a511263e_trimesh_000.obj,3.940848879816865e-06,0
abc_00000984_0dd1386597104265ab67e6cf_trimesh_007.obj,7.647047189918155e-09,0
abc_00000993_ac4ba032d4b5431ca04f542c_trimesh_000.obj,2.474037049301122e-09,0
abc_00000994_ac4ba032d4b5431ca04f542c_trimesh_001.obj,7.242754544260303e-09,0
abc_00001024_21adcacb9707488ea6655fd2_trimesh_000.obj,0.0005436892218616171,0
abc_00001030_cde47df6e28543d1b434f206_trimesh_002.obj,3.7018899092799984e-05,0
abc_00001037_be3ed2c9696e4e6a91b34f79_trimesh_002.obj,6.208997698801492e-06,0
abc_00001049_2b2638f82b3946b1867f2d11_trimesh_005.obj,4.918658387994175e-09,0
abc_00001129_c2db313c2ce749d784c610d2_trimesh_001.obj,0.017114756628870964,0
abc_00001173_0889c458f3f74dc288d2d531_trimesh_004.obj,2.1252285174947854e-05,0
abc_00001192_c69a73fe64c84fa5a34c9f79_trimesh_000.obj,2.60107382151394e-07,0
abc_00001210_4be610c137ba42ae9933e69b_trimesh_000.obj,0.11370085552334785,0
abc_00001212_4be610c137ba42ae9933e69b_trimesh_002.obj,9.806912733741531e-08,0
abc_00001225_5b328344bcd7429b89dba948_trimesh_000.obj,0.008675306414564451,0
abc_00001245_96503b6a26c64074ad598927_trimesh_007.obj,6.579409090138691e-07,0
abc_00001246_96503b6a26c64074ad598927_trimesh_008.obj,0.002354236455479016,0
abc_00001247_96503b6a26c64074ad598927_trimesh_009.obj,0.00016866271471371874,0
abc_00001249_96503b6a26c64074ad598927_trimesh_011.obj,0.0032296287439142666,0
abc_00001289_b53ece83d8964b44bbf1f8ed_trimesh_025.obj,6.0530874179676175e-05,0
abc_00001345_d8d97699a52842539e08d117_trimesh_003.obj,9.240742050072488e-05,0
abc_00001376_2e314c6e080b40fcb6a6db96_trimesh_019.obj,0.00020623538875952363,0
abc_00001386_be5d90220c204022acecd5f5_trimesh_000.obj,2.5375396717208787e-06,0
abc_00001389_21b525da345e4e62aebd906b_trimesh_000.obj,0.0005100065900478512,0
abc_00001401_49414db2dd594dc6a3907cf3_trimesh_004.obj,1.2632432202508426e-06,0
abc_00001402_49414db2dd594dc6a3907cf3_trimesh_005.obj,4.148343587454899e-06,0
abc_00001403_49414db2dd594dc6a3907cf3_trimesh_006.obj,0.0028313438718517623,0
abc_00001404_49414db2dd594dc6a3907cf3_trimesh_007.obj,6.789395949150882e-06,0
abc_00001417_a45f6c99e2154f3b94955175_trimesh_001.obj,0.00026700091772606055,0
abc_00001432_a45f6c99e2154f3b94955175_trimesh_016.obj,9.231154460091299e-06,0
abc_00001450_a45f6c99e2154f3b94955175_trimesh_034.obj,0.021647488853583734,0
abc_00001468_a45f6c99e2154f3b94955175_trimesh_052.obj,1.0573412765705706e-08,0
abc_00001469_a45f6c99e2154f3b94955175_trimesh_053.obj,3.3063948061832584e-05,0
abc_00001486_a45f6c99e2154f3b94955175_trimesh_070.obj,2.5288734377681976e-06,0
abc_00001490_6c8ef6d2f5564d139a5077f8_trimesh_001.obj,4.827920109991742e-08,0
abc_00001495_6c8ef6d2f5564d139a5077f8_trimesh_006.obj,3.635465792110419e-07,0
abc_00001497_eb4e2b01aaca4131bfc64adb_trimesh_001.obj,0.6666031082471212,0
abc_00001500_eb4e2b01aaca4131bfc64adb_trimesh_004.obj,0.19169651810079813,0
abc_00001517_5696c053883042c4b316adf0_trimesh_001.obj,1.6695160043930096e-10,0
abc_00001535_e1d62958d7ca4ad18fefd54d_trimesh_002.obj,1.341352837691545e-07,0
abc_00001542_e1d62958d7ca4ad18fefd54d_trimesh_009.obj,1.3327791847927983e-07,0
abc_00001550_a94d978cf62948ce80b417a9_trimesh_000.obj,1.3468347576095496e-08,0
abc_00001560_b76a69da5d3445f9bf397a98_trimesh_000.obj,0.09459414969508846,0
abc_00001563_2e9dc7e9a1a54dd7ab901478_trimesh_000.obj,0.0002060329970845487,0
abc_00001567_9280741c840d4aa1af32658e_trimesh_002.obj,7.585097764698882e-07,0
abc_00001598_c118664e9f6f4943855293fa_trimesh_000.obj,1.1833650207885663e-08,0
abc_00001600_c118664e9f6f4943855293fa_trimesh_002.obj,0.063789418588082,0
abc_00001614_8c3b97c1382c43bab3eb1b48_trimesh_002.obj,0.3537304898103078,0
abc_00001628_403be38599f04115b74521a6_trimesh_000.obj,2.6500348819051094e-05,0
abc_00001630_c1de5979807b4b6a8c5b0e49_trimesh_001.obj,0.1712856118877729,0
abc_00001649_07f31e6ec73a4ba68df19f1f_trimesh_002.obj,0.04937959089875221,0
abc_00001665_2d7a230277ef4271b7ffd737_trimesh_000.obj,1.0481918000238011e-07,0
abc_00001677_de1d70dc0e3b4652b6cfce4f_trimesh_004.obj,4.840608009241502e-07,0
abc_00001679_de1d70dc0e3b4652b6cfce4f_trimesh_006.obj,0.00025136983443492983,0
abc_00001683_41da72eee5ca4a5492178124_trimesh_000.obj,0.0004848516109632328,0
abc_00001694_2d229d781dc9461a9375c9af_trimesh_003.obj,0.00042080664813208085,0
abc_00001703_46556a3837274c098a5fc60a_trimesh_000.obj,5.589695016775901e-05,0
abc_00001705_46556a3837274c098a5fc60a_trimesh_002.obj,0.9959882100423177,0
abc_00001722_ad7be758db3641a5a3e62d00_trimesh_000.obj,0.00015947017239644387,0
abc_00001729_2e4d39f311304cfcab975e6a_trimesh_002.obj,5.754592469505345e-05,0
abc_00001735_ee1c39157f2e4a089c90e7e8_trimesh_000.obj,4.634000561054563e-07,0
abc_00001736_58088030d4b7419b8ad214f6_trimesh_000.obj,0.00016057128320312586,0
abc_00001749_74905c964c8c4708bf6e2e44_trimesh_012.obj,8.723659230547298e-07,0
abc_00001779_b8592e9925204df1805bd0c3_trimesh_004.obj,1.5657351918700138e-07,0
abc_00001794_23e6efbdae254d48b914d347_trimesh_012.obj,1.445223105633886e-07,0
abc_00001805_23e6efbdae254d48b914d347_trimesh_023.obj,0.14282100399335226,0
abc_00001812_eb80cc3405004d2aadfec0d3_trimesh_001.obj,0.057406128849834204,0
abc_00001813_eb80cc3405004d2aadfec0d3_trimesh_002.obj,3.866640518879194e-08,0
abc_00001828_f8ce225b03b045e1a8743a75_trimesh_000.obj,1.4059295760186311e-05,0
abc_00001830_9588ed6efa3c45dca239e256_trimesh_000.obj,0.01054313926336666,0
abc_00001858_161dbdd1389245c6aa183461_trimesh_001.obj,2.1468531012184636e-07,0
abc_00001871_e6274ed08407419d8a719730_trimesh_001.obj,3.5223431000634222e-09,0
abc_00001876_7dff003bccb549eca063340e_trimesh_002.obj,1.9695348267845247e-06,0
abc_00001877_7dff003bccb549eca063340e_trimesh_003.obj,2.1021639895479893e-05,0
abc_00001879_7dff003bccb549eca063340e_trimesh_005.obj,0.1360455354054769,0
abc_00001881_7dff003bccb549eca063340e_trimesh_007.obj,1.920190307203029e-06,0
abc_00001885_7dff003bccb549eca063340e_trimesh_011.obj,3.136663830870708e-10,0
abc_00001894_7dff003bccb549eca063340e_trimesh_020.obj,0.1894630342721939,0
abc_00001895_7dff003bccb549eca063340e_trimesh_021.obj,0.29441293080647785,0
abc_00001905_84deecba8b6449b5988f2e56_trimesh_001.obj,4.609784506707608e-06,0
abc_00001906_84deecba8b6449b5988f2e56_trimesh_002.obj,1.4134259658978485e-07,0
abc_00001909_84deecba8b6449b5988f2e56_trimesh_005.obj,1.4118402151079104e-08,0
abc_00001913_9912faaee57b4176b1deb5d4_trimesh_001.obj,7.376423309205886e-08,0
abc_00001924_bad445004ddc447b83171224_trimesh_003.obj,3.814289978739301e-05,0
abc_00001926_bad445004ddc447b83171224_trimesh_005.obj,4.554909269205432e-09,0
abc_00001931_d686c9d7503a42478530b382_trimesh_000.obj,0.314587727189064,0
abc_00001969_72af61802aeb4e91b1b1b37b_trimesh_000.obj,1.484160587021203e-07,0
abc_00001984_72af61802aeb4e91b1b1b37b_trimesh_015.obj,0.0022079874761402607,0
abc_00001992_79a5e839b001428dbc772925_trimesh_000.obj,0.7289720177650452,0
abc_00001998_b53d499a5d5c42dfade565bf_trimesh_000.obj,0.06317540444433689,0
abc_00002008_be2dc79cac834a8895f8aa60_trimesh_000.obj,1.5124753864152277e-07,0
abc_00002023_f024db94f83d4bbb94358624_trimesh_000.obj,1.892884309739884e-05,0
abc_00002056_fb7d8749f7824fc9a0b49831_trimesh_000.obj,6.772809619803866e-07,0
abc_00002065_ec9ce2bb0d20437dad4533a2_trimesh_001.obj,0.002833171747624874,0
abc_00002066_ec9ce2bb0d20437dad4533a2_trimesh_002.obj,5.650324177016349e-05,0
abc_00002067_4ad58d9a4088415b9e0dbf18_trimesh_000.obj,1.4150462324854136e-06,0
abc_00002138_05091350f8cd4cdda2981cab_trimesh_008.obj,5.646001323874235e-09,0
abc_00002153_b82d66be3f1244d1a6e9b75a_trimesh_000.obj,0.00016701295195768276,0
abc_00002155_cde1f6a0f70c4897a0016114_trimesh_000.obj,0.004373429265494148,0
abc_00002165_af3af6b131e747f38dbcb2c5_trimesh_000.obj,0.0010320918906169634,0
abc_00002169_af3af6b131e747f38dbcb2c5_trimesh_004.obj,1.1135996243657094e-06,0
abc_00002195_c66535496d9741e3baa4a85c_trimesh_001.obj,3.854254183958498e-06,0
abc_00002223_e38471b78a2f45118e2e8a1e_trimesh_003.obj,8.18973379258144e-05,0
abc_00002235_c0346d7e928247129c7f105e_trimesh_000.obj,0.0025227691451921905,0
abc_00002237_70fc984390f94560b7b9dafa_trimesh_000.obj,5.4308427479554666e-05,0
abc_00002257_ee36ce2e0fc6420195435501_trimesh_000.obj,4.844677998031936e-06,0
abc_00002262_ee36ce2e0fc6420195435501_trimesh_005.obj,7.410785110550933e-05,0
abc_00002275_d78016eb44004ecb82bdbaa7_trimesh_000.obj,7.55696040262895e-06,0
abc_00002280_d78016eb44004ecb82bdbaa7_trimesh_005.obj,7.040617986768065e-08,0
abc_00002283_d78016eb44004ecb82bdbaa7_trimesh_008.obj,2.115592915667245e-07,0
abc_00002287_008ac7621b8c4a199f5780f1_trimesh_000.obj,9.549460168993088e-06,0
abc_00002291_121bc109bb5a40869e7cb6e3_trimesh_000.obj,0.13867125660181046,0
abc_00002298_e81bd6e8eea447f9ad6f246d_trimesh_000.obj,0.0016291303909383714,0
abc_00002301_4809f34e75cd44d393946d41_trimesh_001.obj,6.476302734833202e-10,0
abc_00002306_4809f34e75cd44d393946d41_trimesh_006.obj,9.673807956763389e-06,0
abc_00002321_1e1145d05fff4ed3934ed4df_trimesh_000.obj,0.09282221893469493,0
abc_00002333_f48c116e43104b4bb10898e9_trimesh_002.obj,2.152880097128218e-05,0
abc_00002334_f48c116e43104b4bb10898e9_trimesh_003.obj,1.90437204613166e-06,0
abc_00002335_f48c116e43104b4bb10898e9_trimesh_004.obj,8.196865261804001e-06,0
abc_00002338_a60f038f2b574004ad1f6f50_trimesh_000.obj,1.482682859451264e-07,0
abc_00002340_f5a5af9c002e4bfba983a31d_trimesh_001.obj,9.155284293645612e-08,0
abc_00002347_634ba60fb4fc40f89c56cb4a_trimesh_004.obj,5.237283858150477e-06,0
abc_00002364_470c2865307645c78ae7a0cb_trimesh_007.obj,0.0010911980837893982,0
abc_00002366_470c2865307645c78ae7a0cb_trimesh_009.obj,0.0011785410849067073,0
abc_00002407_c13dc1fdb43348c4a4298958_trimesh_004.obj,4.52573264434856e-05,0
abc_00002409_c13dc1fdb43348c4a4298958_trimesh_006.obj,7.040617986768065e-08,0
abc_00002412_50cd9407596747729fc8d773_trimesh_001.obj,1.1702714649193997e-06,0
abc_00002418_f439002a18b84d8798439932_trimesh_002.obj,0.10969642549753189,0
abc_00002438_179a8df075c94d0596b1f20d_trimesh_007.obj,0.033908098780860506,0
abc_00002443_ece945968068453ab36dc00a_trimesh_000.obj,0.06287102090815704,0
abc_00002450_8c12611557a543f99907ee82_trimesh_000.obj,0.0002621932192899597,0
abc_00002455_7d5c3882272742b980293bcd_trimesh_000.obj,0.0005108571664701836,0
abc_00002459_86f90a9ff5c5414cba6b0b14_trimesh_000.obj,0.0001138985392875232,0
abc_00002478_4e29879a16ed4dadab2750bc_trimesh_003.obj,2.7394286310785294e-05,0
abc_00002481_6eda6b73d6ea4472bea05e8f_trimesh_001.obj,1.7545400699721843e-06,0
abc_00002496_61afe52ce5764b8bb0531667_trimesh_003.obj,1.4543545603373786e-06,0
abc_00002498_a6da4aea6b0047b6abb890a7_trimesh_000.obj,8.630498011067781e-07,0
abc_00002505_e6ff054993ae478686179d0f_trimesh_001.obj,0.00023816599180766693,0
abc_00002530_8d3bbea092534341a45dd40c_trimesh_000.obj,2.5465210941414775e-06,0
abc_00002533_6f7f8f03941c4d5d8882c21a_trimesh_001.obj,3.8170848151835207e-10,0
abc_00002572_800b457b0b614ceabc56bdea_trimesh_000.obj,0.00024360883495925614,0
abc_00002577_8556c200606545a8bcf28a5e_trimesh_000.obj,7.057096145975568e-06,0
abc_00002610_770f033464d542f88ec04d0f_trimesh_004.obj,0.001813444464157025,0
abc_00002612_770f033464d542f88ec04d0f_trimesh_006.obj,3.618399053569495e-06,0
abc_00002616_0f526e008933416b8fbfdc0e_trimesh_000.obj,2.1208325099072076e-06,0
abc_00002626_89e4911a99ba40bfa29de7c4_trimesh_005.obj,3.94571489555536e-08,0
abc_00002646_b018db4e207246979202dbc2_trimesh_000.obj,2.721696607347705e-07,0
abc_00002648_407d3a51eb214752976de9e9_trimesh_001.obj,9.589677271530188e-07,0
abc_00002649_d97b4345cb5b41b4b6729b21_trimesh_000.obj,3.620205219097746e-05,0
abc_00002653_185cf3437add427ba643feb3_trimesh_000.obj,8.38573015471411e-08,0
abc_00002665_f161f588b3fc4bd39c387901_trimesh_000.obj,0.007973100369175276,0
abc_00002678_5e64117cf77b4072b9b1ab29_trimesh_001.obj,6.363563921733354e-07,0
abc_00002680_5e64117cf77b4072b9b1ab29_trimesh_003.obj,0.6167139609654745,0
abc_00002682_5e64117cf77b4072b9b1ab29_trimesh_005.obj,0.0642839940264821,0
abc_00002690_294dc55ca19943afbe7b9ca2_trimesh_000.obj,9.656364559814298e-09,0
abc_00002695_57d0ed693e5f43db94b48a6c_trimesh_004.obj,2.9188740578926325e-05,0
abc_00002698_57d0ed693e5f43db94b48a6c_trimesh_007.obj,3.831711683233152e-05,0
abc_00002706_57d0ed693e5f43db94b48a6c_trimesh_015.obj,0.00011452681307370464,0
abc_00002712_6aaf2a59f56d47e4a209d1b5_trimesh_000.obj,1.5783219235269522e-07,0
abc_00002728_98d8f78b1bb5495f9a193852_trimesh_014.obj,0.000508591125253588,0
abc_00002730_98d8f78b1bb5495f9a193852_trimesh_016.obj,0.0001046401933611681,0
abc_00002786_2150a50d7ae54ec1ab562d25_trimesh_012.obj,2.390169219583053e-07,0
abc_00002800_a13cab04d1224f3badc910a3_trimesh_000.obj,6.839100205979776e-05,0
abc_00002840_b108e5f7e4f34918bd31b5de_trimesh_000.obj,0.00232646936395516,0
abc_00002853_fd92ba86ea354cce817faf60_trimesh_000.obj,1.045364356381621e-05,0
abc_00002855_86a580f378754e7ea677bb55_trimesh_000.obj,1.0409046236059538e-07,0
abc_00002859_0b97dd9849a14df99ab286a8_trimesh_002.obj,5.077552608175514e-05,0
abc_00002876_441b788f697449128e3c8032_trimesh_009.obj,0.0003494560078252107,0
abc_00002885_e435fac25ee84f3697893a36_trimesh_001.obj,1.3133687768155747e-05,0
abc_00002899_635bf5c85753420fbc65a4c5_trimesh_001.obj,0.22099900245666504,0
abc_00002919_bc8a6e930c404316833d09a5_trimesh_004.obj,3.226223051674045e-08,0
abc_00002958_1212f04812bc4821bfd87412_trimesh_002.obj,2.334069797882421e-06,0
abc_00002965_1212f04812bc4821bfd87412_trimesh_009.obj,0.010732559487223625,0
abc_00002966_1212f04812bc4821bfd87412_trimesh_010.obj,1.48339289296473e-07,0
abc_00002984_c80dedb4f61e401889b609e2_trimesh_000.obj,0.0003751484109670855,0
abc_00003008_42b012d55efa4bd480adc003_trimesh_000.obj,0.8971162637074789,0
abc_00003027_623a6f12d0724d62a351e2a1_trimesh_014.obj,1.790713982282218e-07,0
abc_00003036_623a6f12d0724d62a351e2a1_trimesh_023.obj,7.415681624323156e-08,0
abc_00003043_623a6f12d0724d62a351e2a1_trimesh_030.obj,0.0008427389160109063,0
abc_00003049_623a6f12d0724d62a351e2a1_trimesh_036.obj,0.0015673786401748657,0
abc_00003059_623a6f12d0724d62a351e2a1_trimesh_046.obj,4.5258062897346463e-07,0
abc_00003071_a7d9266fc0a542148831dbb5_trimesh_000.obj,7.711678951712505e-07,0
abc_00003072_a7d9266fc0a542148831dbb5_trimesh_001.obj,0.002543740556575358,0
abc_00003073_a7d9266fc0a542148831dbb5_trimesh_002.obj,0.00010838749797888643,0
abc_00003075_a7d9266fc0a542148831dbb5_trimesh_004.obj,9.68638636661412e-09,0
abc_00003095_5b5eaab14b374d1992e2fe9e_trimesh_008.obj,0.001089961452332015,0
abc_00003118_9212fac3cdd24372892212d1_trimesh_018.obj,5.220150463477088e-05,0
abc_00003124_89e6a825d21e4fafaa8b314a_trimesh_000.obj,1.6178819350898266e-05,0
abc_00003143_bb4de5fef0c444bf9cde6caf_trimesh_000.obj,0.1014072975764672,0
abc_00003151_9a1eacce39a7456ba698b8ff_trimesh_000.obj,1.773553764590948e-07,0
abc_00003156_dc2953ffcb9b4720b6486292_trimesh_000.obj,4.243270286992858e-08,0
abc_00003159_e08de079271d427e8898090c_trimesh_001.obj,0.003451797141072651,0
abc_00003198_7bec57689ee04fb4aecca452_trimesh_003.obj,1.990715160597271e-05,0
abc_00003199_7bec57689ee04fb4aecca452_trimesh_004.obj,8.032361165533075e-06,0
abc_00003203_7bec57689ee04fb4aecca452_trimesh_008.obj,0.00028701109598235536,0
abc_00003210_7bec57689ee04fb4aecca452_trimesh_015.obj,1.8614579933758553e-06,0
abc_00003219_04893ba73e6f4c298353bb57_trimesh_000.obj,2.4910829855192182e-06,0
abc_00003220_04893ba73e6f4c298353bb57_trimesh_001.obj,1.2209640194438265e-05,0
abc_00003232_96b00fb447eb427290194a85_trimesh_002.obj,4.36172570061899e-06,0
abc_00003245_64bf0eb2d82b4b9aac59e530_trimesh_009.obj,0.00016334855960546216,0
abc_00003260_31738bd32847475590f7ef21_trimesh_000.obj,2.919248725715325e-07,0
abc_00003265_85a3fae4f6be46b9a1c7c5df_trimesh_001.obj,6.94709706294816e-06,0
abc_00003283_684f83cd472b461789191511_trimesh_001.obj,5.8470394037613e-07,0
abc_00003286_684f83cd472b461789191511_trimesh_004.obj,0.9450596570968628,0
abc_00003291_9500471d9e5c4cae8725de9c_trimesh_000.obj,0.002322021192715814,0
abc_00003292_d068cf20730349eba1ada81b_trimesh_000.obj,0.0016322184431677063,0
abc_00003294_4c6dd8316dae41b58f49afa2_trimesh_000.obj,6.126162901409771e-07,0
abc_00003315_0397a0a89fda483c9ea0eea7_trimesh_003.obj,2.0224215001955297e-05,0
abc_00003336_361fb11574184c04a2dc34be_trimesh_000.obj,1.137888158697642e-09,0
abc_00003338_ba3d8e31b77647b3a32b2e24_trimesh_001.obj,0.41250144441922504,0
abc_00003346_dd2281fd5b874c50b5930664_trimesh_003.obj,4.463296421342022e-08,0
abc_00003347_ad2574e1c85d4b07afe7076c_trimesh_000.obj,0.279254471262296,0
abc_00003359_9b231e07646740d3aa893236_trimesh_006.obj,0.4815756181875865,0
abc_00003377_e1bb8b6758e4454a93c2b3e7_trimesh_001.obj,3.930696941267797e-07,0
abc_00003392_ef8394ce96624d5984cc9e2a_trimesh_000.obj,0.0011144063125054042,0
abc_00003395_2dba1a55cece44d888641f5c_trimesh_000.obj,0.04593110208710035,0
abc_00003400_a77cf5d003fc4ab09e843c54_trimesh_002.obj,1.4108355230746383e-06,0
abc_00003408_a77cf5d003fc4ab09e843c54_trimesh_010.obj,0.009639008591572443,0
abc_00003418_86545cc828ee4b3392520977_trimesh_003.obj,3.350432438746035e-06,0
abc_00003434_a23c770ac676468bac18a14e_trimesh_002.obj,0.00011598739304948442,0
abc_00003437_41db336d07d34605b95e17f8_trimesh_000.obj,0.00012338288555232188,0
abc_00003456_a51abce06a2e4071ae9cd533_trimesh_007.obj,0.0654506382221977,0
abc_00003458_a51abce06a2e4071ae9cd533_trimesh_009.obj,1.6776139697564456e-05,0
abc_00003501_86be4eefc6eb459e9a9370bc_trimesh_005.obj,7.91471926694006e-06,0
abc_00003524_1a90c3eacd054ae79754b726_trimesh_000.obj,0.35730477174123126,0
abc_00003540_f8a70fd3c80a412bb0c040b9_trimesh_000.obj,4.3233616452198476e-05,0
abc_00003542_f8a70fd3c80a412bb0c040b9_trimesh_002.obj,0.0014937941062574585,0
abc_00003564_eda85e7e50824947bc393fff_trimesh_002.obj,2.5662289774667595e-08,0
abc_00003567_eda85e7e50824947bc393fff_trimesh_005.obj,0.009109263851617774,0
abc_00003569_b1a7c5bc57e448b68bfa699c_trimesh_000.obj,0.47281211614608765,0
abc_00003587_08d53a45d78c4d88a2ca2ff3_trimesh_001.obj,0.004638124257326126,0
abc_00003588_b2e8be17a0874c08a01ba1c0_trimesh_000.obj,1.681840859727816e-07,0
abc_00003633_7ef2498822ef47b796e03092_trimesh_004.obj,0.0025539441703585908,0
abc_00003640_809676ace5bb40fea5802468_trimesh_000.obj,0.0006953497504582629,0
abc_00003666_ca90483ed4144d6db48c58b6_trimesh_000.obj,0.002399499101253847,0
abc_00003676_a2b0fad560234fbbbe012494_trimesh_001.obj,6.632014522741277e-06,0
abc_00003679_dd039a28e007439aa01edbad_trimesh_002.obj,0.0028833332277523973,0
abc_00003686_5818fd8428ed43a399bce519_trimesh_000.obj,7.959144947259726e-05,0
abc_00003690_f45beab3d58b42c4b87ee28e_trimesh_000.obj,0.010844700426484147,0
abc_00003712_939d7f2bcd8443da97eddf78_trimesh_000.obj,7.240824076385859e-05,0
abc_00003731_1d05af96ba5b40bc88f9959f_trimesh_001.obj,0.003361405086858819,0
abc_00003749_1d05af96ba5b40bc88f9959f_trimesh_019.obj,0.00010391993540300366,0
abc_00003750_1d05af96ba5b40bc88f9959f_trimesh_020.obj,0.6632638176282247,0
abc_00003765_c781c748bead4016bf75490d_trimesh_001.obj,8.512403716546639e-05,0
abc_00003778_d1d459383d9b43d59df3de80_trimesh_004.obj,3.7705515751440544e-05,0
abc_00003781_d1d459383d9b43d59df3de80_trimesh_007.obj,1.0027443522631074e-05,0
abc_00003788_d1d459383d9b43d59df3de80_trimesh_014.obj,0.0018811931950040162,0
abc_00003801_78fee7c279f441e2939f6833_trimesh_000.obj,1.4407229394682493e-06,0
abc_00003805_83b7cdf86a9a4630a9217b6a_trimesh_002.obj,0.15169449150562286,0
abc_00003807_83b7cdf86a9a4630a9217b6a_trimesh_004.obj,2.366050363041457e-08,0
abc_00003824_81b3bd441a5a497789f6c818_trimesh_001.obj,0.27238689363002777,0
abc_00003843_4b36a963a4b74718ba5af25b_trimesh_002.obj,1.26750622560697e-05,0
abc_00003844_4b36a963a4b74718ba5af25b_trimesh_003.obj,3.7973899950453456e-09,0
abc_00003877_29a72d867dcb4b8ca6aa51eb_trimesh_005.obj,6.69558333659855e-05,0
abc_00003878_29a72d867dcb4b8ca6aa51eb_trimesh_006.obj,0.051873638605078064,0
abc_00003882_29a72d867dcb4b8ca6aa51eb_trimesh_010.obj,0.00014023958343993095,0
abc_00003895_0f131d41320541f4928a8004_trimesh_003.obj,0.004004099251081546,0
abc_00003896_0f131d41320541f4928a8004_trimesh_004.obj,0.0032262303478394947,0
abc_00003915_1f103ae876d64e4b88f94d77_trimesh_005.obj,0.007402093072111408,0
abc_00003919_1f103ae876d64e4b88f94d77_trimesh_009.obj,0.00038527603707431507,0
abc_00003920_1f103ae876d64e4b88f94d77_trimesh_010.obj,0.012634476103509465,0
abc_00003956_cb29926b8a244c868ae5ed86_trimesh_006.obj,3.9461639763279283e-07,0
abc_00003957_cb29926b8a244c868ae5ed86_trimesh_007.obj,9.890771427064256e-07,0
abc_00003960_0ea41122faa643aebd0b25e8_trimesh_000.obj,3.964733627981332e-05,0
abc_00003974_30214440d29b401c8b860c42_trimesh_009.obj,6.691266086515195e-05,0
abc_00003988_30214440d29b401c8b860c42_trimesh_023.obj,0.035188911482691765,0
abc_00004006_690490b212df4d5eacc6635c_trimesh_002.obj,0.0050721805697927875,0
abc_00004021_690490b212df4d5eacc6635c_trimesh_017.obj,0.004591918395211299,0
abc_00004038_f619073c02f94b0e8502739a_trimesh_003.obj,0.00018156897188722118,0
abc_00004062_561b15139c044a0ba3e09633_trimesh_001.obj,1.7719835672854364e-07,0
abc_00004070_99288b53db2442e39f5956e4_trimesh_003.obj,8.121279696145697e-07,0
abc_00004085_45986d8635e748b49f3d9f7a_trimesh_000.obj,3.4174366684662044e-07,0
abc_00004106_58cfb48e5d6440d28a263e2f_trimesh_001.obj,0.00012004251167733553,0
abc_00004131_640a2eb433a34aae908420ed_trimesh_001.obj,4.426737125010997e-10,0
abc_00004132_640a2eb433a34aae908420ed_trimesh_002.obj,0.000432802897800381,0
abc_00004134_640a2eb433a34aae908420ed_trimesh_004.obj,0.00016606273372114325,0
abc_00004138_640a2eb433a34aae908420ed_trimesh_008.obj,0.014026382938027382,0
abc_00004156_a051c8775c1b4f7e94096d2c_trimesh_001.obj,0.953394333521525,0
abc_00004226_b75d70544ce4433fa538f2a2_trimesh_008.obj,0.9157511989275614,0
abc_00004253_ee78e0a2efef4b598e976993_trimesh_006.obj,0.4858162502447764,0
abc_00004256_ee78e0a2efef4b598e976993_trimesh_009.obj,4.534023810265353e-05,0
abc_00004258_ee78e0a2efef4b598e976993_trimesh_011.obj,2.271947089950895e-09,0
abc_00004279_f69bf34d6f7e4eb887450aa2_trimesh_005.obj,0.9664557774861654,0
abc_00004280_f69bf34d6f7e4eb887450aa2_trimesh_006.obj,0.00019076058322298195,0
abc_00004283_f69bf34d6f7e4eb887450aa2_trimesh_009.obj,2.9435446154598327e-07,0
abc_00004286_f69bf34d6f7e4eb887450aa2_trimesh_012.obj,0.3189736356337865,0
abc_00004293_00e12f076c9f44728924a007_trimesh_005.obj,6.34124420836694e-05,0
abc_00004296_00e12f076c9f44728924a007_trimesh_008.obj,3.619228247468224e-07,0
abc_00004306_00e12f076c9f44728924a007_trimesh_018.obj,0.0009255909244529903,0
abc_00004313_00e12f076c9f44728924a007_trimesh_025.obj,1.0639563906048958e-05,0
abc_00004323_00e12f076c9f44728924a007_trimesh_035.obj,0.00018885671670432203,0
abc_00004342_c290684bc7264c05b2054a59_trimesh_003.obj,0.07105159976830085,0
abc_00004346_c290684bc7264c05b2054a59_trimesh_007.obj,5.788877448746158e-05,0
abc_00004355_c290684bc7264c05b2054a59_trimesh_016.obj,3.0791719396461303e-08,0
abc_00004386_d82c8accf5f948f9b9935f36_trimesh_000.obj,0.009378280490636826,0
abc_00004389_478cd71be49144f0bb3ff944_trimesh_000.obj,0.0031882410209315517,0
abc_00004393_147a0707012c4408b79a6041_trimesh_003.obj,0.0037718501407653093,0
abc_00004396_af6d85fa924447d6a5d0db39_trimesh_001.obj,1.3013966603618126e-06,0
abc_00004397_af6d85fa924447d6a5d0db39_trimesh_002.obj,0.001379588929315408,0
abc_00004398_af6d85fa924447d6a5d0db39_trimesh_003.obj,2.0880555571996715e-06,0
abc_00004408_2f3c47ebc0054b4f8e0e4cf4_trimesh_006.obj,6.4386410046172555e-09,0
abc_00004415_2f3c47ebc0054b4f8e0e4cf4_trimesh_013.obj,0.00012923701069667004,0
abc_00004420_2f3c47ebc0054b4f8e0e4cf4_trimesh_018.obj,0.0002944905427284539,0
abc_00004435_e100ebaee82a4a1ca7c82468_trimesh_002.obj,0.4378016193707784,0
abc_00004447_50a5c011c1d44d7ca5c90fbf_trimesh_001.obj,0.0002000703122272777,0
abc_00004449_50a5c011c1d44d7ca5c90fbf_trimesh_003.obj,0.009149955119937658,0
abc_00004452_50a5c011c1d44d7ca5c90fbf_trimesh_006.obj,2.9099231774409873e-05,0
abc_00004477_dd1a875303094c76b5517535_trimesh_000.obj,0.006828892432774107,0
abc_00004480_f18ebc9adf1b48c3afba1b4c_trimesh_001.obj,0.005961542163277045,0
abc_00004488_36e0a0ff049b4877b70b421a_trimesh_000.obj,0.18495338161786398,0
abc_00004496_abc1a655d48842ae9f5adc64_trimesh_000.obj,7.503573270165968e-05,0
abc_00004511_b6350639195e4a19957904f9_trimesh_000.obj,2.4187698121143814e-05,0
abc_00004527_f94525731d404b9ba25613f4_trimesh_000.obj,7.57642319513252e-05,0
abc_00004529_f930e8d581954005adfd5d39_trimesh_000.obj,8.158844017695326e-05,0
abc_00004537_671ca20207bf44269953cc33_trimesh_003.obj,0.012273744835207859,0
abc_00004539_a9de53e862dd4ad197873cc0_trimesh_001.obj,0.0011672760259292165,0
abc_00004551_7d8ef6c508d649a3bd208a47_trimesh_002.obj,1.9964394700385432e-07,0
abc_00004554_7d8ef6c508d649a3bd208a47_trimesh_005.obj,4.652810616789793e-07,0
abc_00004573_044763f9258c48bb92a22aa8_trimesh_000.obj,0.03182161382089058,0
abc_00004594_ee924c64f16c4e15bc14d8ab_trimesh_000.obj,2.289796168971255e-07,0
abc_00004618_3b6de5b6816c4a089c64ec20_trimesh_000.obj,4.74958953975424e-05,0
abc_00004619_3dc4ec66fde64a1fb6527b4f_trimesh_000.obj,1.92676329409854e-06,0
abc_00004639_baf77661114341479c1cc071_trimesh_000.obj,0.00019789737234532367,0
abc_00004640_b65138ec4a0b4cfcb5abe830_trimesh_000.obj,0.013299616674582163,0
abc_00004642_0fb5a9a4791542bfbe291b8c_trimesh_001.obj,0.038375250374277435,0
abc_00004647_50c6a7655c3a4fc2bf31808e_trimesh_002.obj,0.26577315976222354,0
abc_00004656_d580779d75894bb291e63623_trimesh_007.obj,2.5222414527329797e-09,0
abc_00004684_0f4d984eef2647c4a2fcd01f_trimesh_000.obj,1.0999378901033197e-05,0
abc_00004701_5e32955b6a6546a9a1d8f64b_trimesh_000.obj,1.2444626709869528e-06,0
abc_00004706_ba569cff36cc4316b623ab23_trimesh_001.obj,0.02272252334902684,0
abc_00004721_9c428a57184f47ec9235ae67_trimesh_001.obj,5.3239159717640795e-08,0
abc_00004733_7f37dc7e41c24893bbf01471_trimesh_000.obj,0.001965347599859039,0
abc_00004734_1c8688b494ca410495cced61_trimesh_000.obj,0.00022030394635900544,0
abc_00004744_9381ca84764640298ab6da0d_trimesh_000.obj,6.634680490928228e-07,0
abc_00004776_29ce3eb9259f4becb9a5e526_trimesh_022.obj,9.976053964540672e-05,0
abc_00004777_29ce3eb9259f4becb9a5e526_trimesh_023.obj,1.5712174198749077e-07,0
abc_00004790_29ce3eb9259f4becb9a5e526_trimesh_036.obj,8.060534351465402e-07,0
abc_00004797_29ce3eb9259f4becb9a5e526_trimesh_043.obj,0.003360599192092195,0
abc_00004805_29ce3eb9259f4becb9a5e526_trimesh_051.obj,2.8360565858716786e-08,0
abc_00004807_29ce3eb9259f4becb9a5e526_trimesh_053.obj,0.0819780503710111,0
abc_00004809_29ce3eb9259f4becb9a5e526_trimesh_055.obj,3.3284434266533935e-06,0
abc_00004833_29ce3eb9259f4becb9a5e526_trimesh_079.obj,6.723144744628466e-09,0
abc_00004835_29ce3eb9259f4becb9a5e526_trimesh_081.obj,1.2062184677012293e-09,0
abc_00004849_29ce3eb9259f4becb9a5e526_trimesh_095.obj,2.9219289626736256e-09,0
abc_00004855_29ce3eb9259f4becb9a5e526_trimesh_101.obj,0.07718024464944999,0
abc_00004857_29ce3eb9259f4becb9a5e526_trimesh_103.obj,0.00019672196018897617,0
abc_00004870_29ce3eb9259f4becb9a5e526_trimesh_116.obj,1.7185498653778572e-07,0
abc_00004883_29ce3eb9259f4becb9a5e526_trimesh_129.obj,4.343957844336425e-05,0
abc_00004887_29ce3eb9259f4becb9a5e526_trimesh_133.obj,2.044922671492107e-05,0
abc_00004893_29ce3eb9259f4becb9a5e526_trimesh_139.obj,0.08940940474470456,0
abc_00004895_29ce3eb9259f4becb9a5e526_trimesh_141.obj,2.8332268087183365e-08,0
abc_00004899_29ce3eb9259f4becb9a5e526_trimesh_145.obj,2.0648626938661132e-06,0
abc_00004900_29ce3eb9259f4becb9a5e526_trimesh_146.obj,1.1854577375440082e-05,0
abc_00004909_4d0817c82a684de48cbe9816_trimesh_000.obj,0.0036716804218788943,0
abc_00004935_42840156b4aa4709ab90d3f9_trimesh_001.obj,2.9475679180398138e-06,0
abc_00004938_d6f9da33017048c683ac514f_trimesh_002.obj,0.03794084054728349,0
abc_00004951_d6f9da33017048c683ac514f_trimesh_015.obj,3.8315031739936484e-07,0
abc_00004952_d6f9da33017048c683ac514f_trimesh_016.obj,2.3297725419979542e-05,0
abc_00004957_d6f9da33017048c683ac514f_trimesh_021.obj,8.123205492519917e-09,0
abc_00004970_d6f9da33017048c683ac514f_trimesh_034.obj,1.2869097190559842e-05,0
abc_00004974_d6f9da33017048c683ac514f_trimesh_038.obj,9.753112474678953e-07,0
abc_00004975_d6f9da33017048c683ac514f_trimesh_039.obj,4.167693380926115e-05,0
abc_00004985_d6f9da33017048c683ac514f_trimesh_049.obj,0.7161970138549805,0
abc_00004986_d6f9da33017048c683ac514f_trimesh_050.obj,0.022839535648624103,0
abc_00004989_d6f9da33017048c683ac514f_trimesh_053.obj,0.00023843508097343147,0
abc_00004996_d6f9da33017048c683ac514f_trimesh_060.obj,0.0009140758969200155,0
abc_00005010_97731583b3104939acf30c9a_trimesh_005.obj,0.03016869490966201,0
abc_00005013_5001e2de07c44b8ab04f8ce7_trimesh_000.obj,1.343001679288136e-05,0
abc_00005025_38e260715fbb4c19bab37a75_trimesh_001.obj,0.00012004251167733553,0
abc_00005040_51a7e299c47e4228b019c74b_trimesh_006.obj,2.2955288538166013e-05,0
abc_00005041_51a7e299c47e4228b019c74b_trimesh_007.obj,0.014191177052756151,0
abc_00005051_d29ff8e74a0f49809e533f48_trimesh_003.obj,0.000645678936659048,0
abc_00005055_d29ff8e74a0f49809e533f48_trimesh_007.obj,9.299143471253046e-06,0
abc_00005066_d29ff8e74a0f49809e533f48_trimesh_018.obj,4.854578988873944e-06,0
abc_00005082_9a19028ec476443d95ce902a_trimesh_002.obj,1.4407247059959142e-05,0
abc_00005092_c5feaa3ac05c4f43abf1e725_trimesh_002.obj,0.5288419475158056,0
abc_00005099_c5feaa3ac05c4f43abf1e725_trimesh_009.obj,2.3632497989941232e-05,0
abc_00005103_f00fdbe69a2f4524a58ad1d6_trimesh_002.obj,2.845823220927931e-06,0
abc_00005104_f00fdbe69a2f4524a58ad1d6_trimesh_003.obj,0.0005589277182783311,0
abc_00005112_a4d13a0ea546408bb7e08479_trimesh_005.obj,0.006679153069853783,0
abc_00005116_8df83a229f094c96a1198497_trimesh_002.obj,7.405685842343246e-09,0
abc_00005125_c4185a5498ce4a2f86e6f014_trimesh_004.obj,0.04360640111068884,0
abc_00005126_c4185a5498ce4a2f86e6f014_trimesh_005.obj,4.7959840837089963e-05,0
abc_00005128_b1721210d59544ada810caa1_trimesh_001.obj,0.00033650637245348963,0
abc_00005129_b1721210d59544ada810caa1_trimesh_002.obj,1.2121268559243484e-07,0
abc_00005177_e85b98fbe73143b9b7ce7b73_trimesh_001.obj,0.24071308597922325,0
abc_00005178_e85b98fbe73143b9b7ce7b73_trimesh_002.obj,0.19620083272457123,0
abc_00005180_e85b98fbe73143b9b7ce7b73_trimesh_004.obj,1.5496996551197146e-06,0
abc_00005189_e85b98fbe73143b9b7ce7b73_trimesh_013.obj,6.53516864682994e-06,0
abc_00005225_e85b98fbe73143b9b7ce7b73_trimesh_049.obj,1.5383083962206e-07,0
abc_00005255_bacfba9898a6423d833880ae_trimesh_004.obj,0.012778377393260598,0
abc_00005256_bacfba9898a6423d833880ae_trimesh_005.obj,0.003317085560411215,0
abc_00005257_bacfba9898a6423d833880ae_trimesh_006.obj,0.0017352431896142662,0
abc_00005261_bacfba9898a6423d833880ae_trimesh_010.obj,0.002640045015141368,0
abc_00005268_a8ded82a1fd74021ac459ffb_trimesh_004.obj,8.128837862386717e-06,0
abc_00005270_a8ded82a1fd74021ac459ffb_trimesh_006.obj,0.0003260972346955289,0
abc_00005274_a8ded82a1fd74021ac459ffb_trimesh_010.obj,0.948670506477356,0
abc_00005278_a8ded82a1fd74021ac459ffb_trimesh_014.obj,0.0008965850186844667,0
abc_00005283_a8ded82a1fd74021ac459ffb_trimesh_019.obj,4.6973058035841103e-07,0
abc_00005288_8a58a06c9bba479a9127d831_trimesh_000.obj,0.0018353050011986245,0
abc_00005292_7bf855de16b54fb6add38973_trimesh_002.obj,9.758301852495304e-07,0
abc_00005310_9eb3b088ee874600bb384ad5_trimesh_002.obj,4.9799225413001596e-06,0
abc_00005311_9eb3b088ee874600bb384ad5_trimesh_003.obj,3.472395778321887e-09,0
abc_00005312_9eb3b088ee874600bb384ad5_trimesh_004.obj,0.01677401129078741,0
abc_00005314_9eb3b088ee874600bb384ad5_trimesh_006.obj,0.3253325621287028,0
abc_00005319_9eb3b088ee874600bb384ad5_trimesh_011.obj,9.949083334959141e-09,0
abc_00005320_9eb3b088ee874600bb384ad5_trimesh_012.obj,0.002974222574266605,0
abc_00005321_9eb3b088ee874600bb384ad5_trimesh_013.obj,1.2825447356590303e-05,0
abc_00005322_9eb3b088ee874600bb384ad5_trimesh_014.obj,0.8978194991747538,0
abc_00005359_264a4d4786e34d9898f87b2d_trimesh_000.obj,1.2609080875710296e-07,0
abc_00005367_264a4d4786e34d9898f87b2d_trimesh_008.obj,0.305030624071757,0
abc_00005370_264a4d4786e34d9898f87b2d_trimesh_011.obj,0.2778322845697403,0
abc_00005377_264a4d4786e34d9898f87b2d_trimesh_018.obj,0.012533143783609072,0
abc_00005383_264a4d4786e34d9898f87b2d_trimesh_024.obj,0.0197281784688433,0
abc_00005400_82e81ca0cde24645852f50f3_trimesh_004.obj,2.5826141225593346e-09,0
abc_00005402_82e81ca0cde24645852f50f3_trimesh_006.obj,9.973487006694388e-05,0
abc_00005414_6477e8ad02554200884775b4_trimesh_001.obj,6.392122365165658e-05,0
abc_00005422_6477e8ad02554200884775b4_trimesh_009.obj,5.1862325278762e-07,0
abc_00005439_19cdae3511744c81a1e86391_trimesh_000.obj,0.03277694041995952,0
abc_00005443_8a4327334ab1443dae44fd75_trimesh_000.obj,8.48895319904841e-06,0
abc_00005445_3c849aec1cc940888a3d827b_trimesh_000.obj,0.0007842896447982639,0
abc_00005447_2ccd2dfb9ffc4cf29e94e0cf_trimesh_001.obj,1.57207302731166e-09,0
abc_00005453_2ccd2dfb9ffc4cf29e94e0cf_trimesh_007.obj,0.08029940072447062,0
abc_00005457_2ccd2dfb9ffc4cf29e94e0cf_trimesh_011.obj,0.0068282100061575575,0
abc_00005461_2ccd2dfb9ffc4cf29e94e0cf_trimesh_015.obj,0.00014436278434004635,0
abc_00005490_315403c3759345ca9b2768d7_trimesh_009.obj,0.8514235417048136,0
abc_00005507_fe86467a300e4511abf78b3a_trimesh_000.obj,0.00018482643160192916,0
abc_00005511_d4d5a3c91ba445c2b24cdf18_trimesh_003.obj,2.528772900708039e-07,0
abc_00005513_d4d5a3c91ba445c2b24cdf18_trimesh_005.obj,0.001165542615732799,0
t10k_100330.obj,0.00011917511195254822,0
t10k_1005287.obj,5.500883920224927e-05,0
t10k_100639.obj,0.009393270748356978,0
t10k_100730.obj,1.0086185511681833e-05,0
t10k_100831.obj,1.215281670852164e-07,0
t10k_101340.obj,5.68136098403708e-06,0
t10k_1015841.obj,0.005700551904737949,0
t10k_1015842.obj,0.01733340136706829,0
t10k_1017017.obj,4.3518750013997005e-06,0
t10k_1017019.obj,3.8357291221776295e-06,0
t10k_101864.obj,7.90261801739689e-05,0
t10k_101865.obj,7.117429833651082e-07,0
t10k_1036309.obj,2.7282297310193826e-07,0
t10k_1036428.obj,0.00048510587415269885,0
t10k_1037021.obj,0.8769716223080953,0
t10k_104187.obj,8.118210644170176e-06,0
t10k_104290.obj,0.0039179211016744375,0
t10k_104930.obj,0.011122368508949876,0
t10k_105103.obj,0.007458543870598078,0
t10k_105326.obj,0.40043049057324726,0
t10k_1053874.obj,0.002061020272473494,0
t10k_1055250.obj,0.01129251051073273,0
t10k_105765.obj,4.306260166231368e-05,0
t10k_105804.obj,0.7490001122156779,0
t10k_105862.obj,2.019445702513186e-07,0
t10k_105875.obj,0.0020501329466545335,0
t10k_105924.obj,0.058151466151078544,0
t10k_1064467.obj,0.7120523452758789,0
t10k_106782.obj,0.00010630538902963356,0
t10k_107069.obj,0.0032658379447335997,0
t10k_107071.obj,1.3809185929858359e-05,0
t10k_1075457.obj,0.00505353874177672,0
t10k_107558.obj,3.1205107715592817e-06,0
t10k_1079827.obj,4.249187774500266e-05,0
t10k_108199.obj,0.0005588514807944497,0
t10k_1082149.obj,7.47298369484876e-05,0
t10k_108452.obj,0.001223587217585494,0
t10k_108517.obj,1.9313187523313977e-07,0
t10k_1087135.obj,6.552362978122044e-08,0
t10k_1088056.obj,6.204022184874702e-07,0
t10k_1093140.obj,1.6200105127002946e-06,0
t10k_109344.obj,0.9083550373713175,0
t10k_109459.obj,1.4824542731162182e-06,0
t10k_1099672.obj,0.3161577681700389,0
t10k_110025.obj,0.0011021776590496302,0
t10k_110173.obj,1.7615981727040855e-07,0
t10k_110445.obj,0.9554024736086527,0
t10k_110707.obj,0.00011830259609268978,0
t10k_110803.obj,0.019677925234039623,0
t10k_110905.obj,0.004357581880564491,0
t10k_110907.obj,9.375216384333029e-07,0
t10k_110911.obj,0.00011529168599129964,0
t10k_110955.obj,0.0001595280239901816,0
t10k_111046.obj,0.0001926567084638009,0
t10k_111048.obj,0.0023222482996061444,0
t10k_111394.obj,0.0016922907476934295,0
t10k_1120776.obj,0.0021889451115081706,0
t10k_1120779.obj,3.5938926193542406e-06,0
t10k_112542.obj,0.014379264476398626,0
t10k_112544.obj,0.003067047994894286,0
t10k_1126615.obj,0.6583642363548279,0
t10k_112916.obj,4.206366620943906e-07,0
t10k_112925.obj,0.6269379258155823,0
t10k_112927.obj,0.00017583580483915284,0
t10k_112929.obj,0.0026719343926136694,0
t10k_1129818.obj,0.10639407237370808,0
t10k_113125.obj,5.042525420625073e-06,0
t10k_113127.obj,2.8404045072723722e-05,0
t10k_1131601.obj,7.83978763744623e-06,0
t10k_114020.obj,4.206730769359031e-06,0
t10k_114077.obj,0.45539602637290955,0
t10k_1146171.obj,0.0012364267216374476,0
t10k_1146183.obj,0.001033722209588935,0
t10k_1174395.obj,0.000758368211487929,0
t10k_1174397.obj,0.1103502797583739,0
t10k_1176418.obj,0.4292525053024292,0
t10k_117951.obj,4.5021849951846584e-08,0
t10k_118302.obj,0.0008383431365170205,0
t10k_118304.obj,0.0020242397052546344,0
t10k_118657.obj,0.00011442205898977893,0
t10k_119051.obj,0.013247412474205097,0
t10k_1207657.obj,0.0005275819470019391,0
t10k_122126.obj,0.0015172406177346904,0
t10k_1224384.obj,0.0031418441697799913,0
t10k_1228190.obj,0.0003524640363442207,0
t10k_124336.obj,0.20693552990754446,0
t10k_124370.obj,1.4395664728420836e-06,0
t10k_128482.obj,0.8613434235254923,0
t10k_129051.obj,0.2628681908051173,0
t10k_130037.obj,0.861266295115153,0
t10k_1307399.obj,3.7999974852690834e-06,0
t10k_130969.obj,1.895933034271972e-05,0
t10k_1312953.obj,0.0003221780207240954,0
t10k_131329.obj,0.0031985752672577896,0
t10k_1313542.obj,0.0011568039190024137,0
t10k_131443.obj,0.8287786841392517,0
t10k_1315843.obj,0.11954560379187266,0
t10k_1315844.obj,0.4886278212070465,0
t10k_132056.obj,0.6176721553007761,0
t10k_1327299.obj,0.027501679956912994,0
t10k_133582.obj,0.0,0
t10k_1344041.obj,1.972379226344856e-05,0
t10k_1344059.obj,0.000391026736300167,0
t10k_1344060.obj,0.0007225397857837379,0
t10k_1356650.obj,0.9575366377830505,0
t10k_1356651.obj,0.003559316120420893,0
t10k_1368076.obj,2.1581357650031958e-11,0
t10k_138197.obj,0.018105007397631805,0
t10k_1387346.obj,2.346739430928816e-06,0
t10k_139430.obj,0.0006288086636535203,0
t10k_1395585.obj,0.0036675343678022423,0
t10k_1396898.obj,0.0004907169592722008,0
t10k_139763.obj,0.7875068187713623,0
t10k_140511.obj,5.247295267925741e-07,0
t10k_1417963.obj,2.89337059200534e-07,0
t10k_1451899.obj,3.940513852285221e-05,0
t10k_1452677.obj,6.896575238594475e-06,0
t10k_1452681.obj,5.202688422893213e-06,0
t10k_145330.obj,0.2430796225865682,0
t10k_145419.obj,1.8577310356704402e-07,0
t10k_1455627.obj,0.0037097757449373603,0
t10k_1458676.obj,0.08662079647183418,0
t10k_1504272.obj,0.01020935100192825,0
t10k_1505017.obj,0.005014773923903704,0
t10k_1505025.obj,0.006574013406255593,0
t10k_1516886.obj,0.0016614514170214534,0
t10k_1527409.obj,3.201676426201061e-07,0
t10k_153961.obj,1.1526853995746933e-05,0
t10k_1582376.obj,0.00048063294768022996,0
t10k_1582420.obj,0.0007627201412105933,0
t10k_1582428.obj,0.6068202257156372,0
t10k_1582436.obj,0.9638417363166809,0
t10k_1601406.obj,9.432327942704433e-06,0
t10k_1614064.obj,5.5682931815681513e-05,0
t10k_161717.obj,1.8724248889157025e-06,0
t10k_161718.obj,2.163884668486086e-06,0
t10k_1628449.obj,0.007940785028040409,0
t10k_1681118.obj,1.2502715586985383e-05,0
t10k_1681119.obj,7.410899153607413e-06,0
t10k_1681124.obj,3.1078567180505465e-06,0
t10k_1681235.obj,0.31390567620595294,0
t10k_1722413.obj,0.0008678192389197648,0
t10k_1722423.obj,4.6566029974807556e-05,0
t10k_1750620.obj,0.0013843579411817093,0
t10k_1772593.obj,0.041977605782449245,0
t10k_178199.obj,8.837346096394564e-07,0
t10k_186541.obj,0.00013964075333205983,0
t10k_196211.obj,4.18185460754709e-05,0
t10k_199660.obj,0.5021466910839081,0
t10k_200973.obj,4.979400715162304e-06,0
t10k_201962.obj,4.271034185876488e-06,0
t10k_203284.obj,0.040915935610731445,0
t10k_203285.obj,0.5006236036618551,0
t10k_203287.obj,3.15372750137044e-08,0
t10k_203983.obj,1.1783264090089082e-05,0
t10k_204392.obj,0.7426286141077677,0
t10k_206492.obj,1.703091688417165e-07,0
t10k_208721.obj,2.935183054357064e-05,0
t10k_211915.obj,0.06855779017011325,0
t10k_212094.obj,0.008757765560100475,0
t10k_217020.obj,2.537933572928826e-07,0
t10k_222140.obj,5.411647840958267e-08,0
t10k_225966.obj,0.18256389101346335,0
t10k_225969.obj,0.00482408512228479,0
t10k_239188.obj,0.1343917396540443,0
t10k_242222.obj,0.1294224684437116,0
t10k_247069.obj,5.24282130238742e-09,0
t10k_247517.obj,0.28595900535583496,0
t10k_250767.obj,1.059958236737657e-07,0
t10k_255237.obj,0.1800413504242897,0
t10k_255496.obj,0.5856490731239319,0
t10k_257587.obj,0.21665935963392258,0
t10k_257590.obj,0.17054328819115958,0
t10k_263995.obj,0.0009356935139900694,0
t10k_265590.obj,0.7194776932398478,0
t10k_267853.obj,0.301366666952769,0
t10k_269126.obj,2.4187045492377973e-07,0
t10k_278457.obj,0.12167718509833018,0
t10k_280282.obj,2.5860461031849504e-06,0
t10k_280283.obj,0.004866632186652471,0
t10k_285605.obj,1.251571328945526e-06,0
t10k_288801.obj,0.0004716635497364526,0
t10k_288802.obj,0.00027476959803607315,0
t10k_289665.obj,0.8009447256724039,0
t10k_289691.obj,0.025596627422297995,0
t10k_294010.obj,2.473440152546876e-06,0
t10k_298323.obj,0.005194980457114677,0
t10k_301888.obj,0.0001654873825221633,0
t10k_301926.obj,4.03580501521598e-06,0
t10k_301933.obj,2.599442230651524e-06,0
t10k_306466.obj,0.0018911104222449164,0
t10k_313444.obj,1.0980439734945927e-05,0
t10k_313879.obj,0.0038024894893169403,0
t10k_313917.obj,7.251044947527892e-05,0
t10k_314003.obj,5.964708241397906e-07,0
t10k_316358.obj,0.036803859596451126,0
t10k_331754.obj,0.0019554070895537734,0
t10k_331784.obj,0.0017579111736267805,0
t10k_338910.obj,0.11678362886110942,0
t10k_343548.obj,0.06270932499319315,0
t10k_34783.obj,2.4113292103796386e-07,0
t10k_36075.obj,0.3727615376313527,0
t10k_366724.obj,0.0,0
t10k_367344.obj,0.0024042137374635786,0
t10k_369989.obj,0.15689270632962385,0
t10k_370988.obj,0.9066736896832784,0
t10k_375251.obj,7.335283290406854e-07,0
t10k_376245.obj,0.011467637804647287,0
t10k_37868.obj,0.04731965189178785,0
t10k_384098.obj,7.296686721502965e-08,0
t10k_385609.obj,2.0831636078355587e-06,0
t10k_38645.obj,1.0822204065637683e-05,0
t10k_386839.obj,0.00928242194155852,0
t10k_387223.obj,1.6537151369770224e-06,0
t10k_388570.obj,3.151522021127562e-07,0
t10k_388632.obj,5.726329520191106e-07,0
t10k_39123.obj,1.012987927614025e-05,0
t10k_39208.obj,0.006808603803316752,0
t10k_39347.obj,1.6589148117418517e-06,0
t10k_39643.obj,5.3563597551449975e-06,0
t10k_40176.obj,0.05587888571123282,0
t10k_40360.obj,0.00032365334724696976,0
t10k_40361.obj,7.349634643105674e-07,0
t10k_40583.obj,0.5722505350907644,0
t10k_40663.obj,0.4752216388781865,0
t10k_40986.obj,0.908457895119985,0
t10k_41081.obj,1.8526569789401037e-07,0
t10k_41089.obj,1.1632558577427213e-05,0
t10k_41521.obj,4.7131404083226397e-07,0
t10k_41929.obj,0.000147654262642997,0
t10k_41930.obj,0.002304420263196031,0
t10k_42025.obj,4.792441126018805e-06,0
t10k_42036.obj,0.00028786088902658474,0
t10k_42046.obj,0.006140158123647173,0
t10k_42192.obj,0.001669310110931595,0
t10k_422370.obj,5.620381026953207e-06,0
t10k_42500.obj,0.35059942801793414,0
t10k_42721.obj,2.548902244825513e-07,0
t10k_43188.obj,0.2981671889623006,0
t10k_43389.obj,1.6619362483427658e-09,0
t10k_43393.obj,2.669290370249655e-05,0
t10k_437347.obj,8.419386631430825e-06,0
t10k_437375.obj,1.420068637495812e-06,0
t10k_43769.obj,0.2685768703619639,0
t10k_439142.obj,0.017062581415909033,0
t10k_44037.obj,7.18884863696682e-05,0
t10k_44384.obj,1.823028128455917e-08,0
t10k_44396.obj,2.945040857108931e-05,0
t10k_44398.obj,0.00017414641600529043,0
t10k_44740.obj,3.9682448611226086e-05,0
t10k_44874.obj,0.005425245180958882,0
t10k_45009.obj,0.0010985444084023281,0
t10k_451676.obj,0.30071670810381573,0
t10k_45514.obj,0.00041735274135135114,0
t10k_462512.obj,2.39857314454639e-07,0
t10k_46541.obj,0.8240952889124552,0
t10k_47088.obj,0.010099675661573807,0
t10k_47089.obj,0.20441552251577377,0
t10k_471994.obj,3.529267722512941e-08,0
t10k_472012.obj,2.8798814944034728e-05,0
t10k_472026.obj,0.9131308992703756,0
t10k_472039.obj,0.3293272902568181,0
t10k_472043.obj,7.192869108507693e-05,0
t10k_472056.obj,0.0013607151195174083,0
t10k_472083.obj,0.030414963296304148,0
t10k_472092.obj,4.501683868266919e-09,0
t10k_472131.obj,3.2140752441733866e-06,0
t10k_472150.obj,0.00025101219459126395,0
t10k_472204.obj,4.493544911573129e-06,0
t10k_474712.obj,0.08280879693726699,0
t10k_48131.obj,0.4574574927488963,0
t10k_482738.obj,1.2500644596495174e-06,0
t10k_48495.obj,6.578335461545255e-08,0
t10k_48554.obj,0.00020856387466968349,0
t10k_48949.obj,0.031608728071053825,0
t10k_49546.obj,0.0003732355253305286,0
t10k_496673.obj,1.1627698086158489e-05,0
t10k_498431.obj,0.7611386775970459,0
t10k_498461.obj,0.108074306199948,0
t10k_49886.obj,0.009372780099511147,0
t10k_49888.obj,2.836986247226984e-05,0
t10k_500112.obj,0.00025000332000975806,0
t10k_500117.obj,8.198356590582989e-05,0
t10k_50098.obj,0.22958754996458688,0
t10k_501150.obj,6.597830501201921e-07,0
t10k_502009.obj,0.00022911770308079818,0
t10k_50410.obj,0.2255390857656797,0
t10k_50881.obj,5.330803499958847e-06,0
t10k_51142.obj,0.12982831646998724,0
t10k_51354.obj,0.0,0
t10k_51508.obj,0.011598126768755415,0
t10k_51639.obj,7.861489853174438e-07,0
t10k_51643.obj,6.356202447932446e-06,0
t10k_51653.obj,2.816297145121401e-07,0
t10k_518082.obj,4.069760795033517e-07,0
t10k_520644.obj,0.002323722301904733,0
t10k_520647.obj,0.0011663169813497614,0
t10k_52072.obj,0.008582114785288772,0
t10k_52858.obj,0.0006366254140933355,0
t10k_52861.obj,1.9834065009642168e-06,0
t10k_53404.obj,0.01906435991016527,0
t10k_53430.obj,0.002291706778729955,0
t10k_53439.obj,1.6084976550700958e-06,0
t10k_53520.obj,9.428254391726417e-06,0
t10k_55092.obj,0.00662810339902838,0
t10k_55583.obj,0.004960544252147277,0
t10k_557388.obj,1.2752429029205814e-05,0
t10k_56095.obj,0.00035909590224036947,0
t10k_56527.obj,0.0,0
t10k_56892.obj,3.174424458999662e-06,0
t10k_570154.obj,2.478707877647442e-05,0
t10k_57179.obj,1.8742896560712077e-07,0
t10k_57420.obj,1.4730455382671222e-09,0
t10k_57896.obj,0.0,0
t10k_579054.obj,0.9093620181083679,0
t10k_579055.obj,0.9814075827598572,0
t10k_57909.obj,0.049229549864927925,0
t10k_579370.obj,0.2796742382148902,0
t10k_58007.obj,0.00026615720040960394,0
t10k_58051.obj,0.1591783513625463,0
t10k_58053.obj,4.801258863077843e-07,0
t10k_58877.obj,1.1707273195327161e-05,0
t10k_591226.obj,0.00987299787811935,0
t10k_591246.obj,0.0007350368905463256,0
t10k_59230.obj,0.004875970810341339,0
t10k_59766.obj,0.0006922483104669178,0
t10k_601646.obj,0.005366831707457702,0
t10k_60172.obj,2.9101420902103808e-05,0
t10k_60246.obj,5.2504177602830104e-09,0
t10k_60813.obj,0.12292051998277505,0
t10k_60843.obj,4.266051586062266e-08,0
t10k_60847.obj,0.00327841384569183,0
t10k_60863.obj,3.4515078447168907e-07,0
t10k_61194.obj,1.90382172628271e-05,0
t10k_61200.obj,0.0017744889482855797,0
t10k_613661.obj,0.8526180982589722,0
t10k_61765.obj,0.6326934099197388,0
t10k_619671.obj,6.737111846177868e-07,0
t10k_622001.obj,0.00010375803867646027,0
t10k_62288.obj,3.1321975010693373e-06,0
t10k_62592.obj,3.676484508711534e-05,0
t10k_63461.obj,9.013749271010359e-05,0
t10k_63556.obj,0.00018111231474904343,0
t10k_635754.obj,0.7703702449798584,0
t10k_63942.obj,0.7422250509262085,0
t10k_64988.obj,0.6649534106254578,0
t10k_64989.obj,0.004039544185313086,0
t10k_650186.obj,3.5482270182759144e-06,0
t10k_65444.obj,7.543288423524548e-06,0
t10k_65608.obj,0.014054304299255213,0
t10k_66479.obj,0.40589700142542523,0
t10k_668419.obj,1.620961792107393e-07,0
t10k_679618.obj,5.263627353239523e-07,0
t10k_68215.obj,0.12611246357361475,0
t10k_68334.obj,0.00208655729268988,0
t10k_68500.obj,0.026238265292098124,0
t10k_68647.obj,0.8103607694307963,0
t10k_68656.obj,6.405479465361925e-08,0
t10k_688370.obj,0.8568604588508606,0
t10k_693468.obj,0.00014151173309073783,0
t10k_69880.obj,0.0006930391537025571,0
t10k_700904.obj,0.008490740864848098,0
t10k_700908.obj,4.9178503710815375e-06,0
t10k_702398.obj,0.0004954517110794162,0
t10k_702412.obj,0.044249558821320534,0
t10k_702426.obj,0.8834762771924337,0
t10k_702427.obj,3.7342439765571576e-06,0
t10k_70378.obj,1.4610866536202138e-05,0
t10k_70558.obj,6.687511605226367e-07,0
t10k_70833.obj,0.05346808210015297,0
t10k_71157.obj,4.2473400147476546e-05,0
t10k_71693.obj,0.0007806230523783597,0
t10k_72016.obj,0.18750370293855667,0
t10k_72227.obj,0.002439286792650819,0
t10k_72361.obj,0.0005975808793057998,0
t10k_723831.obj,0.9665213227272034,0
t10k_72607.obj,1.5639604858582363e-06,0
t10k_72611.obj,6.96965741416496e-08,0
t10k_73068.obj,3.0834880059652883e-06,0
t10k_73084.obj,0.025736267678439617,0
t10k_73160.obj,0.00024007385218283162,0
t10k_73432.obj,0.0005210454789145539,0
t10k_73470.obj,9.15142609301256e-05,0
t10k_73737.obj,4.081347953673505e-07,0
t10k_73739.obj,0.00013861909125504704,0
t10k_740251.obj,4.192147874467385e-06,0
t10k_74448.obj,0.0034016626498972378,0
t10k_74470.obj,0.1243631939093272,0
t10k_74494.obj,3.593242151230432e-07,0
t10k_74690.obj,3.295047337796101e-06,0
t10k_75092.obj,1.0192146798241689e-05,0
t10k_75549.obj,0.0009292030784611901,0
t10k_75653.obj,0.018072986354430515,0
t10k_75665.obj,0.004044684775484105,0
t10k_75991.obj,0.4968865215778351,0
t10k_76204.obj,1.5153210976374492e-06,0
t10k_762589.obj,7.086391481910444e-06,0
t10k_763724.obj,0.10202601303656895,0
t10k_76901.obj,0.008193267160095274,0
t10k_77463.obj,2.7305538811509915e-08,0
t10k_77525.obj,2.9405229732641186e-07,0
t10k_779964.obj,0.0006477527640527114,0
t10k_779966.obj,0.89161749680837,0
t10k_78299.obj,0.8403382500012716,0
t10k_78737.obj,0.3153635760148366,0
t10k_78738.obj,0.012278210992614428,0
t10k_789072.obj,2.016681908874792e-07,0
t10k_79787.obj,0.00011433799833563778,0
t10k_79960.obj,0.9774331847826639,0
t10k_80364.obj,0.12256215264399846,0
t10k_804299.obj,2.5774910682230256e-05,0
t10k_80597.obj,2.5922077232583735e-05,0
t10k_80752.obj,4.05848031922081e-07,0
t10k_80904.obj,0.0009764872762995461,0
t10k_81130.obj,2.4623648187116487e-06,0
t10k_81141.obj,2.952567990632815e-05,0
t10k_81145.obj,2.3139787458603678e-05,0
t10k_81259.obj,0.9427334070205688,0
t10k_81307.obj,0.4703378578027089,0
t10k_81310.obj,0.0016298044210998341,0
t10k_815478.obj,1.2727806601257423e-06,0
t10k_81776.obj,0.004704340477474034,0
t10k_82063.obj,0.0067883470716575784,0
t10k_82407.obj,0.0022156049963086843,0
t10k_82722.obj,8.984471454217177e-06,0
t10k_83005.obj,5.894931253654552e-06,0
t10k_834595.obj,4.346736447284153e-05,0
t10k_83490.obj,0.3958856016397476,0
t10k_838515.obj,1.5180366669180026e-05,0
t10k_84625.obj,0.042311902778844036,0
t10k_84642.obj,5.556380150058734e-07,0
t10k_84975.obj,2.2496759820948378e-06,0
t10k_852175.obj,1.5435239628658337e-06,0
t10k_85440.obj,0.0004826219519600272,0
t10k_85493.obj,7.198309332860179e-10,0
t10k_85534.obj,0.10063092845181625,0
t10k_856328.obj,0.5014433860778809,0
t10k_85800.obj,0.0013910402679660667,0
t10k_858853.obj,0.0003548263048287481,0
t10k_86236.obj,1.6248117518102845e-07,0
t10k_87075.obj,0.8604092995325724,0
t10k_87519.obj,0.19928056498368582,0
t10k_88152.obj,0.5456956227620443,0
t10k_88383.obj,0.011536678609748682,0
t10k_88581.obj,1.0323573699603609e-08,0
t10k_88615.obj,1.787127227241096e-05,0
t10k_888455.obj,0.026436675960818928,0
t10k_894831.obj,0.00013263225506913537,0
t10k_90283.obj,0.02171441470272839,0
t10k_903533.obj,1.7955664854222657e-06,0
t10k_90439.obj,0.7754929264386495,0
t10k_90441.obj,4.6829984057694674e-05,0
t10k_90442.obj,0.01480092698087295,0
t10k_904474.obj,0.05194215476512909,0
t10k_908460.obj,0.09752004345258077,0
t10k_91139.obj,0.000526483095503257,0
t10k_914685.obj,0.00014281849325925577,0
t10k_91469.obj,4.579951685930913e-05,0
t10k_91588.obj,0.7101119558016459,0
t10k_91610.obj,0.0015170904031644266,0
t10k_91659.obj,0.0229628326681753,0
t10k_91917.obj,0.01864860812202096,0
t10k_919992.obj,9.391051094098657e-06,0
t10k_92068.obj,0.0008533541307163736,0
t10k_92116.obj,2.6845783717514373e-06,0
t10k_921797.obj,0.005489700939506292,0
t10k_92420.obj,0.00035901585943065584,0
t10k_93071.obj,3.5404779894869045e-09,0
t10k_93101.obj,0.0016909948511359592,0
t10k_931874.obj,3.589715613353898e-06,0
t10k_94148.obj,0.6107285618782043,0
t10k_94675.obj,0.04655747922758261,0
t10k_953787.obj,0.10031264399488767,0
t10k_95409.obj,0.0,0
t10k_95421.obj,0.0,0
t10k_95434.obj,0.0,0
t10k_95489.obj,0.201864426334699,0
t10k_95500.obj,0.012780143103251854,0
t10k_95797.obj,0.00038859481234491494,0
t10k_958471.obj,1.2090451671535144e-05,0
t10k_96068.obj,0.0003563405286210279,0
t10k_96123.obj,2.761296006307627e-05,0
t10k_96269.obj,0.17179159944256148,0
t10k_96541.obj,0.00017843093761863807,0
t10k_96777.obj,3.6021711065833034e-07,0
t10k_96779.obj,1.5973123150085183e-05,0
t10k_97254.obj,2.973321283998113e-07,0
t10k_97591.obj,1.8227212971548095e-06,0
t10k_97595.obj,0.007423446513712406,0
t10k_976646.obj,0.00010542138382637252,0
t10k_97866.obj,3.0200499357609565e-06,0
t10k_98009.obj,2.9347730029864274e-06,0
t10k_985159.obj,0.0004336376878200099,0
t10k_98657.obj,5.2294385871694736e-05,0
t10k_98660.obj,0.00015903585032598735,0
t10k_98667.obj,5.3056417527841404e-05,0
t10k_98671.obj,9.30456986717824e-07,0
t10k_98936.obj,5.5498594724497546e-12,0
t10k_993954.obj,0.11386138945817947,0
t10k_99896.obj,0.0014679310843348503,0
device_03_degenerate_0000.obj,0.9967737992604574,1
device_03_degenerate_0001.obj,0.9967737992604574,1
device_03_degenerate_0002.obj,0.9967737992604574,1
device_03_degenerate_0003.obj,0.9967737992604574,1
device_03_degenerate_0004.obj,0.9967737992604574,1
device_03_degenerate_0005.obj,0.9967737992604574,1
device_03_degenerate_0006.obj,0.9967737992604574,1
device_03_degenerate_0007.obj,0.9967737992604574,1
device_03_degenerate_0008.obj,0.9967737992604574,1
device_03_degenerate_0009.obj,0.9967737992604574,1
device_03_degenerate_0010.obj,0.9967737992604574,1
device_03_degenerate_0011.obj,0.9967737992604574,1
device_03_degenerate_0012.obj,0.9967737992604574,1
device_03_degenerate_0013.obj,0.9967737992604574,1
device_03_degenerate_0014.obj,0.9967737992604574,1
device_03_degenerate_0015.obj,0.9967737992604574,1
device_03_degenerate_0016.obj,0.9967737992604574,1
device_03_degenerate_0017.obj,0.9967737992604574,1
device_03_degenerate_0018.obj,0.9967737992604574,1
device_03_degenerate_0019.obj,0.9967737992604574,1
device_03_degenerate_0020.obj,0.9967737992604574,1
device_03_degenerate_0021.obj,0.9967737992604574,1
device_03_degenerate_0022.obj,0.9967737992604574,1
device_03_degenerate_0023.obj,0.9967737992604574,1
device_03_degenerate_0024.obj,0.9967737992604574,1
device_03_disconnected_0000.obj,0.9967737992604574,1
device_03_disconnected_0001.obj,0.9967737992604574,1
device_03_disconnected_0002.obj,0.9967737992604574,1
device_03_disconnected_0003.obj,0.9967737992604574,1
device_03_disconnected_0004.obj,0.9967737992604574,1
device_03_disconnected_0005.obj,0.9967737992604574,1
device_03_disconnected_0006.obj,0.9967737992604574,1
device_03_disconnected_0007.obj,0.9967737992604574,1
device_03_disconnected_0008.obj,0.9967737992604574,1
device_03_disconnected_0009.obj,0.9967737992604574,1
device_03_disconnected_0010.obj,0.9967737992604574,1
device_03_disconnected_0011.obj,0.9967737992604574,1
device_03_disconnected_0012.obj,0.9967737992604574,1
device_03_disconnected_0013.obj,0.9967737992604574,1
device_03_disconnected_0014.obj,0.9967737992604574,1
device_03_disconnected_0015.obj,0.9967737992604574,1
device_03_disconnected_0016.obj,0.9967737992604574,1
device_03_disconnected_0017.obj,0.9967737992604574,1
device_03_disconnected_0018.obj,0.9967737992604574,1
device_03_disconnected_0019.obj,0.9967737992604574,1
device_03_disconnected_0020.obj,0.9967737992604574,1
device_03_disconnected_0021.obj,0.9967737992604574,1
device_03_disconnected_0022.obj,0.9967737992604574,1
device_03_disconnected_0023.obj,0.9967737992604574,1
device_03_disconnected_0024.obj,0.9967737992604574,1
device_03_faceswap_0000.obj,0.9984809756278992,1
device_03_faceswap_0001.obj,0.9985245664914449,1
device_03_faceswap_0002.obj,0.9997437993685404,1
device_03_faceswap_0003.obj,0.9997592568397522,1
device_03_faceswap_0004.obj,0.9973515470822653,1
device_03_faceswap_0005.obj,0.999663790067037,1
device_03_faceswap_0006.obj,0.9992942611376444,1
device_03_faceswap_0007.obj,0.9994809031486511,1
device_03_faceswap_0008.obj,0.9988532265027364,1
device_03_faceswap_0009.obj,0.9970809618631998,1
device_03_faceswap_0010.obj,0.9997394680976868,1
device_03_faceswap_0011.obj,0.9982098937034607,1
device_03_faceswap_0012.obj,0.9988583326339722,1
device_03_faceswap_0013.obj,0.9995433886845907,1
device_03_faceswap_0014.obj,0.9988603194554647,1
device_03_faceswap_0015.obj,0.9992703000704447,1
device_03_faceswap_0016.obj,0.9980831742286682,1
device_03_faceswap_0017.obj,0.9986273050308228,1
device_03_faceswap_0018.obj,0.9996041258176168,1
device_03_faceswap_0019.obj,0.999711255232493,1
device_03_faceswap_0020.obj,0.9966731468836466,1
device_03_faceswap_0021.obj,0.9995451172192892,1
device_03_faceswap_0022.obj,0.9997669458389282,1
device_03_faceswap_0023.obj,0.999394953250885,1
device_03_faceswap_0024.obj,0.9982954859733582,1
device_03_jitter_0000.obj,0.9982069730758667,1
device_03_jitter_0001.obj,0.9968804121017456,1
device_03_jitter_0002.obj,0.993476390838623,1
device_03_jitter_0003.obj,0.9981384674708048,1
device_03_jitter_0004.obj,0.9976092576980591,1
device_03_jitter_0005.obj,0.9983228047688802,1
device_03_jitter_0006.obj,0.9973815480868021,1
device_03_jitter_0007.obj,0.9987030426661173,1
device_03_jitter_0008.obj,0.997262179851532,1
device_03_jitter_0009.obj,0.9978000720342001,1
device_03_jitter_0010.obj,0.996407171090444,1
device_03_jitter_0011.obj,0.9982556104660034,1
device_03_jitter_0012.obj,0.9978315035502116,1
device_03_jitter_0013.obj,0.9968783060709635,1
device_03_jitter_0014.obj,0.9956711729367574,1
device_03_jitter_0015.obj,0.9975804090499878,1
device_03_jitter_0016.obj,0.9984151323636373,1
device_03_jitter_0017.obj,0.9982379476229349,1
device_03_jitter_0018.obj,0.998186469078064,1
device_03_jitter_0019.obj,0.99758909145991,1
device_03_jitter_0020.obj,0.9973617394765218,1
device_03_jitter_0021.obj,0.9979575673739115,1
device_03_jitter_0022.obj,0.9982816378275553,1
device_03_jitter_0023.obj,0.9968363642692566,1
device_03_jitter_0024.obj,0.9984533588091532,1
device_03_rigid_0000.obj,0.997659961382548,1
device_03_rigid_0001.obj,0.9962629874547323,1
device_03_rigid_0002.obj,0.9983104467391968,1
device_03_rigid_0003.obj,0.9979949394861857,1
device_03_rigid_0004.obj,0.9987304011980692,1
device_03_rigid_0005.obj,0.9938425223032633,1
device_03_rigid_0006.obj,0.997433602809906,1
device_03_rigid_0007.obj,0.9934570590655009,1
device_03_rigid_0008.obj,0.9985018173853556,1
device_03_rigid_0009.obj,0.9981779456138611,1
device_03_rigid_0010.obj,0.9981384873390198,1
device_03_rigid_0011.obj,0.9946620663007101,1
device_03_rigid_0012.obj,0.9970493912696838,1
device_03_rigid_0013.obj,0.9987419446309408,1
device_03_rigid_0014.obj,0.993936022122701,1
device_03_rigid_0015.obj,0.9984709024429321,1
device_03_rigid_0016.obj,0.9981482028961182,1
device_03_rigid_0017.obj,0.9959672093391418,1
device_03_rigid_0018.obj,0.9972286025683085,1
device_03_rigid_0019.obj,0.9968902071317037,1
device_03_rigid_0020.obj,0.9974023501078287,1
device_03_rigid_0021.obj,0.9941269357999166,1
device_03_rigid_0022.obj,0.997147798538208,1
device_03_rigid_0023.obj,0.9987789988517761,1
device_03_rigid_0024.obj,0.9974616169929504,1
device_03_tetwild_0000.obj,0.9991740981737772,1
device_03_tetwild_0001.obj,0.9995173414548238,1
device_03_tetwild_0002.obj,0.9997236132621765,1
device_03_tetwild_0003.obj,0.9988799889882406,1
device_03_tetwild_0004.obj,0.9951768318812052,1
device_03_tetwild_0005.obj,0.9980573654174805,1
device_03_tetwild_0006.obj,0.9980190594991049,1
device_03_tetwild_0007.obj,0.9996630152066549,1
device_03_tetwild_0008.obj,0.9707775910695394,1
device_03_tetwild_0009.obj,0.9993429183959961,1
device_03_tetwild_0010.obj,0.9994901617368063,1
device_03_tetwild_0011.obj,0.9993995428085327,1
device_03_tetwild_0012.obj,0.9994431932767233,1
device_03_tetwild_0013.obj,0.9952515363693237,1
device_03_tetwild_0014.obj,0.9991105596224467,1
device_03_tetwild_0015.obj,0.9991730252901713,1
device_03_tetwild_0016.obj,0.9963792165120443,1
device_03_tetwild_0017.obj,0.997882346312205,1
device_03_tetwild_0018.obj,0.9998172124226888,1
device_03_tetwild_0019.obj,0.9997496803601583,1
device_03_tetwild_0020.obj,0.9996366500854492,1
device_03_tetwild_0021.obj,0.9991905490557352,1
device_03_tetwild_0022.obj,0.9970714052518209,1
device_03_tetwild_0023.obj,0.9990308880805969,1
device_03_tetwild_0024.obj,0.9982452789942423,1
device_07_degenerate_0000.obj,0.9632590810457865,1
device_07_degenerate_0001.obj,0.9632590810457865,1
device_07_degenerate_0002.obj,0.9632590810457865,1
device_07_degenerate_0003.obj,0.9632590810457865,1
device_07_degenerate_0004.obj,0.9632590810457865,1
device_07_degenerate_0005.obj,0.9632590810457865,1
device_07_degenerate_0006.obj,0.9632590810457865,1
device_07_degenerate_0007.obj,0.9632590810457865,1
device_07_degenerate_0008.obj,0.9632590810457865,1
device_07_degenerate_0009.obj,0.9632590810457865,1
device_07_degenerate_0010.obj,0.9632590810457865,1
device_07_degenerate_0011.obj,0.9632590810457865,1
device_07_degenerate_0012.obj,0.9632590810457865,1
device_07_degenerate_0013.obj,0.9632590810457865,1
device_07_degenerate_0014.obj,0.9632590810457865,1
device_07_degenerate_0015.obj,0.9632590810457865,1
device_07_degenerate_0016.obj,0.9632590810457865,1
device_07_degenerate_0017.obj,0.9632590810457865,1
device_07_degenerate_0018.obj,0.9632590810457865,1
device_07_degenerate_0019.obj,0.9632590810457865,1
device_07_degenerate_0020.obj,0.9632590810457865,1
device_07_degenerate_0021.obj,0.9632590810457865,1
device_07_degenerate_0022.obj,0.9632590810457865,1
device_07_degenerate_0023.obj,0.9632590810457865,1
device_07_degenerate_0024.obj,0.9632590810457865,1
device_07_disconnected_0000.obj,0.9632590810457865,1
device_07_disconnected_0001.obj,0.9632590810457865,1
device_07_disconnected_0002.obj,0.9632590810457865,1
device_07_disconnected_0003.obj,0.9632590810457865,1
device_07_disconnected_0004.obj,0.9632590810457865,1
device_07_disconnected_0005.obj,0.9632590810457865,1
device_07_disconnected_0006.obj,0.9632590810457865,1
device_07_disconnected_0007.obj,0.9632590810457865,1
device_07_disconnected_0008.obj,0.9632590810457865,1
device_07_disconnected_0009.obj,0.9632590810457865,1
device_07_disconnected_0010.obj,0.9632590810457865,1
device_07_disconnected_0011.obj,0.9725101987520853,1
device_07_disconnected_0012.obj,0.9632590810457865,1
device_07_disconnected_0013.obj,0.9632590810457865,1
device_07_disconnected_0014.obj,0.9632590810457865,1
device_07_disconnected_0015.obj,0.9632590810457865,1
device_07_disconnected_0016.obj,0.9632590810457865,1
device_07_disconnected_0017.obj,0.9632590810457865,1
device_07_disconnected_0018.obj,0.9632590810457865,1
device_07_disconnected_0019.obj,0.9632590810457865,1
device_07_disconnected_0020.obj,0.9632590810457865,1
device_07_disconnected_0021.obj,0.9632590810457865,1
device_07_disconnected_0022.obj,0.9632593194643656,1
device_07_disconnected_0023.obj,0.9632590810457865,1
device_07_disconnected_0024.obj,0.9632590810457865,1
device_07_faceswap_0000.obj,0.9948029120763143,1
device_07_faceswap_0001.obj,0.978730301062266,1
device_07_faceswap_0002.obj,0.9804562330245972,1
device_07_faceswap_0003.obj,0.9930657347043356,1
device_07_faceswap_0004.obj,0.9893121719360352,1
device_07_faceswap_0005.obj,0.9965543349583944,1
device_07_faceswap_0006.obj,0.9953092336654663,1
device_07_faceswap_0007.obj,0.9922292232513428,1
device_07_faceswap_0008.obj,0.9727483987808228,1
device_07_faceswap_0009.obj,0.9858342409133911,1
device_07_faceswap_0010.obj,0.9938066204388937,1
device_07_faceswap_0011.obj,0.9949918985366821,1
device_07_faceswap_0012.obj,0.9970636169115702,1
device_07_faceswap_0013.obj,0.9877201120058695,1
device_07_faceswap_0014.obj,0.9950603246688843,1
device_07_faceswap_0015.obj,0.9914660255114237,1
device_07_faceswap_0016.obj,0.9872791568438212,1
device_07_faceswap_0017.obj,0.9921635985374451,1
device_07_faceswap_0018.obj,0.987037181854248,1
device_07_faceswap_0019.obj,0.992624560991923,1
device_07_faceswap_0020.obj,0.9957565863927206,1
device_07_faceswap_0021.obj,0.9870565334955851,1
device_07_faceswap_0022.obj,0.9919773538907369,1
device_07_faceswap_0023.obj,0.9942136804262797,1
device_07_faceswap_0024.obj,0.9811336596806844,1
device_07_jitter_0000.obj,0.9768660465876261,1
device_07_jitter_0001.obj,0.9772013425827026,1
device_07_jitter_0002.obj,0.9840117891629537,1
device_07_jitter_0003.obj,0.9900680184364319,1
device_07_jitter_0004.obj,0.9867510795593262,1
device_07_jitter_0005.obj,0.978183368841807,1
device_07_jitter_0006.obj,0.9964970747629801,1
device_07_jitter_0007.obj,0.9720661838849386,1
device_07_jitter_0008.obj,0.9848661025365194,1
device_07_jitter_0009.obj,0.9927069544792175,1
device_07_jitter_0010.obj,0.988798995812734,1
device_07_jitter_0011.obj,0.9946492513020834,1
device_07_jitter_0012.obj,0.9924299319585165,1
device_07_jitter_0013.obj,0.9781897664070129,1
device_07_jitter_0014.obj,0.9909762740135193,1
device_07_jitter_0015.obj,0.9776483376820883,1
device_07_jitter_0016.obj,0.9808194041252136,1
device_07_jitter_0017.obj,0.9893909096717834,1
device_07_jitter_0018.obj,0.9773539702097574,1
device_07_jitter_0019.obj,0.9874405662218729,1
device_07_jitter_0020.obj,0.984863817691803,1
device_07_jitter_0021.obj,0.9903379877408346,1
device_07_jitter_0022.obj,0.9908173680305481,1
device_07_jitter_0023.obj,0.9778832197189331,1
device_07_jitter_0024.obj,0.9923102060953776,1
device_07_rigid_0000.obj,0.9715662002563477,1
device_07_rigid_0001.obj,0.967540423075358,1
device_07_rigid_0002.obj,0.9500659902890524,1
device_07_rigid_0003.obj,0.9617761572202047,1
device_07_rigid_0004.obj,0.9669304490089417,1
device_07_rigid_0005.obj,0.9617705941200256,1
device_07_rigid_0006.obj,0.952073891957601,1
device_07_rigid_0007.obj,0.964759627978007,1
device_07_rigid_0008.obj,0.9625784158706665,1
device_07_rigid_0009.obj,0.9711064696311951,1
device_07_rigid_0010.obj,0.9666245977083842,1
device_07_rigid_0011.obj,0.9554088513056437,1
device_07_rigid_0012.obj,0.9715404311815897,1
device_07_rigid_0013.obj,0.9618298212687174,1
device_07_rigid_0014.obj,0.9656856060028076,1
device_07_rigid_0015.obj,0.9671681125958761,1
device_07_rigid_0016.obj,0.9488716324170431,1
device_07_rigid_0017.obj,0.9683084090550741,1
device_07_rigid_0018.obj,0.9693659941355387,1
device_07_rigid_0019.obj,0.9694451689720154,1
device_07_rigid_0020.obj,0.9787580569585165,1
device_07_rigid_0021.obj,0.9689655900001526,1
device_07_rigid_0022.obj,0.9627546668052673,1
device_07_rigid_0023.obj,0.9628657301266988,1
device_07_rigid_0024.obj,0.9636775255203247,1
device_07_tetwild_0000.obj,0.9897581338882446,1
device_07_tetwild_0001.obj,0.9848232269287109,1
device_07_tetwild_0002.obj,0.993989109992981,1
device_07_tetwild_0003.obj,0.9878504077593485,1
device_07_tetwild_0004.obj,0.9939558903376261,1
device_07_tetwild_0005.obj,0.9978236556053162,1
device_07_tetwild_0006.obj,0.9951607584953308,1
device_07_tetwild_0007.obj,0.9918770790100098,1
device_07_tetwild_0008.obj,0.9881078203519186,1
device_07_tetwild_0009.obj,0.9871736963589987,1
device_07_tetwild_0010.obj,0.9874066114425659,1
device_07_tetwild_0011.obj,0.9919023315111796,1
device_07_tetwild_0012.obj,0.9909870425860087,1
device_07_tetwild_0013.obj,0.9917988975842794,1
device_07_tetwild_0014.obj,0.9743776718775431,1
device_07_tetwild_0015.obj,0.9907703797022501,1
device_07_tetwild_0016.obj,0.9910003940264384,1
device_07_tetwild_0017.obj,0.9938284158706665,1
device_07_tetwild_0018.obj,0.9959945678710938,1
device_07_tetwild_0019.obj,0.9864477316538492,1
device_07_tetwild_0020.obj,0.9817625284194946,1
device_07_tetwild_0021.obj,0.9939162135124207,1
device_07_tetwild_0022.obj,0.9957206050554911,1
device_07_tetwild_0023.obj,0.9655527869860331,1
device_07_tetwild_0024.obj,0.9959769248962402,1
device_00_degenerate_0000.obj,0.8537897268931071,1
device_00_degenerate_0001.obj,0.8537897268931071,1
device_00_degenerate_0002.obj,0.8537897268931071,1
device_00_degenerate_0003.obj,0.8537897268931071,1
device_00_degenerate_0004.obj,0.8537897268931071,1
device_00_degenerate_0005.obj,0.8537897268931071,1
device_00_degenerate_0006.obj,0.8537897268931071,1
device_00_degenerate_0007.obj,0.8537897268931071,1
device_00_degenerate_0008.obj,0.8537897268931071,1
device_00_degenerate_0009.obj,0.8537897268931071,1
device_00_degenerate_0010.obj,0.8537897268931071,1
device_00_degenerate_0011.obj,0.8537897268931071,1
device_00_degenerate_0012.obj,0.8537897268931071,1
device_00_degenerate_0013.obj,0.8537897268931071,1
device_00_degenerate_0014.obj,0.8537897268931071,1
device_00_degenerate_0015.obj,0.8537897268931071,1
device_00_degenerate_0016.obj,0.8537897268931071,1
device_00_degenerate_0017.obj,0.8537897268931071,1
device_00_degenerate_0018.obj,0.8537897268931071,1
device_00_degenerate_0019.obj,0.8537897268931071,1
device_00_degenerate_0020.obj,0.8537897268931071,1
device_00_degenerate_0021.obj,0.8537897268931071,1
device_00_degenerate_0022.obj,0.8537897268931071,1
device_00_degenerate_0023.obj,0.8537897268931071,1
device_00_degenerate_0024.obj,0.8537897268931071,1
device_00_disconnected_0000.obj,0.8537897268931071,1
device_00_disconnected_0001.obj,0.8537897268931071,1
device_00_disconnected_0002.obj,0.8537897268931071,1
device_00_disconnected_0003.obj,0.8537897268931071,1
device_00_disconnected_0004.obj,0.8537897268931071,1
device_00_disconnected_0005.obj,0.8537897268931071,1
device_00_disconnected_0006.obj,0.8537897268931071,1
device_00_disconnected_0007.obj,0.8537897268931071,1
device_00_disconnected_0008.obj,0.9811352292696635,1
device_00_disconnected_0009.obj,0.8537897268931071,1
device_00_disconnected_0010.obj,0.8537897268931071,1
device_00_disconnected_0011.obj,0.8537897268931071,1
device_00_disconnected_0012.obj,0.8537897268931071,1
device_00_disconnected_0013.obj,0.8537897268931071,1
device_00_disconnected_0014.obj,0.8537897268931071,1
device_00_disconnected_0015.obj,0.8537897268931071,1
device_00_disconnected_0016.obj,0.9225409229596456,1
device_00_disconnected_0017.obj,0.8537897268931071,1
device_00_disconnected_0018.obj,0.8537897268931071,1
device_00_disconnected_0019.obj,0.9315323829650879,1
device_00_disconnected_0020.obj,0.8537897268931071,1
device_00_disconnected_0021.obj,0.8930087884267172,1
device_00_disconnected_0022.obj,0.8537897268931071,1
device_00_disconnected_0023.obj,0.8537897268931071,1
device_00_disconnected_0024.obj,0.8537897268931071,1
device_00_faceswap_0000.obj,0.8543107112248739,1
device_00_faceswap_0001.obj,0.8765575091044108,1
device_00_faceswap_0002.obj,0.8400522867838541,1
device_00_faceswap_0003.obj,0.8045505483945211,1
device_00_faceswap_0004.obj,0.8024122913678488,1
device_00_faceswap_0005.obj,0.7749484777450562,1
device_00_faceswap_0006.obj,0.7731990416844686,1
device_00_faceswap_0007.obj,0.8713041345278422,1
device_00_faceswap_0008.obj,0.9345871607462565,1
device_00_faceswap_0009.obj,0.8936331868171692,1
device_00_faceswap_0010.obj,0.9010180433591207,1
device_00_faceswap_0011.obj,0.8529414335886637,1
device_00_faceswap_0012.obj,0.8144662380218506,1
device_00_faceswap_0013.obj,0.9144290089607239,1
device_00_faceswap_0014.obj,0.8349359432856241,1
device_00_faceswap_0015.obj,0.8588624596595764,1
device_00_faceswap_0016.obj,0.8489816586176554,1
device_00_faceswap_0017.obj,0.8783075213432312,1
device_00_faceswap_0018.obj,0.8350253105163574,1
device_00_faceswap_0019.obj,0.8756641348203024,1
device_00_faceswap_0020.obj,0.9027159412701925,1
device_00_faceswap_0021.obj,0.8911994894345602,1
device_00_faceswap_0022.obj,0.90105672677358,1
device_00_faceswap_0023.obj,0.8842010498046875,1
device_00_faceswap_0024.obj,0.8950060407320658,1
device_00_jitter_0000.obj,0.8501986662546793,1
device_00_jitter_0001.obj,0.9045719901720682,1
device_00_jitter_0002.obj,0.8776360551516215,1
device_00_jitter_0003.obj,0.8737074732780457,1
device_00_jitter_0004.obj,0.8892596364021301,1
device_00_jitter_0005.obj,0.9065579573313395,1
device_00_jitter_0006.obj,0.8832058111826578,1
device_00_jitter_0007.obj,0.899047334988912,1
device_00_jitter_0008.obj,0.8939010699590048,1
device_00_jitter_0009.obj,0.9044069846471151,1
device_00_jitter_0010.obj,0.8756203850110372,1
device_00_jitter_0011.obj,0.9054627617200216,1
device_00_jitter_0012.obj,0.8817881941795349,1
device_00_jitter_0013.obj,0.9125829537709554,1
device_00_jitter_0014.obj,0.8927098512649536,1
device_00_jitter_0015.obj,0.8943439324696859,1
device_00_jitter_0016.obj,0.8812411228815714,1
device_00_jitter_0017.obj,0.8615440130233765,1
device_00_jitter_0018.obj,0.9132998585700989,1
device_00_jitter_0019.obj,0.9112973610560099,1
device_00_jitter_0020.obj,0.9081245263417562,1
device_00_jitter_0021.obj,0.8854545752207438,1
device_00_jitter_0022.obj,0.9293316602706909,1
device_00_jitter_0023.obj,0.8460539976755778,1
device_00_jitter_0024.obj,0.900286078453064,1
device_00_rigid_0000.obj,0.9002588987350464,1
device_00_rigid_0001.obj,0.9306131601333618,1
device_00_rigid_0002.obj,0.8896162708600363,1
device_00_rigid_0003.obj,0.8609686295191447,1
device_00_rigid_0004.obj,0.905328094959259,1
device_00_rigid_0005.obj,0.8861047625541687,1
device_00_rigid_0006.obj,0.9114620685577393,1
device_00_rigid_0007.obj,0.9352015455563863,1
device_00_rigid_0008.obj,0.942203938961029,1
device_00_rigid_0009.obj,0.911954402923584,1
device_00_rigid_0010.obj,0.8269297083218893,1
device_00_rigid_0011.obj,0.7984278798103333,1
device_00_rigid_0012.obj,0.889180064201355,1
device_00_rigid_0013.obj,0.9339717229207357,1
device_00_rigid_0014.obj,0.870816171169281,1
device_00_rigid_0015.obj,0.8839116295178732,1
device_00_rigid_0016.obj,0.9009914398193359,1
device_00_rigid_0017.obj,0.791922926902771,1
device_00_rigid_0018.obj,0.9208536346753439,1
device_00_rigid_0019.obj,0.8651366829872131,1
device_00_rigid_0020.obj,0.8989754517873129,1
device_00_rigid_0021.obj,0.902278482913971,1
device_00_rigid_0022.obj,0.9288232525189718,1
device_00_rigid_0023.obj,0.9175726572672526,1
device_00_rigid_0024.obj,0.8417407472928365,1
device_00_tetwild_0000.obj,0.9484054843584696,1
device_00_tetwild_0001.obj,0.771681030591329,1
device_00_tetwild_0002.obj,0.8367948333422343,1
device_00_tetwild_0003.obj,0.9277472694714864,1
device_00_tetwild_0004.obj,0.8238521416982015,1
device_00_tetwild_0005.obj,0.9376883705457052,1
device_00_tetwild_0006.obj,0.9312210281689962,1
device_00_tetwild_0007.obj,0.6006286144256592,1
device_00_tetwild_0008.obj,0.8395721713701884,1
device_00_tetwild_0009.obj,0.8906284173329672,1
device_00_tetwild_0010.obj,0.9060478210449219,1
device_00_tetwild_0011.obj,0.7852972149848938,1
device_00_tetwild_0012.obj,0.893701990445455,1
device_00_tetwild_0013.obj,0.8551640510559082,1
device_00_tetwild_0014.obj,0.7648755113283793,1
device_00_tetwild_0015.obj,0.9202952782313029,1
device_00_tetwild_0016.obj,0.8720894257227579,1
device_00_tetwild_0017.obj,0.917184849580129,1
device_00_tetwild_0018.obj,0.7586582899093628,1
device_00_tetwild_0019.obj,0.8501993219057719,1
device_00_tetwild_0020.obj,0.946354607741038,1
device_00_tetwild_0021.obj,0.9511774579683939,1
device_00_tetwild_0022.obj,0.9405278563499451,1
device_00_tetwild_0023.obj,0.930627167224884,1
device_00_tetwild_0024.obj,0.8277243375778198,1
device_17_degenerate_0000.obj,0.9996762275695801,1
device_17_degenerate_0001.obj,0.9996762275695801,1
device_17_degenerate_0002.obj,0.9996762275695801,1
device_17_degenerate_0003.obj,0.9996762275695801,1
device_17_degenerate_0004.obj,0.9996762275695801,1
device_17_degenerate_0005.obj,0.9996762275695801,1
device_17_degenerate_0006.obj,0.9996762275695801,1
device_17_degenerate_0007.obj,0.9996762275695801,1
device_17_degenerate_0008.obj,0.9996762275695801,1
device_17_degenerate_0009.obj,0.9996762275695801,1
device_17_degenerate_0010.obj,0.9996762275695801,1
device_17_degenerate_0011.obj,0.9996762275695801,1
device_17_degenerate_0012.obj,0.9996762275695801,1
device_17_degenerate_0013.obj,0.9996762275695801,1
device_17_degenerate_0014.obj,0.9996762275695801,1
device_17_degenerate_0015.obj,0.9996762275695801,1
device_17_degenerate_0016.obj,0.9996762275695801,1
device_17_degenerate_0017.obj,0.9996762275695801,1
device_17_degenerate_0018.obj,0.9996762275695801,1
device_17_degenerate_0019.obj,0.9996762275695801,1
device_17_degenerate_0020.obj,0.9996762275695801,1
device_17_degenerate_0021.obj,0.9996762275695801,1
device_17_degenerate_0022.obj,0.9996762275695801,1
device_17_degenerate_0023.obj,0.9996762275695801,1
device_17_degenerate_0024.obj,0.9996762275695801,1
device_17_disconnected_0000.obj,0.9996762275695801,1
device_17_disconnected_0001.obj,0.9996762275695801,1
device_17_disconnected_0002.obj,0.9996762275695801,1
device_17_disconnected_0003.obj,0.9996762275695801,1
device_17_disconnected_0004.obj,0.9996762275695801,1
device_17_disconnected_0005.obj,0.9996762275695801,1
device_17_disconnected_0006.obj,0.9996762275695801,1
device_17_disconnected_0007.obj,0.9996762275695801,1
device_17_disconnected_0008.obj,0.9996762275695801,1
device_17_disconnected_0009.obj,0.9996762275695801,1
device_17_disconnected_0010.obj,0.9996762275695801,1
device_17_disconnected_0011.obj,0.9996762275695801,1
device_17_disconnected_0012.obj,0.9996762275695801,1
device_17_disconnected_0013.obj,0.9996762275695801,1
device_17_disconnected_0014.obj,0.9996762275695801,1
device_17_disconnected_0015.obj,0.9996762275695801,1
device_17_disconnected_0016.obj,0.9996762275695801,1
device_17_disconnected_0017.obj,0.9996762275695801,1
device_17_disconnected_0018.obj,0.9996762275695801,1
device_17_disconnected_0019.obj,0.9996762275695801,1
device_17_disconnected_0020.obj,0.9996762275695801,1
device_17_disconnected_0021.obj,0.9996762275695801,1
device_17_disconnected_0022.obj,0.9996762275695801,1
device_17_disconnected_0023.obj,0.9996762275695801,1
device_17_disconnected_0024.obj,0.9996762275695801,1
device_17_faceswap_0000.obj,0.9996767441431681,1
device_17_faceswap_0001.obj,0.999398668607076,1
device_17_faceswap_0002.obj,0.9996524453163147,1
device_17_faceswap_0003.obj,0.9996219277381897,1
device_17_faceswap_0004.obj,0.9998054107030233,1
device_17_faceswap_0005.obj,0.9996687968571981,1
device_17_faceswap_0006.obj,0.9997429450352987,1
device_17_faceswap_0007.obj,0.9993457198143005,1
device_17_faceswap_0008.obj,0.9989859064420065,1
device_17_faceswap_0009.obj,0.9997349182764689,1
device_17_faceswap_0010.obj,0.999731441338857,1
device_17_faceswap_0011.obj,0.9997237920761108,1
device_17_faceswap_0012.obj,0.9996429284413656,1
device_17_faceswap_0013.obj,0.9996240933736166,1
device_17_faceswap_0014.obj,0.9996511936187744,1
device_17_faceswap_0015.obj,0.9995274146397909,1
device_17_faceswap_0016.obj,0.9996354778607687,1
device_17_faceswap_0017.obj,0.9995986819267273,1
device_17_faceswap_0018.obj,0.9962949951489767,1
device_17_faceswap_0019.obj,0.9992218216260275,1
device_17_faceswap_0020.obj,0.9995761513710022,1
device_17_faceswap_0021.obj,0.9991596937179565,1
device_17_faceswap_0022.obj,0.999681830406189,1
device_17_faceswap_0023.obj,0.9994587699572245,1
device_17_faceswap_0024.obj,0.9760724504788717,1
device_17_jitter_0000.obj,0.9985014001528422,1
device_17_jitter_0001.obj,0.9979190230369568,1
device_17_jitter_0002.obj,0.9980087280273438,1
device_17_jitter_0003.obj,0.997823695341746,1
device_17_jitter_0004.obj,0.9982678492863973,1
device_17_jitter_0005.obj,0.9979435602823893,1
device_17_jitter_0006.obj,0.9984075625737509,1
device_17_jitter_0007.obj,0.9980225165685018,1
device_17_jitter_0008.obj,0.9975559910138448,1
device_17_jitter_0009.obj,0.9982386231422424,1
device_17_jitter_0010.obj,0.9990901549657186,1
device_17_jitter_0011.obj,0.9971610307693481,1
device_17_jitter_0012.obj,0.9980634053548177,1
device_17_jitter_0013.obj,0.9973389506340027,1
device_17_jitter_0014.obj,0.9980407357215881,1
device_17_jitter_0015.obj,0.9981817205746969,1
device_17_jitter_0016.obj,0.997749388217926,1
device_17_jitter_0017.obj,0.9977509379386902,1
device_17_jitter_0018.obj,0.9971851507822672,1
device_17_jitter_0019.obj,0.9983237187067667,1
device_17_jitter_0020.obj,0.9983047842979431,1
device_17_jitter_0021.obj,0.9986944595972697,1
device_17_jitter_0022.obj,0.9978507955869039,1
device_17_jitter_0023.obj,0.997658391793569,1
device_17_jitter_0024.obj,0.9973705013593038,1
device_17_rigid_0000.obj,0.9997257788976034,1
device_17_rigid_0001.obj,0.9997010628382365,1
device_17_rigid_0002.obj,0.9996957580248514,1
device_17_rigid_0003.obj,0.9996767640113831,1
device_17_rigid_0004.obj,0.9997354944547018,1
device_17_rigid_0005.obj,0.9997255802154541,1
device_17_rigid_0006.obj,0.9997692306836446,1
device_17_rigid_0007.obj,0.9997177322705587,1
device_17_rigid_0008.obj,0.9997306863466898,1
device_17_rigid_0009.obj,0.9997785290082296,1
device_17_rigid_0010.obj,0.9998125235239664,1
device_17_rigid_0011.obj,0.9997835357983907,1
device_17_rigid_0012.obj,0.9997122685114542,1
device_17_rigid_0013.obj,0.9998871882756551,1
device_17_rigid_0014.obj,0.9997232357660929,1
device_17_rigid_0015.obj,0.9998095035552979,1
device_17_rigid_0016.obj,0.9998132983843485,1
device_17_rigid_0017.obj,0.9998790224393209,1
device_17_rigid_0018.obj,0.9998362263043722,1
device_17_rigid_0019.obj,0.999750812848409,1
device_17_rigid_0020.obj,0.9998007218043009,1
device_17_rigid_0021.obj,0.9997569719950358,1
device_17_rigid_0022.obj,0.9997502565383911,1
device_17_rigid_0023.obj,0.999721089998881,1
device_17_rigid_0024.obj,0.9998137553532919,1
device_17_tetwild_0000.obj,0.9998114903767904,1
device_17_tetwild_0001.obj,0.9995862444241842,1
device_17_tetwild_0002.obj,0.9989800651868185,1
device_17_tetwild_0003.obj,0.9952515562375387,1
device_17_tetwild_0004.obj,0.9989796876907349,1
device_17_tetwild_0005.obj,0.9806003173192342,1
device_17_tetwild_0007.obj,0.9833856026331583,1
device_17_tetwild_0008.obj,0.9992404778798422,1
device_17_tetwild_0009.obj,0.9996254841486613,1
device_17_tetwild_0010.obj,0.9991811513900757,1
device_17_tetwild_0011.obj,0.9990010261535645,1
device_17_tetwild_0012.obj,0.9994416038195292,1
device_17_tetwild_0013.obj,0.9962654312451681,1
device_17_tetwild_0014.obj,0.9934870799382528,1
device_17_tetwild_0015.obj,0.9995991985003153,1
device_17_tetwild_0016.obj,0.9994595050811768,1
device_17_tetwild_0017.obj,0.9992052912712097,1
device_17_tetwild_0018.obj,0.9970652461051941,1
device_17_tetwild_0019.obj,0.9998298486073812,1
device_17_tetwild_0020.obj,0.9142396450042725,1
device_17_tetwild_0021.obj,0.99875940879186,1
device_17_tetwild_0022.obj,0.9993208845456442,1
device_17_tetwild_0023.obj,0.9989640911420187,1
device_17_tetwild_0024.obj,0.9993101557095846,1
device_06_degenerate_0000.obj,0.974410355091095,1
device_06_degenerate_0001.obj,0.974410355091095,1
device_06_degenerate_0002.obj,0.974410355091095,1
device_06_degenerate_0003.obj,0.974410355091095,1
device_06_degenerate_0004.obj,0.974410355091095,1
device_06_degenerate_0005.obj,0.974410355091095,1
device_06_degenerate_0006.obj,0.974410355091095,1
device_06_degenerate_0007.obj,0.974410355091095,1
device_06_degenerate_0008.obj,0.974410355091095,1
device_06_degenerate_0009.obj,0.974410355091095,1
device_06_degenerate_0010.obj,0.974410355091095,1
device_06_degenerate_0011.obj,0.974410355091095,1
device_06_degenerate_0012.obj,0.974410355091095,1
device_06_degenerate_0013.obj,0.974410355091095,1
device_06_degenerate_0014.obj,0.974410355091095,1
device_06_degenerate_0015.obj,0.974410355091095,1
device_06_degenerate_0016.obj,0.974410355091095,1
device_06_degenerate_0017.obj,0.974410355091095,1
device_06_degenerate_0018.obj,0.974410355091095,1
device_06_degenerate_0019.obj,0.974410355091095,1
device_06_degenerate_0020.obj,0.974410355091095,1
device_06_degenerate_0021.obj,0.974410355091095,1
device_06_degenerate_0022.obj,0.974410355091095,1
device_06_degenerate_0023.obj,0.974410355091095,1
device_06_degenerate_0024.obj,0.974410355091095,1
device_06_disconnected_0000.obj,0.974410355091095,1
device_06_disconnected_0001.obj,0.974410355091095,1
device_06_disconnected_0002.obj,0.974410355091095,1
device_06_disconnected_0003.obj,0.974410355091095,1
device_06_disconnected_0004.obj,0.974410355091095,1
device_06_disconnected_0005.obj,0.974410355091095,1
device_06_disconnected_0006.obj,0.974410355091095,1
device_06_disconnected_0007.obj,0.974410355091095,1
device_06_disconnected_0008.obj,0.9802649021148682,1
device_06_disconnected_0009.obj,0.974410355091095,1
device_06_disconnected_0010.obj,0.974410355091095,1
device_06_disconnected_0011.obj,0.974410355091095,1
device_06_disconnected_0012.obj,0.974410355091095,1
device_06_disconnected_0013.obj,0.974410355091095,1
device_06_disconnected_0014.obj,0.974410355091095,1
device_06_disconnected_0015.obj,0.974410355091095,1
device_06_disconnected_0016.obj,0.974410355091095,1
device_06_disconnected_0017.obj,0.974410355091095,1
device_06_disconnected_0018.obj,0.974410355091095,1
device_06_disconnected_0019.obj,0.974410355091095,1
device_06_disconnected_0020.obj,0.974410355091095,1
device_06_disconnected_0021.obj,0.974410355091095,1
device_06_disconnected_0022.obj,0.974410355091095,1
device_06_disconnected_0023.obj,0.974410355091095,1
device_06_disconnected_0024.obj,0.9744102756182352,1
device_06_faceswap_0000.obj,0.9702436526616415,1
device_06_faceswap_0001.obj,0.9706726471583048,1
device_06_faceswap_0002.obj,0.973170538743337,1
device_06_faceswap_0003.obj,0.978827158610026,1
device_06_faceswap_0004.obj,0.9767447312672933,1
device_06_faceswap_0005.obj,0.9677653511365255,1
device_06_faceswap_0006.obj,0.971014400323232,1
device_06_faceswap_0007.obj,0.9719452857971191,1
device_06_faceswap_0008.obj,0.9621330300966898,1
device_06_faceswap_0009.obj,0.9763385852177938,1
device_06_faceswap_0010.obj,0.9726459582646688,1
device_06_faceswap_0011.obj,0.9729881087938944,1
device_06_faceswap_0012.obj,0.9592815836270651,1
device_06_faceswap_0013.obj,0.9764470855394999,1
device_06_faceswap_0014.obj,0.9647036194801331,1
device_06_faceswap_0015.obj,0.9775467117627462,1
device_06_faceswap_0016.obj,0.9694189230600992,1
device_06_faceswap_0017.obj,0.9713897705078125,1
device_06_faceswap_0018.obj,0.9743556181589762,1
device_06_faceswap_0019.obj,0.9732390443483988,1
device_06_faceswap_0020.obj,0.9743952949841818,1
device_06_faceswap_0021.obj,0.9574816226959229,1
device_06_faceswap_0022.obj,0.9721469879150391,1
device_06_faceswap_0023.obj,0.9661556283632914,1
device_06_faceswap_0024.obj,0.9787902235984802,1
device_06_jitter_0000.obj,0.9689850012461344,1
device_06_jitter_0001.obj,0.9631279309590658,1
device_06_jitter_0002.obj,0.9651047388712565,1
device_06_jitter_0003.obj,0.9627041618029276,1
device_06_jitter_0004.obj,0.9616416295369467,1
device_06_jitter_0005.obj,0.9687962929407755,1
device_06_jitter_0006.obj,0.9654263655344645,1
device_06_jitter_0007.obj,0.9675899545351664,1
device_06_jitter_0008.obj,0.9674047430356344,1
device_06_jitter_0009.obj,0.96589728196462,1
device_06_jitter_0010.obj,0.9628165364265442,1
device_06_jitter_0011.obj,0.9664636850357056,1
device_06_jitter_0012.obj,0.9663875699043274,1
device_06_jitter_0013.obj,0.9720120429992676,1
device_06_jitter_0014.obj,0.9671717683474222,1
device_06_jitter_0015.obj,0.9655132492383321,1
device_06_jitter_0016.obj,0.9689530531565348,1
device_06_jitter_0017.obj,0.9589015444119772,1
device_06_jitter_0018.obj,0.961148758729299,1
device_06_jitter_0019.obj,0.9639119704564413,1
device_06_jitter_0020.obj,0.9583053986231486,1
device_06_jitter_0021.obj,0.9646401802698771,1
device_06_jitter_0022.obj,0.9681611855824789,1
device_06_jitter_0023.obj,0.9730091691017151,1
device_06_jitter_0024.obj,0.9665124813715616,1
device_06_rigid_0000.obj,0.9736701846122742,1
device_06_rigid_0001.obj,0.9745820760726929,1
device_06_rigid_0002.obj,0.9775712887446085,1
device_06_rigid_0003.obj,0.9606881539026896,1
device_06_rigid_0004.obj,0.9742298523585001,1
device_06_rigid_0005.obj,0.9761548042297363,1
device_06_rigid_0006.obj,0.9575644532839457,1
device_06_rigid_0007.obj,0.9717166423797607,1
device_06_rigid_0008.obj,0.9721959630648295,1
device_06_rigid_0009.obj,0.9728492101033529,1
device_06_rigid_0010.obj,0.9727631012598673,1
device_06_rigid_0011.obj,0.9719533721605936,1
device_06_rigid_0012.obj,0.9806100130081177,1
device_06_rigid_0013.obj,0.9780505498250326,1
device_06_rigid_0014.obj,0.9743680755297343,1
device_06_rigid_0015.obj,0.977324644724528,1
device_06_rigid_0016.obj,0.9728243549664816,1
device_06_rigid_0017.obj,0.9670810302098592,1
device_06_rigid_0018.obj,0.9734979073206583,1
device_06_rigid_0019.obj,0.9674988190333048,1
device_06_rigid_0020.obj,0.9790904521942139,1
device_06_rigid_0021.obj,0.9785282611846924,1
device_06_rigid_0022.obj,0.9710977077484131,1
device_06_rigid_0023.obj,0.9724663694699606,1
device_06_rigid_0024.obj,0.9788987239201864,1
device_06_tetwild_0000.obj,0.9668177167574564,1
device_06_tetwild_0001.obj,0.9724474946657816,1
device_06_tetwild_0002.obj,0.9548670450846354,1
device_06_tetwild_0003.obj,0.9613537987073263,1
device_06_tetwild_0004.obj,0.9683378140131632,1
device_06_tetwild_0005.obj,0.9729010065396627,1
device_06_tetwild_0006.obj,0.9675295948982239,1
device_06_tetwild_0007.obj,0.9714355866114298,1
device_06_tetwild_0008.obj,0.9733252127965292,1
device_06_tetwild_0009.obj,0.943872312704722,1
device_06_tetwild_0010.obj,0.9605186184247335,1
device_06_tetwild_0011.obj,0.9722478787104288,1
device_06_tetwild_0012.obj,0.9665121038754781,1
device_06_tetwild_0013.obj,0.9516043663024902,1
device_06_tetwild_0014.obj,0.9736392895380656,1
device_06_tetwild_0015.obj,0.9694178899129232,1
device_06_tetwild_0016.obj,0.9781135519345602,1
device_06_tetwild_0017.obj,0.9566048185030619,1
device_06_tetwild_0018.obj,0.9695653716723124,1
device_06_tetwild_0019.obj,0.9803884029388428,1
device_06_tetwild_0020.obj,0.952522337436676,1
device_06_tetwild_0021.obj,0.9709028402964274,1
device_06_tetwild_0022.obj,0.9715208609898885,1
device_06_tetwild_0023.obj,0.9710306922594706,1
device_06_tetwild_0024.obj,0.9731774926185608,1
device_01_degenerate_0000.obj,0.9936553438504537,1
device_01_degenerate_0001.obj,0.9936553438504537,1
device_01_degenerate_0002.obj,0.9936553438504537,1
device_01_degenerate_0003.obj,0.9936553438504537,1
device_01_degenerate_0004.obj,0.9936553438504537,1
device_01_degenerate_0005.obj,0.9936553438504537,1
device_01_degenerate_0006.obj,0.9936553438504537,1
device_01_degenerate_0007.obj,0.9936553438504537,1
device_01_degenerate_0008.obj,0.9936553438504537,1
device_01_degenerate_0009.obj,0.9936553438504537,1
device_01_degenerate_0010.obj,0.9936553438504537,1
device_01_degenerate_0011.obj,0.9936553438504537,1
device_01_degenerate_0012.obj,0.9936553438504537,1
device_01_degenerate_0013.obj,0.9936553438504537,1
device_01_degenerate_0014.obj,0.9936553438504537,1
device_01_degenerate_0015.obj,0.9936553438504537,1
device_01_degenerate_0016.obj,0.9936553438504537,1
device_01_degenerate_0017.obj,0.9936553438504537,1
device_01_degenerate_0018.obj,0.9936553438504537,1
device_01_degenerate_0019.obj,0.9936553438504537,1
device_01_degenerate_0020.obj,0.9936553438504537,1
device_01_degenerate_0021.obj,0.9936553438504537,1
device_01_degenerate_0022.obj,0.9936553438504537,1
device_01_degenerate_0023.obj,0.9936553438504537,1
device_01_degenerate_0024.obj,0.9936553438504537,1
device_01_disconnected_0000.obj,0.9936553438504537,1
device_01_disconnected_0001.obj,0.9936553438504537,1
device_01_disconnected_0002.obj,0.9936553438504537,1
device_01_disconnected_0003.obj,0.9936553438504537,1
device_01_disconnected_0004.obj,0.9936553438504537,1
device_01_disconnected_0005.obj,0.9936553438504537,1
device_01_disconnected_0006.obj,0.9936553438504537,1
device_01_disconnected_0007.obj,0.9936553438504537,1
device_01_disconnected_0008.obj,0.9936553438504537,1
device_01_disconnected_0009.obj,0.9936553438504537,1
device_01_disconnected_0010.obj,0.9936553438504537,1
device_01_disconnected_0011.obj,0.9936553438504537,1
device_01_disconnected_0012.obj,0.9936553438504537,1
device_01_disconnected_0013.obj,0.9936553438504537,1
device_01_disconnected_0014.obj,0.9936553438504537,1
device_01_disconnected_0015.obj,0.9936553438504537,1
device_01_disconnected_0016.obj,0.9936553438504537,1
device_01_disconnected_0017.obj,0.9936553438504537,1
device_01_disconnected_0018.obj,0.9936553438504537,1
device_01_disconnected_0019.obj,0.9936553438504537,1
device_01_disconnected_0020.obj,0.9936553438504537,1
device_01_disconnected_0021.obj,0.9936553438504537,1
device_01_disconnected_0022.obj,0.9936553438504537,1
device_01_disconnected_0023.obj,0.9936553438504537,1
device_01_disconnected_0024.obj,0.9936553438504537,1
device_01_faceswap_0000.obj,0.9905004501342773,1
device_01_faceswap_0001.obj,0.9840827584266663,1
device_01_faceswap_0002.obj,0.9843971530596415,1
device_01_faceswap_0003.obj,0.9924812316894531,1
device_01_faceswap_0004.obj,0.9895356694857279,1
device_01_faceswap_0005.obj,0.9939739108085632,1
device_01_faceswap_0006.obj,0.9539791345596313,1
device_01_faceswap_0007.obj,0.9258244434992472,1
device_01_faceswap_0008.obj,0.9838665326436361,1
device_01_faceswap_0009.obj,0.9869371453921,1
device_01_faceswap_0010.obj,0.9254868229230245,1
device_01_faceswap_0011.obj,0.9939107100168864,1
device_01_faceswap_0012.obj,0.9881036281585693,1
device_01_faceswap_0013.obj,0.9871691266695658,1
device_01_faceswap_0014.obj,0.9732001622517904,1
device_01_faceswap_0015.obj,0.9926424622535706,1
device_01_faceswap_0016.obj,0.994163453578949,1
device_01_faceswap_0017.obj,0.9647789001464844,1
device_01_faceswap_0018.obj,0.9567628502845764,1
device_01_faceswap_0019.obj,0.9941778381665548,1
device_01_faceswap_0020.obj,0.9927549560864767,1
device_01_faceswap_0021.obj,0.9892496864000956,1
device_01_faceswap_0022.obj,0.994235614935557,1
device_01_faceswap_0023.obj,0.9921554525693258,1
device_01_faceswap_0024.obj,0.956229547659556,1
device_01_jitter_0000.obj,0.9868262410163879,1
device_01_jitter_0001.obj,0.9904228647549947,1
device_01_jitter_0002.obj,0.9907337228457133,1
device_01_jitter_0003.obj,0.9878747860590616,1
device_01_jitter_0004.obj,0.9944189389546713,1
device_01_jitter_0005.obj,0.9951717257499695,1
device_01_jitter_0006.obj,0.9843635360399882,1
device_01_jitter_0007.obj,0.9908008376757304,1
device_01_jitter_0008.obj,0.9943653543790182,1
device_01_jitter_0009.obj,0.9931733806927999,1
device_01_jitter_0010.obj,0.9939486781756083,1
device_01_jitter_0011.obj,0.9946244359016418,1
device_01_jitter_0012.obj,0.9798799355824789,1
device_01_jitter_0013.obj,0.9929817318916321,1
device_01_jitter_0014.obj,0.994238535563151,1
device_01_jitter_0015.obj,0.9927027225494385,1
device_01_jitter_0016.obj,0.9918209513028463,1
device_01_jitter_0017.obj,0.9934717218081156,1
device_01_jitter_0018.obj,0.9907848636309305,1
device_01_jitter_0019.obj,0.988811214764913,1
device_01_jitter_0020.obj,0.9935958782831827,1
device_01_jitter_0021.obj,0.9935786326726278,1
device_01_jitter_0022.obj,0.9911104242006937,1
device_01_jitter_0023.obj,0.99525519212087,1
device_01_jitter_0024.obj,0.9942464232444763,1
device_01_rigid_0000.obj,0.9946258266766866,1
device_01_rigid_0001.obj,0.9953837196032206,1
device_01_rigid_0002.obj,0.9885997573534647,1
device_01_rigid_0003.obj,0.9935091932614645,1
device_01_rigid_0004.obj,0.9957823355992635,1
device_01_rigid_0005.obj,0.9938761989275614,1
device_01_rigid_0006.obj,0.9932359258333842,1
device_01_rigid_0007.obj,0.99215696255366,1
device_01_rigid_0008.obj,0.994010845820109,1
device_01_rigid_0009.obj,0.991138736406962,1
device_01_rigid_0010.obj,0.9878247380256653,1
device_01_rigid_0011.obj,0.9934590061505636,1
device_01_rigid_0012.obj,0.9923922816912333,1
device_01_rigid_0013.obj,0.9924115141232809,1
device_01_rigid_0014.obj,0.9930347204208374,1
device_01_rigid_0015.obj,0.9958966573079427,1
device_01_rigid_0016.obj,0.9914254148801168,1
device_01_rigid_0017.obj,0.9949354529380798,1
device_01_rigid_0018.obj,0.9941520293553671,1
device_01_rigid_0019.obj,0.9923659563064575,1
device_01_rigid_0020.obj,0.9934838016827902,1
device_01_rigid_0021.obj,0.9923369884490967,1
device_01_rigid_0022.obj,0.9952832063039144,1
device_01_rigid_0023.obj,0.993601938088735,1
device_01_rigid_0024.obj,0.995302418867747,1
device_01_tetwild_0000.obj,0.9910803437232971,1
device_01_tetwild_0001.obj,0.9885525703430176,1
device_01_tetwild_0002.obj,0.9876868724822998,1
device_01_tetwild_0003.obj,0.9578995307286581,1
device_01_tetwild_0004.obj,0.9901569286982218,1
device_01_tetwild_0005.obj,0.9774871269861857,1
device_01_tetwild_0006.obj,0.9864222606023153,1
device_01_tetwild_0007.obj,0.9842164317766825,1
device_01_tetwild_0008.obj,0.9948359131813049,1
device_01_tetwild_0009.obj,0.986444354057312,1
device_01_tetwild_0011.obj,0.9585060675938925,1
device_01_tetwild_0012.obj,0.9878889918327332,1
device_01_tetwild_0013.obj,0.9832289616266886,1
device_01_tetwild_0014.obj,0.6099071502685547,1
device_01_tetwild_0015.obj,0.9192863504091898,1
device_01_tetwild_0016.obj,0.9831029574076334,1
device_01_tetwild_0017.obj,0.9903019070625305,1
device_01_tetwild_0018.obj,0.9866412083307902,1
device_01_tetwild_0019.obj,0.9481722315152487,1
device_01_tetwild_0020.obj,0.9754475951194763,1
device_01_tetwild_0021.obj,0.9929845531781515,1
device_01_tetwild_0022.obj,0.9827881654103597,1
device_01_tetwild_0023.obj,0.9935056765874227,1
device_01_tetwild_0024.obj,0.9897500276565552,1
device_15_degenerate_0000.obj,0.9950616757074991,1
device_15_degenerate_0001.obj,0.9950616757074991,1
device_15_degenerate_0002.obj,0.9950616757074991,1
device_15_degenerate_0003.obj,0.9950616757074991,1
device_15_degenerate_0004.obj,0.9950616757074991,1
device_15_degenerate_0005.obj,0.9950616757074991,1
device_15_degenerate_0006.obj,0.9950616757074991,1
device_15_degenerate_0007.obj,0.9950616757074991,1
device_15_degenerate_0008.obj,0.9950616757074991,1
device_15_degenerate_0009.obj,0.9950616757074991,1
device_15_degenerate_0010.obj,0.9950616757074991,1
device_15_degenerate_0011.obj,0.9950616757074991,1
device_15_degenerate_0012.obj,0.9950616757074991,1
device_15_degenerate_0013.obj,0.9950616757074991,1
device_15_degenerate_0014.obj,0.9950616757074991,1
device_15_degenerate_0015.obj,0.9950616757074991,1
device_15_degenerate_0016.obj,0.9950616757074991,1
device_15_degenerate_0017.obj,0.9950616757074991,1
device_15_degenerate_0018.obj,0.9950616757074991,1
device_15_degenerate_0019.obj,0.9950616757074991,1
device_15_degenerate_0020.obj,0.9950616757074991,1
device_15_degenerate_0021.obj,0.9950616757074991,1
device_15_degenerate_0022.obj,0.9950616757074991,1
device_15_degenerate_0023.obj,0.9950616757074991,1
device_15_degenerate_0024.obj,0.9950616757074991,1
device_15_disconnected_0000.obj,0.9950616757074991,1
device_15_disconnected_0001.obj,0.9950616757074991,1
device_15_disconnected_0002.obj,0.9950616757074991,1
device_15_disconnected_0003.obj,0.9950616757074991,1
device_15_disconnected_0004.obj,0.9950616757074991,1
device_15_disconnected_0005.obj,0.9950616757074991,1
device_15_disconnected_0006.obj,0.9950616757074991,1
device_15_disconnected_0007.obj,0.9950616757074991,1
device_15_disconnected_0008.obj,0.9950616757074991,1
device_15_disconnected_0009.obj,0.9950616757074991,1
device_15_disconnected_0010.obj,0.9950616757074991,1
device_15_disconnected_0011.obj,0.9950616757074991,1
device_15_disconnected_0012.obj,0.9950616757074991,1
device_15_disconnected_0013.obj,0.9950616757074991,1
device_15_disconnected_0014.obj,0.9950616757074991,1
device_15_disconnected_0015.obj,0.9950616757074991,1
device_15_disconnected_0016.obj,0.9950616757074991,1
device_15_disconnected_0017.obj,0.9950616757074991,1
device_15_disconnected_0018.obj,0.9950616757074991,1
device_15_disconnected_0019.obj,0.9950616757074991,1
device_15_disconnected_0020.obj,0.9950616757074991,1
device_15_disconnected_0021.obj,0.9950616757074991,1
device_15_disconnected_0022.obj,0.9950616757074991,1
device_15_disconnected_0023.obj,0.9950616757074991,1
device_15_disconnected_0024.obj,0.9950616757074991,1
device_15_faceswap_0000.obj,0.9953405261039734,1
device_15_faceswap_0001.obj,0.9950076738993326,1
device_15_faceswap_0002.obj,0.9953724145889282,1
device_15_faceswap_0003.obj,0.9934252897898356,1
device_15_faceswap_0004.obj,0.9896572033564249,1
device_15_faceswap_0005.obj,0.9952658414840698,1
device_15_faceswap_0006.obj,0.9780406753222147,1
device_15_faceswap_0007.obj,0.9940399527549744,1
device_15_faceswap_0008.obj,0.9944682319959005,1
device_15_faceswap_0009.obj,0.9917882482210795,1
device_15_faceswap_0010.obj,0.9958731532096863,1
device_15_faceswap_0011.obj,0.9967027107874552,1
device_15_faceswap_0012.obj,0.9920150836308798,1
device_15_faceswap_0013.obj,0.9916686018308004,1
device_15_faceswap_0014.obj,0.9952057798703512,1
device_15_faceswap_0015.obj,0.9957002997398376,1
device_15_faceswap_0016.obj,0.993455191453298,1
device_15_faceswap_0017.obj,0.9951314926147461,1
device_15_faceswap_0018.obj,0.9927155375480652,1
device_15_faceswap_0019.obj,0.9832356770833334,1
device_15_faceswap_0020.obj,0.9831756552060446,1
device_15_faceswap_0021.obj,0.9946133494377136,1
device_15_faceswap_0022.obj,0.9928145607312521,1
device_15_faceswap_0023.obj,0.9953625202178955,1
device_15_faceswap_0024.obj,0.994148870309194,1
device_15_jitter_0000.obj,0.9958699345588684,1
device_15_jitter_0001.obj,0.9966836969057719,1
device_15_jitter_0002.obj,0.9963712692260742,1
device_15_jitter_0003.obj,0.9963379303614298,1
device_15_jitter_0004.obj,0.9964951475461324,1
device_15_jitter_0005.obj,0.9951262672742208,1
device_15_jitter_0006.obj,0.9963483015696207,1
device_15_jitter_0007.obj,0.9963775277137756,1
device_15_jitter_0008.obj,0.9961872299512228,1
device_15_jitter_0009.obj,0.9952643314997355,1
device_15_jitter_0010.obj,0.995746374130249,1
device_15_jitter_0011.obj,0.996505598227183,1
device_15_jitter_0012.obj,0.9960440993309021,1
device_15_jitter_0013.obj,0.9961710770924886,1
device_15_jitter_0014.obj,0.9966644048690796,1
device_15_jitter_0015.obj,0.9964227080345154,1
device_15_jitter_0016.obj,0.996340254942576,1
device_15_jitter_0017.obj,0.9964879949887594,1
device_15_jitter_0018.obj,0.9964298407236735,1
device_15_jitter_0019.obj,0.9959977070490519,1
device_15_jitter_0020.obj,0.9959751566251119,1
device_15_jitter_0021.obj,0.9964902003606161,1
device_15_jitter_0022.obj,0.9963540236155192,1
device_15_jitter_0023.obj,0.996344248453776,1
device_15_jitter_0024.obj,0.9959415992101034,1
device_15_rigid_0000.obj,0.9909033179283142,1
device_15_rigid_0001.obj,0.9904466867446899,1
device_15_rigid_0002.obj,0.9950004418691,1
device_15_rigid_0003.obj,0.9844141801198324,1
device_15_rigid_0004.obj,0.9929666717847189,1
device_15_rigid_0005.obj,0.9910340706507365,1
device_15_rigid_0006.obj,0.9946040908495585,1
device_15_rigid_0007.obj,0.9968137542406718,1
device_15_rigid_0008.obj,0.9952648083368937,1
device_15_rigid_0009.obj,0.990875760714213,1
device_15_rigid_0010.obj,0.9941272536913554,1
device_15_rigid_0011.obj,0.995416263739268,1
device_15_rigid_0012.obj,0.994327167669932,1
device_15_rigid_0013.obj,0.9950574437777201,1
device_15_rigid_0014.obj,0.9899346828460693,1
device_15_rigid_0015.obj,0.9907650947570801,1
device_15_rigid_0016.obj,0.9949890573819479,1
device_15_rigid_0017.obj,0.996362030506134,1
device_15_rigid_0018.obj,0.9907451272010803,1
device_15_rigid_0019.obj,0.9923391143480936,1
device_15_rigid_0020.obj,0.9931343992551168,1
device_15_rigid_0021.obj,0.9937847455342611,1
device_15_rigid_0022.obj,0.9902594884236654,1
device_15_rigid_0023.obj,0.9918138980865479,1
device_15_rigid_0024.obj,0.9947778185208639,1
device_15_tetwild_0000.obj,0.9691471258799235,1
device_15_tetwild_0001.obj,0.9817978938420614,1
device_15_tetwild_0002.obj,0.9895080129305521,1
device_15_tetwild_0003.obj,0.9868996938069662,1
device_15_tetwild_0004.obj,0.9841860135396322,1
device_15_tetwild_0005.obj,0.9934058785438538,1
device_15_tetwild_0006.obj,0.987281858921051,1
device_15_tetwild_0007.obj,0.9870179692904154,1
device_15_tetwild_0008.obj,0.9756656090418497,1
device_15_tetwild_0009.obj,0.9821376403172811,1
device_15_tetwild_0010.obj,0.9913198153177897,1
device_15_tetwild_0011.obj,0.9783028761545817,1
device_15_tetwild_0012.obj,0.9742636283238729,1
device_15_tetwild_0013.obj,0.9437076052029928,1
device_15_tetwild_0014.obj,0.9946410059928894,1
device_15_tetwild_0015.obj,0.9962340195973715,1
device_15_tetwild_0016.obj,0.9837769667307535,1
device_15_tetwild_0017.obj,0.9873990615208944,1
device_15_tetwild_0018.obj,0.992486039797465,1
device_15_tetwild_0019.obj,0.9946192502975464,1
device_15_tetwild_0021.obj,0.987887461980184,1
device_15_tetwild_0022.obj,0.9923883676528931,1
device_15_tetwild_0023.obj,0.9713569482167562,1
device_15_tetwild_0024.obj,0.9807458519935608,1
device_12_degenerate_0000.obj,0.9907558560371399,1
device_12_degenerate_0001.obj,0.9907558560371399,1
device_12_degenerate_0002.obj,0.9907558560371399,1
device_12_degenerate_0003.obj,0.9907558560371399,1
device_12_degenerate_0004.obj,0.9907558560371399,1
device_12_degenerate_0005.obj,0.9907558560371399,1
device_12_degenerate_0006.obj,0.9907558560371399,1
device_12_degenerate_0007.obj,0.9907558560371399,1
device_12_degenerate_0008.obj,0.9907558560371399,1
device_12_degenerate_0009.obj,0.9907558560371399,1
device_12_degenerate_0010.obj,0.9907558560371399,1
device_12_degenerate_0011.obj,0.9907558560371399,1
device_12_degenerate_0012.obj,0.9907558560371399,1
device_12_degenerate_0013.obj,0.9907558560371399,1
device_12_degenerate_0014.obj,0.9907558560371399,1
device_12_degenerate_0015.obj,0.9907558560371399,1
device_12_degenerate_0016.obj,0.9907558560371399,1
device_12_degenerate_0017.obj,0.9907558560371399,1
device_12_degenerate_0018.obj,0.9907558560371399,1
device_12_degenerate_0019.obj,0.9907558560371399,1
device_12_degenerate_0020.obj,0.9907558560371399,1
device_12_degenerate_0021.obj,0.9907558560371399,1
device_12_degenerate_0022.obj,0.9907558560371399,1
device_12_degenerate_0023.obj,0.9907558560371399,1
device_12_degenerate_0024.obj,0.9907558560371399,1
device_12_disconnected_0000.obj,0.9907558560371399,1
device_12_disconnected_0001.obj,0.9907558560371399,1
device_12_disconnected_0002.obj,0.9907558560371399,1
device_12_disconnected_0003.obj,0.9907557765642802,1
device_12_disconnected_0004.obj,0.9907558560371399,1
device_12_disconnected_0005.obj,0.9907558560371399,1
device_12_disconnected_0006.obj,0.9907558560371399,1
device_12_disconnected_0007.obj,0.9907558560371399,1
device_12_disconnected_0008.obj,0.9907558560371399,1
device_12_disconnected_0009.obj,0.9907558560371399,1
device_12_disconnected_0010.obj,0.9907558560371399,1
device_12_disconnected_0011.obj,0.9907558560371399,1
device_12_disconnected_0012.obj,0.9907558560371399,1
device_12_disconnected_0013.obj,0.9907558560371399,1
device_12_disconnected_0014.obj,0.9907557765642802,1
device_12_disconnected_0015.obj,0.9907558560371399,1
device_12_disconnected_0016.obj,0.9907558560371399,1
device_12_disconnected_0017.obj,0.9907558560371399,1
device_12_disconnected_0018.obj,0.9907558560371399,1
device_12_disconnected_0019.obj,0.9907558560371399,1
device_12_disconnected_0020.obj,0.9907558560371399,1
device_12_disconnected_0021.obj,0.9907558560371399,1
device_12_disconnected_0022.obj,0.9907558560371399,1
device_12_disconnected_0023.obj,0.9907558560371399,1
device_12_disconnected_0024.obj,0.9907558560371399,1
device_12_faceswap_0000.obj,0.9903934001922607,1
device_12_faceswap_0001.obj,0.9533771872520447,1
device_12_faceswap_0002.obj,0.9827879468599955,1
device_12_faceswap_0003.obj,0.9895001451174418,1
device_12_faceswap_0004.obj,0.992985725402832,1
device_12_faceswap_0005.obj,0.9550557533899943,1
device_12_faceswap_0006.obj,0.991707424322764,1
device_12_faceswap_0007.obj,0.988792876402537,1
device_12_faceswap_0008.obj,0.9972116947174072,1
device_12_faceswap_0009.obj,0.9785038828849792,1
device_12_faceswap_0010.obj,0.9956880410512289,1
device_12_faceswap_0011.obj,0.9975907206535339,1
device_12_faceswap_0012.obj,0.9315956433614095,1
device_12_faceswap_0013.obj,0.9742504358291626,1
device_12_faceswap_0014.obj,0.9951075911521912,1
device_12_faceswap_0015.obj,0.9907650152842203,1
device_12_faceswap_0016.obj,0.9939155777295431,1
device_12_faceswap_0017.obj,0.983965257803599,1
device_12_faceswap_0018.obj,0.980035146077474,1
device_12_faceswap_0019.obj,0.9930686354637146,1
device_12_faceswap_0020.obj,0.993821918964386,1
device_12_faceswap_0021.obj,0.9816853006680807,1
device_12_faceswap_0022.obj,0.9960545102755228,1
device_12_faceswap_0023.obj,0.9887686967849731,1
device_12_faceswap_0024.obj,0.9835367401440939,1
device_12_jitter_0000.obj,0.9900712370872498,1
device_12_jitter_0001.obj,0.988994300365448,1
device_12_jitter_0002.obj,0.9862920840581259,1
device_12_jitter_0003.obj,0.9884256919225057,1
device_12_jitter_0004.obj,0.988234301408132,1
device_12_jitter_0005.obj,0.9893680810928345,1
device_12_jitter_0006.obj,0.9870829780896505,1
device_12_jitter_0007.obj,0.9860353469848633,1
device_12_jitter_0008.obj,0.9820658167203268,1
device_12_jitter_0009.obj,0.9877471129099528,1
device_12_jitter_0010.obj,0.9867217143376669,1
device_12_jitter_0011.obj,0.9915275573730469,1
device_12_jitter_0012.obj,0.9885369737943014,1
device_12_jitter_0013.obj,0.9917127092679342,1
device_12_jitter_0014.obj,0.9867404301961263,1
device_12_jitter_0015.obj,0.9888346989949545,1
device_12_jitter_0016.obj,0.988214910030365,1
device_12_jitter_0017.obj,0.9863060911496481,1
device_12_jitter_0018.obj,0.9863647222518921,1
device_12_jitter_0019.obj,0.9894115328788757,1
device_12_jitter_0020.obj,0.9882293740908304,1
device_12_jitter_0021.obj,0.9915088613828024,1
device_12_jitter_0022.obj,0.9918198784192404,1
device_12_jitter_0023.obj,0.9891165892283121,1
device_12_jitter_0024.obj,0.9858864545822144,1
device_12_rigid_0000.obj,0.9912369052569071,1
device_12_rigid_0001.obj,0.9904012680053711,1
device_12_rigid_0002.obj,0.9861490925153097,1
device_12_rigid_0003.obj,0.989144762357076,1
device_12_rigid_0004.obj,0.9891941547393799,1
device_12_rigid_0005.obj,0.988152285416921,1
device_12_rigid_0006.obj,0.9860250949859619,1
device_12_rigid_0007.obj,0.9832513928413391,1
device_12_rigid_0008.obj,0.9914853374163309,1
device_12_rigid_0009.obj,0.9866588711738586,1
device_12_rigid_0010.obj,0.9861806035041809,1
device_12_rigid_0011.obj,0.9876637856165568,1
device_12_rigid_0012.obj,0.9842804869016012,1
device_12_rigid_0013.obj,0.982036312421163,1
device_12_rigid_0014.obj,0.9878110686937968,1
device_12_rigid_0015.obj,0.9891191124916077,1
device_12_rigid_0016.obj,0.9935474594434103,1
device_12_rigid_0017.obj,0.9860597054163615,1
device_12_rigid_0018.obj,0.9858652154604594,1
device_12_rigid_0019.obj,0.9933140277862549,1
device_12_rigid_0020.obj,0.9889390667279562,1
device_12_rigid_0021.obj,0.9890169501304626,1
device_12_rigid_0022.obj,0.9871114095052084,1
device_12_rigid_0023.obj,0.9889369010925293,1
device_12_rigid_0024.obj,0.9904543360074362,1
device_12_tetwild_0000.obj,0.9973027507464091,1
device_12_tetwild_0001.obj,0.9674558242162069,1
device_12_tetwild_0002.obj,0.9698378841082255,1
device_12_tetwild_0003.obj,0.936176598072052,1
device_12_tetwild_0004.obj,0.9955032070477804,1
device_12_tetwild_0005.obj,0.9936679402987162,1
device_12_tetwild_0006.obj,0.9985293745994568,1
device_12_tetwild_0007.obj,0.9984675248463949,1
device_12_tetwild_0008.obj,0.9868760307629904,1
device_12_tetwild_0009.obj,0.995698869228363,1
device_12_tetwild_0010.obj,0.9267182151476542,1
device_12_tetwild_0011.obj,0.8721610307693481,1
device_12_tetwild_0012.obj,0.9960832397143046,1
device_12_tetwild_0013.obj,0.98643559217453,1
device_12_tetwild_0014.obj,0.9930832982063293,1
device_12_tetwild_0015.obj,0.994382381439209,1
device_12_tetwild_0016.obj,0.9946406682332357,1
device_12_tetwild_0017.obj,0.8660114407539368,1
device_12_tetwild_0018.obj,0.9966627756754557,1
device_12_tetwild_0019.obj,0.9813566406567892,1
device_12_tetwild_0020.obj,0.9966777364412943,1
device_12_tetwild_0021.obj,0.9900711377461752,1
device_12_tetwild_0022.obj,0.9893343051274618,1
device_12_tetwild_0023.obj,0.9955537517865499,1
device_12_tetwild_0024.obj,0.9695675770441691,1
device_22_degenerate_0000.obj,0.9575191140174866,1
device_22_degenerate_0001.obj,0.9575191140174866,1
device_22_degenerate_0002.obj,0.9575191140174866,1
device_22_degenerate_0003.obj,0.9575191140174866,1
device_22_degenerate_0004.obj,0.9575191140174866,1
device_22_degenerate_0005.obj,0.9575191140174866,1
device_22_degenerate_0006.obj,0.9575191140174866,1
device_22_degenerate_0007.obj,0.9575191140174866,1
device_22_degenerate_0008.obj,0.9575191140174866,1
device_22_degenerate_0009.obj,0.9575191140174866,1
device_22_degenerate_0010.obj,0.9575191140174866,1
device_22_degenerate_0011.obj,0.9575191140174866,1
device_22_degenerate_0012.obj,0.9575191140174866,1
device_22_degenerate_0013.obj,0.9575191140174866,1
device_22_degenerate_0014.obj,0.9575191140174866,1
device_22_degenerate_0015.obj,0.9575191140174866,1
device_22_degenerate_0016.obj,0.9575191140174866,1
device_22_degenerate_0017.obj,0.9575191140174866,1
device_22_degenerate_0018.obj,0.9575191140174866,1
device_22_degenerate_0019.obj,0.9575191140174866,1
device_22_degenerate_0020.obj,0.9575191140174866,1
device_22_degenerate_0021.obj,0.9575191140174866,1
device_22_degenerate_0022.obj,0.9575191140174866,1
device_22_degenerate_0023.obj,0.9575191140174866,1
device_22_degenerate_0024.obj,0.9575191140174866,1
device_22_disconnected_0000.obj,0.9575191140174866,1
device_22_disconnected_0001.obj,0.9575191140174866,1
device_22_disconnected_0002.obj,0.9575191140174866,1
device_22_disconnected_0003.obj,0.9575191140174866,1
device_22_disconnected_0004.obj,0.9575191140174866,1
device_22_disconnected_0005.obj,0.9575191140174866,1
device_22_disconnected_0006.obj,0.9575191140174866,1
device_22_disconnected_0007.obj,0.9575191140174866,1
device_22_disconnected_0008.obj,0.9575191140174866,1
device_22_disconnected_0009.obj,0.9575191140174866,1
device_22_disconnected_0010.obj,0.9575191140174866,1
device_22_disconnected_0011.obj,0.9575191140174866,1
device_22_disconnected_0012.obj,0.9575191140174866,1
device_22_disconnected_0013.obj,0.9575191140174866,1
device_22_disconnected_0014.obj,0.9575191140174866,1
device_22_disconnected_0015.obj,0.9575191140174866,1
device_22_disconnected_0016.obj,0.9575191140174866,1
device_22_disconnected_0017.obj,0.9575191140174866,1
device_22_disconnected_0018.obj,0.9575191140174866,1
device_22_disconnected_0019.obj,0.9575191140174866,1
device_22_disconnected_0020.obj,0.9575191140174866,1
device_22_disconnected_0021.obj,0.9575191338857015,1
device_22_disconnected_0022.obj,0.9575191140174866,1
device_22_disconnected_0023.obj,0.9575191140174866,1
device_22_disconnected_0024.obj,0.9575191140174866,1
device_22_faceswap_0000.obj,0.9445641239484152,1
device_22_faceswap_0001.obj,0.9606679479281107,1
device_22_faceswap_0002.obj,0.966278612613678,1
device_22_faceswap_0003.obj,0.9589634537696838,1
device_22_faceswap_0004.obj,0.9567239681879679,1
device_22_faceswap_0005.obj,0.9686930179595947,1
device_22_faceswap_0006.obj,0.9688833554585775,1
device_22_faceswap_0007.obj,0.9473139643669128,1
device_22_faceswap_0008.obj,0.9700780312220255,1
device_22_faceswap_0009.obj,0.9694020549456278,1
device_22_faceswap_0010.obj,0.9403614600499471,1
device_22_faceswap_0011.obj,0.9563326040903727,1
device_22_faceswap_0012.obj,0.9627089103062948,1
device_22_faceswap_0013.obj,0.965343713760376,1
device_22_faceswap_0014.obj,0.9555086890856425,1
device_22_faceswap_0015.obj,0.9643045465151469,1
device_22_faceswap_0016.obj,0.9603693683942159,1
device_22_faceswap_0017.obj,0.9640912810961405,1
device_22_faceswap_0018.obj,0.9712532758712769,1
device_22_faceswap_0019.obj,0.9703226486841837,1
device_22_faceswap_0020.obj,0.9649584094683329,1
device_22_faceswap_0021.obj,0.9711780746777853,1
device_22_faceswap_0022.obj,0.9589901566505432,1
device_22_faceswap_0023.obj,0.9603795607884725,1
device_22_faceswap_0024.obj,0.9588791330655416,1
device_22_jitter_0000.obj,0.9695884784062704,1
device_22_jitter_0001.obj,0.9680490295092264,1
device_22_jitter_0002.obj,0.9709933797518412,1
device_22_jitter_0003.obj,0.9668610890706381,1
device_22_jitter_0004.obj,0.9708252350489298,1
device_22_jitter_0005.obj,0.966718594233195,1
device_22_jitter_0006.obj,0.9691105286280314,1
device_22_jitter_0007.obj,0.9594245950380961,1
device_22_jitter_0008.obj,0.9656756917635599,1
device_22_jitter_0009.obj,0.9657561182975769,1
device_22_jitter_0010.obj,0.9694095849990845,1
device_22_jitter_0011.obj,0.9591821630795797,1
device_22_jitter_0012.obj,0.9627059102058411,1
device_22_jitter_0013.obj,0.957752545674642,1
device_22_jitter_0014.obj,0.966103196144104,1
device_22_jitter_0015.obj,0.9553552865982056,1
device_22_jitter_0016.obj,0.9685105482737223,1
device_22_jitter_0017.obj,0.9702181220054626,1
device_22_jitter_0018.obj,0.9685375094413757,1
device_22_jitter_0019.obj,0.969441831111908,1
device_22_jitter_0020.obj,0.9684821565945944,1
device_22_jitter_0021.obj,0.9679165085156759,1
device_22_jitter_0022.obj,0.9713284770647684,1
device_22_jitter_0023.obj,0.9664802153905233,1
device_22_jitter_0024.obj,0.9706727464993795,1
device_22_rigid_0000.obj,0.9696767330169678,1
device_22_rigid_0001.obj,0.9694517850875854,1
device_22_rigid_0002.obj,0.9509929815928141,1
device_22_rigid_0003.obj,0.941642165184021,1
device_22_rigid_0004.obj,0.9456663131713867,1
device_22_rigid_0005.obj,0.9386488596598307,1
device_22_rigid_0006.obj,0.9603143334388733,1
device_22_rigid_0007.obj,0.9566012620925903,1
device_22_rigid_0008.obj,0.9572909275690714,1
device_22_rigid_0009.obj,0.9628533323605856,1
device_22_rigid_0010.obj,0.9672866861025492,1
device_22_rigid_0011.obj,0.9654985666275024,1
device_22_rigid_0012.obj,0.9546298185984293,1
device_22_rigid_0013.obj,0.9425025780995687,1
device_22_rigid_0014.obj,0.9516694148381551,1
device_22_rigid_0015.obj,0.9562673370043436,1
device_22_rigid_0016.obj,0.9670416514078776,1
device_22_rigid_0017.obj,0.9462858239809672,1
device_22_rigid_0018.obj,0.9431271553039551,1
device_22_rigid_0019.obj,0.9660163720448812,1
device_22_rigid_0020.obj,0.9619011084238688,1
device_22_rigid_0021.obj,0.9639337857564291,1
device_22_rigid_0022.obj,0.9429621895154318,1
device_22_rigid_0023.obj,0.9563611348470052,1
device_22_rigid_0024.obj,0.9654098550478617,1
device_22_tetwild_0000.obj,0.9957687656084696,1
device_22_tetwild_0001.obj,0.8962197105089823,1
device_22_tetwild_0002.obj,0.9101944963137308,1
device_22_tetwild_0003.obj,0.9895322521527609,1
device_22_tetwild_0004.obj,0.9730730255444845,1
device_22_tetwild_0005.obj,0.8141907056172689,1
device_22_tetwild_0006.obj,0.9250353574752808,1
device_22_tetwild_0007.obj,0.9984181523323059,1
device_22_tetwild_0008.obj,0.9093867739041647,1
device_22_tetwild_0009.obj,0.9894893765449524,1
device_22_tetwild_0010.obj,0.9985250433286031,1
device_22_tetwild_0011.obj,0.9976034363110861,1
device_22_tetwild_0012.obj,0.995079239209493,1
device_22_tetwild_0013.obj,0.9957179427146912,1
device_22_tetwild_0014.obj,0.9765747586886088,1
device_22_tetwild_0015.obj,0.9573427041371664,1
device_22_tetwild_0016.obj,0.993774950504303,1
device_22_tetwild_0017.obj,0.9988203446070353,1
device_22_tetwild_0018.obj,0.9895267883936564,1
device_22_tetwild_0019.obj,0.882408340771993,1
device_22_tetwild_0020.obj,0.788142204284668,1
device_22_tetwild_0021.obj,0.9681222438812256,1
device_22_tetwild_0022.obj,0.9956764777501425,1
device_22_tetwild_0023.obj,0.9989897410074869,1
device_22_tetwild_0024.obj,0.9988173246383667,1
device_21_degenerate_0000.obj,0.9993966420491537,1
device_21_degenerate_0001.obj,0.9993966420491537,1
device_21_degenerate_0002.obj,0.9993966420491537,1
device_21_degenerate_0003.obj,0.9993966420491537,1
device_21_degenerate_0004.obj,0.9993966420491537,1
device_21_degenerate_0005.obj,0.9993966420491537,1
device_21_degenerate_0006.obj,0.9993966420491537,1
device_21_degenerate_0007.obj,0.9993966420491537,1
device_21_degenerate_0008.obj,0.9993966420491537,1
device_21_degenerate_0009.obj,0.9993966420491537,1
device_21_degenerate_0010.obj,0.9993966420491537,1
device_21_degenerate_0011.obj,0.9993966420491537,1
device_21_degenerate_0012.obj,0.9993966420491537,1
device_21_degenerate_0013.obj,0.9993966420491537,1
device_21_degenerate_0014.obj,0.9993966420491537,1
device_21_degenerate_0015.obj,0.9993966420491537,1
device_21_degenerate_0016.obj,0.9993966420491537,1
device_21_degenerate_0017.obj,0.9993966420491537,1
device_21_degenerate_0018.obj,0.9993966420491537,1
device_21_degenerate_0019.obj,0.9993966420491537,1
device_21_degenerate_0020.obj,0.9993966420491537,1
device_21_degenerate_0021.obj,0.9993966420491537,1
device_21_degenerate_0022.obj,0.9993966420491537,1
device_21_degenerate_0023.obj,0.9993966420491537,1
device_21_degenerate_0024.obj,0.9993966420491537,1
device_21_disconnected_0000.obj,0.9993966420491537,1
device_21_disconnected_0001.obj,0.9993966420491537,1
device_21_disconnected_0002.obj,0.9993966420491537,1
device_21_disconnected_0003.obj,0.9993966420491537,1
device_21_disconnected_0004.obj,0.9993966420491537,1
device_21_disconnected_0005.obj,0.9993966420491537,1
device_21_disconnected_0006.obj,0.9993966420491537,1
device_21_disconnected_0007.obj,0.9993966420491537,1
device_21_disconnected_0008.obj,0.9993966420491537,1
device_21_disconnected_0009.obj,0.9993966420491537,1
device_21_disconnected_0010.obj,0.9993966420491537,1
device_21_disconnected_0011.obj,0.9993966420491537,1
device_21_disconnected_0012.obj,0.9993966420491537,1
device_21_disconnected_0013.obj,0.9993966420491537,1
device_21_disconnected_0014.obj,0.9993966420491537,1
device_21_disconnected_0015.obj,0.9993966420491537,1
device_21_disconnected_0016.obj,0.9993966420491537,1
device_21_disconnected_0017.obj,0.9993966420491537,1
device_21_disconnected_0018.obj,0.9993966420491537,1
device_21_disconnected_0019.obj,0.9993966420491537,1
device_21_disconnected_0020.obj,0.9993966420491537,1
device_21_disconnected_0021.obj,0.9993966420491537,1
device_21_disconnected_0022.obj,0.9993966420491537,1
device_21_disconnected_0023.obj,0.9993966420491537,1
device_21_disconnected_0024.obj,0.9993966420491537,1
device_21_faceswap_0000.obj,0.9996251861254374,1
device_21_faceswap_0001.obj,0.9996577501296997,1
device_21_faceswap_0002.obj,0.9988385438919067,1
device_21_faceswap_0003.obj,0.9985399643580118,1
device_21_faceswap_0004.obj,0.9994645516077677,1
device_21_faceswap_0005.obj,0.9994533260663351,1
device_21_faceswap_0006.obj,0.9992185632387797,1
device_21_faceswap_0007.obj,0.9991809725761414,1
device_21_faceswap_0008.obj,0.9991243481636047,1
device_21_faceswap_0009.obj,0.9991252024968466,1
device_21_faceswap_0010.obj,0.9993043939272562,1
device_21_faceswap_0011.obj,0.9992784460385641,1
device_21_faceswap_0012.obj,0.9996648629506429,1
device_21_faceswap_0013.obj,0.9994200865427653,1
device_21_faceswap_0014.obj,0.9995303153991699,1
device_21_faceswap_0015.obj,0.998823086420695,1
device_21_faceswap_0016.obj,0.9985804557800293,1
device_21_faceswap_0017.obj,0.999630331993103,1
device_21_faceswap_0018.obj,0.9996040066083273,1
device_21_faceswap_0019.obj,0.9990326166152954,1
device_21_faceswap_0020.obj,0.9918484886487325,1
device_21_faceswap_0021.obj,0.9989639719327291,1
device_21_faceswap_0022.obj,0.9973064064979553,1
device_21_faceswap_0023.obj,0.999234934647878,1
device_21_faceswap_0024.obj,0.9996435840924581,1
device_21_jitter_0000.obj,0.9974516034126282,1
device_21_jitter_0001.obj,0.9961005647977194,1
device_21_jitter_0002.obj,0.995727022488912,1
device_21_jitter_0003.obj,0.9987283746401469,1
device_21_jitter_0004.obj,0.9972231388092041,1
device_21_jitter_0005.obj,0.996017336845398,1
device_21_jitter_0006.obj,0.996476411819458,1
device_21_jitter_0007.obj,0.9983635544776917,1
device_21_jitter_0008.obj,0.9973422288894653,1
device_21_jitter_0009.obj,0.9971796870231628,1
device_21_jitter_0010.obj,0.9981540640195211,1
device_21_jitter_0011.obj,0.9954869548479716,1
device_21_jitter_0012.obj,0.995775838692983,1
device_21_jitter_0013.obj,0.9973866740862528,1
device_21_jitter_0014.obj,0.9960281252861023,1
device_21_jitter_0015.obj,0.9966911673545837,1
device_21_jitter_0016.obj,0.9954134225845337,1
device_21_jitter_0017.obj,0.9967631300290426,1
device_21_jitter_0018.obj,0.9980964660644531,1
device_21_jitter_0019.obj,0.9971583088239034,1
device_21_jitter_0020.obj,0.9982687632242838,1
device_21_jitter_0021.obj,0.9970688422520956,1
device_21_jitter_0022.obj,0.9972441792488098,1
device_21_jitter_0023.obj,0.9973481893539429,1
device_21_jitter_0024.obj,0.9966230392456055,1
device_21_rigid_0000.obj,0.9992814064025879,1
device_21_rigid_0001.obj,0.9994449416796366,1
device_21_rigid_0002.obj,0.9992571075757345,1
device_21_rigid_0003.obj,0.9992021520932516,1
device_21_rigid_0004.obj,0.9991520245869955,1
device_21_rigid_0005.obj,0.9993552962938944,1
device_21_rigid_0006.obj,0.9994116822878519,1
device_21_rigid_0007.obj,0.9990080197652181,1
device_21_rigid_0008.obj,0.9994577765464783,1
device_21_rigid_0009.obj,0.9992363651593527,1
device_21_rigid_0010.obj,0.9993170102437338,1
device_21_rigid_0011.obj,0.998880664507548,1
device_21_rigid_0012.obj,0.9995803236961365,1
device_21_rigid_0013.obj,0.9995503028233846,1
device_21_rigid_0014.obj,0.9994059801101685,1
device_21_rigid_0015.obj,0.9989728132883707,1
device_21_rigid_0016.obj,0.999284585316976,1
device_21_rigid_0017.obj,0.9990826845169067,1
device_21_rigid_0018.obj,0.9991405407587687,1
device_21_rigid_0019.obj,0.9994480212529501,1
device_21_rigid_0020.obj,0.9995524485905966,1
device_21_rigid_0021.obj,0.9990884065628052,1
device_21_rigid_0022.obj,0.9991682569185892,1
device_21_rigid_0023.obj,0.9990375638008118,1
device_21_rigid_0024.obj,0.9992176294326782,1
device_21_tetwild_0000.obj,0.9992781281471252,1
device_21_tetwild_0001.obj,0.9996583461761475,1
device_21_tetwild_0002.obj,0.9995616873105367,1
device_21_tetwild_0003.obj,0.9993768930435181,1
device_21_tetwild_0004.obj,0.9997603297233582,1
device_21_tetwild_0005.obj,0.9960732658704122,1
device_21_tetwild_0006.obj,0.9992723862330118,1
device_21_tetwild_0007.obj,0.999514083067576,1
device_21_tetwild_0008.obj,0.9992696046829224,1
device_21_tetwild_0009.obj,0.9989902973175049,1
device_21_tetwild_0010.obj,0.9995040893554688,1
device_21_tetwild_0011.obj,0.9983047644297282,1
device_21_tetwild_0012.obj,0.9983701507250468,1
device_21_tetwild_0013.obj,0.9998270273208618,1
device_21_tetwild_0014.obj,0.9967519640922546,1
device_21_tetwild_0015.obj,0.9988678296407064,1
device_21_tetwild_0016.obj,0.999626874923706,1
device_21_tetwild_0017.obj,0.9995468656222025,1
device_21_tetwild_0018.obj,0.9995567997296652,1
device_21_tetwild_0019.obj,0.9994398156801859,1
device_21_tetwild_0020.obj,0.990527351697286,1
device_21_tetwild_0021.obj,0.9997904896736145,1
device_21_tetwild_0022.obj,0.9988013108571371,1
device_21_tetwild_0023.obj,0.9989461501439413,1
device_21_tetwild_0024.obj,0.9996724923451742,1
device_13_degenerate_0000.obj,0.9871508479118347,1
device_13_degenerate_0001.obj,0.9871508479118347,1
device_13_degenerate_0002.obj,0.9871508479118347,1
device_13_degenerate_0003.obj,0.9871508479118347,1
device_13_degenerate_0004.obj,0.9871508479118347,1
device_13_degenerate_0005.obj,0.9871508479118347,1
device_13_degenerate_0006.obj,0.9871508479118347,1
device_13_degenerate_0007.obj,0.9871508479118347,1
device_13_degenerate_0008.obj,0.9871508479118347,1
device_13_degenerate_0009.obj,0.9871508479118347,1
device_13_degenerate_0010.obj,0.9871508479118347,1
device_13_degenerate_0011.obj,0.9871508479118347,1
device_13_degenerate_0012.obj,0.9871508479118347,1
device_13_degenerate_0013.obj,0.9871508479118347,1
device_13_degenerate_0014.obj,0.9871508479118347,1
device_13_degenerate_0015.obj,0.9871508479118347,1
device_13_degenerate_0016.obj,0.9871508479118347,1
device_13_degenerate_0017.obj,0.9871508479118347,1
device_13_degenerate_0018.obj,0.9871508479118347,1
device_13_degenerate_0019.obj,0.9871508479118347,1
device_13_degenerate_0020.obj,0.9871508479118347,1
device_13_degenerate_0021.obj,0.9871508479118347,1
device_13_degenerate_0022.obj,0.9871508479118347,1
device_13_degenerate_0023.obj,0.9871508479118347,1
device_13_degenerate_0024.obj,0.9871508479118347,1
device_13_disconnected_0000.obj,0.9871508479118347,1
device_13_disconnected_0001.obj,0.9871508479118347,1
device_13_disconnected_0002.obj,0.9871508479118347,1
device_13_disconnected_0003.obj,0.9871508479118347,1
device_13_disconnected_0004.obj,0.9871508479118347,1
device_13_disconnected_0005.obj,0.9871508479118347,1
device_13_disconnected_0006.obj,0.9871508479118347,1
device_13_disconnected_0007.obj,0.9871508479118347,1
device_13_disconnected_0008.obj,0.9871508479118347,1
device_13_disconnected_0009.obj,0.9871508479118347,1
device_13_disconnected_0010.obj,0.9871508479118347,1
device_13_disconnected_0011.obj,0.9871508479118347,1
device_13_disconnected_0012.obj,0.9871508479118347,1
device_13_disconnected_0013.obj,0.9871508479118347,1
device_13_disconnected_0014.obj,0.9871508479118347,1
device_13_disconnected_0015.obj,0.9871508479118347,1
device_13_disconnected_0016.obj,0.9871508479118347,1
device_13_disconnected_0017.obj,0.9871508479118347,1
device_13_disconnected_0018.obj,0.9871508479118347,1
device_13_disconnected_0019.obj,0.9871508479118347,1
device_13_disconnected_0020.obj,0.9871508479118347,1
device_13_disconnected_0021.obj,0.9871508479118347,1
device_13_disconnected_0022.obj,0.9871508479118347,1
device_13_disconnected_0023.obj,0.9871508479118347,1
device_13_disconnected_0024.obj,0.9881505568822225,1
device_13_faceswap_0000.obj,0.9875186880429586,1
device_13_faceswap_0001.obj,0.9867384632428488,1
device_13_faceswap_0002.obj,0.9870049754778544,1
device_13_faceswap_0003.obj,0.9870578050613403,1
device_13_faceswap_0004.obj,0.9825261433919271,1
device_13_faceswap_0005.obj,0.9842432141304016,1
device_13_faceswap_0006.obj,0.9866143067677816,1
device_13_faceswap_0007.obj,0.9840360085169474,1
device_13_faceswap_0008.obj,0.9858019153277079,1
device_13_faceswap_0009.obj,0.9546112219492594,1
device_13_faceswap_0010.obj,0.9843459526697794,1
device_13_faceswap_0011.obj,0.9827286601066589,1
device_13_faceswap_0012.obj,0.9831046859423319,1
device_13_faceswap_0013.obj,0.9858261346817017,1
device_13_faceswap_0014.obj,0.987119217713674,1
device_13_faceswap_0015.obj,0.9856548110644022,1
device_13_faceswap_0016.obj,0.9872597257296244,1
device_13_faceswap_0017.obj,0.9853579799334208,1
device_13_faceswap_0018.obj,0.9721121788024902,1
device_13_faceswap_0019.obj,0.9853628675142924,1
device_13_faceswap_0020.obj,0.983311931292216,1
device_13_faceswap_0021.obj,0.9805264870325724,1
device_13_faceswap_0022.obj,0.9859299659729004,1
device_13_faceswap_0023.obj,0.9820300340652466,1
device_13_faceswap_0024.obj,0.9831647674242655,1
device_13_jitter_0000.obj,0.9864023923873901,1
device_13_jitter_0001.obj,0.986585279305776,1
device_13_jitter_0002.obj,0.9861889680226644,1
device_13_jitter_0003.obj,0.9865117073059082,1
device_13_jitter_0004.obj,0.9856112202008566,1
device_13_jitter_0005.obj,0.9873123566309611,1
device_13_jitter_0006.obj,0.9859963456789652,1
device_13_jitter_0007.obj,0.9865413506825765,1
device_13_jitter_0008.obj,0.9854784409205118,1
device_13_jitter_0009.obj,0.9857560594876608,1
device_13_jitter_0010.obj,0.9862672487894694,1
device_13_jitter_0011.obj,0.9860649307568868,1
device_13_jitter_0012.obj,0.9868074059486389,1
device_13_jitter_0013.obj,0.9858305255572001,1
device_13_jitter_0014.obj,0.986361563205719,1
device_13_jitter_0015.obj,0.9849050243695577,1
device_13_jitter_0016.obj,0.9856906135876974,1
device_13_jitter_0017.obj,0.9864058494567871,1
device_13_jitter_0018.obj,0.9869007666905721,1
device_13_jitter_0019.obj,0.9861040512720743,1
device_13_jitter_0020.obj,0.9869564970334371,1
device_13_jitter_0021.obj,0.9860301415125529,1
device_13_jitter_0022.obj,0.986010471979777,1
device_13_jitter_0023.obj,0.9852201541264852,1
device_13_jitter_0024.obj,0.9867841204007467,1
device_13_rigid_0000.obj,0.9895772337913513,1
device_13_rigid_0001.obj,0.9866593678792318,1
device_13_rigid_0002.obj,0.9882447719573975,1
device_13_rigid_0003.obj,0.9873376886049906,1
device_13_rigid_0004.obj,0.9850565791130066,1
device_13_rigid_0005.obj,0.9883147676785787,1
device_13_rigid_0006.obj,0.9883230328559875,1
device_13_rigid_0007.obj,0.9887298544247946,1
device_13_rigid_0008.obj,0.9875896374384562,1
device_13_rigid_0009.obj,0.988438884417216,1
device_13_rigid_0010.obj,0.9890989263852438,1
device_13_rigid_0011.obj,0.9874138037363688,1
device_13_rigid_0012.obj,0.9895679752031962,1
device_13_rigid_0013.obj,0.98576420545578,1
device_13_rigid_0014.obj,0.9868339896202087,1
device_13_rigid_0015.obj,0.9867147405942281,1
device_13_rigid_0016.obj,0.9856664538383484,1
device_13_rigid_0017.obj,0.9878750244776408,1
device_13_rigid_0018.obj,0.9871904253959656,1
device_13_rigid_0019.obj,0.9888922572135925,1
device_13_rigid_0020.obj,0.9880370299021403,1
device_13_rigid_0021.obj,0.9883436560630798,1
device_13_rigid_0022.obj,0.9863147338231405,1
device_13_rigid_0023.obj,0.9890903830528259,1
device_13_rigid_0024.obj,0.9866329630215963,1
device_13_tetwild_0000.obj,0.9646969040234884,1
device_13_tetwild_0001.obj,0.9774434963862101,1
device_13_tetwild_0002.obj,0.981007973353068,1
device_13_tetwild_0003.obj,0.9863904515902201,1
device_13_tetwild_0004.obj,0.98134446144104,1
device_13_tetwild_0005.obj,0.9854148626327515,1
device_13_tetwild_0006.obj,0.942977249622345,1
device_13_tetwild_0007.obj,0.9554590980211893,1
device_13_tetwild_0008.obj,0.9728003144264221,1
device_13_tetwild_0009.obj,0.9848663409550985,1
device_13_tetwild_0010.obj,0.988367756207784,1
device_13_tetwild_0011.obj,0.9870489041010538,1
device_13_tetwild_0012.obj,0.9748339851697286,1
device_13_tetwild_0013.obj,0.9768925309181213,1
device_13_tetwild_0014.obj,0.9812600016593933,1
device_13_tetwild_0015.obj,0.9744763573010763,1
device_13_tetwild_0016.obj,0.9818423390388489,1
device_13_tetwild_0017.obj,0.9832211335500082,1
device_13_tetwild_0018.obj,0.9864938457806905,1
device_13_tetwild_0019.obj,0.9872778256734213,1
device_13_tetwild_0020.obj,0.9708051284154257,1
device_13_tetwild_0021.obj,0.9101574818293253,1
device_13_tetwild_0022.obj,0.9857232371966044,1
device_13_tetwild_0023.obj,0.9849000573158264,1
device_13_tetwild_0024.obj,0.9888518850008646,1
device_05_degenerate_0000.obj,0.9835748275121053,1
device_05_degenerate_0001.obj,0.9835748275121053,1
device_05_degenerate_0002.obj,0.9835748275121053,1
device_05_degenerate_0003.obj,0.9835748275121053,1
device_05_degenerate_0004.obj,0.9835748275121053,1
device_05_degenerate_0005.obj,0.9835748275121053,1
device_05_degenerate_0006.obj,0.9835748275121053,1
device_05_degenerate_0007.obj,0.9835748275121053,1
device_05_degenerate_0008.obj,0.9835748275121053,1
device_05_degenerate_0009.obj,0.9835748275121053,1
device_05_degenerate_0010.obj,0.9835748275121053,1
device_05_degenerate_0011.obj,0.9835748275121053,1
device_05_degenerate_0012.obj,0.9835748275121053,1
device_05_degenerate_0013.obj,0.9835748275121053,1
device_05_degenerate_0014.obj,0.9835748275121053,1
device_05_degenerate_0015.obj,0.9835748275121053,1
device_05_degenerate_0016.obj,0.9835748275121053,1
device_05_degenerate_0017.obj,0.9835748275121053,1
device_05_degenerate_0018.obj,0.9835748275121053,1
device_05_degenerate_0019.obj,0.9835748275121053,1
device_05_degenerate_0020.obj,0.9835748275121053,1
device_05_degenerate_0021.obj,0.9835748275121053,1
device_05_degenerate_0022.obj,0.9835748275121053,1
device_05_degenerate_0023.obj,0.9835748275121053,1
device_05_degenerate_0024.obj,0.9835748275121053,1
device_05_disconnected_0000.obj,0.9835748275121053,1
device_05_disconnected_0001.obj,0.9835748275121053,1
device_05_disconnected_0002.obj,0.9835748275121053,1
device_05_disconnected_0003.obj,0.9835748275121053,1
device_05_disconnected_0004.obj,0.9835748275121053,1
device_05_disconnected_0005.obj,0.9835748275121053,1
device_05_disconnected_0006.obj,0.9835748275121053,1
device_05_disconnected_0007.obj,0.9835748275121053,1
device_05_disconnected_0008.obj,0.9835748275121053,1
device_05_disconnected_0009.obj,0.9835748275121053,1
device_05_disconnected_0010.obj,0.9835748275121053,1
device_05_disconnected_0011.obj,0.9835748275121053,1
device_05_disconnected_0012.obj,0.9835748275121053,1
device_05_disconnected_0013.obj,0.9835748275121053,1
device_05_disconnected_0014.obj,0.9835748275121053,1
device_05_disconnected_0015.obj,0.9835748275121053,1
device_05_disconnected_0016.obj,0.9835748275121053,1
device_05_disconnected_0017.obj,0.9835748275121053,1
device_05_disconnected_0018.obj,0.9835748275121053,1
device_05_disconnected_0019.obj,0.9835748275121053,1
device_05_disconnected_0020.obj,0.9835748275121053,1
device_05_disconnected_0021.obj,0.9835748275121053,1
device_05_disconnected_0022.obj,0.9835748275121053,1
device_05_disconnected_0023.obj,0.9835748275121053,1
device_05_disconnected_0024.obj,0.9835748275121053,1
device_05_faceswap_0000.obj,0.9758513569831848,1
device_05_faceswap_0001.obj,0.9854546189308167,1
device_05_faceswap_0002.obj,0.9661558469136556,1
device_05_faceswap_0003.obj,0.9863088528315226,1
device_05_faceswap_0004.obj,0.9788725972175598,1
device_05_faceswap_0005.obj,0.9663671255111694,1
device_05_faceswap_0006.obj,0.9767212073008219,1
device_05_faceswap_0007.obj,0.9830884536107382,1
device_05_faceswap_0008.obj,0.9616418480873108,1
device_05_faceswap_0009.obj,0.9484942754109701,1
device_05_faceswap_0010.obj,0.9584555824597677,1
device_05_faceswap_0011.obj,0.9396729866663615,1
device_05_faceswap_0012.obj,0.9522014657656351,1
device_05_faceswap_0013.obj,0.9856276114781698,1
device_05_faceswap_0014.obj,0.9847809871037801,1
device_05_faceswap_0015.obj,0.9833934108416239,1
device_05_faceswap_0016.obj,0.9805971582730612,1
device_05_faceswap_0017.obj,0.9631123542785645,1
device_05_faceswap_0018.obj,0.9891961614290873,1
device_05_faceswap_0019.obj,0.9784336686134338,1
device_05_faceswap_0020.obj,0.9868810375531515,1
device_05_faceswap_0021.obj,0.9636537830034891,1
device_05_faceswap_0022.obj,0.9888564944267273,1
device_05_faceswap_0023.obj,0.9872682889302572,1
device_05_faceswap_0024.obj,0.9536778529485067,1
device_05_jitter_0000.obj,0.979226311047872,1
device_05_jitter_0001.obj,0.9818758567174276,1
device_05_jitter_0002.obj,0.9837786157925924,1
device_05_jitter_0003.obj,0.9798876245816549,1
device_05_jitter_0004.obj,0.9813534021377563,1
device_05_jitter_0005.obj,0.9775293866793314,1
device_05_jitter_0006.obj,0.9833757479985555,1
device_05_jitter_0007.obj,0.9784436225891113,1
device_05_jitter_0008.obj,0.9835127194722494,1
device_05_jitter_0009.obj,0.9863794247309366,1
device_05_jitter_0010.obj,0.9820039470990499,1
device_05_jitter_0011.obj,0.9811105330785116,1
device_05_jitter_0012.obj,0.9827579458554586,1
device_05_jitter_0013.obj,0.9817924698193868,1
device_05_jitter_0014.obj,0.9845214088757833,1
device_05_jitter_0015.obj,0.9808792273203532,1
device_05_jitter_0016.obj,0.9812705715497335,1
device_05_jitter_0017.obj,0.9819422364234924,1
device_05_jitter_0018.obj,0.9815153876940409,1
device_05_jitter_0019.obj,0.9799070159594218,1
device_05_jitter_0020.obj,0.9772074023882548,1
device_05_jitter_0021.obj,0.9805894891421,1
device_05_jitter_0022.obj,0.9803278644879659,1
device_05_jitter_0023.obj,0.9816264311472574,1
device_05_jitter_0024.obj,0.9852585792541504,1
device_05_rigid_0000.obj,0.981542189915975,1
device_05_rigid_0001.obj,0.9841876824696859,1
device_05_rigid_0002.obj,0.9884741107622782,1
device_05_rigid_0003.obj,0.9833471775054932,1
device_05_rigid_0004.obj,0.9751306970914205,1
device_05_rigid_0005.obj,0.9829587340354919,1
device_05_rigid_0006.obj,0.9868359764417013,1
device_05_rigid_0007.obj,0.983586311340332,1
device_05_rigid_0008.obj,0.9847279985745748,1
device_05_rigid_0009.obj,0.9786578814188639,1
device_05_rigid_0010.obj,0.9859514633814493,1
device_05_rigid_0011.obj,0.9843215545018514,1
device_05_rigid_0012.obj,0.9827821850776672,1
device_05_rigid_0013.obj,0.9849075476328532,1
device_05_rigid_0014.obj,0.9843252499898275,1
device_05_rigid_0015.obj,0.986254096031189,1
device_05_rigid_0016.obj,0.9844338297843933,1
device_05_rigid_0017.obj,0.9829080104827881,1
device_05_rigid_0018.obj,0.9853596687316895,1
device_05_rigid_0019.obj,0.9775667985280355,1
device_05_rigid_0020.obj,0.9767804741859436,1
device_05_rigid_0021.obj,0.984839916229248,1
device_05_rigid_0022.obj,0.9860694209734598,1
device_05_rigid_0023.obj,0.9841297666231791,1
device_05_rigid_0024.obj,0.9845020174980164,1
device_05_tetwild_0000.obj,0.9812531471252441,1
device_05_tetwild_0001.obj,0.9734372496604919,1
device_05_tetwild_0002.obj,0.9287994305292765,1
device_05_tetwild_0003.obj,0.9818920493125916,1
device_05_tetwild_0004.obj,0.858097513516744,1
device_05_tetwild_0005.obj,0.9175671935081482,1
device_05_tetwild_0006.obj,0.9798120856285095,1
device_05_tetwild_0007.obj,0.9555458823839823,1
device_05_tetwild_0008.obj,0.9712631503740946,1
device_05_tetwild_0009.obj,0.9734194874763489,1
device_05_tetwild_0010.obj,0.9905257225036621,1
device_05_tetwild_0011.obj,0.9858301877975464,1
device_05_tetwild_0012.obj,0.9832939704259237,1
device_05_tetwild_0013.obj,0.9727608958880106,1
device_05_tetwild_0014.obj,0.9857489864031473,1
device_05_tetwild_0015.obj,0.7223344147205353,1
device_05_tetwild_0016.obj,0.652908444404602,1
device_05_tetwild_0017.obj,0.9853784243265787,1
device_05_tetwild_0018.obj,0.9501219193140665,1
device_05_tetwild_0020.obj,0.9873423178990682,1
device_05_tetwild_0021.obj,0.9884982109069824,1
device_05_tetwild_0022.obj,0.9852079550425211,1
device_05_tetwild_0023.obj,0.9732192158699036,1
device_05_tetwild_0024.obj,0.9835760792096456,1
device_25_degenerate_0000.obj,0.8920410474141439,1
device_25_degenerate_0001.obj,0.8920410474141439,1
device_25_degenerate_0002.obj,0.8920410474141439,1
device_25_degenerate_0003.obj,0.8920410474141439,1
device_25_degenerate_0004.obj,0.8920410474141439,1
device_25_degenerate_0005.obj,0.8920410474141439,1
device_25_degenerate_0006.obj,0.8920410474141439,1
device_25_degenerate_0007.obj,0.8920410474141439,1
device_25_degenerate_0008.obj,0.8920410474141439,1
device_25_degenerate_0009.obj,0.8920410474141439,1
device_25_degenerate_0010.obj,0.8920410474141439,1
device_25_degenerate_0011.obj,0.8920410474141439,1
device_25_degenerate_0012.obj,0.8920410474141439,1
device_25_degenerate_0013.obj,0.8920410474141439,1
device_25_degenerate_0014.obj,0.8920410474141439,1
device_25_degenerate_0015.obj,0.8920410474141439,1
device_25_degenerate_0016.obj,0.8920410474141439,1
device_25_degenerate_0017.obj,0.8920410474141439,1
device_25_degenerate_0018.obj,0.8920410474141439,1
device_25_degenerate_0019.obj,0.8920410474141439,1
device_25_degenerate_0020.obj,0.8920410474141439,1
device_25_degenerate_0021.obj,0.8920410474141439,1
device_25_degenerate_0022.obj,0.8920410474141439,1
device_25_degenerate_0023.obj,0.8920410474141439,1
device_25_degenerate_0024.obj,0.8920410474141439,1
device_25_disconnected_0000.obj,0.8920410474141439,1
device_25_disconnected_0001.obj,0.8920410474141439,1
device_25_disconnected_0002.obj,0.8920410474141439,1
device_25_disconnected_0003.obj,0.8920410474141439,1
device_25_disconnected_0004.obj,0.8920410474141439,1
device_25_disconnected_0005.obj,0.8920410474141439,1
device_25_disconnected_0006.obj,0.8920410474141439,1
device_25_disconnected_0007.obj,0.8920410474141439,1
device_25_disconnected_0008.obj,0.8920410474141439,1
device_25_disconnected_0009.obj,0.8920410474141439,1
device_25_disconnected_0010.obj,0.8920410474141439,1
device_25_disconnected_0011.obj,0.8920410474141439,1
device_25_disconnected_0012.obj,0.8920410474141439,1
device_25_disconnected_0013.obj,0.8920410474141439,1
device_25_disconnected_0014.obj,0.8920410474141439,1
device_25_disconnected_0015.obj,0.8920410474141439,1
device_25_disconnected_0016.obj,0.8920410474141439,1
device_25_disconnected_0017.obj,0.8920410474141439,1
device_25_disconnected_0018.obj,0.8920410474141439,1
device_25_disconnected_0019.obj,0.8920410474141439,1
device_25_disconnected_0020.obj,0.8920410474141439,1
device_25_disconnected_0021.obj,0.8920410474141439,1
device_25_disconnected_0022.obj,0.8920410474141439,1
device_25_disconnected_0023.obj,0.8920410474141439,1
device_25_disconnected_0024.obj,0.9632847309112549,1
device_25_faceswap_0000.obj,0.9138926863670349,1
device_25_faceswap_0001.obj,0.8997805913289388,1
device_25_faceswap_0002.obj,0.8731725613276163,1
device_25_faceswap_0003.obj,0.89555956919988,1
device_25_faceswap_0004.obj,0.9018794496854147,1
device_25_faceswap_0005.obj,0.9026729861895243,1
device_25_faceswap_0006.obj,0.9023482799530029,1
device_25_faceswap_0007.obj,0.900450070699056,1
device_25_faceswap_0008.obj,0.8976593414942423,1
device_25_faceswap_0009.obj,0.9061317245165507,1
device_25_faceswap_0010.obj,0.901356558005015,1
device_25_faceswap_0011.obj,0.9036732117335001,1
device_25_faceswap_0012.obj,0.8565448721249899,1
device_25_faceswap_0013.obj,0.8963417609532675,1
device_25_faceswap_0014.obj,0.8817431728045145,1
device_25_faceswap_0015.obj,0.8762815197308859,1
device_25_faceswap_0016.obj,0.8841869433720907,1
device_25_faceswap_0017.obj,0.900896946589152,1
device_25_faceswap_0018.obj,0.8989916642506918,1
device_25_faceswap_0019.obj,0.879265546798706,1
device_25_faceswap_0020.obj,0.8819847504297892,1
device_25_faceswap_0021.obj,0.890354573726654,1
device_25_faceswap_0022.obj,0.90831591685613,1
device_25_faceswap_0023.obj,0.8990329702695211,1
device_25_faceswap_0024.obj,0.86075492699941,1
device_25_jitter_0000.obj,0.9079955220222473,1
device_25_jitter_0001.obj,0.8936873277028402,1
device_25_jitter_0002.obj,0.9079123934110006,1
device_25_jitter_0003.obj,0.9075425068537394,1
device_25_jitter_0004.obj,0.9043242335319519,1
device_25_jitter_0005.obj,0.9046833713849386,1
device_25_jitter_0006.obj,0.8968574404716492,1
device_25_jitter_0007.obj,0.9017702142397562,1
device_25_jitter_0008.obj,0.9072862267494202,1
device_25_jitter_0009.obj,0.9025813341140747,1
device_25_jitter_0010.obj,0.910274346669515,1
device_25_jitter_0011.obj,0.9029126365979513,1
device_25_jitter_0012.obj,0.895527164141337,1
device_25_jitter_0013.obj,0.9096702138582865,1
device_25_jitter_0014.obj,0.9095420440038046,1
device_25_jitter_0015.obj,0.895872970422109,1
device_25_jitter_0016.obj,0.9046358267466227,1
device_25_jitter_0017.obj,0.9109379450480143,1
device_25_jitter_0018.obj,0.9034673372904459,1
device_25_jitter_0019.obj,0.9067453742027283,1
device_25_jitter_0020.obj,0.9041013916333517,1
device_25_jitter_0021.obj,0.9019417961438497,1
device_25_jitter_0022.obj,0.9092972079912821,1
device_25_jitter_0023.obj,0.8995300531387329,1
device_25_jitter_0024.obj,0.9065356055895487,1
device_25_rigid_0000.obj,0.9322153131167094,1
device_25_rigid_0001.obj,0.9303613106409708,1
device_25_rigid_0002.obj,0.907618780930837,1
device_25_rigid_0003.obj,0.9016217390696207,1
device_25_rigid_0004.obj,0.9138346314430237,1
device_25_rigid_0005.obj,0.910737156867981,1
device_25_rigid_0006.obj,0.9164198438326517,1
device_25_rigid_0007.obj,0.8892616430918375,1
device_25_rigid_0008.obj,0.8840262293815613,1
device_25_rigid_0009.obj,0.8873720367749532,1
device_25_rigid_0010.obj,0.9340849121411642,1
device_25_rigid_0011.obj,0.9051623344421387,1
device_25_rigid_0012.obj,0.9115118980407715,1
device_25_rigid_0013.obj,0.8841429750124613,1
device_25_rigid_0014.obj,0.9202854832013448,1
device_25_rigid_0015.obj,0.9078114628791809,1
device_25_rigid_0016.obj,0.8814608653386434,1
device_25_rigid_0017.obj,0.888053278128306,1
device_25_rigid_0018.obj,0.9145129323005676,1
device_25_rigid_0019.obj,0.8956025242805481,1
device_25_rigid_0020.obj,0.9032960335413615,1
device_25_rigid_0021.obj,0.8880387345949808,1
device_25_rigid_0022.obj,0.9159350991249084,1
device_25_rigid_0023.obj,0.8779666622479757,1
device_25_rigid_0024.obj,0.8965246280034384,1
device_25_tetwild_0000.obj,0.8997107148170471,1
device_25_tetwild_0001.obj,0.8436829050381979,1
device_25_tetwild_0002.obj,0.9063204129536947,1
device_25_tetwild_0003.obj,0.8917980988820394,1
device_25_tetwild_0004.obj,0.9381005764007568,1
device_25_tetwild_0005.obj,0.8702742258707682,1
device_25_tetwild_0006.obj,0.8982545336087545,1
device_25_tetwild_0007.obj,0.853920559088389,1
device_25_tetwild_0008.obj,0.8104909261067709,1
device_25_tetwild_0009.obj,0.9057257572809855,1
device_25_tetwild_0010.obj,0.8954744736353556,1
device_25_tetwild_0011.obj,0.874532957871755,1
device_25_tetwild_0012.obj,0.8863377372423807,1
device_25_tetwild_0013.obj,0.8459952473640442,1
device_25_tetwild_0014.obj,0.9035568435986837,1
device_25_tetwild_0015.obj,0.845646858215332,1
device_25_tetwild_0016.obj,0.9017634789148966,1
device_25_tetwild_0017.obj,0.9062084555625916,1
device_25_tetwild_0018.obj,0.9039047559102377,1
device_25_tetwild_0019.obj,0.9003678957621256,1
device_25_tetwild_0020.obj,0.8869661490122477,1
device_25_tetwild_0021.obj,0.889000415802002,1
device_25_tetwild_0022.obj,0.857393205165863,1
device_25_tetwild_0023.obj,0.9015030264854431,1
device_25_tetwild_0024.obj,0.9202779134114584,1
device_26_degenerate_0000.obj,0.8689502676328024,1
device_26_degenerate_0001.obj,0.8689502676328024,1
device_26_degenerate_0002.obj,0.8689502676328024,1
device_26_degenerate_0003.obj,0.8689502676328024,1
device_26_degenerate_0004.obj,0.8689502676328024,1
device_26_degenerate_0005.obj,0.8689502676328024,1
device_26_degenerate_0006.obj,0.8689502676328024,1
device_26_degenerate_0007.obj,0.8689502676328024,1
device_26_degenerate_0008.obj,0.8689502676328024,1
device_26_degenerate_0009.obj,0.8689502676328024,1
device_26_degenerate_0010.obj,0.8689502676328024,1
device_26_degenerate_0011.obj,0.8689502676328024,1
device_26_degenerate_0012.obj,0.8689502676328024,1
device_26_degenerate_0013.obj,0.8689502676328024,1
device_26_degenerate_0014.obj,0.8689502676328024,1
device_26_degenerate_0015.obj,0.8689502676328024,1
device_26_degenerate_0016.obj,0.8689502676328024,1
device_26_degenerate_0017.obj,0.8689502676328024,1
device_26_degenerate_0018.obj,0.8689502676328024,1
device_26_degenerate_0019.obj,0.8689502676328024,1
device_26_degenerate_0020.obj,0.8689502676328024,1
device_26_degenerate_0021.obj,0.8689502676328024,1
device_26_degenerate_0022.obj,0.8689502676328024,1
device_26_degenerate_0023.obj,0.8689502676328024,1
device_26_degenerate_0024.obj,0.8689502676328024,1
device_26_disconnected_0000.obj,0.8909584283828735,1
device_26_disconnected_0001.obj,0.8689502676328024,1
device_26_disconnected_0002.obj,0.8689502676328024,1
device_26_disconnected_0003.obj,0.8689502676328024,1
device_26_disconnected_0004.obj,0.8689502676328024,1
device_26_disconnected_0005.obj,0.8689502676328024,1
device_26_disconnected_0006.obj,0.8689502676328024,1
device_26_disconnected_0007.obj,0.8689502676328024,1
device_26_disconnected_0008.obj,0.8689502676328024,1
device_26_disconnected_0009.obj,0.8689502676328024,1
device_26_disconnected_0010.obj,0.8689502676328024,1
device_26_disconnected_0011.obj,0.8689502676328024,1
device_26_disconnected_0012.obj,0.8689502676328024,1
device_26_disconnected_0013.obj,0.8689502676328024,1
device_26_disconnected_0014.obj,0.8689502676328024,1
device_26_disconnected_0015.obj,0.8689502676328024,1
device_26_disconnected_0016.obj,0.8689502676328024,1
device_26_disconnected_0017.obj,0.8904206951459249,1
device_26_disconnected_0018.obj,0.8689502676328024,1
device_26_disconnected_0019.obj,0.9156379501024882,1
device_26_disconnected_0020.obj,0.8689502676328024,1
device_26_disconnected_0021.obj,0.8689502676328024,1
device_26_disconnected_0022.obj,0.8689502676328024,1
device_26_disconnected_0023.obj,0.8689502676328024,1
device_26_disconnected_0024.obj,0.8689502676328024,1
device_26_faceswap_0000.obj,0.8263657490412394,1
device_26_faceswap_0001.obj,0.8861358364423116,1
device_26_faceswap_0002.obj,0.8073379000027975,1
device_26_faceswap_0003.obj,0.8726483384768168,1
device_26_faceswap_0004.obj,0.8668074806531271,1
device_26_faceswap_0005.obj,0.8412444194157919,1
device_26_faceswap_0006.obj,0.8064495126406351,1
device_26_faceswap_0007.obj,0.8940708041191101,1
device_26_faceswap_0008.obj,0.8548317352930704,1
device_26_faceswap_0009.obj,0.8709707458813986,1
device_26_faceswap_0010.obj,0.901956299940745,1
device_26_faceswap_0011.obj,0.8181569377581278,1
device_26_faceswap_0012.obj,0.8877683083216349,1
device_26_faceswap_0013.obj,0.8744741082191467,1
device_26_faceswap_0014.obj,0.8640410900115967,1
device_26_faceswap_0015.obj,0.8437045415242513,1
device_26_faceswap_0016.obj,0.8874589403470358,1
device_26_faceswap_0017.obj,0.8907305796941122,1
device_26_faceswap_0018.obj,0.8008928696314493,1
device_26_faceswap_0019.obj,0.3815665195385615,1
device_26_faceswap_0020.obj,0.8771307468414307,1
device_26_faceswap_0021.obj,0.8537466724713644,1
device_26_faceswap_0022.obj,0.8648765285809835,1
device_26_faceswap_0023.obj,0.8704293767611185,1
device_26_faceswap_0024.obj,0.9281836946805319,1
device_26_jitter_0000.obj,0.828150192896525,1
device_26_jitter_0001.obj,0.8468535939852396,1
device_26_jitter_0002.obj,0.8405252496401469,1
device_26_jitter_0003.obj,0.8401834766070048,1
device_26_jitter_0004.obj,0.8470678528149923,1
device_26_jitter_0005.obj,0.8808063864707947,1
device_26_jitter_0006.obj,0.8497433265050253,1
device_26_jitter_0007.obj,0.8495123187700907,1
device_26_jitter_0008.obj,0.8691050211588541,1
device_26_jitter_0009.obj,0.8598993619283041,1
device_26_jitter_0010.obj,0.86067134141922,1
device_26_jitter_0011.obj,0.8773795167605082,1
device_26_jitter_0012.obj,0.8141854206720988,1
device_26_jitter_0013.obj,0.8335932095845541,1
device_26_jitter_0014.obj,0.8404674331347147,1
device_26_jitter_0015.obj,0.8287211457888285,1
device_26_jitter_0016.obj,0.8807234565416971,1
device_26_jitter_0017.obj,0.8457072178522745,1
device_26_jitter_0018.obj,0.8488387664159139,1
device_26_jitter_0019.obj,0.8417405883471171,1
device_26_jitter_0020.obj,0.8711443146069845,1
device_26_jitter_0021.obj,0.7990582585334778,1
device_26_jitter_0022.obj,0.8785242239634196,1
device_26_jitter_0023.obj,0.8649033506711324,1
device_26_jitter_0024.obj,0.8840267062187195,1
device_26_rigid_0000.obj,0.8437017997105917,1
device_26_rigid_0001.obj,0.8989172776540121,1
device_26_rigid_0002.obj,0.8685315052668253,1
device_26_rigid_0003.obj,0.8798078497250875,1
device_26_rigid_0004.obj,0.8664470712343851,1
device_26_rigid_0005.obj,0.8749101360638937,1
device_26_rigid_0006.obj,0.8903115590413412,1
device_26_rigid_0007.obj,0.8928566376368204,1
device_26_rigid_0008.obj,0.8343013326327006,1
device_26_rigid_0009.obj,0.8364590406417847,1
device_26_rigid_0010.obj,0.8665082454681396,1
device_26_rigid_0011.obj,0.8834354281425476,1
device_26_rigid_0012.obj,0.8845554192860922,1
device_26_rigid_0013.obj,0.8943861126899719,1
device_26_rigid_0014.obj,0.8688450654347738,1
device_26_rigid_0015.obj,0.886739194393158,1
device_26_rigid_0016.obj,0.900820235411326,1
device_26_rigid_0017.obj,0.9079362352689108,1
device_26_rigid_0018.obj,0.8695613145828247,1
device_26_rigid_0019.obj,0.8592427968978882,1
device_26_rigid_0020.obj,0.9028000632921854,1
device_26_rigid_0021.obj,0.8963189323743185,1
device_26_rigid_0022.obj,0.8881221214930216,1
device_26_rigid_0023.obj,0.9111345211664835,1
device_26_rigid_0024.obj,0.878729502360026,1
device_26_tetwild_0000.obj,0.9108793139457703,1
device_26_tetwild_0001.obj,0.8846867084503174,1
device_26_tetwild_0002.obj,0.8287057677904764,1
device_26_tetwild_0003.obj,0.9144588112831116,1
device_26_tetwild_0004.obj,0.884052594502767,1
device_26_tetwild_0005.obj,0.7510886589686075,1
device_26_tetwild_0006.obj,0.8123636047045389,1
device_26_tetwild_0007.obj,0.8899991710980734,1
device_26_tetwild_0008.obj,0.808988889058431,1
device_26_tetwild_0009.obj,0.9180250763893127,1
device_26_tetwild_0010.obj,0.8408270676930746,1
device_26_tetwild_0011.obj,0.8793460130691528,1
device_26_tetwild_0012.obj,0.7914398709932963,1
device_26_tetwild_0013.obj,0.9017483790715536,1
device_26_tetwild_0014.obj,0.8796882033348083,1
device_26_tetwild_0015.obj,0.8569795687993368,1
device_26_tetwild_0016.obj,0.9092745979626974,1
device_26_tetwild_0017.obj,0.9045617580413818,1
device_26_tetwild_0018.obj,0.8523277640342712,1
device_26_tetwild_0019.obj,0.8500768542289734,1
device_26_tetwild_0020.obj,0.8918334643046061,1
device_26_tetwild_0021.obj,0.8966704607009888,1
device_26_tetwild_0022.obj,0.8673487901687622,1
device_26_tetwild_0023.obj,0.7889816959698995,1
device_10_degenerate_0000.obj,0.9872933228810629,1
device_10_degenerate_0001.obj,0.9872933228810629,1
device_10_degenerate_0002.obj,0.9872933228810629,1
device_10_degenerate_0003.obj,0.9872933228810629,1
device_10_degenerate_0004.obj,0.9872933228810629,1
device_10_degenerate_0005.obj,0.9872933228810629,1
device_10_degenerate_0006.obj,0.9872933228810629,1
device_10_degenerate_0007.obj,0.9872933228810629,1
device_10_degenerate_0008.obj,0.9872933228810629,1
device_10_degenerate_0009.obj,0.9872933228810629,1
device_10_degenerate_0010.obj,0.9872933228810629,1
device_10_degenerate_0011.obj,0.9872933228810629,1
device_10_degenerate_0012.obj,0.9872933228810629,1
device_10_degenerate_0013.obj,0.9872933228810629,1
device_10_degenerate_0014.obj,0.9872933228810629,1
device_10_degenerate_0015.obj,0.9872933228810629,1
device_10_degenerate_0016.obj,0.9872933228810629,1
device_10_degenerate_0017.obj,0.9872933228810629,1
device_10_degenerate_0018.obj,0.9872933228810629,1
device_10_degenerate_0019.obj,0.9872933228810629,1
device_10_degenerate_0020.obj,0.9872933228810629,1
device_10_degenerate_0021.obj,0.9872933228810629,1
device_10_degenerate_0022.obj,0.9872933228810629,1
device_10_degenerate_0023.obj,0.9872933228810629,1
device_10_degenerate_0024.obj,0.9872933228810629,1
device_10_disconnected_0000.obj,0.9872933228810629,1
device_10_disconnected_0001.obj,0.9872933228810629,1
device_10_disconnected_0002.obj,0.9872933228810629,1
device_10_disconnected_0003.obj,0.9872933228810629,1
device_10_disconnected_0004.obj,0.9872933228810629,1
device_10_disconnected_0005.obj,0.9872933228810629,1
device_10_disconnected_0006.obj,0.9872933228810629,1
device_10_disconnected_0007.obj,0.9872933228810629,1
device_10_disconnected_0008.obj,0.9872933228810629,1
device_10_disconnected_0009.obj,0.9872933228810629,1
device_10_disconnected_0010.obj,0.9872933228810629,1
device_10_disconnected_0011.obj,0.9872933228810629,1
device_10_disconnected_0012.obj,0.9872933228810629,1
device_10_disconnected_0013.obj,0.9872933228810629,1
device_10_disconnected_0014.obj,0.9872933228810629,1
device_10_disconnected_0015.obj,0.9872933228810629,1
device_10_disconnected_0016.obj,0.9872933228810629,1
device_10_disconnected_0017.obj,0.9872933228810629,1
device_10_disconnected_0018.obj,0.9872933228810629,1
device_10_disconnected_0019.obj,0.9872933228810629,1
device_10_disconnected_0020.obj,0.9872933228810629,1
device_10_disconnected_0021.obj,0.9872933228810629,1
device_10_disconnected_0022.obj,0.9872933228810629,1
device_10_disconnected_0023.obj,0.9872933228810629,1
device_10_disconnected_0024.obj,0.9872933228810629,1
device_10_faceswap_0000.obj,0.9770586689313253,1
device_10_faceswap_0001.obj,0.9947923819224039,1
device_10_faceswap_0002.obj,0.9855161507924398,1
device_10_faceswap_0003.obj,0.9346885879834493,1
device_10_faceswap_0004.obj,0.9910542170206705,1
device_10_faceswap_0005.obj,0.9637490510940552,1
device_10_faceswap_0006.obj,0.9952769080797831,1
device_10_faceswap_0007.obj,0.9875770608584086,1
device_10_faceswap_0008.obj,0.9939062595367432,1
device_10_faceswap_0009.obj,0.9907590945561727,1
device_10_faceswap_0010.obj,0.9923708637555441,1
device_10_faceswap_0011.obj,0.9896602431933085,1
device_10_faceswap_0012.obj,0.9951412677764893,1
device_10_faceswap_0013.obj,0.9859293897946676,1
device_10_faceswap_0014.obj,0.9855633974075317,1
device_10_faceswap_0015.obj,0.9944315552711487,1
device_10_faceswap_0016.obj,0.9789420564969381,1
device_10_faceswap_0017.obj,0.9884998401006063,1
device_10_faceswap_0018.obj,0.9760453899701437,1
device_10_faceswap_0019.obj,0.9895145495732626,1
device_10_faceswap_0020.obj,0.9769445459047953,1
device_10_faceswap_0021.obj,0.9914468129475912,1
device_10_faceswap_0022.obj,0.9850106040636698,1
device_10_faceswap_0023.obj,0.9640442132949829,1
device_10_faceswap_0024.obj,0.8617067535718282,1
device_10_jitter_0000.obj,0.9878146052360535,1
device_10_jitter_0001.obj,0.9844616850217184,1
device_10_jitter_0002.obj,0.9761753877003988,1
device_10_jitter_0003.obj,0.9812608559926351,1
device_10_jitter_0004.obj,0.98578941822052,1
device_10_jitter_0005.obj,0.9854490359624227,1
device_10_jitter_0006.obj,0.976800004641215,1
device_10_jitter_0007.obj,0.9871472120285034,1
device_10_jitter_0008.obj,0.9871345361073812,1
device_10_jitter_0009.obj,0.9835476477940878,1
device_10_jitter_0010.obj,0.9863000909487406,1
device_10_jitter_0011.obj,0.9832731684048971,1
device_10_jitter_0012.obj,0.9804370601971945,1
device_10_jitter_0013.obj,0.9825907746950785,1
device_10_jitter_0014.obj,0.9825868805249532,1
device_10_jitter_0015.obj,0.9876807928085327,1
device_10_jitter_0016.obj,0.9831997156143188,1
device_10_jitter_0017.obj,0.9784115751584371,1
device_10_jitter_0018.obj,0.973532517751058,1
device_10_jitter_0019.obj,0.9826277097066244,1
device_10_jitter_0020.obj,0.9749241868654887,1
device_10_jitter_0021.obj,0.9791467984517416,1
device_10_jitter_0022.obj,0.9800530274709066,1
device_10_jitter_0023.obj,0.9841307401657104,1
device_10_jitter_0024.obj,0.986065149307251,1
device_10_rigid_0000.obj,0.9837982257207235,1
device_10_rigid_0001.obj,0.9894363284111023,1
device_10_rigid_0002.obj,0.9926801522572836,1
device_10_rigid_0003.obj,0.9846815665562948,1
device_10_rigid_0004.obj,0.9915846188863119,1
device_10_rigid_0005.obj,0.9906098246574402,1
device_10_rigid_0006.obj,0.9842267433802286,1
device_10_rigid_0007.obj,0.9914301236470541,1
device_10_rigid_0008.obj,0.9914765159289042,1
device_10_rigid_0009.obj,0.9912145137786865,1
device_10_rigid_0010.obj,0.9898027976353964,1
device_10_rigid_0011.obj,0.9903676708539327,1
device_10_rigid_0012.obj,0.9908635417620341,1
device_10_rigid_0013.obj,0.9907103578249613,1
device_10_rigid_0014.obj,0.9891591469446818,1
device_10_rigid_0015.obj,0.9895332256952921,1
device_10_rigid_0016.obj,0.9875137408574423,1
device_10_rigid_0017.obj,0.9907345374425253,1
device_10_rigid_0018.obj,0.987534244855245,1
device_10_rigid_0019.obj,0.9898259242375692,1
device_10_rigid_0020.obj,0.9894096652666727,1
device_10_rigid_0021.obj,0.9909586707750956,1
device_10_rigid_0022.obj,0.98356560866038,1
device_10_rigid_0023.obj,0.9867792328198751,1
device_10_rigid_0024.obj,0.9901304443677267,1
device_10_tetwild_0000.obj,0.9725049535433451,1
device_10_tetwild_0001.obj,0.9884100953737894,1
device_10_tetwild_0002.obj,0.9876489639282227,1
device_10_tetwild_0003.obj,0.9918097257614136,1
device_10_tetwild_0004.obj,0.9889086882273356,1
device_10_tetwild_0005.obj,0.9890921115875244,1
device_10_tetwild_0006.obj,0.9965795278549194,1
device_10_tetwild_0007.obj,0.9547578493754069,1
device_10_tetwild_0008.obj,0.9930725495020548,1
device_10_tetwild_0009.obj,0.9936113556226095,1
device_10_tetwild_0010.obj,0.9815938671429952,1
device_10_tetwild_0011.obj,0.9965211351712545,1
device_10_tetwild_0012.obj,0.9949788848559061,1
device_10_tetwild_0013.obj,0.9963971773783366,1
device_10_tetwild_0014.obj,0.994854211807251,1
device_10_tetwild_0015.obj,0.987098217010498,1
device_10_tetwild_0016.obj,0.9754259586334229,1
device_10_tetwild_0017.obj,0.988420824209849,1
device_10_tetwild_0018.obj,0.997106691201528,1
device_10_tetwild_0019.obj,0.9963529904683431,1
device_10_tetwild_0020.obj,0.9983893434206644,1
device_10_tetwild_0021.obj,0.9901514649391174,1
device_10_tetwild_0022.obj,0.9874631563822428,1
device_10_tetwild_0023.obj,0.9939634402592977,1
device_10_tetwild_0024.obj,0.9903485774993896,1
device_20_degenerate_0000.obj,0.9956080714861552,1
device_20_degenerate_0001.obj,0.9956080714861552,1
device_20_degenerate_0002.obj,0.9956080714861552,1
device_20_degenerate_0003.obj,0.9956080714861552,1
device_20_degenerate_0004.obj,0.9956080714861552,1
device_20_degenerate_0005.obj,0.9956080714861552,1
device_20_degenerate_0006.obj,0.9956080714861552,1
device_20_degenerate_0007.obj,0.9956080714861552,1
device_20_degenerate_0008.obj,0.9956080714861552,1
device_20_degenerate_0009.obj,0.9956080714861552,1
device_20_degenerate_0010.obj,0.9956080714861552,1
device_20_degenerate_0011.obj,0.9956080714861552,1
device_20_degenerate_0012.obj,0.9956080714861552,1
device_20_degenerate_0013.obj,0.9956080714861552,1
device_20_degenerate_0014.obj,0.9956080714861552,1
device_20_degenerate_0015.obj,0.9956080714861552,1
device_20_degenerate_0016.obj,0.9956080714861552,1
device_20_degenerate_0017.obj,0.9956080714861552,1
device_20_degenerate_0018.obj,0.9956080714861552,1
device_20_degenerate_0019.obj,0.9956080714861552,1
device_20_degenerate_0020.obj,0.9956080714861552,1
device_20_degenerate_0021.obj,0.9956080714861552,1
device_20_degenerate_0022.obj,0.9956080714861552,1
device_20_degenerate_0023.obj,0.9956080714861552,1
device_20_degenerate_0024.obj,0.9956080714861552,1
device_20_disconnected_0000.obj,0.9956080714861552,1
device_20_disconnected_0001.obj,0.9956080714861552,1
device_20_disconnected_0002.obj,0.9956080714861552,1
device_20_disconnected_0003.obj,0.9956080714861552,1
device_20_disconnected_0004.obj,0.9956080714861552,1
device_20_disconnected_0005.obj,0.9956080714861552,1
device_20_disconnected_0006.obj,0.9956080714861552,1
device_20_disconnected_0007.obj,0.9956080714861552,1
device_20_disconnected_0008.obj,0.9956080714861552,1
device_20_disconnected_0009.obj,0.9956080714861552,1
device_20_disconnected_0010.obj,0.9956080714861552,1
device_20_disconnected_0011.obj,0.9956080714861552,1
device_20_disconnected_0012.obj,0.9956080714861552,1
device_20_disconnected_0013.obj,0.9956080714861552,1
device_20_disconnected_0014.obj,0.9956080714861552,1
device_20_disconnected_0015.obj,0.9956080714861552,1
device_20_disconnected_0016.obj,0.9956080714861552,1
device_20_disconnected_0017.obj,0.9956080714861552,1
device_20_disconnected_0018.obj,0.9956080714861552,1
device_20_disconnected_0019.obj,0.9956080714861552,1
device_20_disconnected_0020.obj,0.9956080714861552,1
device_20_disconnected_0021.obj,0.9956080714861552,1
device_20_disconnected_0022.obj,0.9956080714861552,1
device_20_disconnected_0023.obj,0.9956080714861552,1
device_20_disconnected_0024.obj,0.9956080714861552,1
device_20_faceswap_0000.obj,0.9993372559547424,1
device_20_faceswap_0001.obj,0.9988704323768616,1
device_20_faceswap_0002.obj,0.9991514881451925,1
device_20_faceswap_0003.obj,0.9965111613273621,1
device_20_faceswap_0004.obj,0.9361411333084106,1
device_20_faceswap_0005.obj,0.9919633865356445,1
device_20_faceswap_0006.obj,0.9980611801147461,1
device_20_faceswap_0007.obj,0.998945395151774,1
device_20_faceswap_0008.obj,0.9879306157430013,1
device_20_faceswap_0009.obj,0.9974733789761862,1
device_20_faceswap_0010.obj,0.9982904593149821,1
device_20_faceswap_0011.obj,0.9993853171666464,1
device_20_faceswap_0012.obj,0.9996883273124695,1
device_20_faceswap_0013.obj,0.9919688900311788,1
device_20_faceswap_0014.obj,0.9911197821299235,1
device_20_faceswap_0015.obj,0.9449184139569601,1
device_20_faceswap_0016.obj,0.997644861539205,1
device_20_faceswap_0017.obj,0.9918296535809835,1
device_20_faceswap_0018.obj,0.9987567663192749,1
device_20_faceswap_0019.obj,0.9426162838935852,1
device_20_faceswap_0020.obj,0.9997111360232035,1
device_20_faceswap_0021.obj,0.9964505632718405,1
device_20_faceswap_0022.obj,0.9880317449569702,1
device_20_faceswap_0023.obj,0.9960402448972067,1
device_20_faceswap_0024.obj,0.9935234387715658,1
device_20_jitter_0000.obj,0.9994884729385376,1
device_20_jitter_0001.obj,0.9975600441296896,1
device_20_jitter_0002.obj,0.9960426092147827,1
device_20_jitter_0003.obj,0.9952815969785055,1
device_20_jitter_0004.obj,0.9983644882837931,1
device_20_jitter_0005.obj,0.9898578524589539,1
device_20_jitter_0006.obj,0.9991833766301473,1
device_20_jitter_0007.obj,0.9940261840820312,1
device_20_jitter_0008.obj,0.9976623257001241,1
device_20_jitter_0009.obj,0.9982844988505045,1
device_20_jitter_0010.obj,0.9895951946576437,1
device_20_jitter_0011.obj,0.9973430633544922,1
device_20_jitter_0012.obj,0.9989415804545084,1
device_20_jitter_0013.obj,0.9968358675638834,1
device_20_jitter_0014.obj,0.9972947637240092,1
device_20_jitter_0015.obj,0.9992127021153768,1
device_20_jitter_0016.obj,0.9992784460385641,1
device_20_jitter_0017.obj,0.9984084765116373,1
device_20_jitter_0018.obj,0.9987941185633341,1
device_20_jitter_0019.obj,0.9977603554725647,1
device_20_jitter_0020.obj,0.9974045554796854,1
device_20_jitter_0021.obj,0.9960884849230448,1
device_20_jitter_0022.obj,0.9988555709520975,1
device_20_jitter_0023.obj,0.9938984314600626,1
device_20_jitter_0024.obj,0.9967730840047201,1
device_20_rigid_0000.obj,0.9910661379496256,1
device_20_rigid_0001.obj,0.9942905704180399,1
device_20_rigid_0002.obj,0.9906121293703715,1
device_20_rigid_0003.obj,0.9921002785364786,1
device_20_rigid_0004.obj,0.9963005979855856,1
device_20_rigid_0005.obj,0.9953325589497884,1
device_20_rigid_0006.obj,0.995913008848826,1
device_20_rigid_0007.obj,0.9924386938412985,1
device_20_rigid_0008.obj,0.9911193251609802,1
device_20_rigid_0009.obj,0.9895350734392802,1
device_20_rigid_0010.obj,0.9916065136591593,1
device_20_rigid_0011.obj,0.9966169993082682,1
device_20_rigid_0012.obj,0.9957930246988932,1
device_20_rigid_0013.obj,0.9872377514839172,1
device_20_rigid_0014.obj,0.993895967801412,1
device_20_rigid_0015.obj,0.9945219159126282,1
device_20_rigid_0016.obj,0.9891095558802286,1
device_20_rigid_0017.obj,0.9966079990069071,1
device_20_rigid_0018.obj,0.994690457979838,1
device_20_rigid_0019.obj,0.9961791435877482,1
device_20_rigid_0020.obj,0.9955655733744303,1
device_20_rigid_0021.obj,0.9924289385477701,1
device_20_rigid_0022.obj,0.9923179745674133,1
device_20_rigid_0023.obj,0.994954506556193,1
device_20_rigid_0024.obj,0.9829445083936056,1
device_20_tetwild_0000.obj,0.9997812310854594,1
device_20_tetwild_0001.obj,0.999185840288798,1
device_20_tetwild_0002.obj,0.999743660291036,1
device_20_tetwild_0003.obj,0.9996100664138794,1
device_20_tetwild_0004.obj,0.9991299510002136,1
device_20_tetwild_0005.obj,0.9998504916826884,1
device_20_tetwild_0006.obj,0.9995423754056295,1
device_20_tetwild_0007.obj,0.9997591376304626,1
device_20_tetwild_0008.obj,0.9998293320337931,1
device_20_tetwild_0009.obj,0.9996645251909891,1
device_20_tetwild_0010.obj,0.9994249939918518,1
device_20_tetwild_0011.obj,0.9995264410972595,1
device_20_tetwild_0012.obj,0.9997698068618774,1
device_20_tetwild_0014.obj,0.9998100996017456,1
device_20_tetwild_0015.obj,0.9996403058369955,1
device_20_tetwild_0016.obj,0.9996468424797058,1
device_20_tetwild_0017.obj,0.9992559552192688,1
device_20_tetwild_0018.obj,0.9973255395889282,1
device_20_tetwild_0019.obj,0.9995329777399699,1
device_20_tetwild_0020.obj,0.9990829229354858,1
device_20_tetwild_0021.obj,0.9998534719149271,1
device_20_tetwild_0022.obj,0.9998775720596313,1
device_20_tetwild_0023.obj,0.999565323193868,1
device_20_tetwild_0024.obj,0.9995397130648295,1
device_18_degenerate_0000.obj,0.9858739376068115,1
device_18_degenerate_0001.obj,0.9858739376068115,1
device_18_degenerate_0002.obj,0.9858739376068115,1
device_18_degenerate_0003.obj,0.9858739376068115,1
device_18_degenerate_0004.obj,0.9858739376068115,1
device_18_degenerate_0005.obj,0.9858739376068115,1
device_18_degenerate_0006.obj,0.9858739376068115,1
device_18_degenerate_0007.obj,0.9858739376068115,1
device_18_degenerate_0008.obj,0.9858739376068115,1
device_18_degenerate_0009.obj,0.9858739376068115,1
device_18_degenerate_0010.obj,0.9858739376068115,1
device_18_degenerate_0011.obj,0.9858739376068115,1
device_18_degenerate_0012.obj,0.9858739376068115,1
device_18_degenerate_0013.obj,0.9858739376068115,1
device_18_degenerate_0014.obj,0.9858739376068115,1
device_18_degenerate_0015.obj,0.9858739376068115,1
device_18_degenerate_0016.obj,0.9858739376068115,1
device_18_degenerate_0017.obj,0.9858739376068115,1
device_18_degenerate_0018.obj,0.9858739376068115,1
device_18_degenerate_0019.obj,0.9858739376068115,1
device_18_degenerate_0020.obj,0.9858739376068115,1
device_18_degenerate_0021.obj,0.9858739376068115,1
device_18_degenerate_0022.obj,0.9858739376068115,1
device_18_degenerate_0023.obj,0.9858739376068115,1
device_18_degenerate_0024.obj,0.9858739376068115,1
device_18_disconnected_0000.obj,0.9858739376068115,1
device_18_disconnected_0001.obj,0.9858739376068115,1
device_18_disconnected_0002.obj,0.9858739376068115,1
device_18_disconnected_0003.obj,0.9858739376068115,1
device_18_disconnected_0004.obj,0.9858739376068115,1
device_18_disconnected_0005.obj,0.9858739376068115,1
device_18_disconnected_0006.obj,0.9858739376068115,1
device_18_disconnected_0007.obj,0.9858739376068115,1
device_18_disconnected_0008.obj,0.9858740170796713,1
device_18_disconnected_0009.obj,0.9858739376068115,1
device_18_disconnected_0010.obj,0.9858739376068115,1
device_18_disconnected_0011.obj,0.9858739376068115,1
device_18_disconnected_0012.obj,0.9858739376068115,1
device_18_disconnected_0013.obj,0.9858739376068115,1
device_18_disconnected_0014.obj,0.9858739376068115,1
device_18_disconnected_0015.obj,0.9858739376068115,1
device_18_disconnected_0016.obj,0.9858740170796713,1
device_18_disconnected_0017.obj,0.9858739376068115,1
device_18_disconnected_0018.obj,0.9858739376068115,1
device_18_disconnected_0019.obj,0.9858739376068115,1
device_18_disconnected_0020.obj,0.9858739376068115,1
device_18_disconnected_0021.obj,0.9858739376068115,1
device_18_disconnected_0022.obj,0.9858739376068115,1
device_18_disconnected_0023.obj,0.9858739376068115,1
device_18_disconnected_0024.obj,0.9858739376068115,1
device_18_faceswap_0000.obj,0.9803190430005392,1
device_18_faceswap_0001.obj,0.9841724038124084,1
device_18_faceswap_0002.obj,0.9747387965520223,1
device_18_faceswap_0003.obj,0.984886109828949,1
device_18_faceswap_0004.obj,0.9867358803749084,1
device_18_faceswap_0005.obj,0.9826991955439249,1
device_18_faceswap_0006.obj,0.9740032156308492,1
device_18_faceswap_0007.obj,0.9142181873321533,1
device_18_faceswap_0008.obj,0.9731683532396952,1
device_18_faceswap_0009.obj,0.9301716486612955,1
device_18_faceswap_0010.obj,0.9760440587997437,1
device_18_faceswap_0011.obj,0.9922733505566915,1
device_18_faceswap_0012.obj,0.9866759379704794,1
device_18_faceswap_0013.obj,0.956853985786438,1
device_18_faceswap_0014.obj,0.9833629727363586,1
device_18_faceswap_0015.obj,0.9732338388760885,1
device_18_faceswap_0016.obj,0.973389724890391,1
device_18_faceswap_0017.obj,0.9924710790316263,1
device_18_faceswap_0018.obj,0.9872724612553915,1
device_18_faceswap_0019.obj,0.9212247530619303,1
device_18_faceswap_0020.obj,0.966404139995575,1
device_18_faceswap_0021.obj,0.9788701136906942,1
device_18_faceswap_0022.obj,0.9612680673599243,1
device_18_faceswap_0023.obj,0.9767406185468038,1
device_18_faceswap_0024.obj,0.957628071308136,1
device_18_jitter_0000.obj,0.9603158434232076,1
device_18_jitter_0001.obj,0.974741001923879,1
device_18_jitter_0002.obj,0.9704887469609579,1
device_18_jitter_0003.obj,0.969274123509725,1
device_18_jitter_0004.obj,0.9827249646186829,1
device_18_jitter_0005.obj,0.9843600789705912,1
device_18_jitter_0006.obj,0.9809377789497375,1
device_18_jitter_0007.obj,0.9797205527623495,1
device_18_jitter_0008.obj,0.9761956731478373,1
device_18_jitter_0009.obj,0.9863869547843933,1
device_18_jitter_0010.obj,0.9775160551071167,1
device_18_jitter_0011.obj,0.9766717553138733,1
device_18_jitter_0012.obj,0.9829047123591105,1
device_18_jitter_0013.obj,0.9899307688077291,1
device_18_jitter_0014.obj,0.9849488536516825,1
device_18_jitter_0015.obj,0.9775672356287638,1
device_18_jitter_0016.obj,0.9860424399375916,1
device_18_jitter_0017.obj,0.9714108308156332,1
device_18_jitter_0018.obj,0.9630885521570841,1
device_18_jitter_0019.obj,0.9061824878056844,1
device_18_jitter_0020.obj,0.9648533264795939,1
device_18_jitter_0021.obj,0.980969508488973,1
device_18_jitter_0022.obj,0.9848419427871704,1
device_18_jitter_0023.obj,0.9851513504981995,1
device_18_jitter_0024.obj,0.9814377427101135,1
device_18_rigid_0000.obj,0.9919101993242899,1
device_18_rigid_0001.obj,0.9871774713198344,1
device_18_rigid_0002.obj,0.9857147534688314,1
device_18_rigid_0003.obj,0.9889718492825826,1
device_18_rigid_0004.obj,0.980402926603953,1
device_18_rigid_0005.obj,0.992253323396047,1
device_18_rigid_0006.obj,0.9899759689966837,1
device_18_rigid_0007.obj,0.9908574024836222,1
device_18_rigid_0008.obj,0.9902249773343405,1
device_18_rigid_0009.obj,0.9775342543919882,1
device_18_rigid_0010.obj,0.9882578651110331,1
device_18_rigid_0011.obj,0.9945906201998392,1
device_18_rigid_0012.obj,0.9953805605570475,1
device_18_rigid_0013.obj,0.9952854712804159,1
device_18_rigid_0014.obj,0.9954186280568441,1
device_18_rigid_0015.obj,0.9907028476397196,1
device_18_rigid_0016.obj,0.9943327903747559,1
device_18_rigid_0017.obj,0.9894771377245585,1
device_18_rigid_0018.obj,0.9891460339228312,1
device_18_rigid_0019.obj,0.9658622543017069,1
device_18_rigid_0020.obj,0.9874834219614664,1
device_18_rigid_0021.obj,0.9924656947453817,1
device_18_rigid_0022.obj,0.9935495058695475,1
device_18_rigid_0023.obj,0.9918721516927084,1
device_18_rigid_0024.obj,0.9907947778701782,1
device_18_tetwild_0000.obj,0.9730598529179891,1
device_18_tetwild_0001.obj,0.7454217871030172,1
device_18_tetwild_0002.obj,0.969070295492808,1
device_18_tetwild_0003.obj,0.9148027300834656,1
device_18_tetwild_0004.obj,0.6520539025465647,1
device_18_tetwild_0005.obj,0.9412506421407064,1
device_18_tetwild_0006.obj,0.89036492506663,1
device_18_tetwild_0007.obj,0.8731051484743754,1
device_18_tetwild_0008.obj,0.961259106794993,1
device_18_tetwild_0009.obj,0.9682594339052836,1
device_18_tetwild_0010.obj,0.6435556213061014,1
device_18_tetwild_0011.obj,0.7401281793912252,1
device_18_tetwild_0012.obj,0.8634916345278422,1
device_18_tetwild_0013.obj,0.9221192002296448,1
device_18_tetwild_0014.obj,0.922809362411499,1
device_18_tetwild_0015.obj,0.8419495026270548,1
device_18_tetwild_0016.obj,0.8963858286539713,1
device_18_tetwild_0017.obj,0.9425794084866842,1
device_18_tetwild_0018.obj,0.8696127732594808,1
device_18_tetwild_0019.obj,0.831874430179596,1
device_18_tetwild_0020.obj,0.9745977520942688,1
device_18_tetwild_0021.obj,0.8139879703521729,1
device_18_tetwild_0022.obj,0.9223970174789429,1
device_18_tetwild_0023.obj,0.7254939277966818,1
device_18_tetwild_0024.obj,0.931767205397288,1
device_04_degenerate_0000.obj,0.9995002150535583,1
device_04_degenerate_0001.obj,0.9995002150535583,1
device_04_degenerate_0002.obj,0.9995002150535583,1
device_04_degenerate_0003.obj,0.9995002150535583,1
device_04_degenerate_0004.obj,0.9995002150535583,1
device_04_degenerate_0005.obj,0.9995002150535583,1
device_04_degenerate_0006.obj,0.9995002150535583,1
device_04_degenerate_0007.obj,0.9995002150535583,1
device_04_degenerate_0008.obj,0.9995002150535583,1
device_04_degenerate_0009.obj,0.9995002150535583,1
device_04_degenerate_0010.obj,0.9995002150535583,1
device_04_degenerate_0011.obj,0.9995002150535583,1
device_04_degenerate_0012.obj,0.9995002150535583,1
device_04_degenerate_0013.obj,0.9995002150535583,1
device_04_degenerate_0014.obj,0.9995002150535583,1
device_04_degenerate_0015.obj,0.9995002150535583,1
device_04_degenerate_0016.obj,0.9995002150535583,1
device_04_degenerate_0017.obj,0.9995002150535583,1
device_04_degenerate_0018.obj,0.9995002150535583,1
device_04_degenerate_0019.obj,0.9995002150535583,1
device_04_degenerate_0020.obj,0.9995002150535583,1
device_04_degenerate_0021.obj,0.9995002150535583,1
device_04_degenerate_0022.obj,0.9995002150535583,1
device_04_degenerate_0023.obj,0.9995002150535583,1
device_04_degenerate_0024.obj,0.9995002150535583,1
device_04_disconnected_0000.obj,0.9995002150535583,1
device_04_disconnected_0001.obj,0.9995002150535583,1
device_04_disconnected_0002.obj,0.9995002150535583,1
device_04_disconnected_0003.obj,0.9995002150535583,1
device_04_disconnected_0004.obj,0.9995002150535583,1
device_04_disconnected_0005.obj,0.9995002150535583,1
device_04_disconnected_0006.obj,0.9995002150535583,1
device_04_disconnected_0007.obj,0.9995002150535583,1
device_04_disconnected_0008.obj,0.9995002150535583,1
device_04_disconnected_0009.obj,0.9995002150535583,1
device_04_disconnected_0010.obj,0.9995002150535583,1
device_04_disconnected_0011.obj,0.9995002150535583,1
device_04_disconnected_0012.obj,0.9995002150535583,1
device_04_disconnected_0013.obj,0.9995002150535583,1
device_04_disconnected_0014.obj,0.9995002150535583,1
device_04_disconnected_0015.obj,0.9995002150535583,1
device_04_disconnected_0016.obj,0.9995002150535583,1
device_04_disconnected_0017.obj,0.9995002150535583,1
device_04_disconnected_0018.obj,0.9995002150535583,1
device_04_disconnected_0019.obj,0.9995002150535583,1
device_04_disconnected_0020.obj,0.9995002150535583,1
device_04_disconnected_0021.obj,0.9995002150535583,1
device_04_disconnected_0022.obj,0.9995002150535583,1
device_04_disconnected_0023.obj,0.9995002150535583,1
device_04_disconnected_0024.obj,0.9995002150535583,1
device_04_faceswap_0000.obj,0.9972415566444397,1
device_04_faceswap_0001.obj,0.9992417097091675,1
device_04_faceswap_0002.obj,0.9911243716875712,1
device_04_faceswap_0003.obj,0.9952898224194845,1
device_04_faceswap_0004.obj,0.9972468018531799,1
device_04_faceswap_0005.obj,0.9983346064885458,1
device_04_faceswap_0006.obj,0.9986955324808756,1
device_04_faceswap_0007.obj,0.9927179217338562,1
device_04_faceswap_0008.obj,0.9977201024691263,1
device_04_faceswap_0009.obj,0.9984773993492126,1
device_04_faceswap_0010.obj,0.9963193535804749,1
device_04_faceswap_0011.obj,0.9994715849558512,1
device_04_faceswap_0012.obj,0.9951342542966207,1
device_04_faceswap_0013.obj,0.9992155432701111,1
device_04_faceswap_0014.obj,0.9995540380477905,1
device_04_faceswap_0015.obj,0.9990076820055643,1
device_04_faceswap_0016.obj,0.9986248215039571,1
device_04_faceswap_0017.obj,0.999356210231781,1
device_04_faceswap_0018.obj,0.9970938364664713,1
device_04_faceswap_0019.obj,0.9963922103246053,1
device_04_faceswap_0020.obj,0.9988985061645508,1
device_04_faceswap_0021.obj,0.9990305304527283,1
device_04_faceswap_0022.obj,0.9989498456319174,1
device_04_faceswap_0023.obj,0.999367912610372,1
device_04_faceswap_0024.obj,0.9992954929669698,1
device_04_jitter_0000.obj,0.9992676178614298,1
device_04_jitter_0001.obj,0.9993697007497152,1
device_04_jitter_0002.obj,0.9996501207351685,1
device_04_jitter_0003.obj,0.9996716380119324,1
device_04_jitter_0004.obj,0.99972931543986,1
device_04_jitter_0005.obj,0.9995711445808411,1
device_04_jitter_0006.obj,0.9995378851890564,1
device_04_jitter_0007.obj,0.9995718598365784,1
device_04_jitter_0008.obj,0.9991056720415751,1
device_04_jitter_0009.obj,0.9994110266367594,1
device_04_jitter_0010.obj,0.9996349215507507,1
device_04_jitter_0011.obj,0.999497632185618,1
device_04_jitter_0012.obj,0.999421497186025,1
device_04_jitter_0013.obj,0.9994178811709086,1
device_04_jitter_0014.obj,0.9990231593449911,1
device_04_jitter_0015.obj,0.9993303418159485,1
device_04_jitter_0016.obj,0.9996071656545004,1
device_04_jitter_0017.obj,0.9997395277023315,1
device_04_jitter_0018.obj,0.9992946783701578,1
device_04_jitter_0019.obj,0.9993907809257507,1
device_04_jitter_0020.obj,0.9990215102831522,1
device_04_jitter_0021.obj,0.9995429515838623,1
device_04_jitter_0022.obj,0.9992285172144572,1
device_04_jitter_0023.obj,0.9995988607406616,1
device_04_jitter_0024.obj,0.9995887676874796,1
device_04_rigid_0000.obj,0.9992542266845703,1
device_04_rigid_0001.obj,0.9994487365086874,1
device_04_rigid_0002.obj,0.9992287158966064,1
device_04_rigid_0003.obj,0.9992243051528931,1
device_04_rigid_0004.obj,0.9992431998252869,1
device_04_rigid_0005.obj,0.999259352684021,1
device_04_rigid_0006.obj,0.9992309014002482,1
device_04_rigid_0007.obj,0.9996902147928873,1
device_04_rigid_0008.obj,0.9996732672055563,1
device_04_rigid_0009.obj,0.9991898337999979,1
device_04_rigid_0010.obj,0.9992552796999613,1
device_04_rigid_0011.obj,0.9993643164634705,1
device_04_rigid_0012.obj,0.9997258385022482,1
device_04_rigid_0013.obj,0.9996545116106669,1
device_04_rigid_0014.obj,0.9991954565048218,1
device_04_rigid_0015.obj,0.999331017335256,1
device_04_rigid_0016.obj,0.999268631140391,1
device_04_rigid_0017.obj,0.9991201162338257,1
device_04_rigid_0018.obj,0.9992596904436747,1
device_04_rigid_0019.obj,0.9993364413579305,1
device_04_rigid_0020.obj,0.9993173480033875,1
device_04_rigid_0021.obj,0.9995161493619283,1
device_04_rigid_0022.obj,0.9992181261380514,1
device_04_rigid_0023.obj,0.9993575811386108,1
device_04_rigid_0024.obj,0.9996202985445658,1
device_04_tetwild_0000.obj,0.9939427773157755,1
device_04_tetwild_0001.obj,0.992941697438558,1
device_04_tetwild_0002.obj,0.9921809236208597,1
device_04_tetwild_0003.obj,0.9714740912119547,1
device_04_tetwild_0004.obj,0.9879862268765768,1
device_04_tetwild_0005.obj,0.9898605942726135,1
device_04_tetwild_0006.obj,0.9971366922060648,1
device_04_tetwild_0007.obj,0.996398905913035,1
device_04_tetwild_0008.obj,0.9994318087895712,1
device_04_tetwild_0009.obj,0.9888514876365662,1
device_04_tetwild_0010.obj,0.9949436982472738,1
device_04_tetwild_0011.obj,0.9894778927167257,1
device_04_tetwild_0012.obj,0.9889431993166605,1
device_04_tetwild_0013.obj,0.9984037081400553,1
device_04_tetwild_0014.obj,0.9953558842341105,1
device_04_tetwild_0015.obj,0.9972771008809408,1
device_04_tetwild_0016.obj,0.9958494504292806,1
device_04_tetwild_0017.obj,0.990799089272817,1
device_04_tetwild_0018.obj,0.9965173800786337,1
device_04_tetwild_0019.obj,0.9951688647270203,1
device_04_tetwild_0020.obj,0.9956280986467997,1
device_04_tetwild_0021.obj,0.999203602472941,1
device_04_tetwild_0022.obj,0.9975045124689738,1
device_04_tetwild_0023.obj,0.9915785392125448,1
device_04_tetwild_0024.obj,0.9950052897135416,1
device_14_degenerate_0000.obj,0.9871508479118347,1
device_14_degenerate_0001.obj,0.9871508479118347,1
device_14_degenerate_0002.obj,0.9871508479118347,1
device_14_degenerate_0003.obj,0.9871508479118347,1
device_14_degenerate_0004.obj,0.9871508479118347,1
device_14_degenerate_0005.obj,0.9871508479118347,1
device_14_degenerate_0006.obj,0.9871508479118347,1
device_14_degenerate_0007.obj,0.9871508479118347,1
device_14_degenerate_0008.obj,0.9871508479118347,1
device_14_degenerate_0009.obj,0.9871508479118347,1
device_14_degenerate_0010.obj,0.9871508479118347,1
device_14_degenerate_0011.obj,0.9871508479118347,1
device_14_degenerate_0012.obj,0.9871508479118347,1
device_14_degenerate_0013.obj,0.9871508479118347,1
device_14_degenerate_0014.obj,0.9871508479118347,1
device_14_degenerate_0015.obj,0.9871508479118347,1
device_14_degenerate_0016.obj,0.9871508479118347,1
device_14_degenerate_0017.obj,0.9871508479118347,1
device_14_degenerate_0018.obj,0.9871508479118347,1
device_14_degenerate_0019.obj,0.9871508479118347,1
device_14_degenerate_0020.obj,0.9871508479118347,1
device_14_degenerate_0021.obj,0.9871508479118347,1
device_14_degenerate_0022.obj,0.9871508479118347,1
device_14_degenerate_0023.obj,0.9871508479118347,1
device_14_degenerate_0024.obj,0.9871508479118347,1
device_14_disconnected_0000.obj,0.9871508479118347,1
device_14_disconnected_0001.obj,0.9871508479118347,1
device_14_disconnected_0002.obj,0.9871508479118347,1
device_14_disconnected_0003.obj,0.9871508479118347,1
device_14_disconnected_0004.obj,0.9871508479118347,1
device_14_disconnected_0005.obj,0.9871508479118347,1
device_14_disconnected_0006.obj,0.9871508479118347,1
device_14_disconnected_0007.obj,0.9871508479118347,1
device_14_disconnected_0008.obj,0.9871508479118347,1
device_14_disconnected_0009.obj,0.9871508479118347,1
device_14_disconnected_0010.obj,0.9871508479118347,1
device_14_disconnected_0011.obj,0.9871508479118347,1
device_14_disconnected_0012.obj,0.9871508479118347,1
device_14_disconnected_0013.obj,0.9871508479118347,1
device_14_disconnected_0014.obj,0.9871508479118347,1
device_14_disconnected_0015.obj,0.9871508479118347,1
device_14_disconnected_0016.obj,0.9871508479118347,1
device_14_disconnected_0017.obj,0.9871508479118347,1
device_14_disconnected_0018.obj,0.9871508479118347,1
device_14_disconnected_0019.obj,0.9871508876482645,1
device_14_disconnected_0020.obj,0.9871508479118347,1
device_14_disconnected_0021.obj,0.9871508479118347,1
device_14_disconnected_0022.obj,0.9871508479118347,1
device_14_disconnected_0023.obj,0.9871508479118347,1
device_14_disconnected_0024.obj,0.9871508479118347,1
device_14_faceswap_0000.obj,0.9870457053184509,1
device_14_faceswap_0001.obj,0.9863410989443461,1
device_14_faceswap_0002.obj,0.9740214347839355,1
device_14_faceswap_0003.obj,0.9828953941663107,1
device_14_faceswap_0004.obj,0.9829202890396118,1
device_14_faceswap_0005.obj,0.9827650984128317,1
device_14_faceswap_0006.obj,0.9850293596585592,1
device_14_faceswap_0007.obj,0.9735303123792013,1
device_14_faceswap_0008.obj,0.9755287170410156,1
device_14_faceswap_0009.obj,0.9855877359708151,1
device_14_faceswap_0010.obj,0.9834526379903158,1
device_14_faceswap_0011.obj,0.9823254545529684,1
device_14_faceswap_0012.obj,0.9819516539573669,1
device_14_faceswap_0013.obj,0.9468112786610922,1
device_14_faceswap_0014.obj,0.9841813643773397,1
device_14_faceswap_0015.obj,0.9866186777750651,1
device_14_faceswap_0016.obj,0.9883190393447876,1
device_14_faceswap_0017.obj,0.9872235258420309,1
device_14_faceswap_0018.obj,0.9848630626996359,1
device_14_faceswap_0019.obj,0.9870439370473226,1
device_14_faceswap_0020.obj,0.9857988158861796,1
device_14_faceswap_0021.obj,0.9693225423494974,1
device_14_faceswap_0022.obj,0.9860528111457825,1
device_14_faceswap_0023.obj,0.986419161160787,1
device_14_faceswap_0024.obj,0.9868559638659159,1
device_14_jitter_0000.obj,0.9866605401039124,1
device_14_jitter_0001.obj,0.9850525259971619,1
device_14_jitter_0002.obj,0.9867372314135233,1
device_14_jitter_0003.obj,0.9860723614692688,1
device_14_jitter_0004.obj,0.9873081843058268,1
device_14_jitter_0005.obj,0.9862974882125854,1
device_14_jitter_0006.obj,0.9867944717407227,1
device_14_jitter_0007.obj,0.987342119216919,1
device_14_jitter_0008.obj,0.9865294694900513,1
device_14_jitter_0009.obj,0.9867857694625854,1
device_14_jitter_0010.obj,0.9846469759941101,1
device_14_jitter_0011.obj,0.9865550398826599,1
device_14_jitter_0012.obj,0.9867260257403055,1
device_14_jitter_0013.obj,0.9858020146687826,1
device_14_jitter_0014.obj,0.9863294164339701,1
device_14_jitter_0015.obj,0.9866756796836853,1
device_14_jitter_0016.obj,0.9872468709945679,1
device_14_jitter_0017.obj,0.9854265054066976,1
device_14_jitter_0018.obj,0.9866530895233154,1
device_14_jitter_0019.obj,0.9868853092193604,1
device_14_jitter_0020.obj,0.9868788123130798,1
device_14_jitter_0021.obj,0.9853501518567404,1
device_14_jitter_0022.obj,0.9861798485120138,1
device_14_jitter_0023.obj,0.9869247476259867,1
device_14_jitter_0024.obj,0.9872149626413981,1
device_14_rigid_0000.obj,0.98188716173172,1
device_14_rigid_0001.obj,0.9897729754447937,1
device_14_rigid_0002.obj,0.986176590124766,1
device_14_rigid_0003.obj,0.9877602259318033,1
device_14_rigid_0004.obj,0.9830228487650553,1
device_14_rigid_0005.obj,0.9862117966016134,1
device_14_rigid_0006.obj,0.9898225466410319,1
device_14_rigid_0007.obj,0.9837998350461324,1
device_14_rigid_0008.obj,0.9902951916058859,1
device_14_rigid_0009.obj,0.9863267342249552,1
device_14_rigid_0010.obj,0.9832535982131958,1
device_14_rigid_0011.obj,0.9866113066673279,1
device_14_rigid_0012.obj,0.9888681372006735,1
device_14_rigid_0013.obj,0.9851142168045044,1
device_14_rigid_0014.obj,0.9897903005282084,1
device_14_rigid_0015.obj,0.9876958330472311,1
device_14_rigid_0016.obj,0.987443208694458,1
device_14_rigid_0017.obj,0.9849389791488647,1
device_14_rigid_0018.obj,0.9876402417818705,1
device_14_rigid_0019.obj,0.9892079631487528,1
device_14_rigid_0020.obj,0.9885070522626241,1
device_14_rigid_0021.obj,0.9873930215835571,1
device_14_rigid_0022.obj,0.9894399444262186,1
device_14_rigid_0023.obj,0.9887665708859762,1
device_14_rigid_0024.obj,0.9858811299006144,1
device_14_tetwild_0000.obj,0.9858676393826803,1
device_14_tetwild_0001.obj,0.8732974529266357,1
device_14_tetwild_0002.obj,0.9650938510894775,1
device_14_tetwild_0003.obj,0.9752750794092814,1
device_14_tetwild_0004.obj,0.9804822405179342,1
device_14_tetwild_0005.obj,0.9545324047406515,1
device_14_tetwild_0006.obj,0.9826912681261698,1
device_14_tetwild_0007.obj,0.984400192896525,1
device_14_tetwild_0008.obj,0.9576711853345236,1
device_14_tetwild_0009.obj,0.9183698693911234,1
device_14_tetwild_0010.obj,0.9848233660062155,1
device_14_tetwild_0011.obj,0.9823426008224487,1
device_14_tetwild_0012.obj,0.9877918163935343,1
device_14_tetwild_0013.obj,0.9850484530131022,1
device_14_tetwild_0014.obj,0.9799954891204834,1
device_14_tetwild_0015.obj,0.9887299736340841,1
device_14_tetwild_0016.obj,0.9857987364133199,1
device_14_tetwild_0017.obj,0.9807267586390177,1
device_14_tetwild_0018.obj,0.9775733153025309,1
device_14_tetwild_0019.obj,0.9782743453979492,1
device_14_tetwild_0020.obj,0.9873776038487753,1
device_14_tetwild_0021.obj,0.9781652887662252,1
device_14_tetwild_0022.obj,0.9830520153045654,1
device_14_tetwild_0023.obj,0.984576960404714,1
device_14_tetwild_0024.obj,0.9845740795135498,1
device_23_degenerate_0000.obj,0.993020494778951,1
device_23_degenerate_0001.obj,0.993020494778951,1
device_23_degenerate_0002.obj,0.993020494778951,1
device_23_degenerate_0003.obj,0.993020494778951,1
device_23_degenerate_0004.obj,0.993020494778951,1
device_23_degenerate_0005.obj,0.993020494778951,1
device_23_degenerate_0006.obj,0.993020494778951,1
device_23_degenerate_0007.obj,0.993020494778951,1
device_23_degenerate_0008.obj,0.993020494778951,1
device_23_degenerate_0009.obj,0.993020494778951,1
device_23_degenerate_0010.obj,0.993020494778951,1
device_23_degenerate_0011.obj,0.993020494778951,1
device_23_degenerate_0012.obj,0.993020494778951,1
device_23_degenerate_0013.obj,0.993020494778951,1
device_23_degenerate_0014.obj,0.993020494778951,1
device_23_degenerate_0015.obj,0.993020494778951,1
device_23_degenerate_0016.obj,0.993020494778951,1
device_23_degenerate_0017.obj,0.993020494778951,1
device_23_degenerate_0018.obj,0.993020494778951,1
device_23_degenerate_0019.obj,0.993020494778951,1
device_23_degenerate_0020.obj,0.993020494778951,1
device_23_degenerate_0021.obj,0.993020494778951,1
device_23_degenerate_0022.obj,0.993020494778951,1
device_23_degenerate_0023.obj,0.993020494778951,1
device_23_degenerate_0024.obj,0.993020494778951,1
device_23_disconnected_0000.obj,0.993020494778951,1
device_23_disconnected_0001.obj,0.993020494778951,1
device_23_disconnected_0002.obj,0.993020494778951,1
device_23_disconnected_0003.obj,0.993020494778951,1
device_23_disconnected_0004.obj,0.993020494778951,1
device_23_disconnected_0005.obj,0.993020494778951,1
device_23_disconnected_0006.obj,0.993020494778951,1
device_23_disconnected_0007.obj,0.993020494778951,1
device_23_disconnected_0008.obj,0.993020494778951,1
device_23_disconnected_0009.obj,0.993020494778951,1
device_23_disconnected_0010.obj,0.993020494778951,1
device_23_disconnected_0011.obj,0.993020494778951,1
device_23_disconnected_0012.obj,0.993020494778951,1
device_23_disconnected_0013.obj,0.993020494778951,1
device_23_disconnected_0014.obj,0.993020494778951,1
device_23_disconnected_0015.obj,0.993020494778951,1
device_23_disconnected_0016.obj,0.993020494778951,1
device_23_disconnected_0017.obj,0.993020494778951,1
device_23_disconnected_0018.obj,0.993020494778951,1
device_23_disconnected_0019.obj,0.993020494778951,1
device_23_disconnected_0020.obj,0.993020494778951,1
device_23_disconnected_0021.obj,0.993020494778951,1
device_23_disconnected_0022.obj,0.993020494778951,1
device_23_disconnected_0023.obj,0.993020494778951,1
device_23_disconnected_0024.obj,0.993020494778951,1
device_23_faceswap_0000.obj,0.992299497127533,1
device_23_faceswap_0001.obj,0.9559687574704488,1
device_23_faceswap_0002.obj,0.9249147375424703,1
device_23_faceswap_0003.obj,0.9659486214319865,1
device_23_faceswap_0004.obj,0.9765557050704956,1
device_23_faceswap_0005.obj,0.9836719036102295,1
device_23_faceswap_0006.obj,0.8026753862698873,1
device_23_faceswap_0007.obj,0.9284692406654358,1
device_23_faceswap_0008.obj,0.9879922072092692,1
device_23_faceswap_0009.obj,0.9873992999394735,1
device_23_faceswap_0010.obj,0.9844487309455872,1
device_23_faceswap_0011.obj,0.9774333834648132,1
device_23_faceswap_0012.obj,0.9876027901967367,1
device_23_faceswap_0013.obj,0.9830047686894735,1
device_23_faceswap_0014.obj,0.9703434109687805,1
device_23_faceswap_0015.obj,0.9912495414415995,1
device_23_faceswap_0016.obj,0.9871854583422343,1
device_23_faceswap_0017.obj,0.9683205882708231,1
device_23_faceswap_0018.obj,0.9712864756584167,1
device_23_faceswap_0019.obj,0.9940954645474752,1
device_23_faceswap_0020.obj,0.9144145647684733,1
device_23_faceswap_0021.obj,0.9854543010393778,1
device_23_faceswap_0022.obj,0.9791491429011027,1
device_23_faceswap_0023.obj,0.9926439523696899,1
device_23_faceswap_0024.obj,0.9894395669301351,1
device_23_jitter_0000.obj,0.9934713443120321,1
device_23_jitter_0001.obj,0.9927167892456055,1
device_23_jitter_0002.obj,0.988194982210795,1
device_23_jitter_0003.obj,0.9939297238985697,1
device_23_jitter_0004.obj,0.9915326237678528,1
device_23_jitter_0005.obj,0.9875040650367737,1
device_23_jitter_0006.obj,0.9883962273597717,1
device_23_jitter_0007.obj,0.9921002388000488,1
device_23_jitter_0008.obj,0.9924046595891317,1
device_23_jitter_0009.obj,0.9900139967600504,1
device_23_jitter_0010.obj,0.9879287282625834,1
device_23_jitter_0011.obj,0.9891849557558695,1
device_23_jitter_0012.obj,0.9936971465746561,1
device_23_jitter_0013.obj,0.9887691338857015,1
device_23_jitter_0014.obj,0.9919156630833944,1
device_23_jitter_0015.obj,0.9899315436681112,1
device_23_jitter_0016.obj,0.9923919439315796,1
device_23_jitter_0017.obj,0.9916673103968302,1
device_23_jitter_0018.obj,0.9834421674410502,1
device_23_jitter_0019.obj,0.9908851782480875,1
device_23_jitter_0020.obj,0.9901994864145914,1
device_23_jitter_0021.obj,0.9906229376792908,1
device_23_jitter_0022.obj,0.9884719848632812,1
device_23_jitter_0023.obj,0.9868849317232767,1
device_23_jitter_0024.obj,0.9940056602160136,1
device_23_rigid_0000.obj,0.995328406492869,1
device_23_rigid_0001.obj,0.9958734512329102,1
device_23_rigid_0002.obj,0.9948882857958475,1
device_23_rigid_0003.obj,0.9972201188405355,1
device_23_rigid_0004.obj,0.9950884779294332,1
device_23_rigid_0005.obj,0.9968410134315491,1
device_23_rigid_0006.obj,0.9965478976567587,1
device_23_rigid_0007.obj,0.9959315657615662,1
device_23_rigid_0008.obj,0.9941014448801676,1
device_23_rigid_0009.obj,0.9950865308443705,1
device_23_rigid_0010.obj,0.9952626427014669,1
device_23_rigid_0011.obj,0.9933658440907797,1
device_23_rigid_0012.obj,0.994951049486796,1
device_23_rigid_0013.obj,0.9973360498746237,1
device_23_rigid_0014.obj,0.9950843652089437,1
device_23_rigid_0015.obj,0.9963997602462769,1
device_23_rigid_0016.obj,0.9933219154675802,1
device_23_rigid_0017.obj,0.9957600831985474,1
device_23_rigid_0018.obj,0.992993156115214,1
device_23_rigid_0019.obj,0.9948355754216512,1
device_23_rigid_0020.obj,0.9950612386067709,1
device_23_rigid_0021.obj,0.9946719408035278,1
device_23_rigid_0022.obj,0.9959550897280375,1
device_23_rigid_0023.obj,0.9945247570673624,1
device_23_rigid_0024.obj,0.9945706526438395,1
device_23_tetwild_0000.obj,0.9938853780428568,1
device_23_tetwild_0001.obj,0.9915427366892496,1
device_23_tetwild_0002.obj,0.9852522810300192,1
device_23_tetwild_0003.obj,0.9945918917655945,1
device_23_tetwild_0004.obj,0.9934142430623373,1
device_23_tetwild_0005.obj,0.991820216178894,1
device_23_tetwild_0006.obj,0.9720331231753031,1
device_23_tetwild_0007.obj,0.9952451586723328,1
device_23_tetwild_0008.obj,0.9951472878456116,1
device_23_tetwild_0009.obj,0.9966243306795756,1
device_23_tetwild_0010.obj,0.9855965971946716,1
device_23_tetwild_0011.obj,0.9946192502975464,1
device_23_tetwild_0012.obj,0.9891958236694336,1
device_23_tetwild_0013.obj,0.9872076908747355,1
device_23_tetwild_0014.obj,0.9908963839213053,1
device_23_tetwild_0015.obj,0.9933878978093466,1
device_23_tetwild_0016.obj,0.9870046973228455,1
device_23_tetwild_0017.obj,0.9879070123036703,1
device_23_tetwild_0018.obj,0.9706593751907349,1
device_23_tetwild_0019.obj,0.9945927858352661,1
device_23_tetwild_0020.obj,0.9829801917076111,1
device_23_tetwild_0021.obj,0.9930649995803833,1
device_23_tetwild_0022.obj,0.9929728905359904,1
device_23_tetwild_0023.obj,0.991897463798523,1
device_23_tetwild_0024.obj,0.9942005475362142,1
device_09_degenerate_0000.obj,0.9963241815567017,1
device_09_degenerate_0001.obj,0.9963241815567017,1
device_09_degenerate_0002.obj,0.9963241815567017,1
device_09_degenerate_0003.obj,0.9963241815567017,1
device_09_degenerate_0004.obj,0.9963241815567017,1
device_09_degenerate_0005.obj,0.9963241815567017,1
device_09_degenerate_0006.obj,0.9963241815567017,1
device_09_degenerate_0007.obj,0.9963241815567017,1
device_09_degenerate_0008.obj,0.9963241815567017,1
device_09_degenerate_0009.obj,0.9963241815567017,1
device_09_degenerate_0010.obj,0.9963241815567017,1
device_09_degenerate_0011.obj,0.9963241815567017,1
device_09_degenerate_0012.obj,0.9963241815567017,1
device_09_degenerate_0013.obj,0.9963241815567017,1
device_09_degenerate_0014.obj,0.9963241815567017,1
device_09_degenerate_0015.obj,0.9963241815567017,1
device_09_degenerate_0016.obj,0.9963241815567017,1
device_09_degenerate_0017.obj,0.9963241815567017,1
device_09_degenerate_0018.obj,0.9963241815567017,1
device_09_degenerate_0019.obj,0.9963241815567017,1
device_09_degenerate_0020.obj,0.9963241815567017,1
device_09_degenerate_0021.obj,0.9963241815567017,1
device_09_degenerate_0022.obj,0.9963241815567017,1
device_09_degenerate_0023.obj,0.9963241815567017,1
device_09_degenerate_0024.obj,0.9963241815567017,1
device_09_disconnected_0000.obj,0.9963241815567017,1
device_09_disconnected_0001.obj,0.9963241815567017,1
device_09_disconnected_0002.obj,0.9963241815567017,1
device_09_disconnected_0003.obj,0.9963241815567017,1
device_09_disconnected_0004.obj,0.9963241815567017,1
device_09_disconnected_0005.obj,0.9963241815567017,1
device_09_disconnected_0006.obj,0.9963241815567017,1
device_09_disconnected_0007.obj,0.9963241815567017,1
device_09_disconnected_0008.obj,0.9963241815567017,1
device_09_disconnected_0009.obj,0.9963241815567017,1
device_09_disconnected_0010.obj,0.9963241815567017,1
device_09_disconnected_0011.obj,0.9963241815567017,1
device_09_disconnected_0012.obj,0.9963241815567017,1
device_09_disconnected_0013.obj,0.9963241815567017,1
device_09_disconnected_0014.obj,0.9963241815567017,1
device_09_disconnected_0015.obj,0.9963241815567017,1
device_09_disconnected_0016.obj,0.9963241815567017,1
device_09_disconnected_0017.obj,0.9963241815567017,1
device_09_disconnected_0018.obj,0.9963241815567017,1
device_09_disconnected_0019.obj,0.9963241815567017,1
device_09_disconnected_0020.obj,0.9963241815567017,1
device_09_disconnected_0021.obj,0.9963241815567017,1
device_09_disconnected_0022.obj,0.9963241815567017,1
device_09_disconnected_0023.obj,0.9963241815567017,1
device_09_disconnected_0024.obj,0.9963241815567017,1
device_09_faceswap_0000.obj,0.9986956318219503,1
device_09_faceswap_0001.obj,0.9987572630246481,1
device_09_faceswap_0002.obj,0.9926049510637919,1
device_09_faceswap_0003.obj,0.999170740445455,1
device_09_faceswap_0004.obj,0.9983924825986227,1
device_09_faceswap_0005.obj,0.9992294907569885,1
device_09_faceswap_0006.obj,0.9986884792645773,1
device_09_faceswap_0007.obj,0.998540461063385,1
device_09_faceswap_0008.obj,0.9985046784083048,1
device_09_faceswap_0009.obj,0.998622477054596,1
device_09_faceswap_0010.obj,0.9984739224116007,1
device_09_faceswap_0011.obj,0.9949408570925394,1
device_09_faceswap_0012.obj,0.9977957407633463,1
device_09_faceswap_0013.obj,0.999379297097524,1
device_09_faceswap_0014.obj,0.997276226679484,1
device_09_faceswap_0015.obj,0.9920441110928854,1
device_09_faceswap_0016.obj,0.9985034465789795,1
device_09_faceswap_0017.obj,0.9961526791254679,1
device_09_faceswap_0018.obj,0.9870657920837402,1
device_09_faceswap_0019.obj,0.996904214223226,1
device_09_faceswap_0020.obj,0.9994077881177267,1
device_09_faceswap_0021.obj,0.9968032439549764,1
device_09_faceswap_0022.obj,0.9931820432345072,1
device_09_faceswap_0023.obj,0.9991540511449178,1
device_09_faceswap_0024.obj,0.9988054434458414,1
device_09_jitter_0000.obj,0.9985206325848898,1
device_09_jitter_0001.obj,0.997745672861735,1
device_09_jitter_0002.obj,0.9987569252649943,1
device_09_jitter_0003.obj,0.9972924391428629,1
device_09_jitter_0004.obj,0.9987117846806844,1
device_09_jitter_0005.obj,0.9980439941088358,1
device_09_jitter_0006.obj,0.9991059104601542,1
device_09_jitter_0007.obj,0.9966824452082316,1
device_09_jitter_0008.obj,0.9978920618693033,1
device_09_jitter_0009.obj,0.9984240333239237,1
device_09_jitter_0010.obj,0.9987784822781881,1
device_09_jitter_0011.obj,0.99714728196462,1
device_09_jitter_0012.obj,0.9975438714027405,1
device_09_jitter_0013.obj,0.9981219371159872,1
device_09_jitter_0014.obj,0.9988599220911661,1
device_09_jitter_0015.obj,0.9959993163744608,1
device_09_jitter_0016.obj,0.9983385999997457,1
device_09_jitter_0017.obj,0.9976781010627747,1
device_09_jitter_0018.obj,0.9986423850059509,1
device_09_jitter_0019.obj,0.997957189877828,1
device_09_jitter_0020.obj,0.9976602594057719,1
device_09_jitter_0021.obj,0.9988454381624857,1
device_09_jitter_0022.obj,0.9976687828699747,1
device_09_jitter_0023.obj,0.9984496831893921,1
device_09_jitter_0024.obj,0.998558759689331,1
device_09_rigid_0000.obj,0.9944420059521993,1
device_09_rigid_0001.obj,0.9951118032137553,1
device_09_rigid_0002.obj,0.9913694858551025,1
device_09_rigid_0003.obj,0.9974164565404257,1
device_09_rigid_0004.obj,0.9935540358225504,1
device_09_rigid_0005.obj,0.9968387484550476,1
device_09_rigid_0006.obj,0.9973658521970113,1
device_09_rigid_0007.obj,0.9976871411005656,1
device_09_rigid_0008.obj,0.9968926111857096,1
device_09_rigid_0009.obj,0.9964962601661682,1
device_09_rigid_0010.obj,0.9923485716183981,1
device_09_rigid_0011.obj,0.9953969915707906,1
device_09_rigid_0012.obj,0.9955478509267172,1
device_09_rigid_0013.obj,0.9926933447519938,1
device_09_rigid_0014.obj,0.9959372878074646,1
device_09_rigid_0015.obj,0.9960678021113077,1
device_09_rigid_0016.obj,0.9960627754529318,1
device_09_rigid_0017.obj,0.9945264259974161,1
device_09_rigid_0018.obj,0.9944039583206177,1
device_09_rigid_0019.obj,0.9957875609397888,1
device_09_rigid_0020.obj,0.9960879683494568,1
device_09_rigid_0021.obj,0.9858542283376058,1
device_09_rigid_0022.obj,0.997855563958486,1
device_09_rigid_0023.obj,0.9949662288029989,1
device_09_rigid_0024.obj,0.9931167364120483,1
device_09_tetwild_0000.obj,0.9994706511497498,1
device_09_tetwild_0001.obj,0.992903490861257,1
device_09_tetwild_0003.obj,0.9984027147293091,1
device_09_tetwild_0004.obj,0.9892291029294332,1
device_09_tetwild_0005.obj,0.9991130232810974,1
device_09_tetwild_0006.obj,0.9991233150164286,1
device_09_tetwild_0007.obj,0.9990855654080709,1
device_09_tetwild_0008.obj,0.9982371727625529,1
device_09_tetwild_0009.obj,0.9990044633547465,1
device_09_tetwild_0010.obj,0.9983793298403422,1
device_09_tetwild_0011.obj,0.9963143666585287,1
device_09_tetwild_0012.obj,0.9955402215321859,1
device_09_tetwild_0013.obj,0.9997328718503317,1
device_09_tetwild_0014.obj,0.9985257585843405,1
device_09_tetwild_0015.obj,0.9979385137557983,1
device_09_tetwild_0016.obj,0.9991923967997233,1
device_09_tetwild_0017.obj,0.9992167949676514,1
device_09_tetwild_0018.obj,0.9956507086753845,1
device_09_tetwild_0019.obj,0.9989714622497559,1
device_09_tetwild_0020.obj,0.9991610050201416,1
device_09_tetwild_0021.obj,0.9973151882489523,1
device_09_tetwild_0022.obj,0.9984138607978821,1
device_09_tetwild_0023.obj,0.9975076119105021,1
device_09_tetwild_0024.obj,0.998853067557017,1
device_24_degenerate_0000.obj,0.9490834275881449,1
device_24_degenerate_0001.obj,0.9490834275881449,1
device_24_degenerate_0002.obj,0.9490834275881449,1
device_24_degenerate_0003.obj,0.9490834275881449,1
device_24_degenerate_0004.obj,0.9490834275881449,1
device_24_degenerate_0005.obj,0.9490834275881449,1
device_24_degenerate_0006.obj,0.9490834275881449,1
device_24_degenerate_0007.obj,0.9490834275881449,1
device_24_degenerate_0008.obj,0.9490834275881449,1
device_24_degenerate_0009.obj,0.9490834275881449,1
device_24_degenerate_0010.obj,0.9490834275881449,1
device_24_degenerate_0011.obj,0.9490834275881449,1
device_24_degenerate_0012.obj,0.9490834275881449,1
device_24_degenerate_0013.obj,0.9490834275881449,1
device_24_degenerate_0014.obj,0.9490834275881449,1
device_24_degenerate_0015.obj,0.9490834275881449,1
device_24_degenerate_0016.obj,0.9490834275881449,1
device_24_degenerate_0017.obj,0.9490834275881449,1
device_24_degenerate_0018.obj,0.9490834275881449,1
device_24_degenerate_0019.obj,0.9490834275881449,1
device_24_degenerate_0020.obj,0.9490834275881449,1
device_24_degenerate_0021.obj,0.9490834275881449,1
device_24_degenerate_0022.obj,0.9490834275881449,1
device_24_degenerate_0023.obj,0.9490834275881449,1
device_24_degenerate_0024.obj,0.9490834275881449,1
device_24_disconnected_0000.obj,0.9490834275881449,1
device_24_disconnected_0001.obj,0.9490834275881449,1
device_24_disconnected_0002.obj,0.9490834275881449,1
device_24_disconnected_0003.obj,0.9490834275881449,1
device_24_disconnected_0004.obj,0.9490834275881449,1
device_24_disconnected_0005.obj,0.9490834275881449,1
device_24_disconnected_0006.obj,0.9490834275881449,1
device_24_disconnected_0007.obj,0.9490834275881449,1
device_24_disconnected_0008.obj,0.9490834275881449,1
device_24_disconnected_0009.obj,0.9490834275881449,1
device_24_disconnected_0010.obj,0.9490834275881449,1
device_24_disconnected_0011.obj,0.9490834275881449,1
device_24_disconnected_0012.obj,0.9490834275881449,1
device_24_disconnected_0013.obj,0.9490834275881449,1
device_24_disconnected_0014.obj,0.9490834275881449,1
device_24_disconnected_0015.obj,0.9490834275881449,1
device_24_disconnected_0016.obj,0.9490834275881449,1
device_24_disconnected_0017.obj,0.9490834275881449,1
device_24_disconnected_0018.obj,0.9490834275881449,1
device_24_disconnected_0019.obj,0.9490834275881449,1
device_24_disconnected_0020.obj,0.9490834275881449,1
device_24_disconnected_0021.obj,0.9490834275881449,1
device_24_disconnected_0022.obj,0.9490834275881449,1
device_24_disconnected_0023.obj,0.9490834275881449,1
device_24_disconnected_0024.obj,0.9490834275881449,1
device_24_faceswap_0000.obj,0.9664028684298197,1
device_24_faceswap_0001.obj,0.9565730690956116,1
device_24_faceswap_0002.obj,0.9636454780896505,1
device_24_faceswap_0003.obj,0.924930195013682,1
device_24_faceswap_0004.obj,0.9570963184038798,1
device_24_faceswap_0005.obj,0.9604389866193136,1
device_24_faceswap_0006.obj,0.793997585773468,1
device_24_faceswap_0007.obj,0.9560166001319885,1
device_24_faceswap_0008.obj,0.9354787270228068,1
device_24_faceswap_0009.obj,0.9626804192860922,1
device_24_faceswap_0010.obj,0.9487972458203634,1
device_24_faceswap_0011.obj,0.9681152502695719,1
device_24_faceswap_0012.obj,0.8905413945515951,1
device_24_faceswap_0013.obj,0.9495045145352682,1
device_24_faceswap_0014.obj,0.9639481902122498,1
device_24_faceswap_0015.obj,0.9579353531201681,1
device_24_faceswap_0016.obj,0.8959005276362101,1
device_24_faceswap_0017.obj,0.923845648765564,1
device_24_faceswap_0018.obj,0.9162872632344564,1
device_24_faceswap_0019.obj,0.9527710676193237,1
device_24_faceswap_0020.obj,0.915906548500061,1
device_24_faceswap_0021.obj,0.9420826633771261,1
device_24_faceswap_0022.obj,0.9426009257634481,1
device_24_faceswap_0023.obj,0.9300482670466105,1
device_24_faceswap_0024.obj,0.9482440153757731,1
device_24_jitter_0000.obj,0.948904554049174,1
device_24_jitter_0001.obj,0.95249076684316,1
device_24_jitter_0002.obj,0.9588017066319784,1
device_24_jitter_0003.obj,0.955886721611023,1
device_24_jitter_0004.obj,0.9611326456069946,1
device_24_jitter_0005.obj,0.9548979798952738,1
device_24_jitter_0006.obj,0.9550666014353434,1
device_24_jitter_0007.obj,0.9591574668884277,1
device_24_jitter_0008.obj,0.9581151405970255,1
device_24_jitter_0009.obj,0.9651609063148499,1
device_24_jitter_0010.obj,0.965288778146108,1
device_24_jitter_0011.obj,0.9425706664721171,1
device_24_jitter_0012.obj,0.966698169708252,1
device_24_jitter_0013.obj,0.9513789017995199,1
device_24_jitter_0014.obj,0.9438187678654989,1
device_24_jitter_0015.obj,0.9447596271832784,1
device_24_jitter_0016.obj,0.9598991870880127,1
device_24_jitter_0017.obj,0.9550873637199402,1
device_24_jitter_0018.obj,0.9611691037813822,1
device_24_jitter_0019.obj,0.9507924516995748,1
device_24_jitter_0020.obj,0.9547473986943563,1
device_24_jitter_0021.obj,0.953935702641805,1
device_24_jitter_0022.obj,0.9579341014226278,1
device_24_jitter_0023.obj,0.9572338064511617,1
device_24_jitter_0024.obj,0.9384816884994507,1
device_24_rigid_0000.obj,0.9526385466257731,1
device_24_rigid_0001.obj,0.9420397281646729,1
device_24_rigid_0002.obj,0.9495818614959717,1
device_24_rigid_0003.obj,0.937241276105245,1
device_24_rigid_0004.obj,0.9385290543238322,1
device_24_rigid_0005.obj,0.9589855273564657,1
device_24_rigid_0006.obj,0.9298681418100992,1
device_24_rigid_0007.obj,0.9423680305480957,1
device_24_rigid_0008.obj,0.9264466563860575,1
device_24_rigid_0009.obj,0.9221482475598654,1
device_24_rigid_0010.obj,0.9390898744265238,1
device_24_rigid_0011.obj,0.947809894879659,1
device_24_rigid_0012.obj,0.9428544044494629,1
device_24_rigid_0013.obj,0.9336226979891459,1
device_24_rigid_0014.obj,0.9394558270772299,1
device_24_rigid_0015.obj,0.9462187886238098,1
device_24_rigid_0016.obj,0.9309870004653931,1
device_24_rigid_0017.obj,0.956901490688324,1
device_24_rigid_0018.obj,0.9386720657348633,1
device_24_rigid_0019.obj,0.9318397243817648,1
device_24_rigid_0020.obj,0.950101633866628,1
device_24_rigid_0021.obj,0.9468666116396586,1
device_24_rigid_0022.obj,0.9476098418235779,1
device_24_rigid_0023.obj,0.9480018218358358,1
device_24_rigid_0024.obj,0.9494896332422892,1
device_24_tetwild_0000.obj,0.9518167773882548,1
device_24_tetwild_0001.obj,0.8325539429982504,1
device_24_tetwild_0002.obj,0.9578229784965515,1
device_24_tetwild_0003.obj,0.8949636618296305,1
device_24_tetwild_0004.obj,0.9415711164474487,1
device_24_tetwild_0005.obj,0.8959951599438986,1
device_24_tetwild_0006.obj,0.9681000510851542,1
device_24_tetwild_0007.obj,0.9610430399576823,1
device_24_tetwild_0008.obj,0.9511309464772543,1
device_24_tetwild_0009.obj,0.9486874540646871,1
device_24_tetwild_0010.obj,0.9225154121716818,1
device_24_tetwild_0011.obj,0.9599042733510336,1
device_24_tetwild_0012.obj,0.9614047408103943,1
device_24_tetwild_0013.obj,0.9587706724802653,1
device_24_tetwild_0014.obj,0.9500341018040975,1
device_24_tetwild_0015.obj,0.9453153014183044,1
device_24_tetwild_0016.obj,0.9198952118555704,1
device_24_tetwild_0017.obj,0.855444331963857,1
device_24_tetwild_0018.obj,0.9553889632225037,1
device_24_tetwild_0019.obj,0.9344306389490763,1
device_24_tetwild_0020.obj,0.9141553243001302,1
device_24_tetwild_0021.obj,0.7514004309972128,1
device_24_tetwild_0022.obj,0.8904823660850525,1
device_24_tetwild_0023.obj,0.8882007002830505,1
device_24_tetwild_0024.obj,0.8722171187400818,1
device_08_degenerate_0000.obj,0.9497895439465841,1
device_08_degenerate_0001.obj,0.9497895439465841,1
device_08_degenerate_0002.obj,0.9497895439465841,1
device_08_degenerate_0003.obj,0.9497895439465841,1
device_08_degenerate_0004.obj,0.9497895439465841,1
device_08_degenerate_0005.obj,0.9497895439465841,1
device_08_degenerate_0006.obj,0.9497895439465841,1
device_08_degenerate_0007.obj,0.9497895439465841,1
device_08_degenerate_0008.obj,0.9497895439465841,1
device_08_degenerate_0009.obj,0.9497895439465841,1
device_08_degenerate_0010.obj,0.9497895439465841,1
device_08_degenerate_0011.obj,0.9497895439465841,1
device_08_degenerate_0012.obj,0.9497895439465841,1
device_08_degenerate_0013.obj,0.9497895439465841,1
device_08_degenerate_0014.obj,0.9497895439465841,1
device_08_degenerate_0015.obj,0.9497895439465841,1
device_08_degenerate_0016.obj,0.9497895439465841,1
device_08_degenerate_0017.obj,0.9497895439465841,1
device_08_degenerate_0018.obj,0.9497895439465841,1
device_08_degenerate_0019.obj,0.9497895439465841,1
device_08_degenerate_0020.obj,0.9497895439465841,1
device_08_degenerate_0021.obj,0.9497895439465841,1
device_08_degenerate_0022.obj,0.9497895439465841,1
device_08_degenerate_0023.obj,0.9497895439465841,1
device_08_degenerate_0024.obj,0.9497895439465841,1
device_08_disconnected_0000.obj,0.9497895439465841,1
device_08_disconnected_0001.obj,0.9497895439465841,1
device_08_disconnected_0002.obj,0.9497895439465841,1
device_08_disconnected_0003.obj,0.9497895439465841,1
device_08_disconnected_0004.obj,0.9497895439465841,1
device_08_disconnected_0005.obj,0.9497895439465841,1
device_08_disconnected_0006.obj,0.9497895439465841,1
device_08_disconnected_0007.obj,0.9497895439465841,1
device_08_disconnected_0008.obj,0.9497895439465841,1
device_08_disconnected_0009.obj,0.9497895439465841,1
device_08_disconnected_0010.obj,0.9497895439465841,1
device_08_disconnected_0011.obj,0.9497895439465841,1
device_08_disconnected_0012.obj,0.9576845566431681,1
device_08_disconnected_0013.obj,0.9497895439465841,1
device_08_disconnected_0014.obj,0.9497895439465841,1
device_08_disconnected_0015.obj,0.9497895439465841,1
device_08_disconnected_0016.obj,0.9497895439465841,1
device_08_disconnected_0017.obj,0.9497895439465841,1
device_08_disconnected_0018.obj,0.9497895439465841,1
device_08_disconnected_0019.obj,0.9497895439465841,1
device_08_disconnected_0020.obj,0.9497895439465841,1
device_08_disconnected_0021.obj,0.9497895439465841,1
device_08_disconnected_0022.obj,0.9497895439465841,1
device_08_disconnected_0023.obj,0.9497895439465841,1
device_08_disconnected_0024.obj,0.9497897823651632,1
device_08_faceswap_0000.obj,0.9650853673617045,1
device_08_faceswap_0001.obj,0.8859959244728088,1
device_08_faceswap_0002.obj,0.8507915337880453,1
device_08_faceswap_0003.obj,0.8767078320185343,1
device_08_faceswap_0004.obj,0.9231264789899191,1
device_08_faceswap_0005.obj,0.8982280890146891,1
device_08_faceswap_0006.obj,0.8389337062835693,1
device_08_faceswap_0007.obj,0.9262155890464783,1
device_08_faceswap_0008.obj,0.950225830078125,1
device_08_faceswap_0009.obj,0.9314768314361572,1
device_08_faceswap_0010.obj,0.8303271532058716,1
device_08_faceswap_0011.obj,0.8351709047953287,1
device_08_faceswap_0012.obj,0.9049011667569479,1
device_08_faceswap_0013.obj,0.9291856487592062,1
device_08_faceswap_0014.obj,0.8939223488171896,1
device_08_faceswap_0015.obj,0.8442612886428833,1
device_08_faceswap_0016.obj,0.8778123458226522,1
device_08_faceswap_0017.obj,0.9191634058952332,1
device_08_faceswap_0018.obj,0.9577013651529948,1
device_08_faceswap_0019.obj,0.95199586947759,1
device_08_faceswap_0020.obj,0.9550232092539469,1
device_08_faceswap_0021.obj,0.9107582171758016,1
device_08_faceswap_0022.obj,0.957917054494222,1
device_08_faceswap_0023.obj,0.8873762687047323,1
device_08_faceswap_0024.obj,0.8795597950617472,1
device_08_jitter_0000.obj,0.9402694900830587,1
device_08_jitter_0001.obj,0.9369826515515646,1
device_08_jitter_0002.obj,0.9426360328992208,1
device_08_jitter_0003.obj,0.9482864340146383,1
device_08_jitter_0004.obj,0.9487987359364828,1
device_08_jitter_0005.obj,0.9463474949200948,1
device_08_jitter_0006.obj,0.9403358896573385,1
device_08_jitter_0007.obj,0.9397770961125692,1
device_08_jitter_0008.obj,0.9320448040962219,1
device_08_jitter_0009.obj,0.9427612026532491,1
device_08_jitter_0010.obj,0.9349802732467651,1
device_08_jitter_0011.obj,0.9252158204714457,1
device_08_jitter_0012.obj,0.934499720732371,1
device_08_jitter_0013.obj,0.9553073247273763,1
device_08_jitter_0014.obj,0.951134979724884,1
device_08_jitter_0015.obj,0.9558021624883016,1
device_08_jitter_0016.obj,0.945950965086619,1
device_08_jitter_0017.obj,0.955152690410614,1
device_08_jitter_0018.obj,0.9418299992879232,1
device_08_jitter_0019.obj,0.9378017584482828,1
device_08_jitter_0020.obj,0.9504389762878418,1
device_08_jitter_0021.obj,0.9639825423558553,1
device_08_jitter_0022.obj,0.9345207214355469,1
device_08_jitter_0023.obj,0.940516193707784,1
device_08_jitter_0024.obj,0.9236973722775778,1
device_08_rigid_0000.obj,0.9093092083930969,1
device_08_rigid_0001.obj,0.9334462285041809,1
device_08_rigid_0002.obj,0.9223992228507996,1
device_08_rigid_0003.obj,0.9147849480311075,1
device_08_rigid_0004.obj,0.9397252003351847,1
device_08_rigid_0005.obj,0.9580947955449423,1
device_08_rigid_0006.obj,0.9330416520436605,1
device_08_rigid_0007.obj,0.9279882709185282,1
device_08_rigid_0008.obj,0.949334998925527,1
device_08_rigid_0009.obj,0.9520745873451233,1
device_08_rigid_0010.obj,0.9021921157836914,1
device_08_rigid_0011.obj,0.8999634981155396,1
device_08_rigid_0012.obj,0.9440758228302002,1
device_08_rigid_0013.obj,0.9559956987698873,1
device_08_rigid_0014.obj,0.9462533593177795,1
device_08_rigid_0015.obj,0.8980821172396342,1
device_08_rigid_0016.obj,0.9178688526153564,1
device_08_rigid_0017.obj,0.934919277826945,1
device_08_rigid_0018.obj,0.9085465868314108,1
device_08_rigid_0019.obj,0.9321232040723165,1
device_08_rigid_0020.obj,0.9380441506703695,1
device_08_rigid_0021.obj,0.9190392096837362,1
device_08_rigid_0022.obj,0.9516751368840536,1
device_08_rigid_0023.obj,0.9529462655385336,1
device_08_rigid_0024.obj,0.9221352537473043,1
device_08_tetwild_0000.obj,0.919121503829956,1
device_08_tetwild_0001.obj,0.8397078514099121,1
device_08_tetwild_0002.obj,0.9371764659881592,1
device_08_tetwild_0003.obj,0.8739533225695292,1
device_08_tetwild_0004.obj,0.8249902327855428,1
device_08_tetwild_0005.obj,0.8194305499394735,1
device_08_tetwild_0006.obj,0.9243721763292948,1
device_08_tetwild_0007.obj,0.8969588081041971,1
device_08_tetwild_0008.obj,0.8946552673975626,1
device_08_tetwild_0009.obj,0.8690185944239298,1
device_08_tetwild_0010.obj,0.9238421122233073,1
device_08_tetwild_0011.obj,0.9051166375478109,1
device_08_tetwild_0012.obj,0.8954430222511292,1
device_08_tetwild_0013.obj,0.8513193925221761,1
device_08_tetwild_0014.obj,0.8461300532023112,1
device_08_tetwild_0015.obj,0.9421368439992269,1
device_08_tetwild_0016.obj,0.9104657173156738,1
device_08_tetwild_0017.obj,0.8582163453102112,1
device_08_tetwild_0018.obj,0.9025044838587443,1
device_08_tetwild_0019.obj,0.9291754563649496,1
device_08_tetwild_0020.obj,0.8866456151008606,1
device_08_tetwild_0021.obj,0.9269526799519857,1
device_08_tetwild_0022.obj,0.9279233813285828,1
device_08_tetwild_0023.obj,0.8916810154914856,1
device_08_tetwild_0024.obj,0.8969405690828959,1
device_19_degenerate_0000.obj,0.9914083878199259,1
device_19_degenerate_0001.obj,0.9914083878199259,1
device_19_degenerate_0002.obj,0.9914083878199259,1
device_19_degenerate_0003.obj,0.9914083878199259,1
device_19_degenerate_0004.obj,0.9914083878199259,1
device_19_degenerate_0005.obj,0.9914083878199259,1
device_19_degenerate_0006.obj,0.9914083878199259,1
device_19_degenerate_0007.obj,0.9914083878199259,1
device_19_degenerate_0008.obj,0.9914083878199259,1
device_19_degenerate_0009.obj,0.9914083878199259,1
device_19_degenerate_0010.obj,0.9914083878199259,1
device_19_degenerate_0011.obj,0.9914083878199259,1
device_19_degenerate_0012.obj,0.9914083878199259,1
device_19_degenerate_0013.obj,0.9914083878199259,1
device_19_degenerate_0014.obj,0.9914083878199259,1
device_19_degenerate_0015.obj,0.9914083878199259,1
device_19_degenerate_0016.obj,0.9914083878199259,1
device_19_degenerate_0017.obj,0.9914083878199259,1
device_19_degenerate_0018.obj,0.9914083878199259,1
device_19_degenerate_0019.obj,0.9914083878199259,1
device_19_degenerate_0020.obj,0.9914083878199259,1
device_19_degenerate_0021.obj,0.9914083878199259,1
device_19_degenerate_0022.obj,0.9914083878199259,1
device_19_degenerate_0023.obj,0.9914083878199259,1
device_19_degenerate_0024.obj,0.9914083878199259,1
device_19_disconnected_0000.obj,0.9914083878199259,1
device_19_disconnected_0001.obj,0.9914083878199259,1
device_19_disconnected_0002.obj,0.9914083878199259,1
device_19_disconnected_0003.obj,0.9914083878199259,1
device_19_disconnected_0004.obj,0.9914083878199259,1
device_19_disconnected_0005.obj,0.9914083878199259,1
device_19_disconnected_0006.obj,0.9914083878199259,1
device_19_disconnected_0007.obj,0.9914083878199259,1
device_19_disconnected_0008.obj,0.9914083878199259,1
device_19_disconnected_0009.obj,0.9914083878199259,1
device_19_disconnected_0010.obj,0.9914083878199259,1
device_19_disconnected_0011.obj,0.9914083878199259,1
device_19_disconnected_0012.obj,0.9914083878199259,1
device_19_disconnected_0013.obj,0.9914083878199259,1
device_19_disconnected_0014.obj,0.9914083878199259,1
device_19_disconnected_0015.obj,0.9914083878199259,1
device_19_disconnected_0016.obj,0.9914083878199259,1
device_19_disconnected_0017.obj,0.9914083878199259,1
device_19_disconnected_0018.obj,0.9914083878199259,1
device_19_disconnected_0019.obj,0.9914083878199259,1
device_19_disconnected_0020.obj,0.9914083878199259,1
device_19_disconnected_0021.obj,0.9914083878199259,1
device_19_disconnected_0022.obj,0.9914083878199259,1
device_19_disconnected_0023.obj,0.9914083878199259,1
device_19_disconnected_0024.obj,0.9914083878199259,1
device_19_faceswap_0000.obj,0.9089148044586182,1
device_19_faceswap_0001.obj,0.9968467553456625,1
device_19_faceswap_0002.obj,0.9938911596934,1
device_19_faceswap_0003.obj,0.9930489261945089,1
device_19_faceswap_0004.obj,0.9971088965733846,1
device_19_faceswap_0005.obj,0.9915087819099426,1
device_19_faceswap_0006.obj,0.9965867201487223,1
device_19_faceswap_0007.obj,0.9977902173995972,1
device_19_faceswap_0008.obj,0.9973757465680441,1
device_19_faceswap_0009.obj,0.9918572107950846,1
device_19_faceswap_0010.obj,0.997203509012858,1
device_19_faceswap_0011.obj,0.9847532510757446,1
device_19_faceswap_0012.obj,0.9816645383834839,1
device_19_faceswap_0013.obj,0.9738378326098124,1
device_19_faceswap_0014.obj,0.98775315284729,1
device_19_faceswap_0015.obj,0.9966950217882792,1
device_19_faceswap_0016.obj,0.992420474688212,1
device_19_faceswap_0017.obj,0.9776702523231506,1
device_19_faceswap_0018.obj,0.9728666543960571,1
device_19_faceswap_0019.obj,0.9947140614191691,1
device_19_faceswap_0020.obj,0.9885366757710775,1
device_19_faceswap_0021.obj,0.9909615715344747,1
device_19_faceswap_0022.obj,0.9903935194015503,1
device_19_faceswap_0023.obj,0.9949267903963724,1
device_19_faceswap_0024.obj,0.9958505233128866,1
device_19_jitter_0000.obj,0.9888324538866679,1
device_19_jitter_0001.obj,0.9906629721323649,1
device_19_jitter_0002.obj,0.986835777759552,1
device_19_jitter_0003.obj,0.987057626247406,1
device_19_jitter_0004.obj,0.9896576603253683,1
device_19_jitter_0005.obj,0.9878753622372946,1
device_19_jitter_0006.obj,0.9919458627700806,1
device_19_jitter_0007.obj,0.9915093382199606,1
device_19_jitter_0008.obj,0.992670993010203,1
device_19_jitter_0009.obj,0.9894490043322245,1
device_19_jitter_0010.obj,0.9922516345977783,1
device_19_jitter_0011.obj,0.9882478912671407,1
device_19_jitter_0012.obj,0.9844094514846802,1
device_19_jitter_0013.obj,0.9890178044637045,1
device_19_jitter_0014.obj,0.9914605021476746,1
device_19_jitter_0015.obj,0.9898903171221415,1
device_19_jitter_0016.obj,0.9875879883766174,1
device_19_jitter_0017.obj,0.987218995889028,1
device_19_jitter_0018.obj,0.989692211151123,1
device_19_jitter_0019.obj,0.9919855991999308,1
device_19_jitter_0020.obj,0.9920457402865092,1
device_19_jitter_0021.obj,0.9928079843521118,1
device_19_jitter_0022.obj,0.9916832645734152,1
device_19_jitter_0023.obj,0.9907061258951823,1
device_19_jitter_0024.obj,0.9936221043268839,1
device_19_rigid_0000.obj,0.996300458908081,1
device_19_rigid_0001.obj,0.9937461614608765,1
device_19_rigid_0002.obj,0.990855872631073,1
device_19_rigid_0003.obj,0.9924924572308859,1
device_19_rigid_0004.obj,0.9958386421203613,1
device_19_rigid_0005.obj,0.9899286031723022,1
device_19_rigid_0006.obj,0.9945262869199117,1
device_19_rigid_0007.obj,0.9936593373616537,1
device_19_rigid_0008.obj,0.99323437611262,1
device_19_rigid_0009.obj,0.989635189374288,1
device_19_rigid_0010.obj,0.9956415891647339,1
device_19_rigid_0011.obj,0.9961065451304117,1
device_19_rigid_0012.obj,0.9899698694547018,1
device_19_rigid_0013.obj,0.994539201259613,1
device_19_rigid_0014.obj,0.9946935971577963,1
device_19_rigid_0015.obj,0.995130697886149,1
device_19_rigid_0016.obj,0.990133265654246,1
device_19_rigid_0017.obj,0.9940760930379232,1
device_19_rigid_0018.obj,0.9940864046414694,1
device_19_rigid_0019.obj,0.9887041052182516,1
device_19_rigid_0020.obj,0.9941381017367045,1
device_19_rigid_0021.obj,0.9960306882858276,1
device_19_rigid_0022.obj,0.9899003704388937,1
device_19_rigid_0023.obj,0.9931577642758688,1
device_19_rigid_0024.obj,0.9891690611839294,1
device_19_tetwild_0000.obj,0.9982463518778483,1
device_19_tetwild_0001.obj,0.996754785378774,1
device_19_tetwild_0002.obj,0.9906835158665975,1
device_19_tetwild_0003.obj,0.9937383929888407,1
device_19_tetwild_0004.obj,0.997907797495524,1
device_19_tetwild_0005.obj,0.995424747467041,1
device_19_tetwild_0006.obj,0.9958343704541525,1
device_19_tetwild_0007.obj,0.9933174848556519,1
device_19_tetwild_0008.obj,0.9877141316731771,1
device_19_tetwild_0009.obj,0.9882126251856486,1
device_19_tetwild_0010.obj,0.9175626238187155,1
device_19_tetwild_0011.obj,0.9910719792048136,1
device_19_tetwild_0012.obj,0.9821355740229288,1
device_19_tetwild_0013.obj,0.9963633219401041,1
device_19_tetwild_0014.obj,0.9983017444610596,1
device_19_tetwild_0015.obj,0.992864727973938,1
device_19_tetwild_0016.obj,0.9376608530680338,1
device_19_tetwild_0017.obj,0.9947386185328165,1
device_19_tetwild_0018.obj,0.9881621400515238,1
device_19_tetwild_0019.obj,0.9977724353472391,1
device_19_tetwild_0020.obj,0.9948816100756327,1
device_19_tetwild_0021.obj,0.998640219370524,1
device_19_tetwild_0022.obj,0.9956331253051758,1
device_19_tetwild_0023.obj,0.9911251664161682,1
device_19_tetwild_0024.obj,0.9879481395085653,1
device_16_degenerate_0000.obj,0.9268833597501119,1
device_16_degenerate_0001.obj,0.9268833597501119,1
device_16_degenerate_0002.obj,0.9268833597501119,1
device_16_degenerate_0003.obj,0.9268833597501119,1
device_16_degenerate_0004.obj,0.9268833597501119,1
device_16_degenerate_0005.obj,0.9268833597501119,1
device_16_degenerate_0006.obj,0.9268833597501119,1
device_16_degenerate_0007.obj,0.9268833597501119,1
device_16_degenerate_0008.obj,0.9268833597501119,1
device_16_degenerate_0009.obj,0.9268833597501119,1
device_16_degenerate_0010.obj,0.9268833597501119,1
device_16_degenerate_0011.obj,0.9268833597501119,1
device_16_degenerate_0012.obj,0.9268833597501119,1
device_16_degenerate_0013.obj,0.9268833597501119,1
device_16_degenerate_0014.obj,0.9268833597501119,1
device_16_degenerate_0015.obj,0.9268833597501119,1
device_16_degenerate_0016.obj,0.9268833597501119,1
device_16_degenerate_0017.obj,0.9268833597501119,1
device_16_degenerate_0018.obj,0.9268833597501119,1
device_16_degenerate_0019.obj,0.9268833597501119,1
device_16_degenerate_0020.obj,0.9268833597501119,1
device_16_degenerate_0021.obj,0.9268833597501119,1
device_16_degenerate_0022.obj,0.9268833597501119,1
device_16_degenerate_0023.obj,0.9268833597501119,1
device_16_degenerate_0024.obj,0.9268833597501119,1
device_16_disconnected_0000.obj,0.9268833597501119,1
device_16_disconnected_0001.obj,0.9268833597501119,1
device_16_disconnected_0002.obj,0.9361809293429056,1
device_16_disconnected_0003.obj,0.9268833597501119,1
device_16_disconnected_0004.obj,0.9268833597501119,1
device_16_disconnected_0005.obj,0.9268833597501119,1
device_16_disconnected_0006.obj,0.9268833597501119,1
device_16_disconnected_0007.obj,0.9268833597501119,1
device_16_disconnected_0008.obj,0.9268833597501119,1
device_16_disconnected_0009.obj,0.9268833597501119,1
device_16_disconnected_0010.obj,0.9268831014633179,1
device_16_disconnected_0011.obj,0.9268833597501119,1
device_16_disconnected_0012.obj,0.9268833597501119,1
device_16_disconnected_0013.obj,0.9268833597501119,1
device_16_disconnected_0014.obj,0.9268833597501119,1
device_16_disconnected_0015.obj,0.9268833597501119,1
device_16_disconnected_0016.obj,0.9411544998486837,1
device_16_disconnected_0017.obj,0.9268833597501119,1
device_16_disconnected_0018.obj,0.9268833597501119,1
device_16_disconnected_0019.obj,0.9268833597501119,1
device_16_disconnected_0020.obj,0.959239145119985,1
device_16_disconnected_0021.obj,0.9268833597501119,1
device_16_disconnected_0022.obj,0.9268833597501119,1
device_16_disconnected_0023.obj,0.9268833597501119,1
device_16_disconnected_0024.obj,0.9268833597501119,1
device_16_faceswap_0000.obj,0.9562140703201294,1
device_16_faceswap_0001.obj,0.9782447218894958,1
device_16_faceswap_0002.obj,0.9640810489654541,1
device_16_faceswap_0003.obj,0.9428762396176656,1
device_16_faceswap_0004.obj,0.9042779803276062,1
device_16_faceswap_0005.obj,0.9629970192909241,1
device_16_faceswap_0006.obj,0.9630499680836996,1
device_16_faceswap_0007.obj,0.9297168056170145,1
device_16_faceswap_0008.obj,0.9495846033096313,1
device_16_faceswap_0009.obj,0.9529571334520975,1
device_16_faceswap_0010.obj,0.9757581750551859,1
device_16_faceswap_0011.obj,0.9414433042208353,1
device_16_faceswap_0012.obj,0.9459002415339152,1
device_16_faceswap_0013.obj,0.9553558826446533,1
device_16_faceswap_0014.obj,0.9641801913579305,1
device_16_faceswap_0015.obj,0.958863894144694,1
device_16_faceswap_0016.obj,0.9711342056592306,1
device_16_faceswap_0017.obj,0.9067070086797079,1
device_16_faceswap_0018.obj,0.9399364193280538,1
device_16_faceswap_0019.obj,0.9497289458910624,1
device_16_faceswap_0020.obj,0.9290613929430643,1
device_16_faceswap_0021.obj,0.9347221255302429,1
device_16_faceswap_0022.obj,0.8458357055981954,1
device_16_faceswap_0023.obj,0.9389052192370096,1
device_16_faceswap_0024.obj,0.9734055598576864,1
device_16_jitter_0000.obj,0.9578065077463785,1
device_16_jitter_0001.obj,0.9406499862670898,1
device_16_jitter_0002.obj,0.9522595604260763,1
device_16_jitter_0003.obj,0.9316146373748779,1
device_16_jitter_0004.obj,0.9460086226463318,1
device_16_jitter_0005.obj,0.9564532240231832,1
device_16_jitter_0006.obj,0.9337913393974304,1
device_16_jitter_0007.obj,0.9351653456687927,1
device_16_jitter_0008.obj,0.9639024138450623,1
device_16_jitter_0009.obj,0.9439510504404703,1
device_16_jitter_0010.obj,0.9507567683855692,1
device_16_jitter_0011.obj,0.9220610857009888,1
device_16_jitter_0012.obj,0.9395201404889425,1
device_16_jitter_0013.obj,0.9457870920499166,1
device_16_jitter_0014.obj,0.9404411713282267,1
device_16_jitter_0015.obj,0.9381400346755981,1
device_16_jitter_0016.obj,0.9409409364064535,1
device_16_jitter_0017.obj,0.9438106020291647,1
device_16_jitter_0018.obj,0.9460025827089945,1
device_16_jitter_0019.obj,0.9534314473470052,1
device_16_jitter_0020.obj,0.9080852468808492,1
device_16_jitter_0021.obj,0.9634059270222982,1
device_16_jitter_0022.obj,0.9530212680498759,1
device_16_jitter_0023.obj,0.9580475091934204,1
device_16_jitter_0024.obj,0.9528645674387614,1
device_16_rigid_0000.obj,0.8845292727152506,1
device_16_rigid_0001.obj,0.864364743232727,1
device_16_rigid_0002.obj,0.9397790630658468,1
device_16_rigid_0003.obj,0.8974519371986389,1
device_16_rigid_0004.obj,0.9194168448448181,1
device_16_rigid_0005.obj,0.8729974031448364,1
device_16_rigid_0006.obj,0.9028586943944296,1
device_16_rigid_0007.obj,0.8688791592915853,1
device_16_rigid_0008.obj,0.9053804477055868,1
device_16_rigid_0009.obj,0.8739344278971354,1
device_16_rigid_0010.obj,0.8871236443519592,1
device_16_rigid_0011.obj,0.8702446619669596,1
device_16_rigid_0012.obj,0.9120359420776367,1
device_16_rigid_0013.obj,0.9206910928090414,1
device_16_rigid_0014.obj,0.8197255531946818,1
device_16_rigid_0015.obj,0.9147595167160034,1
device_16_rigid_0016.obj,0.8987137675285339,1
device_16_rigid_0017.obj,0.8961630066235861,1
device_16_rigid_0018.obj,0.8822260101636251,1
device_16_rigid_0019.obj,0.9186920126279196,1
device_16_rigid_0020.obj,0.8562996784845988,1
device_16_rigid_0021.obj,0.901201585928599,1
device_16_rigid_0022.obj,0.8410617907842001,1
device_16_rigid_0023.obj,0.906666894753774,1
device_16_rigid_0024.obj,0.8960299889246622,1
device_16_tetwild_0000.obj,0.9310978055000305,1
device_16_tetwild_0001.obj,0.9411351879437765,1
device_16_tetwild_0002.obj,0.8912853995958964,1
device_16_tetwild_0003.obj,0.8550833861033121,1
device_16_tetwild_0004.obj,0.9569260478019714,1
device_16_tetwild_0005.obj,0.8936560153961182,1
device_16_tetwild_0006.obj,0.738564113775889,1
device_16_tetwild_0007.obj,0.9651647607485453,1
device_16_tetwild_0008.obj,0.9270492593447367,1
device_16_tetwild_0009.obj,0.9676124453544617,1
device_16_tetwild_0010.obj,0.9346755345662435,1
device_16_tetwild_0011.obj,0.7972733577092489,1
device_16_tetwild_0012.obj,0.9735525449117025,1
device_16_tetwild_0013.obj,0.9764581918716431,1
device_16_tetwild_0014.obj,0.9476078947385153,1
device_16_tetwild_0015.obj,0.9583223660786947,1
device_16_tetwild_0016.obj,0.9675328930219015,1
device_16_tetwild_0017.obj,0.9268295963605245,1
device_16_tetwild_0018.obj,0.9254444440205892,1
device_16_tetwild_0019.obj,0.8251064618428549,1
device_16_tetwild_0020.obj,0.9082914988199869,1
device_16_tetwild_0021.obj,0.9123581051826477,1
device_16_tetwild_0022.obj,0.9144153793652853,1
device_16_tetwild_0023.obj,0.9039485454559326,1
device_16_tetwild_0024.obj,0.9579792420069376,1
device_11_degenerate_0000.obj,0.9672092398007711,1
device_11_degenerate_0001.obj,0.9672092398007711,1
device_11_degenerate_0002.obj,0.9672092398007711,1
device_11_degenerate_0003.obj,0.9672092398007711,1
device_11_degenerate_0004.obj,0.9672092398007711,1
device_11_degenerate_0005.obj,0.9672092398007711,1
device_11_degenerate_0006.obj,0.9672092398007711,1
device_11_degenerate_0007.obj,0.9672092398007711,1
device_11_degenerate_0008.obj,0.9672092398007711,1
device_11_degenerate_0009.obj,0.9672092398007711,1
device_11_degenerate_0010.obj,0.9672092398007711,1
device_11_degenerate_0011.obj,0.9672092398007711,1
device_11_degenerate_0012.obj,0.9672092398007711,1
device_11_degenerate_0013.obj,0.9672092398007711,1
device_11_degenerate_0014.obj,0.9672092398007711,1
device_11_degenerate_0015.obj,0.9672092398007711,1
device_11_degenerate_0016.obj,0.9672092398007711,1
device_11_degenerate_0017.obj,0.9672092398007711,1
device_11_degenerate_0018.obj,0.9672092398007711,1
device_11_degenerate_0019.obj,0.9672092398007711,1
device_11_degenerate_0020.obj,0.9672092398007711,1
device_11_degenerate_0021.obj,0.9672092398007711,1
device_11_degenerate_0022.obj,0.9672092398007711,1
device_11_degenerate_0023.obj,0.9672092398007711,1
device_11_degenerate_0024.obj,0.9672092398007711,1
device_11_disconnected_0000.obj,0.9672092398007711,1
device_11_disconnected_0001.obj,0.9672092398007711,1
device_11_disconnected_0002.obj,0.9672092398007711,1
device_11_disconnected_0003.obj,0.9672092398007711,1
device_11_disconnected_0004.obj,0.9672092398007711,1
device_11_disconnected_0005.obj,0.9672092398007711,1
device_11_disconnected_0006.obj,0.9672092398007711,1
device_11_disconnected_0007.obj,0.9672092398007711,1
device_11_disconnected_0008.obj,0.9672092398007711,1
device_11_disconnected_0009.obj,0.9672092398007711,1
device_11_disconnected_0010.obj,0.9672092398007711,1
device_11_disconnected_0011.obj,0.9672092398007711,1
device_11_disconnected_0012.obj,0.9672092398007711,1
device_11_disconnected_0013.obj,0.9672092398007711,1
device_11_disconnected_0014.obj,0.9672092398007711,1
device_11_disconnected_0015.obj,0.9672092398007711,1
device_11_disconnected_0016.obj,0.9672092398007711,1
device_11_disconnected_0017.obj,0.9672092398007711,1
device_11_disconnected_0018.obj,0.9733277360598246,1
device_11_disconnected_0019.obj,0.9672092398007711,1
device_11_disconnected_0020.obj,0.9672092398007711,1
device_11_disconnected_0021.obj,0.9672092398007711,1
device_11_disconnected_0022.obj,0.9672092398007711,1
device_11_disconnected_0023.obj,0.9672092398007711,1
device_11_disconnected_0024.obj,0.9672092398007711,1
device_11_faceswap_0000.obj,0.9736945430437723,1
device_11_faceswap_0001.obj,0.970952312151591,1
device_11_faceswap_0002.obj,0.9787659247716268,1
device_11_faceswap_0003.obj,0.9748920202255249,1
device_11_faceswap_0004.obj,0.9677328070004781,1
device_11_faceswap_0005.obj,0.9669104019800822,1
device_11_faceswap_0006.obj,0.9814879894256592,1
device_11_faceswap_0007.obj,0.9469594558080038,1
device_11_faceswap_0008.obj,0.9735870957374573,1
device_11_faceswap_0009.obj,0.7836557428042094,1
device_11_faceswap_0010.obj,0.91698024670283,1
device_11_faceswap_0011.obj,0.961876372496287,1
device_11_faceswap_0012.obj,0.9724758664766947,1
device_11_faceswap_0013.obj,0.9737926522890726,1
device_11_faceswap_0014.obj,0.9626625974973043,1
device_11_faceswap_0015.obj,0.9616326689720154,1
device_11_faceswap_0016.obj,0.9690656661987305,1
device_11_faceswap_0017.obj,0.9382757941881815,1
device_11_faceswap_0018.obj,0.9196473161379496,1
device_11_faceswap_0019.obj,0.9672045509020487,1
device_11_faceswap_0020.obj,0.9522390961647034,1
device_11_faceswap_0021.obj,0.9201268355051676,1
device_11_faceswap_0022.obj,0.9732945362726847,1
device_11_faceswap_0023.obj,0.9600131511688232,1
device_11_faceswap_0024.obj,0.9162089427312216,1
device_11_jitter_0000.obj,0.9767712553342184,1
device_11_jitter_0001.obj,0.9774799148241679,1
device_11_jitter_0002.obj,0.9752012491226196,1
device_11_jitter_0003.obj,0.9747974077860514,1
device_11_jitter_0004.obj,0.9696573615074158,1
device_11_jitter_0005.obj,0.9750797549883524,1
device_11_jitter_0006.obj,0.9775850375493368,1
device_11_jitter_0007.obj,0.979056715965271,1
device_11_jitter_0008.obj,0.9773102204004923,1
device_11_jitter_0009.obj,0.9705587228139242,1
device_11_jitter_0010.obj,0.9713088274002075,1
device_11_jitter_0011.obj,0.9773514668146769,1
device_11_jitter_0012.obj,0.9749781688054403,1
device_11_jitter_0013.obj,0.9747391939163208,1
device_11_jitter_0014.obj,0.9780366818110148,1
device_11_jitter_0015.obj,0.9776588082313538,1
device_11_jitter_0016.obj,0.9738775293032328,1
device_11_jitter_0017.obj,0.9735236167907715,1
device_11_jitter_0018.obj,0.9744510451952616,1
device_11_jitter_0019.obj,0.9694014390309652,1
device_11_jitter_0020.obj,0.9735698501269022,1
device_11_jitter_0021.obj,0.9768683513005575,1
device_11_jitter_0022.obj,0.9770226081212362,1
device_11_jitter_0023.obj,0.9763288696606954,1
device_11_jitter_0024.obj,0.9765574336051941,1
device_11_rigid_0000.obj,0.96954212586085,1
device_11_rigid_0001.obj,0.9565602938334147,1
device_11_rigid_0002.obj,0.9680793285369873,1
device_11_rigid_0003.obj,0.9525368213653564,1
device_11_rigid_0004.obj,0.9617251555124918,1
device_11_rigid_0005.obj,0.970295270284017,1
device_11_rigid_0006.obj,0.9422059456507365,1
device_11_rigid_0007.obj,0.9599642753601074,1
device_11_rigid_0008.obj,0.9553901354471842,1
device_11_rigid_0009.obj,0.9679871400197347,1
device_11_rigid_0010.obj,0.9463248451550802,1
device_11_rigid_0011.obj,0.9653437336285909,1
device_11_rigid_0012.obj,0.9624655644098917,1
device_11_rigid_0013.obj,0.9686307311058044,1
device_11_rigid_0014.obj,0.9643253087997437,1
device_11_rigid_0015.obj,0.9525816837946574,1
device_11_rigid_0016.obj,0.9597665071487427,1
device_11_rigid_0017.obj,0.9663218855857849,1
device_11_rigid_0018.obj,0.9618429740269979,1
device_11_rigid_0019.obj,0.9673523902893066,1
device_11_rigid_0020.obj,0.9682127038637797,1
device_11_rigid_0021.obj,0.9666295846303304,1
device_11_rigid_0022.obj,0.9581001003583273,1
device_11_rigid_0023.obj,0.9633651773134867,1
device_11_rigid_0024.obj,0.9721243580182394,1
device_11_tetwild_0000.obj,0.9644003311793009,1
device_11_tetwild_0001.obj,0.9758688807487488,1
device_11_tetwild_0002.obj,0.9566573103268942,1
device_11_tetwild_0003.obj,0.9587874412536621,1
device_11_tetwild_0004.obj,0.9473430514335632,1
device_11_tetwild_0005.obj,0.9098226030667623,1
device_11_tetwild_0006.obj,0.8756271998087565,1
device_11_tetwild_0007.obj,0.9631527264912924,1
device_11_tetwild_0008.obj,0.9623048106829325,1
device_11_tetwild_0009.obj,0.9240961869557699,1
device_11_tetwild_0010.obj,0.956269641717275,1
device_11_tetwild_0011.obj,0.9533824721972147,1
device_11_tetwild_0012.obj,0.9723647634188334,1
device_11_tetwild_0013.obj,0.9676583409309387,1
device_11_tetwild_0014.obj,0.9758642514546713,1
device_11_tetwild_0015.obj,0.9723220070203146,1
device_11_tetwild_0016.obj,0.9610299468040466,1
device_11_tetwild_0017.obj,0.9086413780848185,1
device_11_tetwild_0018.obj,0.9673794309298197,1
device_11_tetwild_0019.obj,0.8022193312644958,1
device_11_tetwild_0020.obj,0.9539960622787476,1
device_11_tetwild_0021.obj,0.9616502324740092,1
device_11_tetwild_0022.obj,0.9652042388916016,1
device_11_tetwild_0023.obj,0.9582383036613464,1
device_11_tetwild_0024.obj,0.9545424183209738,1
device_02_degenerate_0000.obj,0.9952398538589478,1
device_02_degenerate_0001.obj,0.9952398538589478,1
device_02_degenerate_0002.obj,0.9952398538589478,1
device_02_degenerate_0003.obj,0.9952398538589478,1
device_02_degenerate_0004.obj,0.9952398538589478,1
device_02_degenerate_0005.obj,0.9952398538589478,1
device_02_degenerate_0006.obj,0.9952398538589478,1
device_02_degenerate_0007.obj,0.9952398538589478,1
device_02_degenerate_0008.obj,0.9952398538589478,1
device_02_degenerate_0009.obj,0.9952398538589478,1
device_02_degenerate_0010.obj,0.9952398538589478,1
device_02_degenerate_0011.obj,0.9952398538589478,1
device_02_degenerate_0012.obj,0.9952398538589478,1
device_02_degenerate_0013.obj,0.9952398538589478,1
device_02_degenerate_0014.obj,0.9952398538589478,1
device_02_degenerate_0015.obj,0.9952398538589478,1
device_02_degenerate_0016.obj,0.9952398538589478,1
device_02_degenerate_0017.obj,0.9952398538589478,1
device_02_degenerate_0018.obj,0.9952398538589478,1
device_02_degenerate_0019.obj,0.9952398538589478,1
device_02_degenerate_0020.obj,0.9952398538589478,1
device_02_degenerate_0021.obj,0.9952398538589478,1
device_02_degenerate_0022.obj,0.9952398538589478,1
device_02_degenerate_0023.obj,0.9952398538589478,1
device_02_degenerate_0024.obj,0.9952398538589478,1
device_02_disconnected_0000.obj,0.9952398538589478,1
device_02_disconnected_0001.obj,0.9952398538589478,1
device_02_disconnected_0002.obj,0.9952398538589478,1
device_02_disconnected_0003.obj,0.9952398538589478,1
device_02_disconnected_0004.obj,0.9952398538589478,1
device_02_disconnected_0005.obj,0.9952398538589478,1
device_02_disconnected_0006.obj,0.9952398538589478,1
device_02_disconnected_0007.obj,0.9952398538589478,1
device_02_disconnected_0008.obj,0.9952398538589478,1
device_02_disconnected_0009.obj,0.9952398538589478,1
device_02_disconnected_0010.obj,0.9952398538589478,1
device_02_disconnected_0011.obj,0.9952398538589478,1
device_02_disconnected_0012.obj,0.9952398538589478,1
device_02_disconnected_0013.obj,0.9952398538589478,1
device_02_disconnected_0014.obj,0.9952398538589478,1
device_02_disconnected_0015.obj,0.9952398538589478,1
device_02_disconnected_0016.obj,0.9952398538589478,1
device_02_disconnected_0017.obj,0.9952398538589478,1
device_02_disconnected_0018.obj,0.9952398538589478,1
device_02_disconnected_0019.obj,0.9952398538589478,1
device_02_disconnected_0020.obj,0.9952398538589478,1
device_02_disconnected_0021.obj,0.9952398538589478,1
device_02_disconnected_0022.obj,0.9952398538589478,1
device_02_disconnected_0023.obj,0.9952398538589478,1
device_02_disconnected_0024.obj,0.9952398538589478,1
device_02_faceswap_0000.obj,0.9903324842453003,1
device_02_faceswap_0001.obj,0.9957271814346313,1
device_02_faceswap_0002.obj,0.9955977996190389,1
device_02_faceswap_0003.obj,0.9982293844223022,1
device_02_faceswap_0004.obj,0.996620794137319,1
device_02_faceswap_0005.obj,0.9980016946792603,1
device_02_faceswap_0006.obj,0.9903022448221842,1
device_02_faceswap_0007.obj,0.9973984360694885,1
device_02_faceswap_0008.obj,0.9912401835123698,1
device_02_faceswap_0009.obj,0.9912198384602865,1
device_02_faceswap_0010.obj,0.9939566651980082,1
device_02_faceswap_0011.obj,0.9951015114784241,1
device_02_faceswap_0012.obj,0.9827979803085327,1
device_02_faceswap_0013.obj,0.9956658283869425,1
device_02_faceswap_0014.obj,0.9985032280286154,1
device_02_faceswap_0015.obj,0.9961885015169779,1
device_02_faceswap_0016.obj,0.996171236038208,1
device_02_faceswap_0017.obj,0.9900379379590353,1
device_02_faceswap_0018.obj,0.9967513680458069,1
device_02_faceswap_0019.obj,0.9868763486544291,1
device_02_faceswap_0020.obj,0.9984054764111837,1
device_02_faceswap_0021.obj,0.9972835183143616,1
device_02_faceswap_0022.obj,0.9975411693255106,1
device_02_faceswap_0023.obj,0.997176984945933,1
device_02_faceswap_0024.obj,0.987914244333903,1
device_02_jitter_0000.obj,0.9577735463778178,1
device_02_jitter_0001.obj,0.995033840338389,1
device_02_jitter_0002.obj,0.959111213684082,1
device_02_jitter_0003.obj,0.9751018285751343,1
device_02_jitter_0004.obj,0.9733018676439921,1
device_02_jitter_0005.obj,0.9627679785092672,1
device_02_jitter_0006.obj,0.9717936317125956,1
device_02_jitter_0007.obj,0.9914638002713522,1
device_02_jitter_0008.obj,0.9852027098337809,1
device_02_jitter_0009.obj,0.9713924328486124,1
device_02_jitter_0010.obj,0.9721937576929728,1
device_02_jitter_0011.obj,0.9826191663742065,1
device_02_jitter_0012.obj,0.9884068369865417,1
device_02_jitter_0013.obj,0.9826075236002604,1
device_02_jitter_0014.obj,0.9872552553812662,1
device_02_jitter_0015.obj,0.9618869622548422,1
device_02_jitter_0016.obj,0.9891693393389384,1
device_02_jitter_0017.obj,0.9533069531122843,1
device_02_jitter_0018.obj,0.9946266810099283,1
device_02_jitter_0019.obj,0.9856379429499308,1
device_02_jitter_0020.obj,0.9689966042836508,1
device_02_jitter_0021.obj,0.990970234076182,1
device_02_jitter_0022.obj,0.9917001128196716,1
device_02_jitter_0023.obj,0.995707372824351,1
device_02_jitter_0024.obj,0.9896223346392313,1
device_02_rigid_0000.obj,0.9966709415117899,1
device_02_rigid_0001.obj,0.9955681165059408,1
device_02_rigid_0002.obj,0.9954315225283304,1
device_02_rigid_0003.obj,0.9964167475700378,1
device_02_rigid_0004.obj,0.9953719178835551,1
device_02_rigid_0005.obj,0.9970948696136475,1
device_02_rigid_0006.obj,0.9967422882715861,1
device_02_rigid_0007.obj,0.9965094129244486,1
device_02_rigid_0008.obj,0.995150089263916,1
device_02_rigid_0009.obj,0.9964253703753153,1
device_02_rigid_0010.obj,0.9945195118586222,1
device_02_rigid_0011.obj,0.995943526426951,1
device_02_rigid_0012.obj,0.9966609080632528,1
device_02_rigid_0013.obj,0.9959115982055664,1
device_02_rigid_0014.obj,0.9953877329826355,1
device_02_rigid_0015.obj,0.9954714775085449,1
device_02_rigid_0016.obj,0.9956655899683634,1
device_02_rigid_0017.obj,0.9952102700869242,1
device_02_rigid_0018.obj,0.9959142605463663,1
device_02_rigid_0019.obj,0.994861900806427,1
device_02_rigid_0020.obj,0.9966416160265604,1
device_02_rigid_0021.obj,0.9971961180369059,1
device_02_rigid_0022.obj,0.9961925943692526,1
device_02_rigid_0023.obj,0.9954166014989217,1
device_02_rigid_0024.obj,0.9968615969022115,1
device_02_tetwild_0000.obj,0.9699070453643799,1
device_02_tetwild_0001.obj,0.9501567284266154,1
device_02_tetwild_0002.obj,0.9737583597501119,1
device_02_tetwild_0003.obj,0.9720052083333334,1
device_02_tetwild_0004.obj,0.9707645575205485,1
device_02_tetwild_0006.obj,0.9704606135686239,1
device_02_tetwild_0007.obj,0.9746444423993429,1
device_02_tetwild_0008.obj,0.965611199537913,1
device_02_tetwild_0009.obj,0.9390073815981547,1
device_02_tetwild_0010.obj,0.966249922911326,1
device_02_tetwild_0011.obj,0.9769200483957926,1
device_02_tetwild_0012.obj,0.9580572843551636,1
device_02_tetwild_0013.obj,0.9516081015268961,1
device_02_tetwild_0014.obj,0.9736679792404175,1
device_02_tetwild_0015.obj,0.9684523940086365,1
device_02_tetwild_0016.obj,0.9658406376838684,1
device_02_tetwild_0018.obj,0.9623118837674459,1
device_02_tetwild_0019.obj,0.9662599563598633,1
device_02_tetwild_0020.obj,0.9529954791069031,1
device_02_tetwild_0021.obj,0.9320963223775228,1
device_02_tetwild_0022.obj,0.9843643506368002,1
device_02_tetwild_0023.obj,0.9714065988858541,1
device_02_tetwild_0024.obj,0.6348023315270742,1
device_27_degenerate_0000.obj,0.8891109824180603,1
device_27_degenerate_0001.obj,0.8891109824180603,1
device_27_degenerate_0002.obj,0.8891109824180603,1
device_27_degenerate_0003.obj,0.8891109824180603,1
device_27_degenerate_0004.obj,0.8891109824180603,1
device_27_degenerate_0005.obj,0.8891109824180603,1
device_27_degenerate_0006.obj,0.8891109824180603,1
device_27_degenerate_0007.obj,0.8891109824180603,1
device_27_degenerate_0008.obj,0.8891109824180603,1
device_27_degenerate_0009.obj,0.8891109824180603,1
device_27_degenerate_0010.obj,0.8891109824180603,1
device_27_degenerate_0011.obj,0.8891109824180603,1
device_27_degenerate_0012.obj,0.8891109824180603,1
device_27_degenerate_0013.obj,0.8891109824180603,1
device_27_degenerate_0014.obj,0.8891109824180603,1
device_27_degenerate_0015.obj,0.8891109824180603,1
device_27_degenerate_0016.obj,0.8891109824180603,1
device_27_degenerate_0017.obj,0.8891109824180603,1
device_27_degenerate_0018.obj,0.8891109824180603,1
device_27_degenerate_0019.obj,0.8891109824180603,1
device_27_degenerate_0020.obj,0.8891109824180603,1
device_27_degenerate_0021.obj,0.8891109824180603,1
device_27_degenerate_0022.obj,0.8891109824180603,1
device_27_degenerate_0023.obj,0.8891109824180603,1
device_27_degenerate_0024.obj,0.8891109824180603,1
device_27_disconnected_0000.obj,0.8891109824180603,1
device_27_disconnected_0001.obj,0.8891109824180603,1
device_27_disconnected_0002.obj,0.8891109824180603,1
device_27_disconnected_0003.obj,0.8891107241312662,1
device_27_disconnected_0004.obj,0.8891109824180603,1
device_27_disconnected_0005.obj,0.8891109824180603,1
device_27_disconnected_0006.obj,0.8891109824180603,1
device_27_disconnected_0007.obj,0.8891109824180603,1
device_27_disconnected_0008.obj,0.8891109824180603,1
device_27_disconnected_0009.obj,0.8891109824180603,1
device_27_disconnected_0010.obj,0.8891109824180603,1
device_27_disconnected_0011.obj,0.8891109824180603,1
device_27_disconnected_0012.obj,0.8891109824180603,1
device_27_disconnected_0013.obj,0.8891109824180603,1
device_27_disconnected_0014.obj,0.8891109824180603,1
device_27_disconnected_0015.obj,0.8891109824180603,1
device_27_disconnected_0016.obj,0.8891109824180603,1
device_27_disconnected_0017.obj,0.8891109824180603,1
device_27_disconnected_0018.obj,0.8891109824180603,1
device_27_disconnected_0019.obj,0.8891109824180603,1
device_27_disconnected_0020.obj,0.8891109824180603,1
device_27_disconnected_0021.obj,0.8891109824180603,1
device_27_disconnected_0022.obj,0.8891109824180603,1
device_27_disconnected_0023.obj,0.8891109824180603,1
device_27_disconnected_0024.obj,0.8891109824180603,1
device_27_faceswap_0000.obj,0.9533608357111613,1
device_27_faceswap_0001.obj,0.9241307576497396,1
device_27_faceswap_0002.obj,0.8406043450037638,1
device_27_faceswap_0003.obj,0.90865425268809,1
device_27_faceswap_0004.obj,0.8063053091367086,1
device_27_faceswap_0005.obj,0.8680192629496256,1
device_27_faceswap_0006.obj,0.9617292086283366,1
device_27_faceswap_0007.obj,0.9297109842300415,1
device_27_faceswap_0008.obj,0.933834950129191,1
device_27_faceswap_0009.obj,0.9175870617230734,1
device_27_faceswap_0010.obj,0.9119781255722046,1
device_27_faceswap_0011.obj,0.6722258726755778,1
device_27_faceswap_0012.obj,0.9152263402938843,1
device_27_faceswap_0013.obj,0.9184774359067281,1
device_27_faceswap_0014.obj,0.8959707419077555,1
device_27_faceswap_0015.obj,0.9581649502118429,1
device_27_faceswap_0016.obj,0.9308699170748392,1
device_27_faceswap_0017.obj,0.8670936226844788,1
device_27_faceswap_0018.obj,0.9069376985232035,1
device_27_faceswap_0019.obj,0.9366798400878906,1
device_27_faceswap_0020.obj,0.9388741056124369,1
device_27_faceswap_0021.obj,0.8998991648356119,1
device_27_faceswap_0022.obj,0.9331726431846619,1
device_27_faceswap_0023.obj,0.6188187400499979,1
device_27_faceswap_0024.obj,0.9110671281814575,1
device_27_jitter_0000.obj,0.9073599179585775,1
device_27_jitter_0001.obj,0.8917122483253479,1
device_27_jitter_0002.obj,0.8824983239173889,1
device_27_jitter_0003.obj,0.8862665096918741,1
device_27_jitter_0004.obj,0.9076662262280782,1
device_27_jitter_0005.obj,0.9025791883468628,1
device_27_jitter_0006.obj,0.8665893276532491,1
device_27_jitter_0007.obj,0.8817001581192017,1
device_27_jitter_0008.obj,0.8902684847513834,1
device_27_jitter_0009.obj,0.8775907754898071,1
device_27_jitter_0010.obj,0.8890685240427653,1
device_27_jitter_0011.obj,0.9015913605690002,1
device_27_jitter_0012.obj,0.8831667502721151,1
device_27_jitter_0013.obj,0.8983745773633321,1
device_27_jitter_0014.obj,0.8860432505607605,1
device_27_jitter_0015.obj,0.9093995889027914,1
device_27_jitter_0016.obj,0.8873716791470846,1
device_27_jitter_0017.obj,0.8963246941566467,1
device_27_jitter_0018.obj,0.8811885515848795,1
device_27_jitter_0019.obj,0.9128743211428324,1
device_27_jitter_0020.obj,0.9104467233022054,1
device_27_jitter_0021.obj,0.9015100399653116,1
device_27_jitter_0022.obj,0.8980050086975098,1
device_27_jitter_0023.obj,0.884795069694519,1
device_27_jitter_0024.obj,0.8860326210657755,1
device_27_rigid_0000.obj,0.8811499079068502,1
device_27_rigid_0001.obj,0.7903643250465393,1
device_27_rigid_0002.obj,0.9092293580373129,1
device_27_rigid_0003.obj,0.8926439881324768,1
device_27_rigid_0004.obj,0.8770386179288229,1
device_27_rigid_0005.obj,0.8552377422650655,1
device_27_rigid_0006.obj,0.8900221188863119,1
device_27_rigid_0007.obj,0.8261410792668661,1
device_27_rigid_0008.obj,0.8841551144917806,1
device_27_rigid_0009.obj,0.8261922597885132,1
device_27_rigid_0010.obj,0.8506776293118795,1
device_27_rigid_0011.obj,0.9005806843439738,1
device_27_rigid_0012.obj,0.8891701102256775,1
device_27_rigid_0013.obj,0.8496969739596049,1
device_27_rigid_0014.obj,0.8928183714548746,1
device_27_rigid_0015.obj,0.8292368054389954,1
device_27_rigid_0016.obj,0.8738963802655538,1
device_27_rigid_0017.obj,0.8628921707471212,1
device_27_rigid_0018.obj,0.8796524604161581,1
device_27_rigid_0019.obj,0.7945061524709066,1
device_27_rigid_0020.obj,0.8696496287981669,1
device_27_rigid_0021.obj,0.8702069123586019,1
device_27_rigid_0022.obj,0.8767519195874532,1
device_27_rigid_0023.obj,0.8748471339543661,1
device_27_rigid_0024.obj,0.7867180307706197,1
device_27_tetwild_0000.obj,0.9623678922653198,1
device_27_tetwild_0001.obj,0.9506018956502279,1
device_27_tetwild_0002.obj,0.9058937231699625,1
device_27_tetwild_0003.obj,0.9050676226615906,1
device_27_tetwild_0004.obj,0.8826517462730408,1
device_27_tetwild_0005.obj,0.8717560768127441,1
device_27_tetwild_0006.obj,0.8976858059565226,1
device_27_tetwild_0007.obj,0.7578080892562866,1
device_27_tetwild_0008.obj,0.9556950132052103,1
device_27_tetwild_0009.obj,0.9065067966779073,1
device_27_tetwild_0010.obj,0.9518153667449951,1
device_27_tetwild_0011.obj,0.9682324926058451,1
device_27_tetwild_0012.obj,0.8810215791066488,1
device_27_tetwild_0013.obj,0.8531649112701416,1
device_27_tetwild_0014.obj,0.9622212449709574,1
device_27_tetwild_0015.obj,0.9448234041531881,1
device_27_tetwild_0016.obj,0.9239027301470438,1
device_27_tetwild_0017.obj,0.9323677817980448,1
device_27_tetwild_0018.obj,0.9472341736157736,1
device_27_tetwild_0019.obj,0.9357116421063741,1
device_27_tetwild_0020.obj,0.8986851970354716,1
device_27_tetwild_0021.obj,0.9403605858484904,1
device_27_tetwild_0022.obj,0.9522503614425659,1
device_27_tetwild_0023.obj,0.8690661986668905,1
device_27_tetwild_0024.obj,0.9432305494944254,1
