name,score,label
abc_00000020_ad34a3f60c4a4caa99646600_trimesh_000.obj,4.29345301805976e-05,0
abc_00000027_ad34a3f60c4a4caa99646600_trimesh_007.obj,5.483370311291461e-05,0
abc_00000032_ad34a3f60c4a4caa99646600_trimesh_012.obj,4.3118435466264295e-05,0
abc_00000061_767e4372b5f94a88a7a17d90_trimesh_002.obj,4.8450847619581815e-05,0
abc_00000063_767e4372b5f94a88a7a17d90_trimesh_004.obj,4.441172131919302e-05,0
abc_00000066_767e4372b5f94a88a7a17d90_trimesh_007.obj,4.431329944054596e-05,0
abc_00000098_72cf0f9ca5324822a4d41a80_trimesh_000.obj,3.9844489341097265e-05,0
abc_00000129_e18c7feacfb54f3880659b43_trimesh_004.obj,4.4674276978184935e-05,0
abc_00000130_e18c7feacfb54f3880659b43_trimesh_005.obj,4.4674750521759656e-05,0
abc_00000134_1418f3c3ca954e799c8860af_trimesh_000.obj,3.984044512132338e-05,0
abc_00000140_2fc54fcd110d4f49969163c4_trimesh_003.obj,4.467437399095312e-05,0
abc_00000154_a951550b8a1043a68423c541_trimesh_004.obj,3.9736113952434e-05,0
abc_00000161_a583c6c3cdc143bab3f6c856_trimesh_000.obj,3.97459369499605e-05,0
abc_00000168_bfdc19149a8b4e72b3d0f5c5_trimesh_000.obj,4.037361804876127e-05,0
abc_00000172_b21aa794b6b64d87a57c245e_trimesh_002.obj,0.0004988874849611117,0
abc_00000243_4829bc0645d6414d9b5cec31_trimesh_006.obj,3.998460882333651e-05,0
abc_00000259_845fb06d7f2f4802a806a600_trimesh_004.obj,4.649965649150545e-05,0
abc_00000267_845fb06d7f2f4802a806a600_trimesh_012.obj,3.603257649350174e-05,0
abc_00000269_845fb06d7f2f4802a806a600_trimesh_014.obj,0.00031338051667262334,0
abc_00000280_5a6ef3285b89452ea6b390e7_trimesh_001.obj,4.467925191420363e-05,0
abc_00000291_58f8ff46b7564e989f9695b7_trimesh_004.obj,3.971681311062033e-05,0
abc_00000295_52a153d2417747b5926ff9df_trimesh_000.obj,4.5267534915183205e-05,0
abc_00000296_52a153d2417747b5926ff9df_trimesh_001.obj,4.467491999093909e-05,0
abc_00000318_3062bccff48e47a2b9de05e3_trimesh_013.obj,4.2987708638975164e-05,0
abc_00000329_12a935cd9b684f879c0505fe_trimesh_000.obj,4.287463085953883e-05,0
abc_00000336_1a821c3883f7459a9615fca4_trimesh_000.obj,4.5548170722516566e-05,0
abc_00000342_fe70be720f7e49fa90ded969_trimesh_001.obj,4.452139971059902e-05,0
abc_00000352_4185972a944744d8a7a0f2b4_trimesh_008.obj,4.472459022508701e-05,0
abc_00000355_68d1a5c2319a4a419ff625c6_trimesh_001.obj,3.971681311062033e-05,0
abc_00000357_68d1a5c2319a4a419ff625c6_trimesh_003.obj,7.540119137653771e-05,0
abc_00000361_9ee540a56d79451e8026e1e6_trimesh_003.obj,4.4742596401192714e-05,0
abc_00000362_9ee540a56d79451e8026e1e6_trimesh_004.obj,4.468152837944217e-05,0
abc_00000369_23c957e8e7b2428282a13ae2_trimesh_002.obj,4.4319159314909484e-05,0
abc_00000377_23c957e8e7b2428282a13ae2_trimesh_010.obj,3.9782619902932005e-05,0
abc_00000378_23c957e8e7b2428282a13ae2_trimesh_011.obj,3.9737235056236386e-05,0
abc_00000399_2a4de304cbd9449ba073b442_trimesh_003.obj,3.971681720334649e-05,0
abc_00000420_bd0972033f464f8f961a150a_trimesh_001.obj,4.4721297854266595e-05,0
abc_00000461_516b1784884d4facbc4c0d74_trimesh_009.obj,4.298143752142399e-05,0
abc_00000486_a7d0c851b5f24a97a7cac950_trimesh_003.obj,4.2984979093792695e-05,0
abc_00000500_5499914343bd4f549b38046d_trimesh_001.obj,4.695849005050453e-05,0
abc_00000501_5499914343bd4f549b38046d_trimesh_002.obj,4.2977265972391855e-05,0
abc_00000526_f9d6559308dc4c85aab9fa38_trimesh_000.obj,0.00013245274082388883,0
abc_00000541_ee945ee6b30a473d9b86447f_trimesh_000.obj,3.592938946894719e-05,0
abc_00000566_2f2b015ef4904c1caef56154_trimesh_000.obj,4.467425029967368e-05,0
abc_00000611_04e799936ae446b9a3d8d2b8_trimesh_002.obj,4.298010799175245e-05,0
abc_00000616_c710d414bbbc4340b682c58a_trimesh_002.obj,3.9717370176125165e-05,0
abc_00000632_4f322b34e87c43289916c298_trimesh_001.obj,3.592894063331187e-05,0
abc_00000655_d87d11d9c3ca4ee5a88797ae_trimesh_003.obj,4.848417468868623e-05,0
abc_00000660_6fae5591b3034f949b7e8eae_trimesh_001.obj,3.971795634546046e-05,0
abc_00000694_45f6100bfa3948e69405bb21_trimesh_000.obj,4.0203521621151594e-05,0
abc_00000711_7ad02ca9009d40fd8c345639_trimesh_000.obj,4.519119283941109e-05,0
abc_00000714_7ad02ca9009d40fd8c345639_trimesh_003.obj,4.2973237668775255e-05,0
abc_00000719_4332e25d10a247f084c68cba_trimesh_002.obj,3.9717283925710944e-05,0
abc_00000733_4a23e5ff37ae4a19b5c7859d_trimesh_000.obj,0.0009811134586925618,0
abc_00000746_6cb3ddbb49974d7db0e97135_trimesh_001.obj,4.4964825065108016e-05,0
abc_00000752_6f0d90054d40400593050930_trimesh_001.obj,4.436677954799961e-05,0
abc_00000806_05cadeb104be4c8aa75ccc71_trimesh_000.obj,3.971681311062033e-05,0
abc_00000813_36e6258346004cabb4c091b2_trimesh_001.obj,3.971681311062033e-05,0
abc_00000818_6bbad2756d7845bd8d731d60_trimesh_000.obj,3.988306737786237e-05,0
abc_00000848_2c1efcc32d094e9fb9e1a88e_trimesh_008.obj,4.2973237668775255e-05,0
abc_00000850_2c1efcc32d094e9fb9e1a88e_trimesh_010.obj,4.2973314066330204e-05,0
abc_00000852_2c1efcc32d094e9fb9e1a88e_trimesh_012.obj,4.2973237668775255e-05,0
abc_00000854_2c1efcc32d094e9fb9e1a88e_trimesh_014.obj,4.297366543444999e-05,0
abc_00000862_029c2575dd474650ba1b8d21_trimesh_002.obj,3.975192536624187e-05,0
abc_00000873_029c2575dd474650ba1b8d21_trimesh_013.obj,4.297375880923937e-05,0
abc_00000876_029c2575dd474650ba1b8d21_trimesh_016.obj,4.297323494029115e-05,0
abc_00000878_029c2575dd474650ba1b8d21_trimesh_018.obj,4.0029544228067e-05,0
abc_00000883_029c2575dd474650ba1b8d21_trimesh_023.obj,4.297347504689242e-05,0
abc_00000889_e2d3a4dc5f7c438bb240e9d1_trimesh_000.obj,4.315883112819089e-05,0
abc_00000912_c9400dcd7ae9428caffe2204_trimesh_005.obj,0.33362866945390124,0
abc_00000948_f297a24e1a4446cf9d74efd9_trimesh_007.obj,4.437367654948806e-05,0
abc_00000949_f297a24e1a4446cf9d74efd9_trimesh_008.obj,4.4279910071054474e-05,0
abc_00000954_a741c7966d2c40a8a511263e_trimesh_000.obj,4.467413085270285e-05,0
abc_00000984_0dd1386597104265ab67e6cf_trimesh_007.obj,3.971681553593953e-05,0
abc_00000993_ac4ba032d4b5431ca04f542c_trimesh_000.obj,4.297336666544046e-05,0
abc_00000994_ac4ba032d4b5431ca04f542c_trimesh_001.obj,4.2973415323407003e-05,0
abc_00001024_21adcacb9707488ea6655fd2_trimesh_000.obj,3.5927484229129426e-05,0
abc_00001030_cde47df6e28543d1b434f206_trimesh_002.obj,4.463917351434551e-05,0
abc_00001037_be3ed2c9696e4e6a91b34f79_trimesh_002.obj,4.46773383373511e-05,0
abc_00001049_2b2638f82b3946b1867f2d11_trimesh_005.obj,4.29736205660447e-05,0
abc_00001129_c2db313c2ce749d784c610d2_trimesh_001.obj,4.5073546971252654e-05,0
abc_00001173_0889c458f3f74dc288d2d531_trimesh_004.obj,4.432167831206849e-05,0
abc_00001192_c69a73fe64c84fa5a34c9f79_trimesh_000.obj,4.467631454948181e-05,0
abc_00001210_4be610c137ba42ae9933e69b_trimesh_000.obj,5.5455437177442946e-05,0
abc_00001212_4be610c137ba42ae9933e69b_trimesh_002.obj,3.971681311062033e-05,0
abc_00001225_5b328344bcd7429b89dba948_trimesh_000.obj,4.686907141149277e-05,0
abc_00001245_96503b6a26c64074ad598927_trimesh_007.obj,3.5929441158562746e-05,0
abc_00001246_96503b6a26c64074ad598927_trimesh_008.obj,4.436436908387501e-05,0
abc_00001247_96503b6a26c64074ad598927_trimesh_009.obj,5.937732142532089e-05,0
abc_00001249_96503b6a26c64074ad598927_trimesh_011.obj,4.466429012002967e-05,0
abc_00001289_b53ece83d8964b44bbf1f8ed_trimesh_025.obj,0.17551447112721993,0
abc_00001345_d8d97699a52842539e08d117_trimesh_003.obj,5.541162439233934e-05,0
abc_00001376_2e314c6e080b40fcb6a6db96_trimesh_019.obj,4.3637718439034266e-05,0
abc_00001386_be5d90220c204022acecd5f5_trimesh_000.obj,3.986679500182314e-05,0
abc_00001389_21b525da345e4e62aebd906b_trimesh_000.obj,4.406918333188514e-05,0
abc_00001401_49414db2dd594dc6a3907cf3_trimesh_004.obj,4.467413691600086e-05,0
abc_00001402_49414db2dd594dc6a3907cf3_trimesh_005.obj,4.431088806692666e-05,0
abc_00001403_49414db2dd594dc6a3907cf3_trimesh_006.obj,4.431964255976103e-05,0
abc_00001404_49414db2dd594dc6a3907cf3_trimesh_007.obj,3.804400709365533e-05,0
abc_00001417_a45f6c99e2154f3b94955175_trimesh_001.obj,3.971714886574773e-05,0
abc_00001432_a45f6c99e2154f3b94955175_trimesh_016.obj,4.4691076557986285e-05,0
abc_00001450_a45f6c99e2154f3b94955175_trimesh_034.obj,4.0493735317189326e-05,0
abc_00001468_a45f6c99e2154f3b94955175_trimesh_052.obj,4.009729339789677e-05,0
abc_00001469_a45f6c99e2154f3b94955175_trimesh_053.obj,3.971681311062033e-05,0
abc_00001486_a45f6c99e2154f3b94955175_trimesh_070.obj,4.6179688676299215e-05,0
abc_00001490_6c8ef6d2f5564d139a5077f8_trimesh_001.obj,3.972454048077149e-05,0
abc_00001495_6c8ef6d2f5564d139a5077f8_trimesh_006.obj,3.9717144621439125e-05,0
abc_00001497_eb4e2b01aaca4131bfc64adb_trimesh_001.obj,4.356124554760754e-05,0
abc_00001500_eb4e2b01aaca4131bfc64adb_trimesh_004.obj,4.4071420082521705e-05,0
abc_00001517_5696c053883042c4b316adf0_trimesh_001.obj,4.7653053267519376e-05,0
abc_00001535_e1d62958d7ca4ad18fefd54d_trimesh_002.obj,3.962180289818207e-05,0
abc_00001542_e1d62958d7ca4ad18fefd54d_trimesh_009.obj,4.297870433826271e-05,0
abc_00001550_a94d978cf62948ce80b417a9_trimesh_000.obj,3.971681311062033e-05,0
abc_00001560_b76a69da5d3445f9bf397a98_trimesh_000.obj,6.071612369851209e-05,0
abc_00001563_2e9dc7e9a1a54dd7ab901478_trimesh_000.obj,4.3170114774208436e-05,0
abc_00001567_9280741c840d4aa1af32658e_trimesh_002.obj,3.971681311062033e-05,0
abc_00001598_c118664e9f6f4943855293fa_trimesh_000.obj,4.469876967050368e-05,0
abc_00001600_c118664e9f6f4943855293fa_trimesh_002.obj,4.990412192758716e-05,0
abc_00001614_8c3b97c1382c43bab3eb1b48_trimesh_002.obj,0.9997616410255432,0
abc_00001628_403be38599f04115b74521a6_trimesh_000.obj,4.467429001427566e-05,0
abc_00001630_c1de5979807b4b6a8c5b0e49_trimesh_001.obj,0.0005612622156453048,0
abc_00001649_07f31e6ec73a4ba68df19f1f_trimesh_002.obj,5.013731758178134e-05,0
abc_00001665_2d7a230277ef4271b7ffd737_trimesh_000.obj,0.0008371630700215368,0
abc_00001677_de1d70dc0e3b4652b6cfce4f_trimesh_004.obj,3.971677915615146e-05,0
abc_00001679_de1d70dc0e3b4652b6cfce4f_trimesh_006.obj,3.990646716071448e-05,0
abc_00001683_41da72eee5ca4a5492178124_trimesh_000.obj,0.00021642775391228497,0
abc_00001694_2d229d781dc9461a9375c9af_trimesh_003.obj,4.297373304022282e-05,0
abc_00001703_46556a3837274c098a5fc60a_trimesh_000.obj,4.2973272532738825e-05,0
abc_00001705_46556a3837274c098a5fc60a_trimesh_002.obj,0.000901671138611467,0
abc_00001722_ad7be758db3641a5a3e62d00_trimesh_000.obj,4.519844696915243e-05,0
abc_00001729_2e4d39f311304cfcab975e6a_trimesh_002.obj,4.431922237320881e-05,0
abc_00001735_ee1c39157f2e4a089c90e7e8_trimesh_000.obj,4.467389408091549e-05,0
abc_00001736_58088030d4b7419b8ad214f6_trimesh_000.obj,3.970394830806375e-05,0
abc_00001749_74905c964c8c4708bf6e2e44_trimesh_012.obj,3.9716955598123604e-05,0
abc_00001779_b8592e9925204df1805bd0c3_trimesh_004.obj,3.990316614969439e-05,0
abc_00001794_23e6efbdae254d48b914d347_trimesh_012.obj,3.983216568788824e-05,0
abc_00001805_23e6efbdae254d48b914d347_trimesh_023.obj,4.4796363908972126e-05,0
abc_00001812_eb80cc3405004d2aadfec0d3_trimesh_001.obj,4.000537076838858e-05,0
abc_00001813_eb80cc3405004d2aadfec0d3_trimesh_002.obj,3.8192030388017884e-05,0
abc_00001828_f8ce225b03b045e1a8743a75_trimesh_000.obj,4.467751356666364e-05,0
abc_00001830_9588ed6efa3c45dca239e256_trimesh_000.obj,4.4679079110210296e-05,0
abc_00001858_161dbdd1389245c6aa183461_trimesh_001.obj,4.17218214655198e-05,0
abc_00001871_e6274ed08407419d8a719730_trimesh_001.obj,3.6759634895133786e-05,0
abc_00001876_7dff003bccb549eca063340e_trimesh_002.obj,3.594344389057369e-05,0
abc_00001877_7dff003bccb549eca063340e_trimesh_003.obj,4.1710644685129715e-05,0
abc_00001879_7dff003bccb549eca063340e_trimesh_005.obj,4.430920883654229e-05,0
abc_00001881_7dff003bccb549eca063340e_trimesh_007.obj,3.977234155172482e-05,0
abc_00001885_7dff003bccb549eca063340e_trimesh_011.obj,3.980519644149657e-05,0
abc_00001894_7dff003bccb549eca063340e_trimesh_020.obj,4.503794358849215e-05,0
abc_00001895_7dff003bccb549eca063340e_trimesh_021.obj,4.4726776650350075e-05,0
abc_00001905_84deecba8b6449b5988f2e56_trimesh_001.obj,4.848841308557894e-05,0
abc_00001906_84deecba8b6449b5988f2e56_trimesh_002.obj,4.295305128228696e-05,0
abc_00001909_84deecba8b6449b5988f2e56_trimesh_005.obj,0.0005097084391915511,0
abc_00001913_9912faaee57b4176b1deb5d4_trimesh_001.obj,3.972011245423346e-05,0
abc_00001924_bad445004ddc447b83171224_trimesh_003.obj,4.8515106451911073e-05,0
abc_00001926_bad445004ddc447b83171224_trimesh_005.obj,4.2433352215690924e-05,0
abc_00001931_d686c9d7503a42478530b382_trimesh_000.obj,4.999840408951665e-05,0
abc_00001969_72af61802aeb4e91b1b1b37b_trimesh_000.obj,0.00020052911971409534,0
abc_00001984_72af61802aeb4e91b1b1b37b_trimesh_015.obj,0.2769382957825049,0
abc_00001992_79a5e839b001428dbc772925_trimesh_000.obj,4.4766461542167235e-05,0
abc_00001998_b53d499a5d5c42dfade565bf_trimesh_000.obj,4.4752296465352025e-05,0
abc_00002008_be2dc79cac834a8895f8aa60_trimesh_000.obj,3.979910085642283e-05,0
abc_00002023_f024db94f83d4bbb94358624_trimesh_000.obj,3.980748867130993e-05,0
abc_00002056_fb7d8749f7824fc9a0b49831_trimesh_000.obj,3.9717167207224215e-05,0
abc_00002065_ec9ce2bb0d20437dad4533a2_trimesh_001.obj,4.4674209675577004e-05,0
abc_00002066_ec9ce2bb0d20437dad4533a2_trimesh_002.obj,4.4676118098626226e-05,0
abc_00002067_4ad58d9a4088415b9e0dbf18_trimesh_000.obj,4.4369587764473785e-05,0
abc_00002138_05091350f8cd4cdda2981cab_trimesh_008.obj,3.972095601056935e-05,0
abc_00002153_b82d66be3f1244d1a6e9b75a_trimesh_000.obj,3.971684024387893e-05,0
abc_00002155_cde1f6a0f70c4897a0016114_trimesh_000.obj,4.9260997305585384e-05,0
abc_00002165_af3af6b131e747f38dbcb2c5_trimesh_000.obj,0.0001577709366150278,0
abc_00002169_af3af6b131e747f38dbcb2c5_trimesh_004.obj,0.0017840490666761373,0
abc_00002195_c66535496d9741e3baa4a85c_trimesh_001.obj,4.431159413798014e-05,0
abc_00002223_e38471b78a2f45118e2e8a1e_trimesh_003.obj,4.546420283683498e-05,0
abc_00002235_c0346d7e928247129c7f105e_trimesh_000.obj,3.859526744539229e-05,0
abc_00002237_70fc984390f94560b7b9dafa_trimesh_000.obj,4.0148364708632776e-05,0
abc_00002257_ee36ce2e0fc6420195435501_trimesh_000.obj,4.484979854169069e-05,0
abc_00002262_ee36ce2e0fc6420195435501_trimesh_005.obj,3.971681311062033e-05,0
abc_00002275_d78016eb44004ecb82bdbaa7_trimesh_000.obj,4.288915336777185e-05,0
abc_00002280_d78016eb44004ecb82bdbaa7_trimesh_005.obj,3.754495507261405e-05,0
abc_00002283_d78016eb44004ecb82bdbaa7_trimesh_008.obj,3.971682463088655e-05,0
abc_00002287_008ac7621b8c4a199f5780f1_trimesh_000.obj,3.593307261932447e-05,0
abc_00002291_121bc109bb5a40869e7cb6e3_trimesh_000.obj,4.5266992553176046e-05,0
abc_00002298_e81bd6e8eea447f9ad6f246d_trimesh_000.obj,4.297410184032439e-05,0
abc_00002301_4809f34e75cd44d393946d41_trimesh_001.obj,4.297323494029115e-05,0
abc_00002306_4809f34e75cd44d393946d41_trimesh_006.obj,4.467415995653331e-05,0
abc_00002321_1e1145d05fff4ed3934ed4df_trimesh_000.obj,4.4333693646573615e-05,0
abc_00002333_f48c116e43104b4bb10898e9_trimesh_002.obj,4.467525862613305e-05,0
abc_00002334_f48c116e43104b4bb10898e9_trimesh_003.obj,3.9720808217680315e-05,0
abc_00002335_f48c116e43104b4bb10898e9_trimesh_004.obj,4.29975531612096e-05,0
abc_00002338_a60f038f2b574004ad1f6f50_trimesh_000.obj,4.306393596683241e-05,0
abc_00002340_f5a5af9c002e4bfba983a31d_trimesh_001.obj,4.2973207655450096e-05,0
abc_00002347_634ba60fb4fc40f89c56cb4a_trimesh_004.obj,4.4333863722082846e-05,0
abc_00002364_470c2865307645c78ae7a0cb_trimesh_007.obj,4.4681759694261323e-05,0
abc_00002366_470c2865307645c78ae7a0cb_trimesh_009.obj,4.7206302800380705e-05,0
abc_00002407_c13dc1fdb43348c4a4298958_trimesh_004.obj,3.971686070750972e-05,0
abc_00002409_c13dc1fdb43348c4a4298958_trimesh_006.obj,3.754495507261405e-05,0
abc_00002412_50cd9407596747729fc8d773_trimesh_001.obj,4.467484389654904e-05,0
abc_00002418_f439002a18b84d8798439932_trimesh_002.obj,4.513541201352685e-05,0
abc_00002438_179a8df075c94d0596b1f20d_trimesh_007.obj,4.7984684897528496e-05,0
abc_00002443_ece945968068453ab36dc00a_trimesh_000.obj,4.595507304353911e-05,0
abc_00002450_8c12611557a543f99907ee82_trimesh_000.obj,3.971716190183846e-05,0
abc_00002455_7d5c3882272742b980293bcd_trimesh_000.obj,3.972436131031524e-05,0
abc_00002459_86f90a9ff5c5414cba6b0b14_trimesh_000.obj,4.846364481636556e-05,0
abc_00002478_4e29879a16ed4dadab2750bc_trimesh_003.obj,5.2675820370495785e-05,0
abc_00002481_6eda6b73d6ea4472bea05e8f_trimesh_001.obj,4.468488593071621e-05,0
abc_00002496_61afe52ce5764b8bb0531667_trimesh_003.obj,5.8107390941586345e-05,0
abc_00002498_a6da4aea6b0047b6abb890a7_trimesh_000.obj,4.2974656783674923e-05,0
abc_00002505_e6ff054993ae478686179d0f_trimesh_001.obj,4.3489063955348684e-05,0
abc_00002530_8d3bbea092534341a45dd40c_trimesh_000.obj,3.97363167697525e-05,0
abc_00002533_6f7f8f03941c4d5d8882c21a_trimesh_001.obj,4.315349800284215e-05,0
abc_00002572_800b457b0b614ceabc56bdea_trimesh_000.obj,3.9716817961258734e-05,0
abc_00002577_8556c200606545a8bcf28a5e_trimesh_000.obj,4.4681658437184524e-05,0
abc_00002610_770f033464d542f88ec04d0f_trimesh_004.obj,4.4704722313326783e-05,0
abc_00002612_770f033464d542f88ec04d0f_trimesh_006.obj,4.4350215224161125e-05,0
abc_00002616_0f526e008933416b8fbfdc0e_trimesh_000.obj,3.9716884657536866e-05,0
abc_00002626_89e4911a99ba40bfa29de7c4_trimesh_005.obj,3.594562046297748e-05,0
abc_00002646_b018db4e207246979202dbc2_trimesh_000.obj,0.0001204674742136073,0
abc_00002648_407d3a51eb214752976de9e9_trimesh_001.obj,0.00022366376439701222,0
abc_00002649_d97b4345cb5b41b4b6729b21_trimesh_000.obj,0.00016693677829001294,0
abc_00002653_185cf3437add427ba643feb3_trimesh_000.obj,3.971912534931713e-05,0
abc_00002665_f161f588b3fc4bd39c387901_trimesh_000.obj,3.8936143937462475e-05,0
abc_00002678_5e64117cf77b4072b9b1ab29_trimesh_001.obj,0.04558718006228446,0
abc_00002680_5e64117cf77b4072b9b1ab29_trimesh_003.obj,4.4322611150467615e-05,0
abc_00002682_5e64117cf77b4072b9b1ab29_trimesh_005.obj,4.5428014952146135e-05,0
abc_00002690_294dc55ca19943afbe7b9ca2_trimesh_000.obj,4.238183828420006e-05,0
abc_00002695_57d0ed693e5f43db94b48a6c_trimesh_004.obj,3.97301103779076e-05,0
abc_00002698_57d0ed693e5f43db94b48a6c_trimesh_007.obj,3.9901304868787214e-05,0
abc_00002706_57d0ed693e5f43db94b48a6c_trimesh_015.obj,5.675264962216412e-05,0
abc_00002712_6aaf2a59f56d47e4a209d1b5_trimesh_000.obj,4.043654553242959e-05,0
abc_00002728_98d8f78b1bb5495f9a193852_trimesh_014.obj,4.52028468013547e-05,0
abc_00002730_98d8f78b1bb5495f9a193852_trimesh_016.obj,4.161581940328082e-05,0
abc_00002786_2150a50d7ae54ec1ab562d25_trimesh_012.obj,3.971697409118254e-05,0
abc_00002800_a13cab04d1224f3badc910a3_trimesh_000.obj,4.29735672090222e-05,0
abc_00002840_b108e5f7e4f34918bd31b5de_trimesh_000.obj,4.690660019453693e-05,0
abc_00002853_fd92ba86ea354cce817faf60_trimesh_000.obj,6.197818917523061e-05,0
abc_00002855_86a580f378754e7ea677bb55_trimesh_000.obj,3.6176523735775845e-05,0
abc_00002859_0b97dd9849a14df99ab286a8_trimesh_002.obj,4.467441794986371e-05,0
abc_00002876_441b788f697449128e3c8032_trimesh_009.obj,4.304171337328929e-05,0
abc_00002885_e435fac25ee84f3697893a36_trimesh_001.obj,3.9735315416085846e-05,0
abc_00002899_635bf5c85753420fbc65a4c5_trimesh_001.obj,4.4081732994527556e-05,0
abc_00002919_bc8a6e930c404316833d09a5_trimesh_004.obj,3.971681311062033e-05,0
abc_00002958_1212f04812bc4821bfd87412_trimesh_002.obj,3.971681311062033e-05,0
abc_00002965_1212f04812bc4821bfd87412_trimesh_009.obj,4.438968790054787e-05,0
abc_00002966_1212f04812bc4821bfd87412_trimesh_010.obj,4.297407076592208e-05,0
abc_00002984_c80dedb4f61e401889b609e2_trimesh_000.obj,4.3346329069512045e-05,0
abc_00003008_42b012d55efa4bd480adc003_trimesh_000.obj,4.598837009931837e-05,0
abc_00003027_623a6f12d0724d62a351e2a1_trimesh_014.obj,3.972040985900094e-05,0
abc_00003036_623a6f12d0724d62a351e2a1_trimesh_023.obj,3.971681311062033e-05,0
abc_00003043_623a6f12d0724d62a351e2a1_trimesh_030.obj,4.310168378651724e-05,0
abc_00003049_623a6f12d0724d62a351e2a1_trimesh_036.obj,4.298816854012936e-05,0
abc_00003059_623a6f12d0724d62a351e2a1_trimesh_046.obj,3.980856323930008e-05,0
abc_00003071_a7d9266fc0a542148831dbb5_trimesh_000.obj,3.9987592875453025e-05,0
abc_00003072_a7d9266fc0a542148831dbb5_trimesh_001.obj,5.161453221565656e-05,0
abc_00003073_a7d9266fc0a542148831dbb5_trimesh_002.obj,4.4313611094063767e-05,0
abc_00003075_a7d9266fc0a542148831dbb5_trimesh_004.obj,3.972723986104635e-05,0
abc_00003095_5b5eaab14b374d1992e2fe9e_trimesh_008.obj,4.3003624038343936e-05,0
abc_00003118_9212fac3cdd24372892212d1_trimesh_018.obj,4.467414055397967e-05,0
abc_00003124_89e6a825d21e4fafaa8b314a_trimesh_000.obj,4.4674718992609996e-05,0
abc_00003143_bb4de5fef0c444bf9cde6caf_trimesh_000.obj,4.4675395050338316e-05,0
abc_00003151_9a1eacce39a7456ba698b8ff_trimesh_000.obj,3.9906127464443365e-05,0
abc_00003156_dc2953ffcb9b4720b6486292_trimesh_000.obj,3.9901340642245486e-05,0
abc_00003159_e08de079271d427e8898090c_trimesh_001.obj,5.769783031913297e-05,0
abc_00003198_7bec57689ee04fb4aecca452_trimesh_003.obj,6.991992237696347e-05,0
abc_00003199_7bec57689ee04fb4aecca452_trimesh_004.obj,4.934867092742934e-05,0
abc_00003203_7bec57689ee04fb4aecca452_trimesh_008.obj,4.4396797117466726e-05,0
abc_00003210_7bec57689ee04fb4aecca452_trimesh_015.obj,4.2973324373936826e-05,0
abc_00003219_04893ba73e6f4c298353bb57_trimesh_000.obj,3.977129229800388e-05,0
abc_00003220_04893ba73e6f4c298353bb57_trimesh_001.obj,3.971681311062033e-05,0
abc_00003232_96b00fb447eb427290194a85_trimesh_002.obj,4.467415995653331e-05,0
abc_00003245_64bf0eb2d82b4b9aac59e530_trimesh_009.obj,4.694296330853831e-05,0
abc_00003260_31738bd32847475590f7ef21_trimesh_000.obj,4.005597990423363e-05,0
abc_00003265_85a3fae4f6be46b9a1c7c5df_trimesh_001.obj,3.603023045191852e-05,0
abc_00003283_684f83cd472b461789191511_trimesh_001.obj,4.0896777742697545e-05,0
abc_00003286_684f83cd472b461789191511_trimesh_004.obj,0.00011989476206508698,0
abc_00003291_9500471d9e5c4cae8725de9c_trimesh_000.obj,8.018755367326473e-05,0
abc_00003292_d068cf20730349eba1ada81b_trimesh_000.obj,0.0430835791824696,0
abc_00003294_4c6dd8316dae41b58f49afa2_trimesh_000.obj,3.971695938768486e-05,0
abc_00003315_0397a0a89fda483c9ea0eea7_trimesh_003.obj,3.9048710429293955e-05,0
abc_00003336_361fb11574184c04a2dc34be_trimesh_000.obj,4.213646358645443e-05,0
abc_00003338_ba3d8e31b77647b3a32b2e24_trimesh_001.obj,4.4703845560434274e-05,0
abc_00003346_dd2281fd5b874c50b5930664_trimesh_003.obj,3.986458947717134e-05,0
abc_00003347_ad2574e1c85d4b07afe7076c_trimesh_000.obj,4.8092919617677886e-05,0
abc_00003359_9b231e07646740d3aa893236_trimesh_006.obj,4.3090942047759505e-05,0
abc_00003377_e1bb8b6758e4454a93c2b3e7_trimesh_001.obj,3.971681311062033e-05,0
abc_00003392_ef8394ce96624d5984cc9e2a_trimesh_000.obj,4.686789983073444e-05,0
abc_00003395_2dba1a55cece44d888641f5c_trimesh_000.obj,0.0001379501773044467,0
abc_00003400_a77cf5d003fc4ab09e843c54_trimesh_002.obj,4.626312238542596e-05,0
abc_00003408_a77cf5d003fc4ab09e843c54_trimesh_010.obj,8.301053215594341e-05,0
abc_00003418_86545cc828ee4b3392520977_trimesh_003.obj,3.971770426384561e-05,0
abc_00003434_a23c770ac676468bac18a14e_trimesh_002.obj,3.593651369252863e-05,0
abc_00003437_41db336d07d34605b95e17f8_trimesh_000.obj,3.98894188341122e-05,0
abc_00003456_a51abce06a2e4071ae9cd533_trimesh_007.obj,4.5341800614551175e-05,0
abc_00003458_a51abce06a2e4071ae9cd533_trimesh_009.obj,4.851246012549382e-05,0
abc_00003501_86be4eefc6eb459e9a9370bc_trimesh_005.obj,3.5929226063065776e-05,0
abc_00003524_1a90c3eacd054ae79754b726_trimesh_000.obj,0.044635619463709496,0
abc_00003540_f8a70fd3c80a412bb0c040b9_trimesh_000.obj,4.430900723188339e-05,0
abc_00003542_f8a70fd3c80a412bb0c040b9_trimesh_002.obj,0.05018737755502419,0
abc_00003564_eda85e7e50824947bc393fff_trimesh_002.obj,4.2972805052462114e-05,0
abc_00003567_eda85e7e50824947bc393fff_trimesh_005.obj,6.080793264118256e-05,0
abc_00003569_b1a7c5bc57e448b68bfa699c_trimesh_000.obj,0.00011185491166543216,0
abc_00003587_08d53a45d78c4d88a2ca2ff3_trimesh_001.obj,4.467567941901507e-05,0
abc_00003588_b2e8be17a0874c08a01ba1c0_trimesh_000.obj,3.746930572863979e-05,0
abc_00003633_7ef2498822ef47b796e03092_trimesh_004.obj,3.9753635064698756e-05,0
abc_00003640_809676ace5bb40fea5802468_trimesh_000.obj,3.971681553593953e-05,0
abc_00003666_ca90483ed4144d6db48c58b6_trimesh_000.obj,3.990149313419048e-05,0
abc_00003676_a2b0fad560234fbbbe012494_trimesh_001.obj,3.9719197957310826e-05,0
abc_00003679_dd039a28e007439aa01edbad_trimesh_002.obj,4.060029838607685e-05,0
abc_00003686_5818fd8428ed43a399bce519_trimesh_000.obj,4.0412371314838914e-05,0
abc_00003690_f45beab3d58b42c4b87ee28e_trimesh_000.obj,4.472152158996323e-05,0
abc_00003712_939d7f2bcd8443da97eddf78_trimesh_000.obj,4.438415847592599e-05,0
abc_00003731_1d05af96ba5b40bc88f9959f_trimesh_001.obj,4.019566798281934e-05,0
abc_00003749_1d05af96ba5b40bc88f9959f_trimesh_019.obj,4.158174048522293e-05,0
abc_00003750_1d05af96ba5b40bc88f9959f_trimesh_020.obj,4.4833490998523e-05,0
abc_00003765_c781c748bead4016bf75490d_trimesh_001.obj,4.63255728391232e-05,0
abc_00003778_d1d459383d9b43d59df3de80_trimesh_004.obj,3.971815188682134e-05,0
abc_00003781_d1d459383d9b43d59df3de80_trimesh_007.obj,4.027377614571984e-05,0
abc_00003788_d1d459383d9b43d59df3de80_trimesh_014.obj,4.842824849523216e-05,0
abc_00003801_78fee7c279f441e2939f6833_trimesh_000.obj,3.986400330783605e-05,0
abc_00003805_83b7cdf86a9a4630a9217b6a_trimesh_002.obj,4.4686089798536464e-05,0
abc_00003807_83b7cdf86a9a4630a9217b6a_trimesh_004.obj,4.002679346134149e-05,0
abc_00003824_81b3bd441a5a497789f6c818_trimesh_001.obj,4.8099825107783545e-05,0
abc_00003843_4b36a963a4b74718ba5af25b_trimesh_002.obj,4.297362481035331e-05,0
abc_00003844_4b36a963a4b74718ba5af25b_trimesh_003.obj,3.9910957942386936e-05,0
abc_00003877_29a72d867dcb4b8ca6aa51eb_trimesh_005.obj,4.559413628157927e-05,0
abc_00003878_29a72d867dcb4b8ca6aa51eb_trimesh_006.obj,4.5032733396510594e-05,0
abc_00003882_29a72d867dcb4b8ca6aa51eb_trimesh_010.obj,4.8393880509441565e-05,0
abc_00003895_0f131d41320541f4928a8004_trimesh_003.obj,4.8795127440826036e-05,0
abc_00003896_0f131d41320541f4928a8004_trimesh_004.obj,4.831469959754031e-05,0
abc_00003915_1f103ae876d64e4b88f94d77_trimesh_005.obj,3.9730294247419806e-05,0
abc_00003919_1f103ae876d64e4b88f94d77_trimesh_009.obj,3.592863519467452e-05,0
abc_00003920_1f103ae876d64e4b88f94d77_trimesh_010.obj,3.5958908483735286e-05,0
abc_00003956_cb29926b8a244c868ae5ed86_trimesh_006.obj,4.298277008274454e-05,0
abc_00003957_cb29926b8a244c868ae5ed86_trimesh_007.obj,3.9726563500153134e-05,0
abc_00003960_0ea41122faa643aebd0b25e8_trimesh_000.obj,3.971689708729779e-05,0
abc_00003974_30214440d29b401c8b860c42_trimesh_009.obj,3.971681311062033e-05,0
abc_00003988_30214440d29b401c8b860c42_trimesh_023.obj,4.469471089881457e-05,0
abc_00004006_690490b212df4d5eacc6635c_trimesh_002.obj,4.8408498211453356e-05,0
abc_00004021_690490b212df4d5eacc6635c_trimesh_017.obj,4.701777682688165e-05,0
abc_00004038_f619073c02f94b0e8502739a_trimesh_003.obj,3.971708444320635e-05,0
abc_00004062_561b15139c044a0ba3e09633_trimesh_001.obj,3.971682220556735e-05,0
abc_00004070_99288b53db2442e39f5956e4_trimesh_003.obj,3.9716924068973945e-05,0
abc_00004085_45986d8635e748b49f3d9f7a_trimesh_000.obj,3.971681311062033e-05,0
abc_00004106_58cfb48e5d6440d28a263e2f_trimesh_001.obj,4.856836282366809e-05,0
abc_00004131_640a2eb433a34aae908420ed_trimesh_001.obj,4.297359904133676e-05,0
abc_00004132_640a2eb433a34aae908420ed_trimesh_002.obj,4.434596636807934e-05,0
abc_00004134_640a2eb433a34aae908420ed_trimesh_004.obj,4.4677750338451006e-05,0
abc_00004138_640a2eb433a34aae908420ed_trimesh_008.obj,4.73270612625735e-05,0
abc_00004156_a051c8775c1b4f7e94096d2c_trimesh_001.obj,0.7162084678808848,0
abc_00004226_b75d70544ce4433fa538f2a2_trimesh_008.obj,5.8397330879718844e-05,0
abc_00004253_ee78e0a2efef4b598e976993_trimesh_006.obj,4.7260703164890096e-05,0
abc_00004256_ee78e0a2efef4b598e976993_trimesh_009.obj,3.9716815839104434e-05,0
abc_00004258_ee78e0a2efef4b598e976993_trimesh_011.obj,3.971681553593953e-05,0
abc_00004279_f69bf34d6f7e4eb887450aa2_trimesh_005.obj,4.483730905728104e-05,0
abc_00004280_f69bf34d6f7e4eb887450aa2_trimesh_006.obj,3.971989326601033e-05,0
abc_00004283_f69bf34d6f7e4eb887450aa2_trimesh_009.obj,3.97176982005476e-05,0
abc_00004286_f69bf34d6f7e4eb887450aa2_trimesh_012.obj,3.9903583153015156e-05,0
abc_00004293_00e12f076c9f44728924a007_trimesh_005.obj,4.43146009274642e-05,0
abc_00004296_00e12f076c9f44728924a007_trimesh_008.obj,4.4674482523987535e-05,0
abc_00004306_00e12f076c9f44728924a007_trimesh_018.obj,0.00024315234683551049,0
abc_00004313_00e12f076c9f44728924a007_trimesh_025.obj,3.9717408071737736e-05,0
abc_00004323_00e12f076c9f44728924a007_trimesh_035.obj,4.701398862986631e-05,0
abc_00004342_c290684bc7264c05b2054a59_trimesh_003.obj,4.437912078477287e-05,0
abc_00004346_c290684bc7264c05b2054a59_trimesh_007.obj,3.930437029945703e-05,0
abc_00004355_c290684bc7264c05b2054a59_trimesh_016.obj,4.297360495305232e-05,0
abc_00004386_d82c8accf5f948f9b9935f36_trimesh_000.obj,4.462195829546545e-05,0
abc_00004389_478cd71be49144f0bb3ff944_trimesh_000.obj,4.504870776145253e-05,0
abc_00004393_147a0707012c4408b79a6041_trimesh_003.obj,4.462248155808387e-05,0
abc_00004396_af6d85fa924447d6a5d0db39_trimesh_001.obj,3.598547194390752e-05,0
abc_00004397_af6d85fa924447d6a5d0db39_trimesh_002.obj,0.061641809069745555,0
abc_00004398_af6d85fa924447d6a5d0db39_trimesh_003.obj,4.67327342145533e-05,0
abc_00004408_2f3c47ebc0054b4f8e0e4cf4_trimesh_006.obj,4.467470322803516e-05,0
abc_00004415_2f3c47ebc0054b4f8e0e4cf4_trimesh_013.obj,3.971690724332196e-05,0
abc_00004420_2f3c47ebc0054b4f8e0e4cf4_trimesh_018.obj,4.7003508219252886e-05,0
abc_00004435_e100ebaee82a4a1ca7c82468_trimesh_002.obj,0.41133548816045123,0
abc_00004447_50a5c011c1d44d7ca5c90fbf_trimesh_001.obj,4.297896657590172e-05,0
abc_00004449_50a5c011c1d44d7ca5c90fbf_trimesh_003.obj,4.6562527131754905e-05,0
abc_00004452_50a5c011c1d44d7ca5c90fbf_trimesh_006.obj,3.972630929638399e-05,0
abc_00004477_dd1a875303094c76b5517535_trimesh_000.obj,4.467477720027091e-05,0
abc_00004480_f18ebc9adf1b48c3afba1b4c_trimesh_001.obj,3.9716975607007043e-05,0
abc_00004488_36e0a0ff049b4877b70b421a_trimesh_000.obj,4.4313276400013514e-05,0
abc_00004496_abc1a655d48842ae9f5adc64_trimesh_000.obj,3.974254104832653e-05,0
abc_00004511_b6350639195e4a19957904f9_trimesh_000.obj,4.644625293318919e-05,0
abc_00004527_f94525731d404b9ba25613f4_trimesh_000.obj,0.008575396258493129,0
abc_00004529_f930e8d581954005adfd5d39_trimesh_000.obj,4.3160911597321196e-05,0
abc_00004537_671ca20207bf44269953cc33_trimesh_003.obj,4.3052376440755324e-05,0
abc_00004539_a9de53e862dd4ad197873cc0_trimesh_001.obj,3.971688389962461e-05,0
abc_00004551_7d8ef6c508d649a3bd208a47_trimesh_002.obj,3.976274714053337e-05,0
abc_00004554_7d8ef6c508d649a3bd208a47_trimesh_005.obj,3.971681311062033e-05,0
abc_00004573_044763f9258c48bb92a22aa8_trimesh_000.obj,4.84917272842722e-05,0
abc_00004594_ee924c64f16c4e15bc14d8ab_trimesh_000.obj,4.921958467699975e-05,0
abc_00004618_3b6de5b6816c4a089c64ec20_trimesh_000.obj,3.9716815839104434e-05,0
abc_00004619_3dc4ec66fde64a1fb6527b4f_trimesh_000.obj,4.8457556961996794e-05,0
abc_00004639_baf77661114341479c1cc071_trimesh_000.obj,3.592873251060761e-05,0
abc_00004640_b65138ec4a0b4cfcb5abe830_trimesh_000.obj,0.00021968029993028418,0
abc_00004642_0fb5a9a4791542bfbe291b8c_trimesh_001.obj,4.868536355691807e-05,0
abc_00004647_50c6a7655c3a4fc2bf31808e_trimesh_002.obj,4.699615025553309e-05,0
abc_00004656_d580779d75894bb291e63623_trimesh_007.obj,3.972342195387076e-05,0
abc_00004684_0f4d984eef2647c4a2fcd01f_trimesh_000.obj,4.467577127797995e-05,0
abc_00004701_5e32955b6a6546a9a1d8f64b_trimesh_000.obj,4.8534737591883946e-05,0
abc_00004706_ba569cff36cc4316b623ab23_trimesh_001.obj,3.9716815839104434e-05,0
abc_00004721_9c428a57184f47ec9235ae67_trimesh_001.obj,3.5927370997039056e-05,0
abc_00004733_7f37dc7e41c24893bbf01471_trimesh_000.obj,4.5600881094287615e-05,0
abc_00004734_1c8688b494ca410495cced61_trimesh_000.obj,3.971681311062033e-05,0
abc_00004744_9381ca84764640298ab6da0d_trimesh_000.obj,4.002405557912425e-05,0
abc_00004776_29ce3eb9259f4becb9a5e526_trimesh_022.obj,4.652726208102346e-05,0
abc_00004777_29ce3eb9259f4becb9a5e526_trimesh_023.obj,4.7313548141877014e-05,0
abc_00004790_29ce3eb9259f4becb9a5e526_trimesh_036.obj,3.974849793545824e-05,0
abc_00004797_29ce3eb9259f4becb9a5e526_trimesh_043.obj,3.971855555088647e-05,0
abc_00004805_29ce3eb9259f4becb9a5e526_trimesh_051.obj,3.594339887058595e-05,0
abc_00004807_29ce3eb9259f4becb9a5e526_trimesh_053.obj,4.473671560845105e-05,0
abc_00004809_29ce3eb9259f4becb9a5e526_trimesh_055.obj,0.0004953438301527058,0
abc_00004833_29ce3eb9259f4becb9a5e526_trimesh_079.obj,4.297348489975169e-05,0
abc_00004835_29ce3eb9259f4becb9a5e526_trimesh_081.obj,4.29734394250166e-05,0
abc_00004849_29ce3eb9259f4becb9a5e526_trimesh_095.obj,3.971681311062033e-05,0
abc_00004855_29ce3eb9259f4becb9a5e526_trimesh_101.obj,3.971794224829258e-05,0
abc_00004857_29ce3eb9259f4becb9a5e526_trimesh_103.obj,4.737051403935766e-05,0
abc_00004870_29ce3eb9259f4becb9a5e526_trimesh_116.obj,3.971681720334649e-05,0
abc_00004883_29ce3eb9259f4becb9a5e526_trimesh_129.obj,3.972717998597849e-05,0
abc_00004887_29ce3eb9259f4becb9a5e526_trimesh_133.obj,3.9866327218381535e-05,0
abc_00004893_29ce3eb9259f4becb9a5e526_trimesh_139.obj,4.2976130771421595e-05,0
abc_00004895_29ce3eb9259f4becb9a5e526_trimesh_141.obj,4.297388068152941e-05,0
abc_00004899_29ce3eb9259f4becb9a5e526_trimesh_145.obj,4.469166621371793e-05,0
abc_00004900_29ce3eb9259f4becb9a5e526_trimesh_146.obj,4.3956235003861366e-05,0
abc_00004909_4d0817c82a684de48cbe9816_trimesh_000.obj,4.3584076289941244e-05,0
abc_00004935_42840156b4aa4709ab90d3f9_trimesh_001.obj,3.599280110696176e-05,0
abc_00004938_d6f9da33017048c683ac514f_trimesh_002.obj,4.297902296457323e-05,0
abc_00004951_d6f9da33017048c683ac514f_trimesh_015.obj,4.297332679925603e-05,0
abc_00004952_d6f9da33017048c683ac514f_trimesh_016.obj,4.298099914497774e-05,0
abc_00004957_d6f9da33017048c683ac514f_trimesh_021.obj,3.971681720334649e-05,0
abc_00004970_d6f9da33017048c683ac514f_trimesh_034.obj,4.485986786069892e-05,0
abc_00004974_d6f9da33017048c683ac514f_trimesh_038.obj,4.4303827204809444e-05,0
abc_00004975_d6f9da33017048c683ac514f_trimesh_039.obj,4.487720980250742e-05,0
abc_00004985_d6f9da33017048c683ac514f_trimesh_049.obj,4.4459342764942754e-05,0
abc_00004986_d6f9da33017048c683ac514f_trimesh_050.obj,4.462204045315351e-05,0
abc_00004989_d6f9da33017048c683ac514f_trimesh_053.obj,4.297394237558668e-05,0
abc_00004996_d6f9da33017048c683ac514f_trimesh_060.obj,7.26863942569859e-05,0
abc_00005010_97731583b3104939acf30c9a_trimesh_005.obj,4.494397035159636e-05,0
abc_00005013_5001e2de07c44b8ab04f8ce7_trimesh_000.obj,3.971681311062033e-05,0
abc_00005025_38e260715fbb4c19bab37a75_trimesh_001.obj,4.856836282366809e-05,0
abc_00005040_51a7e299c47e4228b019c74b_trimesh_006.obj,4.46743130548081e-05,0
abc_00005041_51a7e299c47e4228b019c74b_trimesh_007.obj,0.00034846524158638204,0
abc_00005051_d29ff8e74a0f49809e533f48_trimesh_003.obj,4.43435340760819e-05,0
abc_00005055_d29ff8e74a0f49809e533f48_trimesh_007.obj,3.9900929550640285e-05,0
abc_00005066_d29ff8e74a0f49809e533f48_trimesh_018.obj,3.9325596389971906e-05,0
abc_00005082_9a19028ec476443d95ce902a_trimesh_002.obj,0.005345292844746534,0
abc_00005092_c5feaa3ac05c4f43abf1e725_trimesh_002.obj,4.58707054349361e-05,0
abc_00005099_c5feaa3ac05c4f43abf1e725_trimesh_009.obj,4.8938395593722817e-05,0
abc_00005103_f00fdbe69a2f4524a58ad1d6_trimesh_002.obj,3.972152201943876e-05,0
abc_00005104_f00fdbe69a2f4524a58ad1d6_trimesh_003.obj,0.00025267167772350757,0
abc_00005112_a4d13a0ea546408bb7e08479_trimesh_005.obj,4.3075669812727334e-05,0
abc_00005116_8df83a229f094c96a1198497_trimesh_002.obj,4.297405712350155e-05,0
abc_00005125_c4185a5498ce4a2f86e6f014_trimesh_004.obj,4.5998316333376955e-05,0
abc_00005126_c4185a5498ce4a2f86e6f014_trimesh_005.obj,4.69551687274361e-05,0
abc_00005128_b1721210d59544ada810caa1_trimesh_001.obj,4.6306756909568016e-05,0
abc_00005129_b1721210d59544ada810caa1_trimesh_002.obj,3.965364809725239e-05,0
abc_00005177_e85b98fbe73143b9b7ce7b73_trimesh_001.obj,4.822541359317256e-05,0
abc_00005178_e85b98fbe73143b9b7ce7b73_trimesh_002.obj,4.0305684857836845e-05,0
abc_00005180_e85b98fbe73143b9b7ce7b73_trimesh_004.obj,3.971690724332196e-05,0
abc_00005189_e85b98fbe73143b9b7ce7b73_trimesh_013.obj,3.971681311062033e-05,0
abc_00005225_e85b98fbe73143b9b7ce7b73_trimesh_049.obj,4.691320827987511e-05,0
abc_00005255_bacfba9898a6423d833880ae_trimesh_004.obj,5.036381056318836e-05,0
abc_00005256_bacfba9898a6423d833880ae_trimesh_005.obj,4.68371796766102e-05,0
abc_00005257_bacfba9898a6423d833880ae_trimesh_006.obj,4.468186762096593e-05,0
abc_00005261_bacfba9898a6423d833880ae_trimesh_010.obj,4.470102309520977e-05,0
abc_00005268_a8ded82a1fd74021ac459ffb_trimesh_004.obj,4.46769778742843e-05,0
abc_00005270_a8ded82a1fd74021ac459ffb_trimesh_006.obj,3.990985654430309e-05,0
abc_00005274_a8ded82a1fd74021ac459ffb_trimesh_010.obj,4.4142076149000786e-05,0
abc_00005278_a8ded82a1fd74021ac459ffb_trimesh_014.obj,4.4677611185761634e-05,0
abc_00005283_a8ded82a1fd74021ac459ffb_trimesh_019.obj,3.971743035435793e-05,0
abc_00005288_8a58a06c9bba479a9127d831_trimesh_000.obj,3.971681311062033e-05,0
abc_00005292_7bf855de16b54fb6add38973_trimesh_002.obj,4.297366073539403e-05,0
abc_00005310_9eb3b088ee874600bb384ad5_trimesh_002.obj,4.0051050139785126e-05,0
abc_00005311_9eb3b088ee874600bb384ad5_trimesh_003.obj,4.297330633562524e-05,0
abc_00005312_9eb3b088ee874600bb384ad5_trimesh_004.obj,3.97265202991548e-05,0
abc_00005314_9eb3b088ee874600bb384ad5_trimesh_006.obj,4.302617602055155e-05,0
abc_00005319_9eb3b088ee874600bb384ad5_trimesh_011.obj,4.297358721790564e-05,0
abc_00005320_9eb3b088ee874600bb384ad5_trimesh_012.obj,3.971935878629059e-05,0
abc_00005321_9eb3b088ee874600bb384ad5_trimesh_013.obj,3.9911087848546835e-05,0
abc_00005322_9eb3b088ee874600bb384ad5_trimesh_014.obj,4.3080151196287865e-05,0
abc_00005359_264a4d4786e34d9898f87b2d_trimesh_000.obj,3.970944014023795e-05,0
abc_00005367_264a4d4786e34d9898f87b2d_trimesh_008.obj,4.299916539215095e-05,0
abc_00005370_264a4d4786e34d9898f87b2d_trimesh_011.obj,3.97195688795667e-05,0
abc_00005377_264a4d4786e34d9898f87b2d_trimesh_018.obj,4.468838627265844e-05,0
abc_00005383_264a4d4786e34d9898f87b2d_trimesh_024.obj,4.4389737619591564e-05,0
abc_00005400_82e81ca0cde24645852f50f3_trimesh_004.obj,4.2973326496091126e-05,0
abc_00005402_82e81ca0cde24645852f50f3_trimesh_006.obj,4.4308422729955055e-05,0
abc_00005414_6477e8ad02554200884775b4_trimesh_001.obj,3.779232489857046e-05,0
abc_00005422_6477e8ad02554200884775b4_trimesh_009.obj,4.4674216042039916e-05,0
abc_00005439_19cdae3511744c81a1e86391_trimesh_000.obj,4.299798032055454e-05,0
abc_00005443_8a4327334ab1443dae44fd75_trimesh_000.obj,3.972472541136085e-05,0
abc_00005445_3c849aec1cc940888a3d827b_trimesh_000.obj,3.601651102750717e-05,0
abc_00005447_2ccd2dfb9ffc4cf29e94e0cf_trimesh_001.obj,3.617665394510065e-05,0
abc_00005453_2ccd2dfb9ffc4cf29e94e0cf_trimesh_007.obj,4.297323494029115e-05,0
abc_00005457_2ccd2dfb9ffc4cf29e94e0cf_trimesh_011.obj,4.659382223811311e-05,0
abc_00005461_2ccd2dfb9ffc4cf29e94e0cf_trimesh_015.obj,4.297359358436855e-05,0
abc_00005490_315403c3759345ca9b2768d7_trimesh_009.obj,5.4830917179060634e-05,0
abc_00005507_fe86467a300e4511abf78b3a_trimesh_000.obj,4.468002589419484e-05,0
abc_00005511_d4d5a3c91ba445c2b24cdf18_trimesh_003.obj,0.00018845113678859585,0
abc_00005513_d4d5a3c91ba445c2b24cdf18_trimesh_005.obj,3.9738731932933057e-05,0
t10k_100330.obj,4.543398730068778e-05,0
t10k_1005287.obj,5.4991751009462554e-05,0
t10k_100639.obj,4.355172359282733e-05,0
t10k_100730.obj,3.971681826442364e-05,0
t10k_100831.obj,4.297423023065979e-05,0
t10k_101340.obj,3.971730241876988e-05,0
t10k_1015841.obj,4.468922846475228e-05,0
t10k_1015842.obj,4.7003012847805316e-05,0
t10k_1017017.obj,4.4674337308000155e-05,0
t10k_1017019.obj,4.467413691600086e-05,0
t10k_101864.obj,3.971681311062033e-05,0
t10k_101865.obj,4.297323494029115e-05,0
t10k_1036309.obj,3.971681553593953e-05,0
t10k_1036428.obj,3.971879489957549e-05,0
t10k_1037021.obj,5.09900425337643e-05,0
t10k_104187.obj,3.592730521025563e-05,0
t10k_104290.obj,4.2990961446776055e-05,0
t10k_104930.obj,4.467222546130264e-05,0
t10k_105103.obj,4.298111950144327e-05,0
t10k_105326.obj,0.0003556570057601978,0
t10k_1053874.obj,3.9318469892653717e-05,0
t10k_1055250.obj,4.430941680766409e-05,0
t10k_105765.obj,3.9716951656979894e-05,0
t10k_105804.obj,4.467523073496219e-05,0
t10k_105862.obj,3.604397534218151e-05,0
t10k_105875.obj,4.826776603295002e-05,0
t10k_105924.obj,4.108918134685761e-05,0
t10k_1064467.obj,3.992585819408608e-05,0
t10k_106782.obj,3.971765697012112e-05,0
t10k_107069.obj,3.971699212949412e-05,0
t10k_107071.obj,4.467417147679953e-05,0
t10k_1075457.obj,4.443388903988913e-05,0
t10k_107558.obj,3.594719116032744e-05,0
t10k_1079827.obj,4.4712094677379355e-05,0
t10k_108199.obj,4.999220709578367e-05,0
t10k_1082149.obj,3.692691537556433e-05,0
t10k_108452.obj,4.478888240555534e-05,0
t10k_108517.obj,3.5932939984680466e-05,0
t10k_1087135.obj,3.971674520168259e-05,0
t10k_1088056.obj,4.84203692394658e-05,0
t10k_1093140.obj,3.972916480658265e-05,0
t10k_109344.obj,5.3768890817688465e-05,0
t10k_109459.obj,3.97337309247329e-05,0
t10k_1099672.obj,4.478724683091665e-05,0
t10k_110025.obj,4.525815954063243e-05,0
t10k_110173.obj,3.66881060169059e-05,0
t10k_110445.obj,4.430718915197455e-05,0
t10k_110707.obj,4.467426363892931e-05,0
t10k_110803.obj,4.472394660600306e-05,0
t10k_110905.obj,0.6827135557929674,0
t10k_110907.obj,3.971674520168259e-05,0
t10k_110911.obj,4.467416601983132e-05,0
t10k_110955.obj,4.421523893446041e-05,0
t10k_111046.obj,3.9716976061754394e-05,0
t10k_111048.obj,5.176453305466566e-05,0
t10k_111394.obj,4.467452617973322e-05,0
t10k_1120776.obj,4.467443826191205e-05,0
t10k_1120779.obj,3.973189586758963e-05,0
t10k_112542.obj,4.4639731034597695e-05,0
t10k_112544.obj,4.4749416398796406e-05,0
t10k_1126615.obj,9.297288246064757e-05,0
t10k_112916.obj,4.3411105252744164e-05,0
t10k_112925.obj,3.974229851640606e-05,0
t10k_112927.obj,8.649796109239105e-05,0
t10k_112929.obj,4.315954447520198e-05,0
t10k_1129818.obj,5.09162218804704e-05,0
t10k_113125.obj,0.004776289975173616,0
t10k_113127.obj,0.00025040840758568567,0
t10k_1131601.obj,4.807518871530192e-05,0
t10k_114020.obj,6.652672376124731e-05,0
t10k_114077.obj,4.9752665897055216e-05,0
t10k_1146171.obj,3.972081231040647e-05,0
t10k_1146183.obj,4.0459064318080586e-05,0
t10k_1174395.obj,4.033076174891903e-05,0
t10k_1174397.obj,4.886279990993595e-05,0
t10k_1176418.obj,4.871622513746843e-05,0
t10k_117951.obj,4.2973596464435104e-05,0
t10k_118302.obj,4.2975242043515514e-05,0
t10k_118304.obj,3.9995068012406897e-05,0
t10k_118657.obj,3.971695984243221e-05,0
t10k_119051.obj,4.297313398637925e-05,0
t10k_1207657.obj,3.971629863978402e-05,0
t10k_122126.obj,4.65885606596809e-05,0
t10k_1224384.obj,4.503168990292276e-05,0
t10k_1228190.obj,3.994412039295033e-05,0
t10k_124336.obj,4.289420303393854e-05,0
t10k_124370.obj,3.971681311062033e-05,0
t10k_128482.obj,5.253194831311703e-05,0
t10k_129051.obj,6.881914760015206e-05,0
t10k_130037.obj,4.8456225158588495e-05,0
t10k_1307399.obj,3.972036044312214e-05,0
t10k_130969.obj,0.33471152138129884,0
t10k_1312953.obj,7.362217608412418e-05,0
t10k_131329.obj,4.508611194372255e-05,0
t10k_1313542.obj,0.6667960954946466,0
t10k_131443.obj,4.5755393330182415e-05,0
t10k_1315843.obj,4.4290657418362876e-05,0
t10k_1315844.obj,4.474685889969502e-05,0
t10k_132056.obj,3.972013382735895e-05,0
t10k_1327299.obj,4.8806157489404235e-05,0
t10k_133582.obj,0.0,0
t10k_1344041.obj,3.9716966966807377e-05,0
t10k_1344059.obj,3.972869944846025e-05,0
t10k_1344060.obj,3.971682463088655e-05,0
t10k_1356650.obj,5.152806746385371e-05,0
t10k_1356651.obj,5.3317098718252964e-05,0
t10k_1368076.obj,4.467491726245498e-05,0
t10k_138197.obj,0.20895872091447623,0
t10k_1387346.obj,3.971681826442364e-05,0
t10k_139430.obj,3.988990480744784e-05,0
t10k_1395585.obj,4.378630713593642e-05,0
t10k_1396898.obj,3.97168256919637e-05,0
t10k_139763.obj,5.6963496414634086e-05,0
t10k_140511.obj,3.594130612327717e-05,0
t10k_1417963.obj,3.973294769821223e-05,0
t10k_1451899.obj,3.592820591317528e-05,0
t10k_1452677.obj,3.971681311062033e-05,0
t10k_1452681.obj,3.971684706508919e-05,0
t10k_145330.obj,4.694125618698308e-05,0
t10k_145419.obj,3.9717478557577124e-05,0
t10k_1455627.obj,3.971683114893191e-05,0
t10k_1458676.obj,4.91653327117092e-05,0
t10k_1504272.obj,5.144902691730143e-05,0
t10k_1505017.obj,4.3174627990083536e-05,0
t10k_1505025.obj,4.77798268245048e-05,0
t10k_1516886.obj,4.29709539275791e-05,0
t10k_1527409.obj,3.990152739182425e-05,0
t10k_153961.obj,3.971704760867093e-05,0
t10k_1582376.obj,5.292516561894445e-05,0
t10k_1582420.obj,4.4683658719198625e-05,0
t10k_1582428.obj,0.16223535800721342,0
t10k_1582436.obj,4.490952445242632e-05,0
t10k_1601406.obj,3.97195426558028e-05,0
t10k_1614064.obj,4.4684448160599764e-05,0
t10k_161717.obj,4.467413085270285e-05,0
t10k_161718.obj,4.467415389323529e-05,0
t10k_1628449.obj,3.6233055804283744e-05,0
t10k_1681118.obj,3.97168235698094e-05,0
t10k_1681119.obj,4.029650229616285e-05,0
t10k_1681124.obj,3.9716833877416015e-05,0
t10k_1681235.obj,4.934112985210959e-05,0
t10k_1722413.obj,4.3803209185474166e-05,0
t10k_1722423.obj,3.971681311062033e-05,0
t10k_1750620.obj,3.973589552212312e-05,0
t10k_1772593.obj,4.432984284600631e-05,0
t10k_178199.obj,3.978619982566064e-05,0
t10k_186541.obj,4.45122571666919e-05,0
t10k_196211.obj,3.9901151618929966e-05,0
t10k_199660.obj,4.938261160229255e-05,0
t10k_200973.obj,3.971728210672154e-05,0
t10k_201962.obj,4.297955577688602e-05,0
t10k_203284.obj,4.68508510493848e-05,0
t10k_203285.obj,4.062562902618083e-05,0
t10k_203287.obj,3.995896258857101e-05,0
t10k_203983.obj,3.9717658637528075e-05,0
t10k_204392.obj,4.4530079624867845e-05,0
t10k_206492.obj,3.9901006857689936e-05,0
t10k_208721.obj,3.971688617336137e-05,0
t10k_211915.obj,4.842531446532424e-05,0
t10k_212094.obj,4.537379269701584e-05,0
t10k_217020.obj,4.467437338462332e-05,0
t10k_222140.obj,7.242237158304003e-05,0
t10k_225966.obj,4.475283458305057e-05,0
t10k_225969.obj,4.4675019429026484e-05,0
t10k_239188.obj,4.4674316389622014e-05,0
t10k_242222.obj,4.7846561604577197e-05,0
t10k_247069.obj,3.9716815839104434e-05,0
t10k_247517.obj,4.823628690549716e-05,0
t10k_250767.obj,4.8450833673996385e-05,0
t10k_255237.obj,4.850313962379005e-05,0
t10k_255496.obj,4.3807733466868136e-05,0
t10k_257587.obj,4.790742362577779e-05,0
t10k_257590.obj,5.604265910127045e-05,0
t10k_263995.obj,4.4683204275012635e-05,0
t10k_265590.obj,4.478525988815818e-05,0
t10k_267853.obj,0.0005673606622925339,0
t10k_269126.obj,4.474981324165128e-05,0
t10k_278457.obj,4.69550903593093e-05,0
t10k_280282.obj,3.989052705340631e-05,0
t10k_280283.obj,3.9772236505086767e-05,0
t10k_285605.obj,4.4957047975913156e-05,0
t10k_288801.obj,4.431153320183512e-05,0
t10k_288802.obj,4.4376061547761005e-05,0
t10k_289665.obj,5.284720494576808e-05,0
t10k_289691.obj,5.5206204100007504e-05,0
t10k_294010.obj,4.8481031929744255e-05,0
t10k_298323.obj,4.473245887008185e-05,0
t10k_301888.obj,4.298313964075836e-05,0
t10k_301926.obj,3.9740220472594956e-05,0
t10k_301933.obj,4.1432387964353744e-05,0
t10k_306466.obj,3.976587095166906e-05,0
t10k_313444.obj,4.846407167254559e-05,0
t10k_313879.obj,4.442844662359372e-05,0
t10k_313917.obj,0.00013674730689672288,0
t10k_314003.obj,3.9717540403216844e-05,0
t10k_316358.obj,0.00027022584557319834,0
t10k_331754.obj,4.846334225779477e-05,0
t10k_331784.obj,4.846329678305968e-05,0
t10k_338910.obj,0.0007716479043059129,0
t10k_343548.obj,6.118835941985405e-05,0
t10k_34783.obj,3.97304458298701e-05,0
t10k_36075.obj,4.430826872218555e-05,0
t10k_366724.obj,0.0,0
t10k_367344.obj,4.0616669745456115e-05,0
t10k_369989.obj,4.810732146628046e-05,0
t10k_370988.obj,5.615147347270977e-05,0
t10k_375251.obj,4.3002176577526065e-05,0
t10k_376245.obj,0.2212950842367718,0
t10k_37868.obj,4.1599096827364214e-05,0
t10k_384098.obj,3.990139096761899e-05,0
t10k_385609.obj,3.971684812616635e-05,0
t10k_38645.obj,3.9706471549531365e-05,0
t10k_386839.obj,4.5313437112781685e-05,0
t10k_387223.obj,3.5970482864892496e-05,0
t10k_388570.obj,3.5950144895953905e-05,0
t10k_388632.obj,3.623025607642679e-05,0
t10k_39123.obj,3.971681311062033e-05,0
t10k_39208.obj,4.466429102952437e-05,0
t10k_39347.obj,0.5218754220865472,0
t10k_39643.obj,4.8328869524993934e-05,0
t10k_40176.obj,5.710049147940784e-05,0
t10k_40360.obj,4.2589214141723154e-05,0
t10k_40361.obj,4.473762783163693e-05,0
t10k_40583.obj,4.4309722094718985e-05,0
t10k_40663.obj,4.5660338097756416e-05,0
t10k_40986.obj,4.44018630029556e-05,0
t10k_41081.obj,4.052300027979072e-05,0
t10k_41089.obj,3.971690330217825e-05,0
t10k_41521.obj,3.971681311062033e-05,0
t10k_41929.obj,5.221804015794381e-05,0
t10k_41930.obj,4.0181780605053063e-05,0
t10k_42025.obj,3.9429310921453485e-05,0
t10k_42036.obj,4.468740947534874e-05,0
t10k_42046.obj,4.0275196170114214e-05,0
t10k_42192.obj,3.9717341375459604e-05,0
t10k_422370.obj,3.971681311062033e-05,0
t10k_42500.obj,0.00011216764354079108,0
t10k_42721.obj,0.0004462647275431664,0
t10k_43188.obj,4.878549104129585e-05,0
t10k_43389.obj,3.971683114893191e-05,0
t10k_43393.obj,4.4309679045303106e-05,0
t10k_437347.obj,4.695309932382467e-05,0
t10k_437375.obj,3.972330341639463e-05,0
t10k_43769.obj,0.6705044324820241,0
t10k_439142.obj,3.971816234601041e-05,0
t10k_44037.obj,4.432470298828169e-05,0
t10k_44384.obj,4.483635984797729e-05,0
t10k_44396.obj,4.68486211199585e-05,0
t10k_44398.obj,4.961478740976114e-05,0
t10k_44740.obj,4.108943721803371e-05,0
t10k_44874.obj,4.858208861454235e-05,0
t10k_45009.obj,3.97170812599749e-05,0
t10k_451676.obj,4.467414843626708e-05,0
t10k_45514.obj,3.971677915615146e-05,0
t10k_462512.obj,3.971682872361271e-05,0
t10k_46541.obj,4.471092749251208e-05,0
t10k_47088.obj,4.875858788485251e-05,0
t10k_47089.obj,4.808509978223204e-05,0
t10k_471994.obj,4.297366604077979e-05,0
t10k_472012.obj,3.977480203805802e-05,0
t10k_472026.obj,3.608805051650658e-05,0
t10k_472039.obj,3.596881939908295e-05,0
t10k_472043.obj,3.7206083864778826e-05,0
t10k_472056.obj,3.972184428372808e-05,0
t10k_472083.obj,4.76027644253918e-05,0
t10k_472092.obj,3.976612030479979e-05,0
t10k_472131.obj,3.593585734051885e-05,0
t10k_472150.obj,4.297350051274407e-05,0
t10k_472204.obj,3.636355571264479e-05,0
t10k_474712.obj,3.592795155782369e-05,0
t10k_48131.obj,4.103769818660415e-05,0
t10k_482738.obj,3.597089062168379e-05,0
t10k_48495.obj,4.1553069725826695e-05,0
t10k_48554.obj,4.467509097594302e-05,0
t10k_48949.obj,4.8873043245597124e-05,0
t10k_49546.obj,4.431170267101455e-05,0
t10k_496673.obj,3.971681311062033e-05,0
t10k_498431.obj,0.3281303899336005,0
t10k_498461.obj,4.503001127886819e-05,0
t10k_49886.obj,5.936366551395622e-05,0
t10k_49888.obj,4.903359028200308e-05,0
t10k_500112.obj,4.467431426746771e-05,0
t10k_500117.obj,4.467572519691506e-05,0
t10k_50098.obj,0.4699314432218671,0
t10k_501150.obj,4.694753458049187e-05,0
t10k_502009.obj,4.597618317347951e-05,0
t10k_50410.obj,5.175396169458205e-05,0
t10k_50881.obj,3.608806097569565e-05,0
t10k_51142.obj,4.297537861930323e-05,0
t10k_51354.obj,0.0,0
t10k_51508.obj,4.505256098733904e-05,0
t10k_51639.obj,3.9716713975697836e-05,0
t10k_51643.obj,4.078988195033162e-05,0
t10k_51653.obj,3.971678809951603e-05,0
t10k_518082.obj,3.971681462644483e-05,0
t10k_520644.obj,4.8723076664221786e-05,0
t10k_520647.obj,4.9681385159298465e-05,0
t10k_52072.obj,0.3250343723733143,0
t10k_52858.obj,3.973161619796883e-05,0
t10k_52861.obj,3.9717229052863935e-05,0
t10k_53404.obj,3.977809819843969e-05,0
t10k_53430.obj,4.4311027825945835e-05,0
t10k_53439.obj,4.8446781571935084e-05,0
t10k_53520.obj,4.5124208857790414e-05,0
t10k_55092.obj,4.558848831948126e-05,0
t10k_55583.obj,4.744122103754004e-05,0
t10k_557388.obj,3.971995859804641e-05,0
t10k_56095.obj,4.2973636785366885e-05,0
t10k_56527.obj,0.0,0
t10k_56892.obj,3.9998502112818336e-05,0
t10k_570154.obj,3.971681311062033e-05,0
t10k_57179.obj,3.9719627996722316e-05,0
t10k_57420.obj,4.312389470821169e-05,0
t10k_57896.obj,0.0,0
t10k_579054.obj,0.00036518543674901593,0
t10k_579055.obj,0.00021447705633666678,0
t10k_57909.obj,3.972203224596645e-05,0
t10k_579370.obj,4.4308295400696807e-05,0
t10k_58007.obj,3.593945363415211e-05,0
t10k_58051.obj,5.348803764112139e-05,0
t10k_58053.obj,3.971683812172463e-05,0
t10k_58877.obj,3.6564431411534315e-05,0
t10k_591226.obj,3.9719190984518114e-05,0
t10k_591246.obj,0.00010521737628247745,0
t10k_59230.obj,0.32909246535321773,0
t10k_59766.obj,0.00028466056573961396,0
t10k_601646.obj,4.4683968250562124e-05,0
t10k_60172.obj,4.4692237376390644e-05,0
t10k_60246.obj,3.989614591167386e-05,0
t10k_60813.obj,4.297693885746412e-05,0
t10k_60843.obj,3.616861007079327e-05,0
t10k_60847.obj,3.6829703124870626e-05,0
t10k_60863.obj,3.644956192753549e-05,0
t10k_61194.obj,3.978692560243265e-05,0
t10k_61200.obj,5.30535941531222e-05,0
t10k_613661.obj,0.0004508965421337052,0
t10k_61765.obj,0.00020638503125762023,0
t10k_619671.obj,4.480611429850493e-05,0
t10k_622001.obj,5.0615737867095355e-05,0
t10k_62288.obj,3.9946774753237456e-05,0
t10k_62592.obj,4.4674598332979563e-05,0
t10k_63461.obj,4.3750712090210676e-05,0
t10k_63556.obj,4.5462228930167235e-05,0
t10k_635754.obj,4.4323496391977336e-05,0
t10k_63942.obj,0.6667688607412856,0
t10k_64988.obj,0.6659284278769823,0
t10k_64989.obj,4.482328859012341e-05,0
t10k_650186.obj,3.972178804663903e-05,0
t10k_65444.obj,3.961509431367934e-05,0
t10k_65608.obj,4.4810526863633036e-05,0
t10k_66479.obj,4.303662732733452e-05,0
t10k_668419.obj,3.97133386892771e-05,0
t10k_679618.obj,3.9716955446541156e-05,0
t10k_68215.obj,7.898730079129261e-05,0
t10k_68334.obj,4.4698345845972653e-05,0
t10k_68500.obj,4.467690117356445e-05,0
t10k_68647.obj,4.579254406659553e-05,0
t10k_68656.obj,3.990376444562571e-05,0
t10k_688370.obj,8.500884208236432e-05,0
t10k_693468.obj,4.855419835318268e-05,0
t10k_69880.obj,3.9933136728601916e-05,0
t10k_700904.obj,3.9737813949614065e-05,0
t10k_700908.obj,0.2727048123876254,0
t10k_702398.obj,4.467417147679953e-05,0
t10k_702412.obj,3.5933448998548556e-05,0
t10k_702426.obj,4.4708520060036484e-05,0
t10k_702427.obj,3.9716894813561034e-05,0
t10k_70378.obj,3.971283058490371e-05,0
t10k_70558.obj,3.972750922306053e-05,0
t10k_70833.obj,0.00010414532092302882,0
t10k_71157.obj,3.992933276701175e-05,0
t10k_71693.obj,3.971681311062033e-05,0
t10k_72016.obj,4.881428018658577e-05,0
t10k_72227.obj,3.971683493849317e-05,0
t10k_72361.obj,4.9576584691142976e-05,0
t10k_723831.obj,4.297441546441405e-05,0
t10k_72607.obj,3.971681720334649e-05,0
t10k_72611.obj,4.4684285057883244e-05,0
t10k_73068.obj,4.4692263145407196e-05,0
t10k_73084.obj,8.833242948943128e-05,0
t10k_73160.obj,4.46751822285781e-05,0
t10k_73432.obj,3.623075326686376e-05,0
t10k_73470.obj,3.995601567415482e-05,0
t10k_73737.obj,3.6094833679574854e-05,0
t10k_73739.obj,4.014027399534825e-05,0
t10k_740251.obj,3.971737426885132e-05,0
t10k_74448.obj,4.4308792894298676e-05,0
t10k_74470.obj,4.883649065353287e-05,0
t10k_74494.obj,3.595005637180293e-05,0
t10k_74690.obj,3.9716815839104434e-05,0
t10k_75092.obj,3.971681311062033e-05,0
t10k_75549.obj,4.849491324421251e-05,0
t10k_75653.obj,3.998221003106058e-05,0
t10k_75665.obj,3.998801488099465e-05,0
t10k_75991.obj,5.796127879875712e-05,0
t10k_76204.obj,4.5075257427621786e-05,0
t10k_762589.obj,4.4671757981025927e-05,0
t10k_763724.obj,3.974964738517883e-05,0
t10k_76901.obj,3.971937591510747e-05,0
t10k_77463.obj,3.9499444180061495e-05,0
t10k_77525.obj,3.992598764549863e-05,0
t10k_779964.obj,4.3826760702359024e-05,0
t10k_779966.obj,4.318908562102782e-05,0
t10k_78299.obj,0.002164280776923988,0
t10k_78737.obj,4.739426488716466e-05,0
t10k_78738.obj,3.999814650038994e-05,0
t10k_789072.obj,4.467940107133472e-05,0
t10k_79787.obj,4.433682291467752e-05,0
t10k_79960.obj,4.4475666375850174e-05,0
t10k_80364.obj,4.4349160513471965e-05,0
t10k_804299.obj,4.4302442499125995e-05,0
t10k_80597.obj,4.504963362705894e-05,0
t10k_80752.obj,3.972393869844382e-05,0
t10k_80904.obj,4.467616690817522e-05,0
t10k_81130.obj,4.4425737996789394e-05,0
t10k_81141.obj,4.532888973092971e-05,0
t10k_81145.obj,3.971752297123506e-05,0
t10k_81259.obj,4.297983347593496e-05,0
t10k_81307.obj,4.512782561505446e-05,0
t10k_81310.obj,3.9732524328428553e-05,0
t10k_815478.obj,3.9716838879636875e-05,0
t10k_81776.obj,4.091899563718471e-05,0
t10k_82063.obj,4.3516597088455455e-05,0
t10k_82407.obj,4.3788009861600585e-05,0
t10k_82722.obj,3.9906140803698996e-05,0
t10k_83005.obj,3.971681311062033e-05,0
t10k_834595.obj,4.4819885867279176e-05,0
t10k_83490.obj,8.119939229800366e-05,0
t10k_838515.obj,3.750711357497494e-05,0
t10k_84625.obj,4.4676211473415606e-05,0
t10k_84642.obj,9.917678047107377e-05,0
t10k_84975.obj,4.491100965727431e-05,0
t10k_852175.obj,3.984804046316034e-05,0
t10k_85440.obj,4.4704768697556574e-05,0
t10k_85493.obj,4.4703465694813836e-05,0
t10k_85534.obj,0.00022287533162549758,0
t10k_856328.obj,4.467711945229288e-05,0
t10k_85800.obj,4.677560491472832e-05,0
t10k_858853.obj,4.510480205984398e-05,0
t10k_86236.obj,4.467442947012993e-05,0
t10k_87075.obj,4.473824931968314e-05,0
t10k_87519.obj,4.71001885671285e-05,0
t10k_88152.obj,6.948866575839929e-05,0
t10k_88383.obj,4.711181933695722e-05,0
t10k_88581.obj,4.297434876813592e-05,0
t10k_88615.obj,4.4680700436098654e-05,0
t10k_888455.obj,0.0002830899011314614,0
t10k_894831.obj,3.971881854643774e-05,0
t10k_90283.obj,4.214534601487685e-05,0
t10k_903533.obj,4.368191336349506e-05,0
t10k_90439.obj,5.5959387585365526e-05,0
t10k_90441.obj,4.77897495632836e-05,0
t10k_90442.obj,4.4757105873335e-05,0
t10k_904474.obj,4.4308185655002795e-05,0
t10k_908460.obj,4.905566584056942e-05,0
t10k_91139.obj,3.687852798369325e-05,0
t10k_914685.obj,4.0294808059115894e-05,0
t10k_91469.obj,4.467435762004849e-05,0
t10k_91588.obj,4.8500717336234324e-05,0
t10k_91610.obj,4.6894328382525906e-05,0
t10k_91659.obj,4.029267620353494e-05,0
t10k_91917.obj,0.5423090311912043,0
t10k_919992.obj,3.97429860944006e-05,0
t10k_92068.obj,9.784037744490585e-05,0
t10k_92116.obj,3.971681311062033e-05,0
t10k_921797.obj,4.2979966413743874e-05,0
t10k_92420.obj,4.467637275714272e-05,0
t10k_93071.obj,3.971812930103624e-05,0
t10k_93101.obj,4.263927697441735e-05,0
t10k_931874.obj,3.971681720334649e-05,0
t10k_94148.obj,9.834444184283105e-05,0
t10k_94675.obj,5.167353507810427e-05,0
t10k_953787.obj,4.1881414745148504e-05,0
t10k_95409.obj,0.0,0
t10k_95421.obj,0.0,0
t10k_95434.obj,0.0,0
t10k_95489.obj,4.431733214005362e-05,0
t10k_95500.obj,5.080182836536551e-05,0
t10k_95797.obj,4.4675327747730385e-05,0
t10k_958471.obj,3.971920477852109e-05,0
t10k_96068.obj,5.50062938297439e-05,0
t10k_96123.obj,4.017934467507681e-05,0
t10k_96269.obj,5.524208002801364e-05,0
t10k_96541.obj,4.431108118296834e-05,0
t10k_96777.obj,5.355203969277985e-05,0
t10k_96779.obj,3.9717722908487e-05,0
t10k_97254.obj,3.994618828073726e-05,0
t10k_97591.obj,3.972194917878369e-05,0
t10k_97595.obj,4.304459859364821e-05,0
t10k_976646.obj,4.430866495871063e-05,0
t10k_97866.obj,3.973038398423038e-05,0
t10k_98009.obj,4.8117560860797916e-05,0
t10k_985159.obj,6.595683862542501e-05,0
t10k_98657.obj,5.133564627612941e-05,0
t10k_98660.obj,4.467505853729866e-05,0
t10k_98667.obj,4.851551026755866e-05,0
t10k_98671.obj,4.682543506836131e-05,0
t10k_98936.obj,4.846588187016702e-05,0
t10k_993954.obj,5.013125398060462e-05,0
t10k_99896.obj,5.391897320805583e-05,0
device_00_degenerate_0000.obj,0.9999466339747111,1
device_00_degenerate_0001.obj,0.9999466339747111,1
device_00_degenerate_0002.obj,0.9999466339747111,1
device_00_degenerate_0003.obj,0.9999466339747111,1
device_00_degenerate_0004.obj,0.9999466339747111,1
device_00_degenerate_0005.obj,0.9999466339747111,1
device_00_degenerate_0006.obj,0.9999466339747111,1
device_00_degenerate_0007.obj,0.9999466339747111,1
device_00_degenerate_0008.obj,0.9999466339747111,1
device_00_degenerate_0009.obj,0.9999466339747111,1
device_00_degenerate_0010.obj,0.9999466339747111,1
device_00_degenerate_0011.obj,0.9999466339747111,1
device_00_degenerate_0012.obj,0.9999466339747111,1
device_00_degenerate_0013.obj,0.9999466339747111,1
device_00_degenerate_0014.obj,0.9999466339747111,1
device_00_degenerate_0015.obj,0.9999466339747111,1
device_00_degenerate_0016.obj,0.9999466339747111,1
device_00_degenerate_0017.obj,0.9999466339747111,1
device_00_degenerate_0018.obj,0.9999466339747111,1
device_00_degenerate_0019.obj,0.9999466339747111,1
device_00_degenerate_0020.obj,0.9999466339747111,1
device_00_degenerate_0021.obj,0.9999466339747111,1
device_00_degenerate_0022.obj,0.9999466339747111,1
device_00_degenerate_0023.obj,0.9999466339747111,1
device_00_degenerate_0024.obj,0.9999466339747111,1
device_00_disconnected_0000.obj,0.9999466339747111,1
device_00_disconnected_0001.obj,0.9999466339747111,1
device_00_disconnected_0002.obj,0.9999466339747111,1
device_00_disconnected_0003.obj,0.9999466339747111,1
device_00_disconnected_0004.obj,0.9999466339747111,1
device_00_disconnected_0005.obj,0.9999466339747111,1
device_00_disconnected_0006.obj,0.9999482234319051,1
device_00_disconnected_0007.obj,0.9999466339747111,1
device_00_disconnected_0008.obj,0.9999744892120361,1
device_00_disconnected_0009.obj,0.9999466339747111,1
device_00_disconnected_0010.obj,0.9999466339747111,1
device_00_disconnected_0011.obj,0.9999466339747111,1
device_00_disconnected_0012.obj,0.9999466339747111,1
device_00_disconnected_0013.obj,0.9999466339747111,1
device_00_disconnected_0014.obj,0.9999466339747111,1
device_00_disconnected_0015.obj,0.9999466339747111,1
device_00_disconnected_0016.obj,0.9999466339747111,1
device_00_disconnected_0017.obj,0.9999466339747111,1
device_00_disconnected_0018.obj,0.9999466339747111,1
device_00_disconnected_0019.obj,0.9999466339747111,1
device_00_disconnected_0020.obj,0.9999466339747111,1
device_00_disconnected_0021.obj,0.9999466339747111,1
device_00_disconnected_0022.obj,0.9999466339747111,1
device_00_disconnected_0023.obj,0.9999466339747111,1
device_00_disconnected_0024.obj,0.9999466339747111,1
device_00_faceswap_0000.obj,0.9999419848124186,1
device_00_faceswap_0001.obj,0.999854564666748,1
device_00_faceswap_0002.obj,0.9999389251073202,1
device_00_faceswap_0003.obj,0.9999311367670695,1
device_00_faceswap_0004.obj,0.9999386866887411,1
device_00_faceswap_0005.obj,0.9999136924743652,1
device_00_faceswap_0006.obj,0.9999223550160726,1
device_00_faceswap_0007.obj,0.9999336004257202,1
device_00_faceswap_0008.obj,0.999838391939799,1
device_00_faceswap_0009.obj,0.9934582114219666,1
device_00_faceswap_0010.obj,0.9999071756998698,1
device_00_faceswap_0011.obj,0.9999419450759888,1
device_00_faceswap_0012.obj,0.9999394019444784,1
device_00_faceswap_0013.obj,0.9999294281005859,1
device_00_faceswap_0014.obj,0.9999114274978638,1
device_00_faceswap_0015.obj,0.9999168316523234,1
device_00_faceswap_0016.obj,0.9999411106109619,1
device_00_faceswap_0017.obj,0.9999181429545084,1
device_00_faceswap_0018.obj,0.9999420245488485,1
device_00_faceswap_0019.obj,0.9999190966288248,1
device_00_faceswap_0020.obj,0.9999384085337321,1
device_00_faceswap_0021.obj,0.9999350706736246,1
device_00_faceswap_0022.obj,0.9999388456344604,1
device_00_faceswap_0023.obj,0.999938448270162,1
device_00_faceswap_0024.obj,0.9999308983484904,1
device_00_jitter_0000.obj,0.999894917011261,1
device_00_jitter_0001.obj,0.9998906254768372,1
device_00_jitter_0002.obj,0.9998974601427714,1
device_00_jitter_0003.obj,0.9998749295870463,1
device_00_jitter_0004.obj,0.9999006787935892,1
device_00_jitter_0005.obj,0.9998944799105326,1
device_00_jitter_0006.obj,0.9998924533526102,1
device_00_jitter_0007.obj,0.9998832742373148,1
device_00_jitter_0008.obj,0.9998915791511536,1
device_00_jitter_0009.obj,0.999896228313446,1
device_00_jitter_0010.obj,0.9998839497566223,1
device_00_jitter_0011.obj,0.9998913009961446,1
device_00_jitter_0012.obj,0.9998934070269266,1
device_00_jitter_0013.obj,0.9998736580212911,1
device_00_jitter_0014.obj,0.9998937646547953,1
device_00_jitter_0015.obj,0.9998607834180196,1
device_00_jitter_0016.obj,0.9998788237571716,1
device_00_jitter_0017.obj,0.9998949567476908,1
device_00_jitter_0018.obj,0.9998688896497091,1
device_00_jitter_0019.obj,0.9998941818873087,1
device_00_jitter_0020.obj,0.9998808900515238,1
device_00_jitter_0021.obj,0.99993367989858,1
device_00_jitter_0022.obj,0.9998880823453268,1
device_00_jitter_0023.obj,0.9998927315076193,1
device_00_jitter_0024.obj,0.9998921354611715,1
device_00_rigid_0000.obj,0.9999466339747111,1
device_00_rigid_0001.obj,0.9999466339747111,1
device_00_rigid_0002.obj,0.9999466339747111,1
device_00_rigid_0003.obj,0.9999466339747111,1
device_00_rigid_0004.obj,0.9999466339747111,1
device_00_rigid_0005.obj,0.9999466339747111,1
device_00_rigid_0006.obj,0.9999466339747111,1
device_00_rigid_0007.obj,0.9999466339747111,1
device_00_rigid_0008.obj,0.9999466339747111,1
device_00_rigid_0009.obj,0.9999466339747111,1
device_00_rigid_0010.obj,0.9999466339747111,1
device_00_rigid_0011.obj,0.9999466339747111,1
device_00_rigid_0012.obj,0.9999466339747111,1
device_00_rigid_0013.obj,0.9999466339747111,1
device_00_rigid_0014.obj,0.9999466339747111,1
device_00_rigid_0015.obj,0.9999466339747111,1
device_00_rigid_0016.obj,0.9999466339747111,1
device_00_rigid_0017.obj,0.9999466339747111,1
device_00_rigid_0018.obj,0.9999466339747111,1
device_00_rigid_0019.obj,0.9999466339747111,1
device_00_rigid_0020.obj,0.9999466339747111,1
device_00_rigid_0021.obj,0.9999466339747111,1
device_00_rigid_0022.obj,0.9999466339747111,1
device_00_rigid_0023.obj,0.9999466339747111,1
device_00_rigid_0024.obj,0.9999466339747111,1
device_00_tetwild_0000.obj,0.9998969833056132,1
device_00_tetwild_0001.obj,0.9999077320098877,1
device_00_tetwild_0002.obj,0.9999033013979594,1
device_00_tetwild_0003.obj,0.9999027450879415,1
device_00_tetwild_0004.obj,0.999906579653422,1
device_00_tetwild_0005.obj,0.9998744527498881,1
device_00_tetwild_0006.obj,0.9999086062113444,1
device_00_tetwild_0007.obj,0.9998987317085266,1
device_00_tetwild_0008.obj,0.9999017119407654,1
device_00_tetwild_0009.obj,0.9999018907546997,1
device_00_tetwild_0010.obj,0.9999029437700907,1
device_00_tetwild_0011.obj,0.9999005595842997,1
device_00_tetwild_0012.obj,0.9999027450879415,1
device_00_tetwild_0013.obj,0.9999049703280131,1
device_00_tetwild_0014.obj,0.9999001224835714,1
device_00_tetwild_0015.obj,0.9998995264371237,1
device_00_tetwild_0016.obj,0.9998944799105326,1
device_00_tetwild_0017.obj,0.9999025066693624,1
device_00_tetwild_0018.obj,0.9999029040336609,1
device_00_tetwild_0019.obj,0.9998820821444193,1
device_00_tetwild_0020.obj,0.9998842279116312,1
device_00_tetwild_0021.obj,0.9999038775761923,1
device_00_tetwild_0022.obj,0.9999188979466757,1
device_00_tetwild_0023.obj,0.9998939633369446,1
device_00_tetwild_0024.obj,0.9999077717463175,1
device_01_degenerate_0000.obj,0.9999794562657675,1
device_01_degenerate_0001.obj,0.9999794562657675,1
device_01_degenerate_0002.obj,0.9999794562657675,1
device_01_degenerate_0003.obj,0.9999794562657675,1
device_01_degenerate_0004.obj,0.9999794562657675,1
device_01_degenerate_0005.obj,0.9999794562657675,1
device_01_degenerate_0006.obj,0.9999794562657675,1
device_01_degenerate_0007.obj,0.9999794562657675,1
device_01_degenerate_0008.obj,0.9999794562657675,1
device_01_degenerate_0009.obj,0.9999794562657675,1
device_01_degenerate_0010.obj,0.9999794562657675,1
device_01_degenerate_0011.obj,0.9999794562657675,1
device_01_degenerate_0012.obj,0.9999794562657675,1
device_01_degenerate_0013.obj,0.9999794562657675,1
device_01_degenerate_0014.obj,0.9999794562657675,1
device_01_degenerate_0015.obj,0.9999794562657675,1
device_01_degenerate_0016.obj,0.9999794562657675,1
device_01_degenerate_0017.obj,0.9999794562657675,1
device_01_degenerate_0018.obj,0.9999794562657675,1
device_01_degenerate_0019.obj,0.9999794562657675,1
device_01_degenerate_0020.obj,0.9999794562657675,1
device_01_degenerate_0021.obj,0.9999794562657675,1
device_01_degenerate_0022.obj,0.9999794562657675,1
device_01_degenerate_0023.obj,0.9999794562657675,1
device_01_degenerate_0024.obj,0.9999794562657675,1
device_01_disconnected_0000.obj,0.9999794562657675,1
device_01_disconnected_0001.obj,0.9999794562657675,1
device_01_disconnected_0002.obj,0.9999794562657675,1
device_01_disconnected_0003.obj,0.9999794562657675,1
device_01_disconnected_0004.obj,0.9999794562657675,1
device_01_disconnected_0005.obj,0.9999794562657675,1
device_01_disconnected_0006.obj,0.9999794562657675,1
device_01_disconnected_0007.obj,0.9999794562657675,1
device_01_disconnected_0008.obj,0.9999794562657675,1
device_01_disconnected_0009.obj,0.9999794562657675,1
device_01_disconnected_0010.obj,0.9999794562657675,1
device_01_disconnected_0011.obj,0.9999794562657675,1
device_01_disconnected_0012.obj,0.9999794562657675,1
device_01_disconnected_0013.obj,0.9999794562657675,1
device_01_disconnected_0014.obj,0.9999794562657675,1
device_01_disconnected_0015.obj,0.9999794562657675,1
device_01_disconnected_0016.obj,0.9999794562657675,1
device_01_disconnected_0017.obj,0.9999794562657675,1
device_01_disconnected_0018.obj,0.9999794562657675,1
device_01_disconnected_0019.obj,0.9999794562657675,1
device_01_disconnected_0020.obj,0.9999794562657675,1
device_01_disconnected_0021.obj,0.9999794562657675,1
device_01_disconnected_0022.obj,0.9999794562657675,1
device_01_disconnected_0023.obj,0.9999794562657675,1
device_01_disconnected_0024.obj,0.9999794562657675,1
device_01_faceswap_0000.obj,0.9998372793197632,1
device_01_faceswap_0001.obj,0.9999669790267944,1
device_01_faceswap_0002.obj,0.9999778668085734,1
device_01_faceswap_0003.obj,0.9999701182047526,1
device_01_faceswap_0004.obj,0.9999552567799886,1
device_01_faceswap_0005.obj,0.999954342842102,1
device_01_faceswap_0006.obj,0.9999666611353556,1
device_01_faceswap_0007.obj,0.7450178563594818,1
device_01_faceswap_0008.obj,0.9999767939249674,1
device_01_faceswap_0009.obj,0.9999727805455526,1
device_01_faceswap_0010.obj,0.9999683300654093,1
device_01_faceswap_0011.obj,0.9999571243921915,1
device_01_faceswap_0012.obj,0.9999763568242391,1
device_01_faceswap_0013.obj,0.9999725421269735,1
device_01_faceswap_0014.obj,0.999977707862854,1
device_01_faceswap_0015.obj,0.9999657471974691,1
device_01_faceswap_0016.obj,0.9999767541885376,1
device_01_faceswap_0017.obj,0.9999719460805258,1
device_01_faceswap_0018.obj,0.9999162356058756,1
device_01_faceswap_0019.obj,0.999975323677063,1
device_01_faceswap_0020.obj,0.9999719858169556,1
device_01_faceswap_0021.obj,0.9999707142512003,1
device_01_faceswap_0022.obj,0.9999764760335287,1
device_01_faceswap_0023.obj,0.9999767144521078,1
device_01_faceswap_0024.obj,0.9999769528706869,1
device_01_jitter_0000.obj,0.9999778668085734,1
device_01_jitter_0001.obj,0.999963124593099,1
device_01_jitter_0002.obj,0.9999735752741495,1
device_01_jitter_0003.obj,0.9996217886606852,1
device_01_jitter_0004.obj,0.999968409538269,1
device_01_jitter_0005.obj,0.9999692440032959,1
device_01_jitter_0006.obj,0.9999756813049316,1
device_01_jitter_0007.obj,0.9999763170878092,1
device_01_jitter_0008.obj,0.9999744494756063,1
device_01_jitter_0009.obj,0.9999770323435465,1
device_01_jitter_0010.obj,0.9999787012736002,1
device_01_jitter_0011.obj,0.9999763170878092,1
device_01_jitter_0012.obj,0.9999763170878092,1
device_01_jitter_0013.obj,0.9999783039093018,1
device_01_jitter_0014.obj,0.9999633232752482,1
device_01_jitter_0015.obj,0.9999659458796183,1
device_01_jitter_0016.obj,0.9999536275863647,1
device_01_jitter_0017.obj,0.9999616146087646,1
device_01_jitter_0018.obj,0.9999758799870809,1
device_01_jitter_0019.obj,0.999973734219869,1
device_01_jitter_0020.obj,0.9999592701594034,1
device_01_jitter_0021.obj,0.9999744892120361,1
device_01_jitter_0022.obj,0.99997878074646,1
device_01_jitter_0023.obj,0.9999787012736002,1
device_01_jitter_0024.obj,0.9999656677246094,1
device_01_rigid_0000.obj,0.9999794562657675,1
device_01_rigid_0001.obj,0.9999794562657675,1
device_01_rigid_0002.obj,0.9999794562657675,1
device_01_rigid_0003.obj,0.9999794562657675,1
device_01_rigid_0004.obj,0.9999794562657675,1
device_01_rigid_0005.obj,0.9999794562657675,1
device_01_rigid_0006.obj,0.9999794562657675,1
device_01_rigid_0007.obj,0.9999794562657675,1
device_01_rigid_0008.obj,0.9999794562657675,1
device_01_rigid_0009.obj,0.9999794562657675,1
device_01_rigid_0010.obj,0.9999794562657675,1
device_01_rigid_0011.obj,0.9999794562657675,1
device_01_rigid_0012.obj,0.9999794562657675,1
device_01_rigid_0013.obj,0.9999794562657675,1
device_01_rigid_0014.obj,0.9999794562657675,1
device_01_rigid_0015.obj,0.9999794562657675,1
device_01_rigid_0016.obj,0.9999794562657675,1
device_01_rigid_0017.obj,0.9999794562657675,1
device_01_rigid_0018.obj,0.9999794562657675,1
device_01_rigid_0019.obj,0.9999794562657675,1
device_01_rigid_0020.obj,0.9999794562657675,1
device_01_rigid_0021.obj,0.9999794562657675,1
device_01_rigid_0022.obj,0.9999794562657675,1
device_01_rigid_0023.obj,0.9999794562657675,1
device_01_rigid_0024.obj,0.9999794562657675,1
device_01_tetwild_0000.obj,0.9999516010284424,1
device_01_tetwild_0001.obj,0.9999752839406332,1
device_01_tetwild_0002.obj,0.9999592701594034,1
device_01_tetwild_0003.obj,0.9999756813049316,1
device_01_tetwild_0004.obj,0.9999708731969198,1
device_01_tetwild_0005.obj,0.9999752044677734,1
device_01_tetwild_0006.obj,0.9999701182047526,1
device_01_tetwild_0007.obj,0.9999742905298868,1
device_01_tetwild_0008.obj,0.9999752839406332,1
device_01_tetwild_0009.obj,0.7032841419180235,1
device_01_tetwild_0011.obj,0.9999777873357137,1
device_01_tetwild_0012.obj,0.9999720255533854,1
device_01_tetwild_0013.obj,0.9999741713205973,1
device_01_tetwild_0014.obj,0.9999767144521078,1
device_01_tetwild_0015.obj,0.9999772707621256,1
device_01_tetwild_0016.obj,0.9999252160390218,1
device_01_tetwild_0017.obj,0.9996141393979391,1
device_01_tetwild_0018.obj,0.9999677737553915,1
device_01_tetwild_0019.obj,0.9999620119730631,1
device_01_tetwild_0020.obj,0.9999662637710571,1
device_01_tetwild_0021.obj,0.9999345143636068,1
device_01_tetwild_0022.obj,0.9999587933222452,1
device_01_tetwild_0023.obj,0.9999700784683228,1
device_01_tetwild_0024.obj,0.9999509255091349,1
device_02_degenerate_0000.obj,0.9999923706054688,1
device_02_degenerate_0001.obj,0.9999923706054688,1
device_02_degenerate_0002.obj,0.9999923706054688,1
device_02_degenerate_0003.obj,0.9999923706054688,1
device_02_degenerate_0004.obj,0.9999923706054688,1
device_02_degenerate_0005.obj,0.9999923706054688,1
device_02_degenerate_0006.obj,0.9999923706054688,1
device_02_degenerate_0007.obj,0.9999923706054688,1
device_02_degenerate_0008.obj,0.9999923706054688,1
device_02_degenerate_0009.obj,0.9999923706054688,1
device_02_degenerate_0010.obj,0.9999923706054688,1
device_02_degenerate_0011.obj,0.9999923706054688,1
device_02_degenerate_0012.obj,0.9999923706054688,1
device_02_degenerate_0013.obj,0.9999923706054688,1
device_02_degenerate_0014.obj,0.9999923706054688,1
device_02_degenerate_0015.obj,0.9999923706054688,1
device_02_degenerate_0016.obj,0.9999923706054688,1
device_02_degenerate_0017.obj,0.9999923706054688,1
device_02_degenerate_0018.obj,0.9999923706054688,1
device_02_degenerate_0019.obj,0.9999923706054688,1
device_02_degenerate_0020.obj,0.9999923706054688,1
device_02_degenerate_0021.obj,0.9999923706054688,1
device_02_degenerate_0022.obj,0.9999923706054688,1
device_02_degenerate_0023.obj,0.9999923706054688,1
device_02_degenerate_0024.obj,0.9999923706054688,1
device_02_disconnected_0000.obj,0.9999923706054688,1
device_02_disconnected_0001.obj,0.9999923706054688,1
device_02_disconnected_0002.obj,0.9999923706054688,1
device_02_disconnected_0003.obj,0.9999923706054688,1
device_02_disconnected_0004.obj,0.9999923706054688,1
device_02_disconnected_0005.obj,0.9999923706054688,1
device_02_disconnected_0006.obj,0.9999923706054688,1
device_02_disconnected_0007.obj,0.9999923706054688,1
device_02_disconnected_0008.obj,0.9999923706054688,1
device_02_disconnected_0009.obj,0.9999923706054688,1
device_02_disconnected_0010.obj,0.9999923706054688,1
device_02_disconnected_0011.obj,0.9999923706054688,1
device_02_disconnected_0012.obj,0.9999923706054688,1
device_02_disconnected_0013.obj,0.9999923706054688,1
device_02_disconnected_0014.obj,0.9999923706054688,1
device_02_disconnected_0015.obj,0.9999923706054688,1
device_02_disconnected_0016.obj,0.9999923706054688,1
device_02_disconnected_0017.obj,0.9999923706054688,1
device_02_disconnected_0018.obj,0.9999923706054688,1
device_02_disconnected_0019.obj,0.9999923706054688,1
device_02_disconnected_0020.obj,0.9999923706054688,1
device_02_disconnected_0021.obj,0.9999923706054688,1
device_02_disconnected_0022.obj,0.9999923706054688,1
device_02_disconnected_0023.obj,0.9999923706054688,1
device_02_disconnected_0024.obj,0.9999923706054688,1
device_02_faceswap_0000.obj,0.9999924103418986,1
device_02_faceswap_0001.obj,0.9999923706054688,1
device_02_faceswap_0002.obj,0.9999923308690389,1
device_02_faceswap_0003.obj,0.9999923706054688,1
device_02_faceswap_0004.obj,0.9999923706054688,1
device_02_faceswap_0005.obj,0.9999923706054688,1
device_02_faceswap_0006.obj,0.9999921321868896,1
device_02_faceswap_0007.obj,0.9999920527140299,1
device_02_faceswap_0008.obj,0.9999923706054688,1
device_02_faceswap_0009.obj,0.999992291132609,1
device_02_faceswap_0010.obj,0.9999923706054688,1
device_02_faceswap_0011.obj,0.9999922513961792,1
device_02_faceswap_0012.obj,0.9999922513961792,1
device_02_faceswap_0013.obj,0.9999924103418986,1
device_02_faceswap_0014.obj,0.9999921719233195,1
device_02_faceswap_0015.obj,0.9999923706054688,1
device_02_faceswap_0016.obj,0.9999923308690389,1
device_02_faceswap_0017.obj,0.999992291132609,1
device_02_faceswap_0018.obj,0.9999922513961792,1
device_02_faceswap_0019.obj,0.9999922513961792,1
device_02_faceswap_0020.obj,0.9999923308690389,1
device_02_faceswap_0021.obj,0.9999924103418986,1
device_02_faceswap_0022.obj,0.999992291132609,1
device_02_faceswap_0023.obj,0.9999922116597494,1
device_02_faceswap_0024.obj,0.999992291132609,1
device_02_jitter_0000.obj,0.9999899864196777,1
device_02_jitter_0001.obj,0.9999896287918091,1
device_02_jitter_0002.obj,0.999983549118042,1
device_02_jitter_0003.obj,0.9999757210413615,1
device_02_jitter_0004.obj,0.9999866088231405,1
device_02_jitter_0005.obj,0.999988834063212,1
device_02_jitter_0006.obj,0.9999905427296957,1
device_02_jitter_0007.obj,0.9999891122182211,1
device_02_jitter_0008.obj,0.9999890327453613,1
device_02_jitter_0009.obj,0.9999880393346151,1
device_02_jitter_0010.obj,0.9999701976776123,1
device_02_jitter_0011.obj,0.9999727010726929,1
device_02_jitter_0012.obj,0.9999898672103882,1
device_02_jitter_0013.obj,0.9999916553497314,1
device_02_jitter_0014.obj,0.9999908208847046,1
device_02_jitter_0015.obj,0.9999899864196777,1
device_02_jitter_0016.obj,0.9999745686848959,1
device_02_jitter_0017.obj,0.9999918540318807,1
device_02_jitter_0018.obj,0.9999879995981852,1
device_02_jitter_0019.obj,0.9999536673227946,1
device_02_jitter_0020.obj,0.9999774297078451,1
device_02_jitter_0021.obj,0.9999911785125732,1
device_02_jitter_0022.obj,0.9999817609786987,1
device_02_jitter_0023.obj,0.9999893506368002,1
device_02_jitter_0024.obj,0.9999876419703165,1
device_02_rigid_0000.obj,0.9999923706054688,1
device_02_rigid_0001.obj,0.9999923706054688,1
device_02_rigid_0002.obj,0.9999923706054688,1
device_02_rigid_0003.obj,0.9999923706054688,1
device_02_rigid_0004.obj,0.9999923706054688,1
device_02_rigid_0005.obj,0.9999923706054688,1
device_02_rigid_0006.obj,0.9999923706054688,1
device_02_rigid_0007.obj,0.9999923706054688,1
device_02_rigid_0008.obj,0.9999923706054688,1
device_02_rigid_0009.obj,0.9999923706054688,1
device_02_rigid_0010.obj,0.9999923706054688,1
device_02_rigid_0011.obj,0.9999923706054688,1
device_02_rigid_0012.obj,0.9999923706054688,1
device_02_rigid_0013.obj,0.9999923706054688,1
device_02_rigid_0014.obj,0.9999923706054688,1
device_02_rigid_0015.obj,0.9999923706054688,1
device_02_rigid_0016.obj,0.9999923706054688,1
device_02_rigid_0017.obj,0.9999923706054688,1
device_02_rigid_0018.obj,0.9999923706054688,1
device_02_rigid_0019.obj,0.9999923706054688,1
device_02_rigid_0020.obj,0.9999923706054688,1
device_02_rigid_0021.obj,0.9999923706054688,1
device_02_rigid_0022.obj,0.9999923706054688,1
device_02_rigid_0023.obj,0.9999923706054688,1
device_02_rigid_0024.obj,0.9999923706054688,1
device_02_tetwild_0000.obj,0.9999914964040121,1
device_02_tetwild_0001.obj,0.999992291132609,1
device_02_tetwild_0002.obj,0.9999922513961792,1
device_02_tetwild_0003.obj,0.9999907811482748,1
device_02_tetwild_0004.obj,0.999992291132609,1
device_02_tetwild_0006.obj,0.9999921321868896,1
device_02_tetwild_0007.obj,0.999992291132609,1
device_02_tetwild_0008.obj,0.9999916950861613,1
device_02_tetwild_0009.obj,0.9999919335047404,1
device_02_tetwild_0010.obj,0.9999922513961792,1
device_02_tetwild_0011.obj,0.9999923308690389,1
device_02_tetwild_0012.obj,0.9999922513961792,1
device_02_tetwild_0013.obj,0.9999921719233195,1
device_02_tetwild_0014.obj,0.9999922116597494,1
device_02_tetwild_0015.obj,0.9999919335047404,1
device_02_tetwild_0016.obj,0.9999923706054688,1
device_02_tetwild_0018.obj,0.9999922116597494,1
device_02_tetwild_0019.obj,0.9999919335047404,1
device_02_tetwild_0020.obj,0.9999923706054688,1
device_02_tetwild_0021.obj,0.9999918142954508,1
device_02_tetwild_0022.obj,0.9999923706054688,1
device_02_tetwild_0023.obj,0.9999923706054688,1
device_02_tetwild_0024.obj,0.9999924500783285,1
device_03_degenerate_0000.obj,0.9999822775522867,1
device_03_degenerate_0001.obj,0.9999822775522867,1
device_03_degenerate_0002.obj,0.9999822775522867,1
device_03_degenerate_0003.obj,0.9999822775522867,1
device_03_degenerate_0004.obj,0.9999822775522867,1
device_03_degenerate_0005.obj,0.9999822775522867,1
device_03_degenerate_0006.obj,0.9999822775522867,1
device_03_degenerate_0007.obj,0.9999822775522867,1
device_03_degenerate_0008.obj,0.9999822775522867,1
device_03_degenerate_0009.obj,0.9999822775522867,1
device_03_degenerate_0010.obj,0.9999822775522867,1
device_03_degenerate_0011.obj,0.9999822775522867,1
device_03_degenerate_0012.obj,0.9999822775522867,1
device_03_degenerate_0013.obj,0.9999822775522867,1
device_03_degenerate_0014.obj,0.9999822775522867,1
device_03_degenerate_0015.obj,0.9999822775522867,1
device_03_degenerate_0016.obj,0.9999822775522867,1
device_03_degenerate_0017.obj,0.9999822775522867,1
device_03_degenerate_0018.obj,0.9999822775522867,1
device_03_degenerate_0019.obj,0.9999822775522867,1
device_03_degenerate_0020.obj,0.9999822775522867,1
device_03_degenerate_0021.obj,0.9999822775522867,1
device_03_degenerate_0022.obj,0.9999822775522867,1
device_03_degenerate_0023.obj,0.9999822775522867,1
device_03_degenerate_0024.obj,0.9999822775522867,1
device_03_disconnected_0000.obj,0.9999822775522867,1
device_03_disconnected_0001.obj,0.9999822775522867,1
device_03_disconnected_0002.obj,0.9999822775522867,1
device_03_disconnected_0003.obj,0.9999822775522867,1
device_03_disconnected_0004.obj,0.9999822775522867,1
device_03_disconnected_0005.obj,0.9999822775522867,1
device_03_disconnected_0006.obj,0.9999822775522867,1
device_03_disconnected_0007.obj,0.9999822775522867,1
device_03_disconnected_0008.obj,0.9999822775522867,1
device_03_disconnected_0009.obj,0.9999822775522867,1
device_03_disconnected_0010.obj,0.9999822775522867,1
device_03_disconnected_0011.obj,0.9999822775522867,1
device_03_disconnected_0012.obj,0.9999822775522867,1
device_03_disconnected_0013.obj,0.9999822775522867,1
device_03_disconnected_0014.obj,0.9999822775522867,1
device_03_disconnected_0015.obj,0.9999822775522867,1
device_03_disconnected_0016.obj,0.9999822775522867,1
device_03_disconnected_0017.obj,0.9999822775522867,1
device_03_disconnected_0018.obj,0.9999822775522867,1
device_03_disconnected_0019.obj,0.9999822775522867,1
device_03_disconnected_0020.obj,0.9999822775522867,1
device_03_disconnected_0021.obj,0.9999822775522867,1
device_03_disconnected_0022.obj,0.9999822775522867,1
device_03_disconnected_0023.obj,0.9999822775522867,1
device_03_disconnected_0024.obj,0.9999822775522867,1
device_03_faceswap_0000.obj,0.9999823172887167,1
device_03_faceswap_0001.obj,0.9998869895935059,1
device_03_faceswap_0002.obj,0.999981959660848,1
device_03_faceswap_0003.obj,0.9999802907307943,1
device_03_faceswap_0004.obj,0.9999812444051107,1
device_03_faceswap_0005.obj,0.9999815225601196,1
device_03_faceswap_0006.obj,0.9999751249949137,1
device_03_faceswap_0007.obj,0.9999821186065674,1
device_03_faceswap_0008.obj,0.999979297320048,1
device_03_faceswap_0009.obj,0.999975323677063,1
device_03_faceswap_0010.obj,0.9999770323435465,1
device_03_faceswap_0011.obj,0.9999812046686808,1
device_03_faceswap_0012.obj,0.9999634027481079,1
device_03_faceswap_0013.obj,0.9999818007151285,1
device_03_faceswap_0014.obj,0.9999796152114868,1
device_03_faceswap_0015.obj,0.9995904167493185,1
device_03_faceswap_0016.obj,0.9999788999557495,1
device_03_faceswap_0017.obj,0.9999799728393555,1
device_03_faceswap_0018.obj,0.9996680418650309,1
device_03_faceswap_0019.obj,0.9999811251958212,1
device_03_faceswap_0020.obj,0.9999823172887167,1
device_03_faceswap_0021.obj,0.9999790589014689,1
device_03_faceswap_0022.obj,0.9999814828236898,1
device_03_faceswap_0023.obj,0.5979124262618521,1
device_03_faceswap_0024.obj,0.999970555305481,1
device_03_jitter_0000.obj,0.9999789794286092,1
device_03_jitter_0001.obj,0.9999776283899943,1
device_03_jitter_0002.obj,0.9999820391337076,1
device_03_jitter_0003.obj,0.9999822775522867,1
device_03_jitter_0004.obj,0.9999821583429972,1
device_03_jitter_0005.obj,0.9999822378158569,1
device_03_jitter_0006.obj,0.9999787410100301,1
device_03_jitter_0007.obj,0.9999810854593912,1
device_03_jitter_0008.obj,0.9999817609786987,1
device_03_jitter_0009.obj,0.9999812841415405,1
device_03_jitter_0010.obj,0.999974528948466,1
device_03_jitter_0011.obj,0.9999797741572062,1
device_03_jitter_0012.obj,0.9999720652898153,1
device_03_jitter_0013.obj,0.9999818007151285,1
device_03_jitter_0014.obj,0.9999796549479166,1
device_03_jitter_0015.obj,0.9999772707621256,1
device_03_jitter_0016.obj,0.9999812841415405,1
device_03_jitter_0017.obj,0.9999798536300659,1
device_03_jitter_0018.obj,0.9999821583429972,1
device_03_jitter_0019.obj,0.9999815225601196,1
device_03_jitter_0020.obj,0.999972422917684,1
device_03_jitter_0021.obj,0.999981959660848,1
device_03_jitter_0022.obj,0.9999459584554037,1
device_03_jitter_0023.obj,0.9999766747156779,1
device_03_jitter_0024.obj,0.9999722242355347,1
device_03_rigid_0000.obj,0.9999822775522867,1
device_03_rigid_0001.obj,0.9999822775522867,1
device_03_rigid_0002.obj,0.9999822775522867,1
device_03_rigid_0003.obj,0.9999822775522867,1
device_03_rigid_0004.obj,0.9999822775522867,1
device_03_rigid_0005.obj,0.9999822775522867,1
device_03_rigid_0006.obj,0.9999822775522867,1
device_03_rigid_0007.obj,0.9999822775522867,1
device_03_rigid_0008.obj,0.9999822775522867,1
device_03_rigid_0009.obj,0.9999822775522867,1
device_03_rigid_0010.obj,0.9999822775522867,1
device_03_rigid_0011.obj,0.9999822775522867,1
device_03_rigid_0012.obj,0.9999822775522867,1
device_03_rigid_0013.obj,0.9999822775522867,1
device_03_rigid_0014.obj,0.9999822775522867,1
device_03_rigid_0015.obj,0.9999822775522867,1
device_03_rigid_0016.obj,0.9999822775522867,1
device_03_rigid_0017.obj,0.9999822775522867,1
device_03_rigid_0018.obj,0.9999822775522867,1
device_03_rigid_0019.obj,0.9999822775522867,1
device_03_rigid_0020.obj,0.9999822775522867,1
device_03_rigid_0021.obj,0.9999822775522867,1
device_03_rigid_0022.obj,0.9999822775522867,1
device_03_rigid_0023.obj,0.9999822775522867,1
device_03_rigid_0024.obj,0.9999822775522867,1
device_03_tetwild_0000.obj,0.9999819199244181,1
device_03_tetwild_0001.obj,0.9999796549479166,1
device_03_tetwild_0002.obj,0.9999808470408121,1
device_03_tetwild_0003.obj,0.9999754031499227,1
device_03_tetwild_0004.obj,0.9998747905095419,1
device_03_tetwild_0005.obj,0.9999814033508301,1
device_03_tetwild_0006.obj,0.9999814828236898,1
device_03_tetwild_0007.obj,0.9999817212422689,1
device_03_tetwild_0008.obj,0.9999813238779703,1
device_03_tetwild_0009.obj,0.9999700784683228,1
device_03_tetwild_0010.obj,0.9999821186065674,1
device_03_tetwild_0011.obj,0.999773104985555,1
device_03_tetwild_0012.obj,0.9999820391337076,1
device_03_tetwild_0013.obj,0.999980092048645,1
device_03_tetwild_0014.obj,0.9999805291493734,1
device_03_tetwild_0015.obj,0.9999816417694092,1
device_03_tetwild_0016.obj,0.9997862180074056,1
device_03_tetwild_0017.obj,0.9999664624532064,1
device_03_tetwild_0018.obj,0.999981681505839,1
device_03_tetwild_0019.obj,0.9999781052271525,1
device_03_tetwild_0020.obj,0.9999809265136719,1
device_03_tetwild_0021.obj,0.9999811251958212,1
device_03_tetwild_0022.obj,0.9999823172887167,1
device_03_tetwild_0023.obj,0.9999811251958212,1
device_03_tetwild_0024.obj,0.9999368786811829,1
device_04_degenerate_0000.obj,0.9999796152114868,1
device_04_degenerate_0001.obj,0.9999796152114868,1
device_04_degenerate_0002.obj,0.9999796152114868,1
device_04_degenerate_0003.obj,0.9999796152114868,1
device_04_degenerate_0004.obj,0.9999796152114868,1
device_04_degenerate_0005.obj,0.9999796152114868,1
device_04_degenerate_0006.obj,0.9999796152114868,1
device_04_degenerate_0007.obj,0.9999796152114868,1
device_04_degenerate_0008.obj,0.9999796152114868,1
device_04_degenerate_0009.obj,0.9999796152114868,1
device_04_degenerate_0010.obj,0.9999796152114868,1
device_04_degenerate_0011.obj,0.9999796152114868,1
device_04_degenerate_0012.obj,0.9999796152114868,1
device_04_degenerate_0013.obj,0.9999796152114868,1
device_04_degenerate_0014.obj,0.9999796152114868,1
device_04_degenerate_0015.obj,0.9999796152114868,1
device_04_degenerate_0016.obj,0.9999796152114868,1
device_04_degenerate_0017.obj,0.9999796152114868,1
device_04_degenerate_0018.obj,0.9999796152114868,1
device_04_degenerate_0019.obj,0.9999796152114868,1
device_04_degenerate_0020.obj,0.9999796152114868,1
device_04_degenerate_0021.obj,0.9999796152114868,1
device_04_degenerate_0022.obj,0.9999796152114868,1
device_04_degenerate_0023.obj,0.9999796152114868,1
device_04_degenerate_0024.obj,0.9999796152114868,1
device_04_disconnected_0000.obj,0.9999796152114868,1
device_04_disconnected_0001.obj,0.9999796152114868,1
device_04_disconnected_0002.obj,0.9999796152114868,1
device_04_disconnected_0003.obj,0.9999796152114868,1
device_04_disconnected_0004.obj,0.9999796152114868,1
device_04_disconnected_0005.obj,0.9999796152114868,1
device_04_disconnected_0006.obj,0.9999796152114868,1
device_04_disconnected_0007.obj,0.9999796152114868,1
device_04_disconnected_0008.obj,0.9999796152114868,1
device_04_disconnected_0009.obj,0.9999796152114868,1
device_04_disconnected_0010.obj,0.9999796152114868,1
device_04_disconnected_0011.obj,0.9999796152114868,1
device_04_disconnected_0012.obj,0.9999796152114868,1
device_04_disconnected_0013.obj,0.9999796152114868,1
device_04_disconnected_0014.obj,0.9999796152114868,1
device_04_disconnected_0015.obj,0.9999796152114868,1
device_04_disconnected_0016.obj,0.9999796152114868,1
device_04_disconnected_0017.obj,0.9999796152114868,1
device_04_disconnected_0018.obj,0.9999796152114868,1
device_04_disconnected_0019.obj,0.9999796152114868,1
device_04_disconnected_0020.obj,0.9999796152114868,1
device_04_disconnected_0021.obj,0.9999796152114868,1
device_04_disconnected_0022.obj,0.9999796152114868,1
device_04_disconnected_0023.obj,0.9999796152114868,1
device_04_disconnected_0024.obj,0.9999796152114868,1
device_04_faceswap_0000.obj,0.9999795357386271,1
device_04_faceswap_0001.obj,0.9999786218007406,1
device_04_faceswap_0002.obj,0.9999787012736002,1
device_04_faceswap_0003.obj,0.9999796152114868,1
device_04_faceswap_0004.obj,0.9999794562657675,1
device_04_faceswap_0005.obj,0.9999687274297079,1
device_04_faceswap_0006.obj,0.9999407529830933,1
device_04_faceswap_0007.obj,0.9999778668085734,1
device_04_faceswap_0008.obj,0.9999764760335287,1
device_04_faceswap_0009.obj,0.9999116063117981,1
device_04_faceswap_0010.obj,0.9999795357386271,1
device_04_faceswap_0011.obj,0.9999752442042033,1
device_04_faceswap_0012.obj,0.999977707862854,1
device_04_faceswap_0013.obj,0.9999795357386271,1
device_04_faceswap_0014.obj,0.9999771118164062,1
device_04_faceswap_0015.obj,0.9999793767929077,1
device_04_faceswap_0016.obj,0.9999668200810751,1
device_04_faceswap_0017.obj,0.9999785423278809,1
device_04_faceswap_0018.obj,0.999979575475057,1
device_04_faceswap_0019.obj,0.9999796549479166,1
device_04_faceswap_0020.obj,0.9998806715011597,1
device_04_faceswap_0021.obj,0.9999784628550211,1
device_04_faceswap_0022.obj,0.9999767541885376,1
device_04_faceswap_0023.obj,0.999979575475057,1
device_04_faceswap_0024.obj,0.9999772310256958,1
device_04_jitter_0000.obj,0.9999792575836182,1
device_04_jitter_0001.obj,0.9999795357386271,1
device_04_jitter_0002.obj,0.9999741315841675,1
device_04_jitter_0003.obj,0.9999736150105795,1
device_04_jitter_0004.obj,0.9999793767929077,1
device_04_jitter_0005.obj,0.9999785423278809,1
device_04_jitter_0006.obj,0.9999793767929077,1
device_04_jitter_0007.obj,0.9999792575836182,1
device_04_jitter_0008.obj,0.999979575475057,1
device_04_jitter_0009.obj,0.999979575475057,1
device_04_jitter_0010.obj,0.9999794960021973,1
device_04_jitter_0011.obj,0.9999793767929077,1
device_04_jitter_0012.obj,0.9999740918477377,1
device_04_jitter_0013.obj,0.9999795357386271,1
device_04_jitter_0014.obj,0.9999778270721436,1
device_04_jitter_0015.obj,0.9999793767929077,1
device_04_jitter_0016.obj,0.9999781847000122,1
device_04_jitter_0017.obj,0.9999624093373617,1
device_04_jitter_0018.obj,0.999979297320048,1
device_04_jitter_0019.obj,0.9999796152114868,1
device_04_jitter_0020.obj,0.9999796152114868,1
device_04_jitter_0021.obj,0.9999736150105795,1
device_04_jitter_0022.obj,0.9999788204828898,1
device_04_jitter_0023.obj,0.999978224436442,1
device_04_jitter_0024.obj,0.999977707862854,1
device_04_rigid_0000.obj,0.9999796152114868,1
device_04_rigid_0001.obj,0.9999796152114868,1
device_04_rigid_0002.obj,0.9999796152114868,1
device_04_rigid_0003.obj,0.9999796152114868,1
device_04_rigid_0004.obj,0.9999796152114868,1
device_04_rigid_0005.obj,0.9999796152114868,1
device_04_rigid_0006.obj,0.9999796152114868,1
device_04_rigid_0007.obj,0.9999796152114868,1
device_04_rigid_0008.obj,0.9999796152114868,1
device_04_rigid_0009.obj,0.9999796152114868,1
device_04_rigid_0010.obj,0.9999796152114868,1
device_04_rigid_0011.obj,0.9999796152114868,1
device_04_rigid_0012.obj,0.9999796152114868,1
device_04_rigid_0013.obj,0.9999796152114868,1
device_04_rigid_0014.obj,0.9999796152114868,1
device_04_rigid_0015.obj,0.9999796152114868,1
device_04_rigid_0016.obj,0.9999796152114868,1
device_04_rigid_0017.obj,0.9999796152114868,1
device_04_rigid_0018.obj,0.9999796152114868,1
device_04_rigid_0019.obj,0.9999796152114868,1
device_04_rigid_0020.obj,0.9999796152114868,1
device_04_rigid_0021.obj,0.9999796152114868,1
device_04_rigid_0022.obj,0.9999796152114868,1
device_04_rigid_0023.obj,0.9999796152114868,1
device_04_rigid_0024.obj,0.9999796152114868,1
device_04_tetwild_0000.obj,0.9999788999557495,1
device_04_tetwild_0001.obj,0.9999795357386271,1
device_04_tetwild_0002.obj,0.9999789396921793,1
device_04_tetwild_0003.obj,0.9999792178471884,1
device_04_tetwild_0004.obj,0.9999795357386271,1
device_04_tetwild_0005.obj,0.9999793370564779,1
device_04_tetwild_0006.obj,0.9999796152114868,1
device_04_tetwild_0007.obj,0.9999796549479166,1
device_04_tetwild_0008.obj,0.9999781449635824,1
device_04_tetwild_0009.obj,0.9999794562657675,1
device_04_tetwild_0010.obj,0.9999794165293375,1
device_04_tetwild_0011.obj,0.9999791383743286,1
device_04_tetwild_0012.obj,0.9999787410100301,1
device_04_tetwild_0013.obj,0.9999793767929077,1
device_04_tetwild_0014.obj,0.9999795357386271,1
device_04_tetwild_0015.obj,0.9999793370564779,1
device_04_tetwild_0016.obj,0.9997238914171854,1
device_04_tetwild_0017.obj,0.9999792178471884,1
device_04_tetwild_0018.obj,0.9999794960021973,1
device_04_tetwild_0019.obj,0.9999796152114868,1
device_04_tetwild_0020.obj,0.9999783833821615,1
device_04_tetwild_0021.obj,0.9999776681264242,1
device_04_tetwild_0022.obj,0.999978264172872,1
device_04_tetwild_0023.obj,0.999978264172872,1
device_04_tetwild_0024.obj,0.9999793370564779,1
device_05_degenerate_0000.obj,0.9999793767929077,1
device_05_degenerate_0001.obj,0.9999793767929077,1
device_05_degenerate_0002.obj,0.9999793767929077,1
device_05_degenerate_0003.obj,0.9999793767929077,1
device_05_degenerate_0004.obj,0.9999793767929077,1
device_05_degenerate_0005.obj,0.9999793767929077,1
device_05_degenerate_0006.obj,0.9999793767929077,1
device_05_degenerate_0007.obj,0.9999793767929077,1
device_05_degenerate_0008.obj,0.9999793767929077,1
device_05_degenerate_0009.obj,0.9999793767929077,1
device_05_degenerate_0010.obj,0.9999793767929077,1
device_05_degenerate_0011.obj,0.9999793767929077,1
device_05_degenerate_0012.obj,0.9999793767929077,1
device_05_degenerate_0013.obj,0.9999793767929077,1
device_05_degenerate_0014.obj,0.9999793767929077,1
device_05_degenerate_0015.obj,0.9999793767929077,1
device_05_degenerate_0016.obj,0.9999793767929077,1
device_05_degenerate_0017.obj,0.9999793767929077,1
device_05_degenerate_0018.obj,0.9999793767929077,1
device_05_degenerate_0019.obj,0.9999793767929077,1
device_05_degenerate_0020.obj,0.9999793767929077,1
device_05_degenerate_0021.obj,0.9999793767929077,1
device_05_degenerate_0022.obj,0.9999793767929077,1
device_05_degenerate_0023.obj,0.9999793767929077,1
device_05_degenerate_0024.obj,0.9999793767929077,1
device_05_disconnected_0000.obj,0.9999793767929077,1
device_05_disconnected_0001.obj,0.9999793767929077,1
device_05_disconnected_0002.obj,0.9999793767929077,1
device_05_disconnected_0003.obj,0.9999793767929077,1
device_05_disconnected_0004.obj,0.9999793767929077,1
device_05_disconnected_0005.obj,0.9999793767929077,1
device_05_disconnected_0006.obj,0.9999793767929077,1
device_05_disconnected_0007.obj,0.9999793767929077,1
device_05_disconnected_0008.obj,0.9999793767929077,1
device_05_disconnected_0009.obj,0.9999793767929077,1
device_05_disconnected_0010.obj,0.9999793767929077,1
device_05_disconnected_0011.obj,0.9999793767929077,1
device_05_disconnected_0012.obj,0.9999793767929077,1
device_05_disconnected_0013.obj,0.9999793767929077,1
device_05_disconnected_0014.obj,0.9999793767929077,1
device_05_disconnected_0015.obj,0.9999793767929077,1
device_05_disconnected_0016.obj,0.9999793767929077,1
device_05_disconnected_0017.obj,0.9999793767929077,1
device_05_disconnected_0018.obj,0.9999793767929077,1
device_05_disconnected_0019.obj,0.9999793767929077,1
device_05_disconnected_0020.obj,0.9999793767929077,1
device_05_disconnected_0021.obj,0.9999793767929077,1
device_05_disconnected_0022.obj,0.9999793767929077,1
device_05_disconnected_0023.obj,0.9999793767929077,1
device_05_disconnected_0024.obj,0.9999793767929077,1
device_05_faceswap_0000.obj,0.9999334017435709,1
device_05_faceswap_0001.obj,0.007144373881601496,1
device_05_faceswap_0002.obj,0.9999219377835592,1
device_05_faceswap_0003.obj,0.9999669790267944,1
device_05_faceswap_0004.obj,0.9999706745147705,1
device_05_faceswap_0005.obj,0.9996681610743204,1
device_05_faceswap_0006.obj,0.9999511241912842,1
device_05_faceswap_0007.obj,0.9998801549275717,1
device_05_faceswap_0008.obj,0.9999537070592245,1
device_05_faceswap_0009.obj,0.9999366998672485,1
device_05_faceswap_0010.obj,0.9998559554417928,1
device_05_faceswap_0011.obj,0.9999788602193197,1
device_05_faceswap_0012.obj,0.9999572038650513,1
device_05_faceswap_0013.obj,0.9999728600184122,1
device_05_faceswap_0014.obj,0.9999406735102335,1
device_05_faceswap_0015.obj,0.9999223748842875,1
device_05_faceswap_0016.obj,0.9999778270721436,1
device_05_faceswap_0017.obj,0.9999289115269979,1
device_05_faceswap_0018.obj,0.9999576012293497,1
device_05_faceswap_0019.obj,0.9999717473983765,1
device_05_faceswap_0020.obj,0.9999407132466634,1
device_05_faceswap_0021.obj,0.9999191363652548,1
device_05_faceswap_0022.obj,0.999971866607666,1
device_05_faceswap_0023.obj,0.9998626112937927,1
device_05_faceswap_0024.obj,0.9999757607777914,1
device_05_jitter_0000.obj,0.9999619722366333,1
device_05_jitter_0001.obj,0.9999784628550211,1
device_05_jitter_0002.obj,0.9999366998672485,1
device_05_jitter_0003.obj,0.9999750057856241,1
device_05_jitter_0004.obj,0.9996575514475504,1
device_05_jitter_0005.obj,0.9999536673227946,1
device_05_jitter_0006.obj,0.9999459187189738,1
device_05_jitter_0007.obj,0.9999458392461141,1
device_05_jitter_0008.obj,0.9999694426854452,1
device_05_jitter_0009.obj,0.9999778668085734,1
device_05_jitter_0010.obj,0.9999500513076782,1
device_05_jitter_0011.obj,0.9999552965164185,1
device_05_jitter_0012.obj,0.9999643166859945,1
device_05_jitter_0013.obj,0.9999768733978271,1
device_05_jitter_0014.obj,0.9999553362528483,1
device_05_jitter_0015.obj,0.999928335348765,1
device_05_jitter_0016.obj,0.9999749660491943,1
device_05_jitter_0017.obj,0.9999781449635824,1
device_05_jitter_0018.obj,0.9994909167289734,1
device_05_jitter_0019.obj,0.9999675750732422,1
device_05_jitter_0020.obj,0.9999778270721436,1
device_05_jitter_0021.obj,0.9999783833821615,1
device_05_jitter_0022.obj,0.9999643166859945,1
device_05_jitter_0023.obj,0.9992326100667318,1
device_05_jitter_0024.obj,0.9999393224716187,1
device_05_rigid_0000.obj,0.9999793767929077,1
device_05_rigid_0001.obj,0.9999793767929077,1
device_05_rigid_0002.obj,0.9999793767929077,1
device_05_rigid_0003.obj,0.9999793767929077,1
device_05_rigid_0004.obj,0.9999793767929077,1
device_05_rigid_0005.obj,0.9999793767929077,1
device_05_rigid_0006.obj,0.9999793767929077,1
device_05_rigid_0007.obj,0.9999793767929077,1
device_05_rigid_0008.obj,0.9999793767929077,1
device_05_rigid_0009.obj,0.9999793767929077,1
device_05_rigid_0010.obj,0.9999793767929077,1
device_05_rigid_0011.obj,0.9999793767929077,1
device_05_rigid_0012.obj,0.9999793767929077,1
device_05_rigid_0013.obj,0.9999793767929077,1
device_05_rigid_0014.obj,0.9999793767929077,1
device_05_rigid_0015.obj,0.9999793767929077,1
device_05_rigid_0016.obj,0.9999793767929077,1
device_05_rigid_0017.obj,0.9999793767929077,1
device_05_rigid_0018.obj,0.9999793767929077,1
device_05_rigid_0019.obj,0.9999793767929077,1
device_05_rigid_0020.obj,0.9999793767929077,1
device_05_rigid_0021.obj,0.9999793767929077,1
device_05_rigid_0022.obj,0.9999793767929077,1
device_05_rigid_0023.obj,0.9999793767929077,1
device_05_rigid_0024.obj,0.9999793767929077,1
device_05_tetwild_0000.obj,0.9999647935231527,1
device_05_tetwild_0001.obj,0.9998827775319418,1
device_05_tetwild_0002.obj,0.9999622503916422,1
device_05_tetwild_0003.obj,0.9999304811159769,1
device_05_tetwild_0004.obj,0.9999717473983765,1
device_05_tetwild_0005.obj,0.9999655485153198,1
device_05_tetwild_0006.obj,0.9998868703842163,1
device_05_tetwild_0007.obj,0.9988070329030355,1
device_05_tetwild_0008.obj,0.9999705950419108,1
device_05_tetwild_0009.obj,0.9999634424845377,1
device_05_tetwild_0010.obj,0.99997878074646,1
device_05_tetwild_0011.obj,0.9999384085337321,1
device_05_tetwild_0012.obj,0.9999763568242391,1
device_05_tetwild_0013.obj,0.9998299479484558,1
device_05_tetwild_0014.obj,0.999974528948466,1
device_05_tetwild_0015.obj,0.999949057896932,1
device_05_tetwild_0016.obj,0.9999253551165262,1
device_05_tetwild_0017.obj,0.998903234799703,1
device_05_tetwild_0018.obj,0.9999789794286092,1
device_05_tetwild_0020.obj,0.9994454383850098,1
device_05_tetwild_0021.obj,0.9999405145645142,1
device_05_tetwild_0022.obj,0.99990181128184,1
device_05_tetwild_0023.obj,0.999899168809255,1
device_05_tetwild_0024.obj,0.9999737739562988,1
device_06_degenerate_0000.obj,0.9999823172887167,1
device_06_degenerate_0001.obj,0.9999823172887167,1
device_06_degenerate_0002.obj,0.9999823172887167,1
device_06_degenerate_0003.obj,0.9999823172887167,1
device_06_degenerate_0004.obj,0.9999823172887167,1
device_06_degenerate_0005.obj,0.9999823172887167,1
device_06_degenerate_0006.obj,0.9999823172887167,1
device_06_degenerate_0007.obj,0.9999823172887167,1
device_06_degenerate_0008.obj,0.9999823172887167,1
device_06_degenerate_0009.obj,0.9999823172887167,1
device_06_degenerate_0010.obj,0.9999823172887167,1
device_06_degenerate_0011.obj,0.9999823172887167,1
device_06_degenerate_0012.obj,0.9999823172887167,1
device_06_degenerate_0013.obj,0.9999823172887167,1
device_06_degenerate_0014.obj,0.9999823172887167,1
device_06_degenerate_0015.obj,0.9999823172887167,1
device_06_degenerate_0016.obj,0.9999823172887167,1
device_06_degenerate_0017.obj,0.9999823172887167,1
device_06_degenerate_0018.obj,0.9999823172887167,1
device_06_degenerate_0019.obj,0.9999823172887167,1
device_06_degenerate_0020.obj,0.9999823172887167,1
device_06_degenerate_0021.obj,0.9999823172887167,1
device_06_degenerate_0022.obj,0.9999823172887167,1
device_06_degenerate_0023.obj,0.9999823172887167,1
device_06_degenerate_0024.obj,0.9999823172887167,1
device_06_disconnected_0000.obj,0.9999823172887167,1
device_06_disconnected_0001.obj,0.9999823172887167,1
device_06_disconnected_0002.obj,0.9999823172887167,1
device_06_disconnected_0003.obj,0.9999823172887167,1
device_06_disconnected_0004.obj,0.9999823172887167,1
device_06_disconnected_0005.obj,0.9999823172887167,1
device_06_disconnected_0006.obj,0.9999823172887167,1
device_06_disconnected_0007.obj,0.9999823172887167,1
device_06_disconnected_0008.obj,0.9999823172887167,1
device_06_disconnected_0009.obj,0.9999823172887167,1
device_06_disconnected_0010.obj,0.9999823172887167,1
device_06_disconnected_0011.obj,0.9999823172887167,1
device_06_disconnected_0012.obj,0.9999823172887167,1
device_06_disconnected_0013.obj,0.9999823172887167,1
device_06_disconnected_0014.obj,0.9999823172887167,1
device_06_disconnected_0015.obj,0.9999823172887167,1
device_06_disconnected_0016.obj,0.9999823172887167,1
device_06_disconnected_0017.obj,0.9999823172887167,1
device_06_disconnected_0018.obj,0.9999823172887167,1
device_06_disconnected_0019.obj,0.9999823172887167,1
device_06_disconnected_0020.obj,0.9999823172887167,1
device_06_disconnected_0021.obj,0.9999823172887167,1
device_06_disconnected_0022.obj,0.9999823172887167,1
device_06_disconnected_0023.obj,0.9999823172887167,1
device_06_disconnected_0024.obj,0.9999823172887167,1
device_06_faceswap_0000.obj,0.9999815622965494,1
device_06_faceswap_0001.obj,0.9999820391337076,1
device_06_faceswap_0002.obj,0.9999814033508301,1
device_06_faceswap_0003.obj,0.9999819993972778,1
device_06_faceswap_0004.obj,0.9999822378158569,1
device_06_faceswap_0005.obj,0.9999722639719645,1
device_06_faceswap_0006.obj,0.9999815225601196,1
device_06_faceswap_0007.obj,0.9999808470408121,1
device_06_faceswap_0008.obj,0.9999733765920004,1
device_06_faceswap_0009.obj,0.9999743302663168,1
device_06_faceswap_0010.obj,0.9999816417694092,1
device_06_faceswap_0011.obj,0.9999792178471884,1
device_06_faceswap_0012.obj,0.9999808867772421,1
device_06_faceswap_0013.obj,0.9999809662501017,1
device_06_faceswap_0014.obj,0.9999821583429972,1
device_06_faceswap_0015.obj,0.9999821583429972,1
device_06_faceswap_0016.obj,0.9999821186065674,1
device_06_faceswap_0017.obj,0.9994144837061564,1
device_06_faceswap_0018.obj,0.9999816417694092,1
device_06_faceswap_0019.obj,0.9999820391337076,1
device_06_faceswap_0020.obj,0.9999822775522867,1
device_06_faceswap_0021.obj,0.999981681505839,1
device_06_faceswap_0022.obj,0.670677493326366,1
device_06_faceswap_0023.obj,0.9999821186065674,1
device_06_faceswap_0024.obj,0.9999820391337076,1
device_06_jitter_0000.obj,0.9999799331029257,1
device_06_jitter_0001.obj,0.9999796549479166,1
device_06_jitter_0002.obj,0.9999804496765137,1
device_06_jitter_0003.obj,0.999980092048645,1
device_06_jitter_0004.obj,0.9999803304672241,1
device_06_jitter_0005.obj,0.9999810457229614,1
device_06_jitter_0006.obj,0.9999799728393555,1
device_06_jitter_0007.obj,0.9999798138936361,1
device_06_jitter_0008.obj,0.9999814033508301,1
device_06_jitter_0009.obj,0.9999802509943644,1
device_06_jitter_0010.obj,0.9999800125757853,1
device_06_jitter_0011.obj,0.9999810854593912,1
device_06_jitter_0012.obj,0.9999815622965494,1
device_06_jitter_0013.obj,0.9999810059865316,1
device_06_jitter_0014.obj,0.9999818007151285,1
device_06_jitter_0015.obj,0.9999810854593912,1
device_06_jitter_0016.obj,0.9999811251958212,1
device_06_jitter_0017.obj,0.9999805688858032,1
device_06_jitter_0018.obj,0.9999800125757853,1
device_06_jitter_0019.obj,0.9999814033508301,1
device_06_jitter_0020.obj,0.9999740918477377,1
device_06_jitter_0021.obj,0.9999816020329794,1
device_06_jitter_0022.obj,0.9999812046686808,1
device_06_jitter_0023.obj,0.9999818007151285,1
device_06_jitter_0024.obj,0.9999812444051107,1
device_06_rigid_0000.obj,0.9999823172887167,1
device_06_rigid_0001.obj,0.9999823172887167,1
device_06_rigid_0002.obj,0.9999823172887167,1
device_06_rigid_0003.obj,0.9999823172887167,1
device_06_rigid_0004.obj,0.9999823172887167,1
device_06_rigid_0005.obj,0.9999823172887167,1
device_06_rigid_0006.obj,0.9999823172887167,1
device_06_rigid_0007.obj,0.9999823172887167,1
device_06_rigid_0008.obj,0.9999823172887167,1
device_06_rigid_0009.obj,0.9999823172887167,1
device_06_rigid_0010.obj,0.9999823172887167,1
device_06_rigid_0011.obj,0.9999823172887167,1
device_06_rigid_0012.obj,0.9999823172887167,1
device_06_rigid_0013.obj,0.9999823172887167,1
device_06_rigid_0014.obj,0.9999823172887167,1
device_06_rigid_0015.obj,0.9999823172887167,1
device_06_rigid_0016.obj,0.9999823172887167,1
device_06_rigid_0017.obj,0.9999823172887167,1
device_06_rigid_0018.obj,0.9999823172887167,1
device_06_rigid_0019.obj,0.9999823172887167,1
device_06_rigid_0020.obj,0.9999823172887167,1
device_06_rigid_0021.obj,0.9999823172887167,1
device_06_rigid_0022.obj,0.9999823172887167,1
device_06_rigid_0023.obj,0.9999823172887167,1
device_06_rigid_0024.obj,0.9999823172887167,1
device_06_tetwild_0000.obj,0.9999819199244181,1
device_06_tetwild_0001.obj,0.9998697837193807,1
device_06_tetwild_0002.obj,0.9999818404515585,1
device_06_tetwild_0003.obj,0.9999820391337076,1
device_06_tetwild_0004.obj,0.999981681505839,1
device_06_tetwild_0005.obj,0.9974099198977152,1
device_06_tetwild_0006.obj,0.9999798933664957,1
device_06_tetwild_0007.obj,0.999981959660848,1
device_06_tetwild_0008.obj,0.9999816417694092,1
device_06_tetwild_0009.obj,0.9999815622965494,1
device_06_tetwild_0010.obj,0.9999820788701376,1
device_06_tetwild_0011.obj,0.9999758005142212,1
device_06_tetwild_0012.obj,0.9999821186065674,1
device_06_tetwild_0013.obj,0.9999821186065674,1
device_06_tetwild_0014.obj,0.9999819993972778,1
device_06_tetwild_0015.obj,0.9999814430872599,1
device_06_tetwild_0016.obj,0.9999677340189616,1
device_06_tetwild_0017.obj,0.9999550978342692,1
device_06_tetwild_0018.obj,0.9999814828236898,1
device_06_tetwild_0019.obj,0.9999822378158569,1
device_06_tetwild_0020.obj,0.9999822775522867,1
device_06_tetwild_0021.obj,0.999981959660848,1
device_06_tetwild_0022.obj,0.9999810059865316,1
device_06_tetwild_0023.obj,0.9999817609786987,1
device_06_tetwild_0024.obj,0.9969268838564554,1
device_07_degenerate_0000.obj,0.9999917348225912,1
device_07_degenerate_0001.obj,0.9999917348225912,1
device_07_degenerate_0002.obj,0.9999917348225912,1
device_07_degenerate_0003.obj,0.9999917348225912,1
device_07_degenerate_0004.obj,0.9999917348225912,1
device_07_degenerate_0005.obj,0.9999917348225912,1
device_07_degenerate_0006.obj,0.9999917348225912,1
device_07_degenerate_0007.obj,0.9999917348225912,1
device_07_degenerate_0008.obj,0.9999917348225912,1
device_07_degenerate_0009.obj,0.9999917348225912,1
device_07_degenerate_0010.obj,0.9999917348225912,1
device_07_degenerate_0011.obj,0.9999917348225912,1
device_07_degenerate_0012.obj,0.9999917348225912,1
device_07_degenerate_0013.obj,0.9999917348225912,1
device_07_degenerate_0014.obj,0.9999917348225912,1
device_07_degenerate_0015.obj,0.9999917348225912,1
device_07_degenerate_0016.obj,0.9999917348225912,1
device_07_degenerate_0017.obj,0.9999917348225912,1
device_07_degenerate_0018.obj,0.9999917348225912,1
device_07_degenerate_0019.obj,0.9999917348225912,1
device_07_degenerate_0020.obj,0.9999917348225912,1
device_07_degenerate_0021.obj,0.9999917348225912,1
device_07_degenerate_0022.obj,0.9999917348225912,1
device_07_degenerate_0023.obj,0.9999917348225912,1
device_07_degenerate_0024.obj,0.9999917348225912,1
device_07_disconnected_0000.obj,0.9999917348225912,1
device_07_disconnected_0001.obj,0.9999917348225912,1
device_07_disconnected_0002.obj,0.9999917348225912,1
device_07_disconnected_0003.obj,0.9999917348225912,1
device_07_disconnected_0004.obj,0.9999917348225912,1
device_07_disconnected_0005.obj,0.9999917348225912,1
device_07_disconnected_0006.obj,0.9999917348225912,1
device_07_disconnected_0007.obj,0.9999917348225912,1
device_07_disconnected_0008.obj,0.9999917348225912,1
device_07_disconnected_0009.obj,0.9999917348225912,1
device_07_disconnected_0010.obj,0.9999917348225912,1
device_07_disconnected_0011.obj,0.9999917348225912,1
device_07_disconnected_0012.obj,0.9999917348225912,1
device_07_disconnected_0013.obj,0.9999917348225912,1
device_07_disconnected_0014.obj,0.9999917348225912,1
device_07_disconnected_0015.obj,0.9999917348225912,1
device_07_disconnected_0016.obj,0.9999917348225912,1
device_07_disconnected_0017.obj,0.9999917348225912,1
device_07_disconnected_0018.obj,0.9999917348225912,1
device_07_disconnected_0019.obj,0.9999917348225912,1
device_07_disconnected_0020.obj,0.9999917348225912,1
device_07_disconnected_0021.obj,0.9999917348225912,1
device_07_disconnected_0022.obj,0.9999917348225912,1
device_07_disconnected_0023.obj,0.9999917348225912,1
device_07_disconnected_0024.obj,0.9999917348225912,1
device_07_faceswap_0000.obj,0.9999921719233195,1
device_07_faceswap_0001.obj,0.9999918540318807,1
device_07_faceswap_0002.obj,0.9999891122182211,1
device_07_faceswap_0003.obj,0.9999901453653971,1
device_07_faceswap_0004.obj,0.9999918540318807,1
device_07_faceswap_0005.obj,0.99998939037323,1
device_07_faceswap_0006.obj,0.9999921719233195,1
device_07_faceswap_0007.obj,0.9999922116597494,1
device_07_faceswap_0008.obj,0.9999916950861613,1
device_07_faceswap_0009.obj,0.9999921719233195,1
device_07_faceswap_0010.obj,0.9999918937683105,1
device_07_faceswap_0011.obj,0.999992291132609,1
device_07_faceswap_0012.obj,0.999992291132609,1
device_07_faceswap_0013.obj,0.9999920924504598,1
device_07_faceswap_0014.obj,0.9999920527140299,1
device_07_faceswap_0015.obj,0.9999905824661255,1
device_07_faceswap_0016.obj,0.9999921719233195,1
device_07_faceswap_0017.obj,0.9999919732411703,1
device_07_faceswap_0018.obj,0.9999919335047404,1
device_07_faceswap_0019.obj,0.9999921719233195,1
device_07_faceswap_0020.obj,0.9999918142954508,1
device_07_faceswap_0021.obj,0.9999913374582926,1
device_07_faceswap_0022.obj,0.9999923308690389,1
device_07_faceswap_0023.obj,0.9999917348225912,1
device_07_faceswap_0024.obj,0.9999921719233195,1
device_07_jitter_0000.obj,0.9999911785125732,1
device_07_jitter_0001.obj,0.9999915361404419,1
device_07_jitter_0002.obj,0.9999895890553793,1
device_07_jitter_0003.obj,0.9999913771947225,1
device_07_jitter_0004.obj,0.9999894698460897,1
device_07_jitter_0005.obj,0.9999895095825195,1
device_07_jitter_0006.obj,0.9999895890553793,1
device_07_jitter_0007.obj,0.9999902645746866,1
device_07_jitter_0008.obj,0.999991218249003,1
device_07_jitter_0009.obj,0.9999902645746866,1
device_07_jitter_0010.obj,0.9999921321868896,1
device_07_jitter_0011.obj,0.9999895493189493,1
device_07_jitter_0012.obj,0.9999894698460897,1
device_07_jitter_0013.obj,0.9999921321868896,1
device_07_jitter_0014.obj,0.9999908208847046,1
device_07_jitter_0015.obj,0.9999920129776001,1
device_07_jitter_0016.obj,0.9999895493189493,1
device_07_jitter_0017.obj,0.9999922116597494,1
device_07_jitter_0018.obj,0.9999891519546509,1
device_07_jitter_0019.obj,0.9999895095825195,1
device_07_jitter_0020.obj,0.9999917348225912,1
device_07_jitter_0021.obj,0.9999895095825195,1
device_07_jitter_0022.obj,0.999992291132609,1
device_07_jitter_0023.obj,0.9999895890553793,1
device_07_jitter_0024.obj,0.9999919732411703,1
device_07_rigid_0000.obj,0.9999917348225912,1
device_07_rigid_0001.obj,0.9999917348225912,1
device_07_rigid_0002.obj,0.9999917348225912,1
device_07_rigid_0003.obj,0.9999917348225912,1
device_07_rigid_0004.obj,0.9999917348225912,1
device_07_rigid_0005.obj,0.9999917348225912,1
device_07_rigid_0006.obj,0.9999917348225912,1
device_07_rigid_0007.obj,0.9999917348225912,1
device_07_rigid_0008.obj,0.9999917348225912,1
device_07_rigid_0009.obj,0.9999917348225912,1
device_07_rigid_0010.obj,0.9999917348225912,1
device_07_rigid_0011.obj,0.9999917348225912,1
device_07_rigid_0012.obj,0.9999917348225912,1
device_07_rigid_0013.obj,0.9999917348225912,1
device_07_rigid_0014.obj,0.9999917348225912,1
device_07_rigid_0015.obj,0.9999917348225912,1
device_07_rigid_0016.obj,0.9999917348225912,1
device_07_rigid_0017.obj,0.9999917348225912,1
device_07_rigid_0018.obj,0.9999917348225912,1
device_07_rigid_0019.obj,0.9999917348225912,1
device_07_rigid_0020.obj,0.9999917348225912,1
device_07_rigid_0021.obj,0.9999917348225912,1
device_07_rigid_0022.obj,0.9999917348225912,1
device_07_rigid_0023.obj,0.9999917348225912,1
device_07_rigid_0024.obj,0.9999917348225912,1
device_07_tetwild_0000.obj,0.9999921719233195,1
device_07_tetwild_0001.obj,0.9999921321868896,1
device_07_tetwild_0002.obj,0.9999918142954508,1
device_07_tetwild_0003.obj,0.9999910990397135,1
device_07_tetwild_0004.obj,0.9999916553497314,1
device_07_tetwild_0005.obj,0.9999922513961792,1
device_07_tetwild_0006.obj,0.9999920924504598,1
device_07_tetwild_0007.obj,0.9999920129776001,1
device_07_tetwild_0008.obj,0.9999918540318807,1
device_07_tetwild_0009.obj,0.9999922116597494,1
device_07_tetwild_0010.obj,0.9999919732411703,1
device_07_tetwild_0011.obj,0.9999920924504598,1
device_07_tetwild_0012.obj,0.9999921719233195,1
device_07_tetwild_0013.obj,0.9999916156133016,1
device_07_tetwild_0014.obj,0.9999921321868896,1
device_07_tetwild_0015.obj,0.9999915361404419,1
device_07_tetwild_0016.obj,0.9999921719233195,1
device_07_tetwild_0017.obj,0.9999919335047404,1
device_07_tetwild_0018.obj,0.9999916156133016,1
device_07_tetwild_0019.obj,0.9999922513961792,1
device_07_tetwild_0020.obj,0.9999921719233195,1
device_07_tetwild_0021.obj,0.9999916553497314,1
device_07_tetwild_0022.obj,0.9999919732411703,1
device_07_tetwild_0023.obj,0.9999913771947225,1
device_07_tetwild_0024.obj,0.999992291132609,1
device_08_degenerate_0000.obj,0.9999896287918091,1
device_08_degenerate_0001.obj,0.9999896287918091,1
device_08_degenerate_0002.obj,0.9999896287918091,1
device_08_degenerate_0003.obj,0.9999896287918091,1
device_08_degenerate_0004.obj,0.9999896287918091,1
device_08_degenerate_0005.obj,0.9999896287918091,1
device_08_degenerate_0006.obj,0.9999896287918091,1
device_08_degenerate_0007.obj,0.9999896287918091,1
device_08_degenerate_0008.obj,0.9999896287918091,1
device_08_degenerate_0009.obj,0.9999896287918091,1
device_08_degenerate_0010.obj,0.9999896287918091,1
device_08_degenerate_0011.obj,0.9999896287918091,1
device_08_degenerate_0012.obj,0.9999896287918091,1
device_08_degenerate_0013.obj,0.9999896287918091,1
device_08_degenerate_0014.obj,0.9999896287918091,1
device_08_degenerate_0015.obj,0.9999896287918091,1
device_08_degenerate_0016.obj,0.9999896287918091,1
device_08_degenerate_0017.obj,0.9999896287918091,1
device_08_degenerate_0018.obj,0.9999896287918091,1
device_08_degenerate_0019.obj,0.9999896287918091,1
device_08_degenerate_0020.obj,0.9999896287918091,1
device_08_degenerate_0021.obj,0.9999896287918091,1
device_08_degenerate_0022.obj,0.9999896287918091,1
device_08_degenerate_0023.obj,0.9999896287918091,1
device_08_degenerate_0024.obj,0.9999896287918091,1
device_08_disconnected_0000.obj,0.9999896287918091,1
device_08_disconnected_0001.obj,0.9999896287918091,1
device_08_disconnected_0002.obj,0.9999896287918091,1
device_08_disconnected_0003.obj,0.9999896287918091,1
device_08_disconnected_0004.obj,0.9999896287918091,1
device_08_disconnected_0005.obj,0.9999896287918091,1
device_08_disconnected_0006.obj,0.9999896287918091,1
device_08_disconnected_0007.obj,0.9999896287918091,1
device_08_disconnected_0008.obj,0.9999896287918091,1
device_08_disconnected_0009.obj,0.9999896287918091,1
device_08_disconnected_0010.obj,0.9999896287918091,1
device_08_disconnected_0011.obj,0.9999896287918091,1
device_08_disconnected_0012.obj,0.9999896287918091,1
device_08_disconnected_0013.obj,0.9999896287918091,1
device_08_disconnected_0014.obj,0.9999896287918091,1
device_08_disconnected_0015.obj,0.9999896287918091,1
device_08_disconnected_0016.obj,0.9999896287918091,1
device_08_disconnected_0017.obj,0.9999896287918091,1
device_08_disconnected_0018.obj,0.9999896287918091,1
device_08_disconnected_0019.obj,0.9999896287918091,1
device_08_disconnected_0020.obj,0.9999896287918091,1
device_08_disconnected_0021.obj,0.9999896287918091,1
device_08_disconnected_0022.obj,0.9999896287918091,1
device_08_disconnected_0023.obj,0.9999896287918091,1
device_08_disconnected_0024.obj,0.9999896287918091,1
device_08_faceswap_0000.obj,0.9999883969624838,1
device_08_faceswap_0001.obj,0.9999887943267822,1
device_08_faceswap_0002.obj,0.9999885956446329,1
device_08_faceswap_0003.obj,0.9999892314275106,1
device_08_faceswap_0004.obj,0.9978006283442179,1
device_08_faceswap_0005.obj,0.9999772310256958,1
device_08_faceswap_0006.obj,0.9999881585439047,1
device_08_faceswap_0007.obj,0.9999882777531942,1
device_08_faceswap_0008.obj,0.9999893506368002,1
device_08_faceswap_0009.obj,0.9999893506368002,1
device_08_faceswap_0010.obj,0.9999884366989136,1
device_08_faceswap_0011.obj,0.9999880393346151,1
device_08_faceswap_0012.obj,0.9999874830245972,1
device_08_faceswap_0013.obj,0.9999874035517374,1
device_08_faceswap_0014.obj,0.9999872446060181,1
device_08_faceswap_0015.obj,0.999986489613851,1
device_08_faceswap_0016.obj,0.9999893506368002,1
device_08_faceswap_0017.obj,0.9999893109003702,1
device_08_faceswap_0018.obj,0.999988834063212,1
device_08_faceswap_0019.obj,0.9999889135360718,1
device_08_faceswap_0020.obj,0.9999892711639404,1
device_08_faceswap_0021.obj,0.9999889930089315,1
device_08_faceswap_0022.obj,0.9999892314275106,1
device_08_faceswap_0023.obj,0.9999885956446329,1
device_08_faceswap_0024.obj,0.9999890724817911,1
device_08_jitter_0000.obj,0.9999889930089315,1
device_08_jitter_0001.obj,0.9999892711639404,1
device_08_jitter_0002.obj,0.9999893109003702,1
device_08_jitter_0003.obj,0.9999895493189493,1
device_08_jitter_0004.obj,0.9999887148539225,1
device_08_jitter_0005.obj,0.9999894301096598,1
device_08_jitter_0006.obj,0.9999887148539225,1
device_08_jitter_0007.obj,0.9999895890553793,1
device_08_jitter_0008.obj,0.99998939037323,1
device_08_jitter_0009.obj,0.9999884366989136,1
device_08_jitter_0010.obj,0.9999895890553793,1
device_08_jitter_0011.obj,0.9999895095825195,1
device_08_jitter_0012.obj,0.9999891916910807,1
device_08_jitter_0013.obj,0.9999895890553793,1
device_08_jitter_0014.obj,0.999735156695048,1
device_08_jitter_0015.obj,0.9999890327453613,1
device_08_jitter_0016.obj,0.9999884366989136,1
device_08_jitter_0017.obj,0.9999894301096598,1
device_08_jitter_0018.obj,0.9999862909317017,1
device_08_jitter_0019.obj,0.9999870459238688,1
device_08_jitter_0020.obj,0.9999894698460897,1
device_08_jitter_0021.obj,0.9999894301096598,1
device_08_jitter_0022.obj,0.9999883572260538,1
device_08_jitter_0023.obj,0.999988834063212,1
device_08_jitter_0024.obj,0.9999889532725016,1
device_08_rigid_0000.obj,0.9999896287918091,1
device_08_rigid_0001.obj,0.9999896287918091,1
device_08_rigid_0002.obj,0.9999896287918091,1
device_08_rigid_0003.obj,0.9999896287918091,1
device_08_rigid_0004.obj,0.9999896287918091,1
device_08_rigid_0005.obj,0.9999896287918091,1
device_08_rigid_0006.obj,0.9999896287918091,1
device_08_rigid_0007.obj,0.9999896287918091,1
device_08_rigid_0008.obj,0.9999896287918091,1
device_08_rigid_0009.obj,0.9999896287918091,1
device_08_rigid_0010.obj,0.9999896287918091,1
device_08_rigid_0011.obj,0.9999896287918091,1
device_08_rigid_0012.obj,0.9999896287918091,1
device_08_rigid_0013.obj,0.9999896287918091,1
device_08_rigid_0014.obj,0.9999896287918091,1
device_08_rigid_0015.obj,0.9999896287918091,1
device_08_rigid_0016.obj,0.9999896287918091,1
device_08_rigid_0017.obj,0.9999896287918091,1
device_08_rigid_0018.obj,0.9999896287918091,1
device_08_rigid_0019.obj,0.9999896287918091,1
device_08_rigid_0020.obj,0.9999896287918091,1
device_08_rigid_0021.obj,0.9999896287918091,1
device_08_rigid_0022.obj,0.9999896287918091,1
device_08_rigid_0023.obj,0.9999896287918091,1
device_08_rigid_0024.obj,0.9999896287918091,1
device_08_tetwild_0000.obj,0.9999892314275106,1
device_08_tetwild_0001.obj,0.9999856551488241,1
device_08_tetwild_0002.obj,0.9999885559082031,1
device_08_tetwild_0003.obj,0.9999833901723226,1
device_08_tetwild_0004.obj,0.9999895095825195,1
device_08_tetwild_0005.obj,0.9999892711639404,1
device_08_tetwild_0006.obj,0.9999884764353434,1
device_08_tetwild_0007.obj,0.9999885956446329,1
device_08_tetwild_0008.obj,0.9999889930089315,1
device_08_tetwild_0009.obj,0.9999891519546509,1
device_08_tetwild_0010.obj,0.999988873799642,1
device_08_tetwild_0011.obj,0.9999876817067465,1
device_08_tetwild_0012.obj,0.99998939037323,1
device_08_tetwild_0013.obj,0.9999890724817911,1
device_08_tetwild_0014.obj,0.9999883969624838,1
device_08_tetwild_0015.obj,0.9999872446060181,1
device_08_tetwild_0016.obj,0.9999894301096598,1
device_08_tetwild_0017.obj,0.9999882777531942,1
device_08_tetwild_0018.obj,0.9998648762702942,1
device_08_tetwild_0019.obj,0.9999884764353434,1
device_08_tetwild_0020.obj,0.9999889135360718,1
device_08_tetwild_0021.obj,0.9999875624974569,1
device_08_tetwild_0022.obj,0.9999892711639404,1
device_08_tetwild_0023.obj,0.9999890327453613,1
device_08_tetwild_0024.obj,0.999978264172872,1
device_09_degenerate_0000.obj,0.999988873799642,1
device_09_degenerate_0001.obj,0.999988873799642,1
device_09_degenerate_0002.obj,0.999988873799642,1
device_09_degenerate_0003.obj,0.999988873799642,1
device_09_degenerate_0004.obj,0.999988873799642,1
device_09_degenerate_0005.obj,0.999988873799642,1
device_09_degenerate_0006.obj,0.999988873799642,1
device_09_degenerate_0007.obj,0.999988873799642,1
device_09_degenerate_0008.obj,0.999988873799642,1
device_09_degenerate_0009.obj,0.999988873799642,1
device_09_degenerate_0010.obj,0.999988873799642,1
device_09_degenerate_0011.obj,0.999988873799642,1
device_09_degenerate_0012.obj,0.999988873799642,1
device_09_degenerate_0013.obj,0.999988873799642,1
device_09_degenerate_0014.obj,0.999988873799642,1
device_09_degenerate_0015.obj,0.999988873799642,1
device_09_degenerate_0016.obj,0.999988873799642,1
device_09_degenerate_0017.obj,0.999988873799642,1
device_09_degenerate_0018.obj,0.999988873799642,1
device_09_degenerate_0019.obj,0.999988873799642,1
device_09_degenerate_0020.obj,0.999988873799642,1
device_09_degenerate_0021.obj,0.999988873799642,1
device_09_degenerate_0022.obj,0.999988873799642,1
device_09_degenerate_0023.obj,0.999988873799642,1
device_09_degenerate_0024.obj,0.999988873799642,1
device_09_disconnected_0000.obj,0.999988873799642,1
device_09_disconnected_0001.obj,0.999988873799642,1
device_09_disconnected_0002.obj,0.999988873799642,1
device_09_disconnected_0003.obj,0.999988873799642,1
device_09_disconnected_0004.obj,0.999988873799642,1
device_09_disconnected_0005.obj,0.999988873799642,1
device_09_disconnected_0006.obj,0.999988873799642,1
device_09_disconnected_0007.obj,0.999988873799642,1
device_09_disconnected_0008.obj,0.999988873799642,1
device_09_disconnected_0009.obj,0.999988873799642,1
device_09_disconnected_0010.obj,0.999988873799642,1
device_09_disconnected_0011.obj,0.999988873799642,1
device_09_disconnected_0012.obj,0.999988873799642,1
device_09_disconnected_0013.obj,0.999988873799642,1
device_09_disconnected_0014.obj,0.999988873799642,1
device_09_disconnected_0015.obj,0.999988873799642,1
device_09_disconnected_0016.obj,0.999988873799642,1
device_09_disconnected_0017.obj,0.999988873799642,1
device_09_disconnected_0018.obj,0.999988873799642,1
device_09_disconnected_0019.obj,0.999988873799642,1
device_09_disconnected_0020.obj,0.999988873799642,1
device_09_disconnected_0021.obj,0.999988873799642,1
device_09_disconnected_0022.obj,0.999988873799642,1
device_09_disconnected_0023.obj,0.999988873799642,1
device_09_disconnected_0024.obj,0.999988873799642,1
device_09_faceswap_0000.obj,0.9999818007151285,1
device_09_faceswap_0001.obj,0.9999651511510214,1
device_09_faceswap_0002.obj,0.9999783833821615,1
device_09_faceswap_0003.obj,0.9999774297078451,1
device_09_faceswap_0004.obj,0.9999827941258749,1
device_09_faceswap_0005.obj,0.9999543031056722,1
device_09_faceswap_0006.obj,0.9999833106994629,1
device_09_faceswap_0007.obj,0.9999856948852539,1
device_09_faceswap_0008.obj,0.9999833106994629,1
device_09_faceswap_0009.obj,0.9999826351801554,1
device_09_faceswap_0010.obj,0.9999854962031046,1
device_09_faceswap_0011.obj,0.9999727408091227,1
device_09_faceswap_0012.obj,0.9999833106994629,1
device_09_faceswap_0013.obj,0.9999611377716064,1
device_09_faceswap_0014.obj,0.9999817609786987,1
device_09_faceswap_0015.obj,0.9999846617380778,1
device_09_faceswap_0016.obj,0.9999843041102091,1
device_09_faceswap_0017.obj,0.9999852975209554,1
device_09_faceswap_0018.obj,0.9999807278315226,1
device_09_faceswap_0019.obj,0.9999857346216837,1
device_09_faceswap_0020.obj,0.9999844233194987,1
device_09_faceswap_0021.obj,0.9999630451202393,1
device_09_faceswap_0022.obj,0.9999468723932902,1
device_09_faceswap_0023.obj,0.9999818007151285,1
device_09_faceswap_0024.obj,0.9999768336613973,1
device_09_jitter_0000.obj,0.999977191289266,1
device_09_jitter_0001.obj,0.9999863306681315,1
device_09_jitter_0002.obj,0.9999845425287882,1
device_09_jitter_0003.obj,0.9999554554621378,1
device_09_jitter_0004.obj,0.9999858140945435,1
device_09_jitter_0005.obj,0.9999863704045614,1
device_09_jitter_0006.obj,0.9999655485153198,1
device_09_jitter_0007.obj,0.99980362256368,1
device_09_jitter_0008.obj,0.9999847412109375,1
device_09_jitter_0009.obj,0.9999403556187948,1
device_09_jitter_0010.obj,0.9999798138936361,1
device_09_jitter_0011.obj,0.9998812079429626,1
device_09_jitter_0012.obj,0.9999767939249674,1
device_09_jitter_0013.obj,0.9999834299087524,1
device_09_jitter_0014.obj,0.9999786218007406,1
device_09_jitter_0015.obj,0.9999788999557495,1
device_09_jitter_0016.obj,0.9999754031499227,1
device_09_jitter_0017.obj,0.9999638398488363,1
device_09_jitter_0018.obj,0.9999849796295166,1
device_09_jitter_0019.obj,0.9999837080637614,1
device_09_jitter_0020.obj,0.9999403158823649,1
device_09_jitter_0021.obj,0.9999715487162272,1
device_09_jitter_0022.obj,0.9999792575836182,1
device_09_jitter_0023.obj,0.9999727408091227,1
device_09_jitter_0024.obj,0.9999802907307943,1
device_09_rigid_0000.obj,0.999988873799642,1
device_09_rigid_0001.obj,0.999988873799642,1
device_09_rigid_0002.obj,0.999988873799642,1
device_09_rigid_0003.obj,0.999988873799642,1
device_09_rigid_0004.obj,0.999988873799642,1
device_09_rigid_0005.obj,0.999988873799642,1
device_09_rigid_0006.obj,0.999988873799642,1
device_09_rigid_0007.obj,0.999988873799642,1
device_09_rigid_0008.obj,0.999988873799642,1
device_09_rigid_0009.obj,0.999988873799642,1
device_09_rigid_0010.obj,0.999988873799642,1
device_09_rigid_0011.obj,0.999988873799642,1
device_09_rigid_0012.obj,0.999988873799642,1
device_09_rigid_0013.obj,0.999988873799642,1
device_09_rigid_0014.obj,0.999988873799642,1
device_09_rigid_0015.obj,0.999988873799642,1
device_09_rigid_0016.obj,0.999988873799642,1
device_09_rigid_0017.obj,0.999988873799642,1
device_09_rigid_0018.obj,0.999988873799642,1
device_09_rigid_0019.obj,0.999988873799642,1
device_09_rigid_0020.obj,0.999988873799642,1
device_09_rigid_0021.obj,0.999988873799642,1
device_09_rigid_0022.obj,0.999988873799642,1
device_09_rigid_0023.obj,0.999988873799642,1
device_09_rigid_0024.obj,0.999988873799642,1
device_09_tetwild_0000.obj,0.9999580383300781,1
device_09_tetwild_0001.obj,0.999978502591451,1
device_09_tetwild_0003.obj,0.9999784628550211,1
device_09_tetwild_0004.obj,0.9999803702036539,1
device_09_tetwild_0005.obj,0.9999703168869019,1
device_09_tetwild_0006.obj,0.9999862114588419,1
device_09_tetwild_0007.obj,0.9999716679255167,1
device_09_tetwild_0008.obj,0.9999826351801554,1
device_09_tetwild_0009.obj,0.9999826749165853,1
device_09_tetwild_0010.obj,0.9999701579411825,1
device_09_tetwild_0011.obj,0.9999747276306152,1
device_09_tetwild_0012.obj,0.9999802907307943,1
device_09_tetwild_0013.obj,0.9999436934789022,1
device_09_tetwild_0014.obj,0.9999616146087646,1
device_09_tetwild_0015.obj,0.9999584356943766,1
device_09_tetwild_0016.obj,0.9999662637710571,1
device_09_tetwild_0017.obj,0.9999601046244303,1
device_09_tetwild_0018.obj,0.9999856154123942,1
device_09_tetwild_0019.obj,0.999977707862854,1
device_09_tetwild_0020.obj,0.9999452829360962,1
device_09_tetwild_0021.obj,0.9999819199244181,1
device_09_tetwild_0022.obj,0.9999825954437256,1
device_09_tetwild_0023.obj,0.9999839862187704,1
device_09_tetwild_0024.obj,0.9999860922495524,1
device_10_degenerate_0000.obj,0.9999795357386271,1
device_10_degenerate_0001.obj,0.9999795357386271,1
device_10_degenerate_0002.obj,0.9999795357386271,1
device_10_degenerate_0003.obj,0.9999795357386271,1
device_10_degenerate_0004.obj,0.9999795357386271,1
device_10_degenerate_0005.obj,0.9999795357386271,1
device_10_degenerate_0006.obj,0.9999795357386271,1
device_10_degenerate_0007.obj,0.9999795357386271,1
device_10_degenerate_0008.obj,0.9999795357386271,1
device_10_degenerate_0009.obj,0.9999795357386271,1
device_10_degenerate_0010.obj,0.9999795357386271,1
device_10_degenerate_0011.obj,0.9999795357386271,1
device_10_degenerate_0012.obj,0.9999795357386271,1
device_10_degenerate_0013.obj,0.9999795357386271,1
device_10_degenerate_0014.obj,0.9999795357386271,1
device_10_degenerate_0015.obj,0.9999795357386271,1
device_10_degenerate_0016.obj,0.9999795357386271,1
device_10_degenerate_0017.obj,0.9999795357386271,1
device_10_degenerate_0018.obj,0.9999795357386271,1
device_10_degenerate_0019.obj,0.9999795357386271,1
device_10_degenerate_0020.obj,0.9999795357386271,1
device_10_degenerate_0021.obj,0.9999795357386271,1
device_10_degenerate_0022.obj,0.9999795357386271,1
device_10_degenerate_0023.obj,0.9999795357386271,1
device_10_degenerate_0024.obj,0.9999795357386271,1
device_10_disconnected_0000.obj,0.9999795357386271,1
device_10_disconnected_0001.obj,0.9999795357386271,1
device_10_disconnected_0002.obj,0.9999795357386271,1
device_10_disconnected_0003.obj,0.9999795357386271,1
device_10_disconnected_0004.obj,0.9999795357386271,1
device_10_disconnected_0005.obj,0.9999795357386271,1
device_10_disconnected_0006.obj,0.9999795357386271,1
device_10_disconnected_0007.obj,0.9999795357386271,1
device_10_disconnected_0008.obj,0.9999795357386271,1
device_10_disconnected_0009.obj,0.9999795357386271,1
device_10_disconnected_0010.obj,0.9999795357386271,1
device_10_disconnected_0011.obj,0.9999795357386271,1
device_10_disconnected_0012.obj,0.9999795357386271,1
device_10_disconnected_0013.obj,0.9999795357386271,1
device_10_disconnected_0014.obj,0.9999795357386271,1
device_10_disconnected_0015.obj,0.9999795357386271,1
device_10_disconnected_0016.obj,0.9999795357386271,1
device_10_disconnected_0017.obj,0.9999795357386271,1
device_10_disconnected_0018.obj,0.9999795357386271,1
device_10_disconnected_0019.obj,0.9999795357386271,1
device_10_disconnected_0020.obj,0.9999795357386271,1
device_10_disconnected_0021.obj,0.9999795357386271,1
device_10_disconnected_0022.obj,0.9999795357386271,1
device_10_disconnected_0023.obj,0.9999795357386271,1
device_10_disconnected_0024.obj,0.9999795357386271,1
device_10_faceswap_0000.obj,0.9999757210413615,1
device_10_faceswap_0001.obj,0.9999786615371704,1
device_10_faceswap_0002.obj,0.9999780654907227,1
device_10_faceswap_0003.obj,0.999977191289266,1
device_10_faceswap_0004.obj,0.9999783833821615,1
device_10_faceswap_0005.obj,0.9999591112136841,1
device_10_faceswap_0006.obj,0.9999774694442749,1
device_10_faceswap_0007.obj,0.9999780654907227,1
device_10_faceswap_0008.obj,0.9999730984369913,1
device_10_faceswap_0009.obj,0.9999780257542928,1
device_10_faceswap_0010.obj,0.9999710321426392,1
device_10_faceswap_0011.obj,0.9999785423278809,1
device_10_faceswap_0012.obj,0.9999574025472006,1
device_10_faceswap_0013.obj,0.9999785423278809,1
device_10_faceswap_0014.obj,0.9644159277280172,1
device_10_faceswap_0015.obj,0.9999766747156779,1
device_10_faceswap_0016.obj,0.9999783833821615,1
device_10_faceswap_0017.obj,0.9999775091807047,1
device_10_faceswap_0018.obj,0.9999645948410034,1
device_10_faceswap_0019.obj,0.9999779065450033,1
device_10_faceswap_0020.obj,0.999974528948466,1
device_10_faceswap_0021.obj,0.9999790986378988,1
device_10_faceswap_0022.obj,0.9993158578872681,1
device_10_faceswap_0023.obj,0.9999767939249674,1
device_10_faceswap_0024.obj,0.9999780654907227,1
device_10_jitter_0000.obj,0.9999775091807047,1
device_10_jitter_0001.obj,0.9999790191650391,1
device_10_jitter_0002.obj,0.9999790986378988,1
device_10_jitter_0003.obj,0.999978264172872,1
device_10_jitter_0004.obj,0.9999791383743286,1
device_10_jitter_0005.obj,0.9999790986378988,1
device_10_jitter_0006.obj,0.9999790191650391,1
device_10_jitter_0007.obj,0.9999792575836182,1
device_10_jitter_0008.obj,0.9999706347783407,1
device_10_jitter_0009.obj,0.9999788602193197,1
device_10_jitter_0010.obj,0.9999771515528361,1
device_10_jitter_0011.obj,0.9999774297078451,1
device_10_jitter_0012.obj,0.999979297320048,1
device_10_jitter_0013.obj,0.9999788999557495,1
device_10_jitter_0014.obj,0.9999784231185913,1
device_10_jitter_0015.obj,0.9999785423278809,1
device_10_jitter_0016.obj,0.9999788602193197,1
device_10_jitter_0017.obj,0.999978264172872,1
device_10_jitter_0018.obj,0.9999736547470093,1
device_10_jitter_0019.obj,0.9999735355377197,1
device_10_jitter_0020.obj,0.9999788204828898,1
device_10_jitter_0021.obj,0.9999789794286092,1
device_10_jitter_0022.obj,0.9999781052271525,1
device_10_jitter_0023.obj,0.9999785423278809,1
device_10_jitter_0024.obj,0.9999791383743286,1
device_10_rigid_0000.obj,0.9999795357386271,1
device_10_rigid_0001.obj,0.9999795357386271,1
device_10_rigid_0002.obj,0.9999795357386271,1
device_10_rigid_0003.obj,0.9999795357386271,1
device_10_rigid_0004.obj,0.9999795357386271,1
device_10_rigid_0005.obj,0.9999795357386271,1
device_10_rigid_0006.obj,0.9999795357386271,1
device_10_rigid_0007.obj,0.9999795357386271,1
device_10_rigid_0008.obj,0.9999795357386271,1
device_10_rigid_0009.obj,0.9999795357386271,1
device_10_rigid_0010.obj,0.9999795357386271,1
device_10_rigid_0011.obj,0.9999795357386271,1
device_10_rigid_0012.obj,0.9999795357386271,1
device_10_rigid_0013.obj,0.9999795357386271,1
device_10_rigid_0014.obj,0.9999795357386271,1
device_10_rigid_0015.obj,0.9999795357386271,1
device_10_rigid_0016.obj,0.9999795357386271,1
device_10_rigid_0017.obj,0.9999795357386271,1
device_10_rigid_0018.obj,0.9999795357386271,1
device_10_rigid_0019.obj,0.9999795357386271,1
device_10_rigid_0020.obj,0.9999795357386271,1
device_10_rigid_0021.obj,0.9999795357386271,1
device_10_rigid_0022.obj,0.9999795357386271,1
device_10_rigid_0023.obj,0.9999795357386271,1
device_10_rigid_0024.obj,0.9999795357386271,1
device_10_tetwild_0000.obj,0.9999675750732422,1
device_10_tetwild_0001.obj,0.9999774297078451,1
device_10_tetwild_0002.obj,0.9999781847000122,1
device_10_tetwild_0003.obj,0.9999763568242391,1
device_10_tetwild_0004.obj,0.9999790589014689,1
device_10_tetwild_0005.obj,0.999487578868866,1
device_10_tetwild_0006.obj,0.9999769528706869,1
device_10_tetwild_0007.obj,0.9999766747156779,1
device_10_tetwild_0008.obj,0.9999618530273438,1
device_10_tetwild_0009.obj,0.9999702374140421,1
device_10_tetwild_0010.obj,0.9999788602193197,1
device_10_tetwild_0011.obj,0.9999749263127645,1
device_10_tetwild_0012.obj,0.999975840250651,1
device_10_tetwild_0013.obj,0.9999685684839884,1
device_10_tetwild_0014.obj,0.9999763170878092,1
device_10_tetwild_0015.obj,0.9999785820643107,1
device_10_tetwild_0016.obj,0.9999549786249796,1
device_10_tetwild_0017.obj,0.9999734163284302,1
device_10_tetwild_0018.obj,0.9999568859736124,1
device_10_tetwild_0019.obj,0.99997878074646,1
device_10_tetwild_0020.obj,0.9999751647313436,1
device_10_tetwild_0021.obj,0.999977191289266,1
device_10_tetwild_0022.obj,0.9999778668085734,1
device_10_tetwild_0023.obj,0.9999749263127645,1
device_10_tetwild_0024.obj,0.9999746481577555,1
device_11_degenerate_0000.obj,0.9999923706054688,1
device_11_degenerate_0001.obj,0.9999923706054688,1
device_11_degenerate_0002.obj,0.9999923706054688,1
device_11_degenerate_0003.obj,0.9999923706054688,1
device_11_degenerate_0004.obj,0.9999923706054688,1
device_11_degenerate_0005.obj,0.9999923706054688,1
device_11_degenerate_0006.obj,0.9999923706054688,1
device_11_degenerate_0007.obj,0.9999923706054688,1
device_11_degenerate_0008.obj,0.9999923706054688,1
device_11_degenerate_0009.obj,0.9999923706054688,1
device_11_degenerate_0010.obj,0.9999923706054688,1
device_11_degenerate_0011.obj,0.9999923706054688,1
device_11_degenerate_0012.obj,0.9999923706054688,1
device_11_degenerate_0013.obj,0.9999923706054688,1
device_11_degenerate_0014.obj,0.9999923706054688,1
device_11_degenerate_0015.obj,0.9999923706054688,1
device_11_degenerate_0016.obj,0.9999923706054688,1
device_11_degenerate_0017.obj,0.9999923706054688,1
device_11_degenerate_0018.obj,0.9999923706054688,1
device_11_degenerate_0019.obj,0.9999923706054688,1
device_11_degenerate_0020.obj,0.9999923706054688,1
device_11_degenerate_0021.obj,0.9999923706054688,1
device_11_degenerate_0022.obj,0.9999923706054688,1
device_11_degenerate_0023.obj,0.9999923706054688,1
device_11_degenerate_0024.obj,0.9999923706054688,1
device_11_disconnected_0000.obj,0.9999923706054688,1
device_11_disconnected_0001.obj,0.9999923706054688,1
device_11_disconnected_0002.obj,0.9999923706054688,1
device_11_disconnected_0003.obj,0.9999923706054688,1
device_11_disconnected_0004.obj,0.9999923706054688,1
device_11_disconnected_0005.obj,0.9999923706054688,1
device_11_disconnected_0006.obj,0.9999923706054688,1
device_11_disconnected_0007.obj,0.9999923706054688,1
device_11_disconnected_0008.obj,0.9999923706054688,1
device_11_disconnected_0009.obj,0.9999923706054688,1
device_11_disconnected_0010.obj,0.9999923706054688,1
device_11_disconnected_0011.obj,0.9999923706054688,1
device_11_disconnected_0012.obj,0.9999923706054688,1
device_11_disconnected_0013.obj,0.9999923706054688,1
device_11_disconnected_0014.obj,0.9999923706054688,1
device_11_disconnected_0015.obj,0.9999923706054688,1
device_11_disconnected_0016.obj,0.9999923706054688,1
device_11_disconnected_0017.obj,0.9999923706054688,1
device_11_disconnected_0018.obj,0.9999923706054688,1
device_11_disconnected_0019.obj,0.9999923706054688,1
device_11_disconnected_0020.obj,0.9999924500783285,1
device_11_disconnected_0021.obj,0.9999923706054688,1
device_11_disconnected_0022.obj,0.9999923706054688,1
device_11_disconnected_0023.obj,0.9999923706054688,1
device_11_disconnected_0024.obj,0.9999923706054688,1
device_11_faceswap_0000.obj,0.9999923706054688,1
device_11_faceswap_0001.obj,0.9999923308690389,1
device_11_faceswap_0002.obj,0.9999920527140299,1
device_11_faceswap_0003.obj,0.9999913771947225,1
device_11_faceswap_0004.obj,0.9999921321868896,1
device_11_faceswap_0005.obj,0.9999918142954508,1
device_11_faceswap_0006.obj,0.999991774559021,1
device_11_faceswap_0007.obj,0.999992291132609,1
device_11_faceswap_0008.obj,0.999992291132609,1
device_11_faceswap_0009.obj,0.9999923308690389,1
device_11_faceswap_0010.obj,0.999991257985433,1
device_11_faceswap_0011.obj,0.9999923308690389,1
device_11_faceswap_0012.obj,0.9999923308690389,1
device_11_faceswap_0013.obj,0.9999918937683105,1
device_11_faceswap_0014.obj,0.9999923308690389,1
device_11_faceswap_0015.obj,0.9999911785125732,1
device_11_faceswap_0016.obj,0.9999923706054688,1
device_11_faceswap_0017.obj,0.999992291132609,1
device_11_faceswap_0018.obj,0.9999920924504598,1
device_11_faceswap_0019.obj,0.9999916553497314,1
device_11_faceswap_0020.obj,0.9999921321868896,1
device_11_faceswap_0021.obj,0.999992291132609,1
device_11_faceswap_0022.obj,0.9999920527140299,1
device_11_faceswap_0023.obj,0.9999913771947225,1
device_11_faceswap_0024.obj,0.9999923308690389,1
device_11_jitter_0000.obj,0.9999922116597494,1
device_11_jitter_0001.obj,0.9999923308690389,1
device_11_jitter_0002.obj,0.999992291132609,1
device_11_jitter_0003.obj,0.9999915758768717,1
device_11_jitter_0004.obj,0.9999921719233195,1
device_11_jitter_0005.obj,0.9999923706054688,1
device_11_jitter_0006.obj,0.9999923308690389,1
device_11_jitter_0007.obj,0.9999921321868896,1
device_11_jitter_0008.obj,0.9999921719233195,1
device_11_jitter_0009.obj,0.9999919335047404,1
device_11_jitter_0010.obj,0.999992291132609,1
device_11_jitter_0011.obj,0.9999914964040121,1
device_11_jitter_0012.obj,0.9999919732411703,1
device_11_jitter_0013.obj,0.9999896685282389,1
device_11_jitter_0014.obj,0.9999897877375284,1
device_11_jitter_0015.obj,0.9999920527140299,1
device_11_jitter_0016.obj,0.9999922116597494,1
device_11_jitter_0017.obj,0.999992291132609,1
device_11_jitter_0018.obj,0.9999921719233195,1
device_11_jitter_0019.obj,0.999991257985433,1
device_11_jitter_0020.obj,0.9999923308690389,1
device_11_jitter_0021.obj,0.9999919335047404,1
device_11_jitter_0022.obj,0.9999921321868896,1
device_11_jitter_0023.obj,0.999992291132609,1
device_11_jitter_0024.obj,0.999990701675415,1
device_11_rigid_0000.obj,0.9999923706054688,1
device_11_rigid_0001.obj,0.9999923706054688,1
device_11_rigid_0002.obj,0.9999923706054688,1
device_11_rigid_0003.obj,0.9999923706054688,1
device_11_rigid_0004.obj,0.9999923706054688,1
device_11_rigid_0005.obj,0.9999923706054688,1
device_11_rigid_0006.obj,0.9999923706054688,1
device_11_rigid_0007.obj,0.9999923706054688,1
device_11_rigid_0008.obj,0.9999923706054688,1
device_11_rigid_0009.obj,0.9999923706054688,1
device_11_rigid_0010.obj,0.9999923706054688,1
device_11_rigid_0011.obj,0.9999923706054688,1
device_11_rigid_0012.obj,0.9999923706054688,1
device_11_rigid_0013.obj,0.9999923706054688,1
device_11_rigid_0014.obj,0.9999923706054688,1
device_11_rigid_0015.obj,0.9999923706054688,1
device_11_rigid_0016.obj,0.9999923706054688,1
device_11_rigid_0017.obj,0.9999923706054688,1
device_11_rigid_0018.obj,0.9999923706054688,1
device_11_rigid_0019.obj,0.9999923706054688,1
device_11_rigid_0020.obj,0.9999923706054688,1
device_11_rigid_0021.obj,0.9999923706054688,1
device_11_rigid_0022.obj,0.9999923706054688,1
device_11_rigid_0023.obj,0.9999923706054688,1
device_11_rigid_0024.obj,0.9999923706054688,1
device_11_tetwild_0000.obj,0.9999921719233195,1
device_11_tetwild_0001.obj,0.9999920527140299,1
device_11_tetwild_0002.obj,0.9999918937683105,1
device_11_tetwild_0003.obj,0.9999916156133016,1
device_11_tetwild_0004.obj,0.9999923308690389,1
device_11_tetwild_0005.obj,0.9999890327453613,1
device_11_tetwild_0006.obj,0.999992291132609,1
device_11_tetwild_0007.obj,0.9999919732411703,1
device_11_tetwild_0008.obj,0.999990185101827,1
device_11_tetwild_0009.obj,0.999992291132609,1
device_11_tetwild_0010.obj,0.9999923308690389,1
device_11_tetwild_0011.obj,0.9999921719233195,1
device_11_tetwild_0012.obj,0.9999918540318807,1
device_11_tetwild_0013.obj,0.9999915758768717,1
device_11_tetwild_0014.obj,0.9999920924504598,1
device_11_tetwild_0015.obj,0.999992291132609,1
device_11_tetwild_0016.obj,0.999992291132609,1
device_11_tetwild_0017.obj,0.9999908208847046,1
device_11_tetwild_0018.obj,0.9999921321868896,1
device_11_tetwild_0019.obj,0.9999923308690389,1
device_11_tetwild_0020.obj,0.9999918937683105,1
device_11_tetwild_0021.obj,0.9999918937683105,1
device_11_tetwild_0022.obj,0.9999917348225912,1
device_11_tetwild_0023.obj,0.9999923706054688,1
device_11_tetwild_0024.obj,0.9999923308690389,1
device_12_degenerate_0000.obj,0.9999794165293375,1
device_12_degenerate_0001.obj,0.9999794165293375,1
device_12_degenerate_0002.obj,0.9999794165293375,1
device_12_degenerate_0003.obj,0.9999794165293375,1
device_12_degenerate_0004.obj,0.9999794165293375,1
device_12_degenerate_0005.obj,0.9999794165293375,1
device_12_degenerate_0006.obj,0.9999794165293375,1
device_12_degenerate_0007.obj,0.9999794165293375,1
device_12_degenerate_0008.obj,0.9999794165293375,1
device_12_degenerate_0009.obj,0.9999794165293375,1
device_12_degenerate_0010.obj,0.9999794165293375,1
device_12_degenerate_0011.obj,0.9999794165293375,1
device_12_degenerate_0012.obj,0.9999794165293375,1
device_12_degenerate_0013.obj,0.9999794165293375,1
device_12_degenerate_0014.obj,0.9999794165293375,1
device_12_degenerate_0015.obj,0.9999794165293375,1
device_12_degenerate_0016.obj,0.9999794165293375,1
device_12_degenerate_0017.obj,0.9999794165293375,1
device_12_degenerate_0018.obj,0.9999794165293375,1
device_12_degenerate_0019.obj,0.9999794165293375,1
device_12_degenerate_0020.obj,0.9999794165293375,1
device_12_degenerate_0021.obj,0.9999794165293375,1
device_12_degenerate_0022.obj,0.9999794165293375,1
device_12_degenerate_0023.obj,0.9999794165293375,1
device_12_degenerate_0024.obj,0.9999794165293375,1
device_12_disconnected_0000.obj,0.9999794165293375,1
device_12_disconnected_0001.obj,0.9999794165293375,1
device_12_disconnected_0002.obj,0.9999794165293375,1
device_12_disconnected_0003.obj,0.9999794165293375,1
device_12_disconnected_0004.obj,0.9999794165293375,1
device_12_disconnected_0005.obj,0.9999794165293375,1
device_12_disconnected_0006.obj,0.9999794165293375,1
device_12_disconnected_0007.obj,0.9999794165293375,1
device_12_disconnected_0008.obj,0.9999794165293375,1
device_12_disconnected_0009.obj,0.9999794165293375,1
device_12_disconnected_0010.obj,0.9999794165293375,1
device_12_disconnected_0011.obj,0.9999794165293375,1
device_12_disconnected_0012.obj,0.9999794165293375,1
device_12_disconnected_0013.obj,0.9999794165293375,1
device_12_disconnected_0014.obj,0.9999794165293375,1
device_12_disconnected_0015.obj,0.9999794165293375,1
device_12_disconnected_0016.obj,0.9999794165293375,1
device_12_disconnected_0017.obj,0.9999794165293375,1
device_12_disconnected_0018.obj,0.9999794165293375,1
device_12_disconnected_0019.obj,0.9999794165293375,1
device_12_disconnected_0020.obj,0.9999794165293375,1
device_12_disconnected_0021.obj,0.9999794165293375,1
device_12_disconnected_0022.obj,0.9999794165293375,1
device_12_disconnected_0023.obj,0.9999794165293375,1
device_12_disconnected_0024.obj,0.9999794165293375,1
device_12_faceswap_0000.obj,0.9999791383743286,1
device_12_faceswap_0001.obj,0.9999734163284302,1
device_12_faceswap_0002.obj,0.9999759991963705,1
device_12_faceswap_0003.obj,0.9999786615371704,1
device_12_faceswap_0004.obj,0.9999696016311646,1
device_12_faceswap_0005.obj,0.9999772707621256,1
device_12_faceswap_0006.obj,0.9999785820643107,1
device_12_faceswap_0007.obj,0.9999781449635824,1
device_12_faceswap_0008.obj,0.9999788602193197,1
device_12_faceswap_0009.obj,0.999978264172872,1
device_12_faceswap_0010.obj,0.9999741315841675,1
device_12_faceswap_0011.obj,0.9999757607777914,1
device_12_faceswap_0012.obj,0.9999769926071167,1
device_12_faceswap_0013.obj,0.9999779860178629,1
device_12_faceswap_0014.obj,0.9999787012736002,1
device_12_faceswap_0015.obj,0.9999743302663168,1
device_12_faceswap_0016.obj,0.9999787410100301,1
device_12_faceswap_0017.obj,0.9999703168869019,1
device_12_faceswap_0018.obj,0.999974807103475,1
device_12_faceswap_0019.obj,0.9999739726384481,1
device_12_faceswap_0020.obj,0.9999717076619467,1
device_12_faceswap_0021.obj,0.999945322672526,1
device_12_faceswap_0022.obj,0.9999771118164062,1
device_12_faceswap_0023.obj,0.9999769528706869,1
device_12_faceswap_0024.obj,0.9999776283899943,1
device_12_jitter_0000.obj,0.9999687671661377,1
device_12_jitter_0001.obj,0.9999781847000122,1
device_12_jitter_0002.obj,0.9999590714772543,1
device_12_jitter_0003.obj,0.9999777873357137,1
device_12_jitter_0004.obj,0.9999781847000122,1
device_12_jitter_0005.obj,0.9999776283899943,1
device_12_jitter_0006.obj,0.9999789794286092,1
device_12_jitter_0007.obj,0.999979297320048,1
device_12_jitter_0008.obj,0.9999785423278809,1
device_12_jitter_0009.obj,0.9999758799870809,1
device_12_jitter_0010.obj,0.9999786615371704,1
device_12_jitter_0011.obj,0.9999760389328003,1
device_12_jitter_0012.obj,0.9999788999557495,1
device_12_jitter_0013.obj,0.9999778668085734,1
device_12_jitter_0014.obj,0.9999772707621256,1
device_12_jitter_0015.obj,0.9999759991963705,1
device_12_jitter_0016.obj,0.9999767939249674,1
device_12_jitter_0017.obj,0.999971866607666,1
device_12_jitter_0018.obj,0.9999768336613973,1
device_12_jitter_0019.obj,0.9999788602193197,1
device_12_jitter_0020.obj,0.9999789396921793,1
device_12_jitter_0021.obj,0.9999786218007406,1
device_12_jitter_0022.obj,0.9999753634134928,1
device_12_jitter_0023.obj,0.9999690850575765,1
device_12_jitter_0024.obj,0.9999790589014689,1
device_12_rigid_0000.obj,0.9999794165293375,1
device_12_rigid_0001.obj,0.9999794165293375,1
device_12_rigid_0002.obj,0.9999794165293375,1
device_12_rigid_0003.obj,0.9999794165293375,1
device_12_rigid_0004.obj,0.9999794165293375,1
device_12_rigid_0005.obj,0.9999794165293375,1
device_12_rigid_0006.obj,0.9999794165293375,1
device_12_rigid_0007.obj,0.9999794165293375,1
device_12_rigid_0008.obj,0.9999794165293375,1
device_12_rigid_0009.obj,0.9999794165293375,1
device_12_rigid_0010.obj,0.9999794165293375,1
device_12_rigid_0011.obj,0.9999794165293375,1
device_12_rigid_0012.obj,0.9999794165293375,1
device_12_rigid_0013.obj,0.9999794165293375,1
device_12_rigid_0014.obj,0.9999794165293375,1
device_12_rigid_0015.obj,0.9999794165293375,1
device_12_rigid_0016.obj,0.9999794165293375,1
device_12_rigid_0017.obj,0.9999794165293375,1
device_12_rigid_0018.obj,0.9999794165293375,1
device_12_rigid_0019.obj,0.9999794165293375,1
device_12_rigid_0020.obj,0.9999794165293375,1
device_12_rigid_0021.obj,0.9999794165293375,1
device_12_rigid_0022.obj,0.9999794165293375,1
device_12_rigid_0023.obj,0.9999794165293375,1
device_12_rigid_0024.obj,0.9999794165293375,1
device_12_tetwild_0000.obj,0.9999714692433676,1
device_12_tetwild_0001.obj,0.9999757210413615,1
device_12_tetwild_0002.obj,0.9999489386876425,1
device_12_tetwild_0003.obj,0.9999756813049316,1
device_12_tetwild_0004.obj,0.9999745686848959,1
device_12_tetwild_0005.obj,0.9999758005142212,1
device_12_tetwild_0006.obj,0.9999757607777914,1
device_12_tetwild_0007.obj,0.9999750057856241,1
device_12_tetwild_0008.obj,0.9999791383743286,1
device_12_tetwild_0009.obj,0.9999778270721436,1
device_12_tetwild_0010.obj,0.9999766747156779,1
device_12_tetwild_0011.obj,0.9999786615371704,1
device_12_tetwild_0012.obj,0.9999776681264242,1
device_12_tetwild_0013.obj,0.9992655913035074,1
device_12_tetwild_0014.obj,0.9999668200810751,1
device_12_tetwild_0015.obj,0.9999761978785197,1
device_12_tetwild_0016.obj,0.9999748865763346,1
device_12_tetwild_0017.obj,0.9999773104985555,1
device_12_tetwild_0018.obj,0.9999728997548422,1
device_12_tetwild_0019.obj,0.9999776681264242,1
device_12_tetwild_0020.obj,0.9999727408091227,1
device_12_tetwild_0021.obj,0.9999768733978271,1
device_12_tetwild_0022.obj,0.9999778270721436,1
device_12_tetwild_0023.obj,0.9999777873357137,1
device_12_tetwild_0024.obj,0.9999748468399048,1
device_13_degenerate_0000.obj,0.9999031027158102,1
device_13_degenerate_0001.obj,0.9999031027158102,1
device_13_degenerate_0002.obj,0.9999031027158102,1
device_13_degenerate_0003.obj,0.9999031027158102,1
device_13_degenerate_0004.obj,0.9999031027158102,1
device_13_degenerate_0005.obj,0.9999031027158102,1
device_13_degenerate_0006.obj,0.9999031027158102,1
device_13_degenerate_0007.obj,0.9999031027158102,1
device_13_degenerate_0008.obj,0.9999031027158102,1
device_13_degenerate_0009.obj,0.9999031027158102,1
device_13_degenerate_0010.obj,0.9999031027158102,1
device_13_degenerate_0011.obj,0.9999031027158102,1
device_13_degenerate_0012.obj,0.9999031027158102,1
device_13_degenerate_0013.obj,0.9999031027158102,1
device_13_degenerate_0014.obj,0.9999031027158102,1
device_13_degenerate_0015.obj,0.9999031027158102,1
device_13_degenerate_0016.obj,0.9999031027158102,1
device_13_degenerate_0017.obj,0.9999031027158102,1
device_13_degenerate_0018.obj,0.9999031027158102,1
device_13_degenerate_0019.obj,0.9999031027158102,1
device_13_degenerate_0020.obj,0.9999031027158102,1
device_13_degenerate_0021.obj,0.9999031027158102,1
device_13_degenerate_0022.obj,0.9999031027158102,1
device_13_degenerate_0023.obj,0.9999031027158102,1
device_13_degenerate_0024.obj,0.9999031027158102,1
device_13_disconnected_0000.obj,0.9999031027158102,1
device_13_disconnected_0001.obj,0.9999031027158102,1
device_13_disconnected_0002.obj,0.9999031027158102,1
device_13_disconnected_0003.obj,0.9999031027158102,1
device_13_disconnected_0004.obj,0.9999031027158102,1
device_13_disconnected_0005.obj,0.9999031027158102,1
device_13_disconnected_0006.obj,0.9999031027158102,1
device_13_disconnected_0007.obj,0.9999031027158102,1
device_13_disconnected_0008.obj,0.9999031027158102,1
device_13_disconnected_0009.obj,0.9999031027158102,1
device_13_disconnected_0010.obj,0.9999031027158102,1
device_13_disconnected_0011.obj,0.9999031027158102,1
device_13_disconnected_0012.obj,0.9999031027158102,1
device_13_disconnected_0013.obj,0.9999031027158102,1
device_13_disconnected_0014.obj,0.9999031027158102,1
device_13_disconnected_0015.obj,0.9999031027158102,1
device_13_disconnected_0016.obj,0.9999031027158102,1
device_13_disconnected_0017.obj,0.9999031027158102,1
device_13_disconnected_0018.obj,0.9999031027158102,1
device_13_disconnected_0019.obj,0.9999031027158102,1
device_13_disconnected_0020.obj,0.9999031027158102,1
device_13_disconnected_0021.obj,0.9999031027158102,1
device_13_disconnected_0022.obj,0.9999031027158102,1
device_13_disconnected_0023.obj,0.9999031027158102,1
device_13_disconnected_0024.obj,0.9999031027158102,1
device_13_faceswap_0000.obj,0.9999010364214579,1
device_13_faceswap_0001.obj,0.9999001224835714,1
device_13_faceswap_0002.obj,0.9999023079872131,1
device_13_faceswap_0003.obj,0.9999018311500549,1
device_13_faceswap_0004.obj,0.9999015132586161,1
device_13_faceswap_0005.obj,0.9999019900957743,1
device_13_faceswap_0006.obj,0.999901274840037,1
device_13_faceswap_0007.obj,0.9999014337857565,1
device_13_faceswap_0008.obj,0.9999021490414938,1
device_13_faceswap_0009.obj,0.9998994072278341,1
device_13_faceswap_0010.obj,0.9999021887779236,1
device_13_faceswap_0011.obj,0.9999018311500549,1
device_13_faceswap_0012.obj,0.9999022682507833,1
device_13_faceswap_0013.obj,0.999901274840037,1
device_13_faceswap_0014.obj,0.9999019900957743,1
device_13_faceswap_0015.obj,0.9999022682507833,1
device_13_faceswap_0016.obj,0.9998999238014221,1
device_13_faceswap_0017.obj,0.9999017914136251,1
device_13_faceswap_0018.obj,0.9999023874600729,1
device_13_faceswap_0019.obj,0.9998976588249207,1
device_13_faceswap_0020.obj,0.999901552995046,1
device_13_faceswap_0021.obj,0.9999017119407654,1
device_13_faceswap_0022.obj,0.9999017119407654,1
device_13_faceswap_0023.obj,0.9999014337857565,1
device_13_faceswap_0024.obj,0.9999023079872131,1
device_13_jitter_0000.obj,0.9999021490414938,1
device_13_jitter_0001.obj,0.9999024271965027,1
device_13_jitter_0002.obj,0.9999022682507833,1
device_13_jitter_0003.obj,0.9999013543128967,1
device_13_jitter_0004.obj,0.9999015132586161,1
device_13_jitter_0005.obj,0.9999019900957743,1
device_13_jitter_0006.obj,0.9999016722043356,1
device_13_jitter_0007.obj,0.9999020298322042,1
device_13_jitter_0008.obj,0.9999018708864847,1
device_13_jitter_0009.obj,0.9998996456464132,1
device_13_jitter_0010.obj,0.9999022285143534,1
device_13_jitter_0011.obj,0.9999022285143534,1
device_13_jitter_0012.obj,0.9999010761578878,1
device_13_jitter_0013.obj,0.9999008774757385,1
device_13_jitter_0014.obj,0.9999024271965027,1
device_13_jitter_0015.obj,0.999901274840037,1
device_13_jitter_0016.obj,0.9999019106229147,1
device_13_jitter_0017.obj,0.9999003211657206,1
device_13_jitter_0018.obj,0.9999023874600729,1
device_13_jitter_0019.obj,0.9999017516771952,1
device_13_jitter_0020.obj,0.9999011158943176,1
device_13_jitter_0021.obj,0.9999017516771952,1
device_13_jitter_0022.obj,0.9998810887336731,1
device_13_jitter_0023.obj,0.9999015132586161,1
device_13_jitter_0024.obj,0.9998989701271057,1
device_13_rigid_0000.obj,0.9999031027158102,1
device_13_rigid_0001.obj,0.9999031027158102,1
device_13_rigid_0002.obj,0.9999031027158102,1
device_13_rigid_0003.obj,0.9999031027158102,1
device_13_rigid_0004.obj,0.9999031027158102,1
device_13_rigid_0005.obj,0.9999031027158102,1
device_13_rigid_0006.obj,0.9999031027158102,1
device_13_rigid_0007.obj,0.9999031027158102,1
device_13_rigid_0008.obj,0.9999031027158102,1
device_13_rigid_0009.obj,0.9999031027158102,1
device_13_rigid_0010.obj,0.9999031027158102,1
device_13_rigid_0011.obj,0.9999031027158102,1
device_13_rigid_0012.obj,0.9999031027158102,1
device_13_rigid_0013.obj,0.9999031027158102,1
device_13_rigid_0014.obj,0.9999031027158102,1
device_13_rigid_0015.obj,0.9999031027158102,1
device_13_rigid_0016.obj,0.9999031027158102,1
device_13_rigid_0017.obj,0.9999031027158102,1
device_13_rigid_0018.obj,0.9999031027158102,1
device_13_rigid_0019.obj,0.9999031027158102,1
device_13_rigid_0020.obj,0.9999031027158102,1
device_13_rigid_0021.obj,0.9999031027158102,1
device_13_rigid_0022.obj,0.9999031027158102,1
device_13_rigid_0023.obj,0.9999031027158102,1
device_13_rigid_0024.obj,0.9999031027158102,1
device_13_tetwild_0000.obj,0.999900758266449,1
device_13_tetwild_0001.obj,0.9999024271965027,1
device_13_tetwild_0002.obj,0.9999008774757385,1
device_13_tetwild_0003.obj,0.9999017516771952,1
device_13_tetwild_0004.obj,0.9999013145764669,1
device_13_tetwild_0005.obj,0.999901274840037,1
device_13_tetwild_0006.obj,0.9999014337857565,1
device_13_tetwild_0007.obj,0.9999021490414938,1
device_13_tetwild_0008.obj,0.9999019900957743,1
device_13_tetwild_0009.obj,0.9999017119407654,1
device_13_tetwild_0010.obj,0.9999021887779236,1
device_13_tetwild_0011.obj,0.9999008774757385,1
device_13_tetwild_0012.obj,0.9999019900957743,1
device_13_tetwild_0013.obj,0.9999018708864847,1
device_13_tetwild_0014.obj,0.9999006787935892,1
device_13_tetwild_0015.obj,0.9999002814292908,1
device_13_tetwild_0016.obj,0.9998990893363953,1
device_13_tetwild_0017.obj,0.9999006787935892,1
device_13_tetwild_0018.obj,0.9999009966850281,1
device_13_tetwild_0019.obj,0.9999019900957743,1
device_13_tetwild_0020.obj,0.9998997251192728,1
device_13_tetwild_0021.obj,0.9998986124992371,1
device_13_tetwild_0022.obj,0.999902069568634,1
device_13_tetwild_0023.obj,0.9999010761578878,1
device_13_tetwild_0024.obj,0.9999016324679056,1
device_14_degenerate_0000.obj,0.9999031027158102,1
device_14_degenerate_0001.obj,0.9999031027158102,1
device_14_degenerate_0002.obj,0.9999031027158102,1
device_14_degenerate_0003.obj,0.9999031027158102,1
device_14_degenerate_0004.obj,0.9999031027158102,1
device_14_degenerate_0005.obj,0.9999031027158102,1
device_14_degenerate_0006.obj,0.9999031027158102,1
device_14_degenerate_0007.obj,0.9999031027158102,1
device_14_degenerate_0008.obj,0.9999031027158102,1
device_14_degenerate_0009.obj,0.9999031027158102,1
device_14_degenerate_0010.obj,0.9999031027158102,1
device_14_degenerate_0011.obj,0.9999031027158102,1
device_14_degenerate_0012.obj,0.9999031027158102,1
device_14_degenerate_0013.obj,0.9999031027158102,1
device_14_degenerate_0014.obj,0.9999031027158102,1
device_14_degenerate_0015.obj,0.9999031027158102,1
device_14_degenerate_0016.obj,0.9999031027158102,1
device_14_degenerate_0017.obj,0.9999031027158102,1
device_14_degenerate_0018.obj,0.9999031027158102,1
device_14_degenerate_0019.obj,0.9999031027158102,1
device_14_degenerate_0020.obj,0.9999031027158102,1
device_14_degenerate_0021.obj,0.9999031027158102,1
device_14_degenerate_0022.obj,0.9999031027158102,1
device_14_degenerate_0023.obj,0.9999031027158102,1
device_14_degenerate_0024.obj,0.9999031027158102,1
device_14_disconnected_0000.obj,0.9999031027158102,1
device_14_disconnected_0001.obj,0.9999031027158102,1
device_14_disconnected_0002.obj,0.9999031027158102,1
device_14_disconnected_0003.obj,0.9999031027158102,1
device_14_disconnected_0004.obj,0.9999031027158102,1
device_14_disconnected_0005.obj,0.9999031027158102,1
device_14_disconnected_0006.obj,0.9999031027158102,1
device_14_disconnected_0007.obj,0.9999031027158102,1
device_14_disconnected_0008.obj,0.9999031027158102,1
device_14_disconnected_0009.obj,0.9999031027158102,1
device_14_disconnected_0010.obj,0.9999031027158102,1
device_14_disconnected_0011.obj,0.9999031027158102,1
device_14_disconnected_0012.obj,0.9999031027158102,1
device_14_disconnected_0013.obj,0.9999031027158102,1
device_14_disconnected_0014.obj,0.9999031027158102,1
device_14_disconnected_0015.obj,0.9999031027158102,1
device_14_disconnected_0016.obj,0.9999031027158102,1
device_14_disconnected_0017.obj,0.9999031027158102,1
device_14_disconnected_0018.obj,0.9999031027158102,1
device_14_disconnected_0019.obj,0.9999031027158102,1
device_14_disconnected_0020.obj,0.9999031027158102,1
device_14_disconnected_0021.obj,0.9999031027158102,1
device_14_disconnected_0022.obj,0.9999031027158102,1
device_14_disconnected_0023.obj,0.9999031027158102,1
device_14_disconnected_0024.obj,0.9999031027158102,1
device_14_faceswap_0000.obj,0.9999023874600729,1
device_14_faceswap_0001.obj,0.9999015927314758,1
device_14_faceswap_0002.obj,0.9999004801114401,1
device_14_faceswap_0003.obj,0.9998997648557028,1
device_14_faceswap_0004.obj,0.9999005595842997,1
device_14_faceswap_0005.obj,0.9999014735221863,1
device_14_faceswap_0006.obj,0.9999021887779236,1
device_14_faceswap_0007.obj,0.9999016722043356,1
device_14_faceswap_0008.obj,0.9999019900957743,1
device_14_faceswap_0009.obj,0.999902347723643,1
device_14_faceswap_0010.obj,0.999900201956431,1
device_14_faceswap_0011.obj,0.9999012351036072,1
device_14_faceswap_0012.obj,0.999902069568634,1
device_14_faceswap_0013.obj,0.9999019106229147,1
device_14_faceswap_0014.obj,0.9999017119407654,1
device_14_faceswap_0015.obj,0.9999021490414938,1
device_14_faceswap_0016.obj,0.9999015132586161,1
device_14_faceswap_0017.obj,0.9999011953671774,1
device_14_faceswap_0018.obj,0.9999008774757385,1
device_14_faceswap_0019.obj,0.999902069568634,1
device_14_faceswap_0020.obj,0.999902347723643,1
device_14_faceswap_0021.obj,0.9999015927314758,1
device_14_faceswap_0022.obj,0.9999022682507833,1
device_14_faceswap_0023.obj,0.9999019503593445,1
device_14_faceswap_0024.obj,0.9999018311500549,1
device_14_jitter_0000.obj,0.9998981753985087,1
device_14_jitter_0001.obj,0.9999019503593445,1
device_14_jitter_0002.obj,0.9999011556307474,1
device_14_jitter_0003.obj,0.9998995264371237,1
device_14_jitter_0004.obj,0.9999009569485983,1
device_14_jitter_0005.obj,0.9999017119407654,1
device_14_jitter_0006.obj,0.9999013940493265,1
device_14_jitter_0007.obj,0.9999010364214579,1
device_14_jitter_0008.obj,0.9999013543128967,1
device_14_jitter_0009.obj,0.9999017119407654,1
device_14_jitter_0010.obj,0.9999022682507833,1
device_14_jitter_0011.obj,0.9999017119407654,1
device_14_jitter_0012.obj,0.9999014337857565,1
device_14_jitter_0013.obj,0.9999006787935892,1
device_14_jitter_0014.obj,0.9999018708864847,1
device_14_jitter_0015.obj,0.9999019900957743,1
device_14_jitter_0016.obj,0.9999008774757385,1
device_14_jitter_0017.obj,0.999901552995046,1
device_14_jitter_0018.obj,0.9998996456464132,1
device_14_jitter_0019.obj,0.9999016722043356,1
device_14_jitter_0020.obj,0.9999011158943176,1
device_14_jitter_0021.obj,0.9999010761578878,1
device_14_jitter_0022.obj,0.9999015927314758,1
device_14_jitter_0023.obj,0.9999019900957743,1
device_14_jitter_0024.obj,0.9999004801114401,1
device_14_rigid_0000.obj,0.9999031027158102,1
device_14_rigid_0001.obj,0.9999031027158102,1
device_14_rigid_0002.obj,0.9999031027158102,1
device_14_rigid_0003.obj,0.9999031027158102,1
device_14_rigid_0004.obj,0.9999031027158102,1
device_14_rigid_0005.obj,0.9999031027158102,1
device_14_rigid_0006.obj,0.9999031027158102,1
device_14_rigid_0007.obj,0.9999031027158102,1
device_14_rigid_0008.obj,0.9999031027158102,1
device_14_rigid_0009.obj,0.9999031027158102,1
device_14_rigid_0010.obj,0.9999031027158102,1
device_14_rigid_0011.obj,0.9999031027158102,1
device_14_rigid_0012.obj,0.9999031027158102,1
device_14_rigid_0013.obj,0.9999031027158102,1
device_14_rigid_0014.obj,0.9999031027158102,1
device_14_rigid_0015.obj,0.9999031027158102,1
device_14_rigid_0016.obj,0.9999031027158102,1
device_14_rigid_0017.obj,0.9999031027158102,1
device_14_rigid_0018.obj,0.9999031027158102,1
device_14_rigid_0019.obj,0.9999031027158102,1
device_14_rigid_0020.obj,0.9999031027158102,1
device_14_rigid_0021.obj,0.9999031027158102,1
device_14_rigid_0022.obj,0.9999031027158102,1
device_14_rigid_0023.obj,0.9999031027158102,1
device_14_rigid_0024.obj,0.9999031027158102,1
device_14_tetwild_0000.obj,0.9999022682507833,1
device_14_tetwild_0001.obj,0.9999021887779236,1
device_14_tetwild_0002.obj,0.9999000430107117,1
device_14_tetwild_0003.obj,0.9999024669329325,1
device_14_tetwild_0004.obj,0.9999017516771952,1
device_14_tetwild_0005.obj,0.9998993674914042,1
device_14_tetwild_0006.obj,0.9999001622200012,1
device_14_tetwild_0007.obj,0.999899685382843,1
device_14_tetwild_0008.obj,0.9999018311500549,1
device_14_tetwild_0009.obj,0.9999001224835714,1
device_14_tetwild_0010.obj,0.9999014337857565,1
device_14_tetwild_0011.obj,0.9999021490414938,1
device_14_tetwild_0012.obj,0.9999013145764669,1
device_14_tetwild_0013.obj,0.9999009569485983,1
device_14_tetwild_0014.obj,0.9999015132586161,1
device_14_tetwild_0015.obj,0.9999003609021505,1
device_14_tetwild_0016.obj,0.9998994072278341,1
device_14_tetwild_0017.obj,0.9999007980028788,1
device_14_tetwild_0018.obj,0.9999011953671774,1
device_14_tetwild_0019.obj,0.9999016722043356,1
device_14_tetwild_0020.obj,0.9999011953671774,1
device_14_tetwild_0021.obj,0.9999021887779236,1
device_14_tetwild_0022.obj,0.9999019900957743,1
device_14_tetwild_0023.obj,0.999890943368276,1
device_14_tetwild_0024.obj,0.999898890654246,1
device_15_degenerate_0000.obj,0.9999796152114868,1
device_15_degenerate_0001.obj,0.9999796152114868,1
device_15_degenerate_0002.obj,0.9999796152114868,1
device_15_degenerate_0003.obj,0.9999796152114868,1
device_15_degenerate_0004.obj,0.9999796152114868,1
device_15_degenerate_0005.obj,0.9999796152114868,1
device_15_degenerate_0006.obj,0.9999796152114868,1
device_15_degenerate_0007.obj,0.9999796152114868,1
device_15_degenerate_0008.obj,0.9999796152114868,1
device_15_degenerate_0009.obj,0.9999796152114868,1
device_15_degenerate_0010.obj,0.9999796152114868,1
device_15_degenerate_0011.obj,0.9999796152114868,1
device_15_degenerate_0012.obj,0.9999796152114868,1
device_15_degenerate_0013.obj,0.9999796152114868,1
device_15_degenerate_0014.obj,0.9999796152114868,1
device_15_degenerate_0015.obj,0.9999796152114868,1
device_15_degenerate_0016.obj,0.9999796152114868,1
device_15_degenerate_0017.obj,0.9999796152114868,1
device_15_degenerate_0018.obj,0.9999796152114868,1
device_15_degenerate_0019.obj,0.9999796152114868,1
device_15_degenerate_0020.obj,0.9999796152114868,1
device_15_degenerate_0021.obj,0.9999796152114868,1
device_15_degenerate_0022.obj,0.9999796152114868,1
device_15_degenerate_0023.obj,0.9999796152114868,1
device_15_degenerate_0024.obj,0.9999796152114868,1
device_15_disconnected_0000.obj,0.9999796152114868,1
device_15_disconnected_0001.obj,0.9999796152114868,1
device_15_disconnected_0002.obj,0.9999796152114868,1
device_15_disconnected_0003.obj,0.9999796152114868,1
device_15_disconnected_0004.obj,0.9999796152114868,1
device_15_disconnected_0005.obj,0.9999796152114868,1
device_15_disconnected_0006.obj,0.9999796152114868,1
device_15_disconnected_0007.obj,0.9999796152114868,1
device_15_disconnected_0008.obj,0.9999796152114868,1
device_15_disconnected_0009.obj,0.9999796152114868,1
device_15_disconnected_0010.obj,0.9999796152114868,1
device_15_disconnected_0011.obj,0.9999796152114868,1
device_15_disconnected_0012.obj,0.9999796152114868,1
device_15_disconnected_0013.obj,0.9999796152114868,1
device_15_disconnected_0014.obj,0.9999796152114868,1
device_15_disconnected_0015.obj,0.9999796152114868,1
device_15_disconnected_0016.obj,0.9999796152114868,1
device_15_disconnected_0017.obj,0.9999796152114868,1
device_15_disconnected_0018.obj,0.9999796152114868,1
device_15_disconnected_0019.obj,0.9999796152114868,1
device_15_disconnected_0020.obj,0.9999796152114868,1
device_15_disconnected_0021.obj,0.9999796152114868,1
device_15_disconnected_0022.obj,0.9999796152114868,1
device_15_disconnected_0023.obj,0.9999796152114868,1
device_15_disconnected_0024.obj,0.9999796152114868,1
device_15_faceswap_0000.obj,0.9999777475992838,1
device_15_faceswap_0001.obj,0.9999792575836182,1
device_15_faceswap_0002.obj,0.9999794165293375,1
device_15_faceswap_0003.obj,0.9999793767929077,1
device_15_faceswap_0004.obj,0.9999773104985555,1
device_15_faceswap_0005.obj,0.999979297320048,1
device_15_faceswap_0006.obj,0.9999786615371704,1
device_15_faceswap_0007.obj,0.9999788602193197,1
device_15_faceswap_0008.obj,0.9999788602193197,1
device_15_faceswap_0009.obj,0.9999792575836182,1
device_15_faceswap_0010.obj,0.9999788602193197,1
device_15_faceswap_0011.obj,0.9999788204828898,1
device_15_faceswap_0012.obj,0.9999786218007406,1
device_15_faceswap_0013.obj,0.9999705155690511,1
device_15_faceswap_0014.obj,0.9999793370564779,1
device_15_faceswap_0015.obj,0.9999794960021973,1
device_15_faceswap_0016.obj,0.9999659458796183,1
device_15_faceswap_0017.obj,0.9999788602193197,1
device_15_faceswap_0018.obj,0.999895433584849,1
device_15_faceswap_0019.obj,0.9999790589014689,1
device_15_faceswap_0020.obj,0.9999795357386271,1
device_15_faceswap_0021.obj,0.9999785423278809,1
device_15_faceswap_0022.obj,0.9999768336613973,1
device_15_faceswap_0023.obj,0.9999779860178629,1
device_15_faceswap_0024.obj,0.9999787410100301,1
device_15_jitter_0000.obj,0.9999779065450033,1
device_15_jitter_0001.obj,0.9999585946400961,1
device_15_jitter_0002.obj,0.9999676942825317,1
device_15_jitter_0003.obj,0.9999786615371704,1
device_15_jitter_0004.obj,0.9999761978785197,1
device_15_jitter_0005.obj,0.9999780257542928,1
device_15_jitter_0006.obj,0.9999594291051229,1
device_15_jitter_0007.obj,0.99997878074646,1
device_15_jitter_0008.obj,0.9999746481577555,1
device_15_jitter_0009.obj,0.9999787410100301,1
device_15_jitter_0010.obj,0.99997611840566,1
device_15_jitter_0011.obj,0.9999785423278809,1
device_15_jitter_0012.obj,0.9999049305915833,1
device_15_jitter_0013.obj,0.9999747276306152,1
device_15_jitter_0014.obj,0.9997700452804565,1
device_15_jitter_0015.obj,0.9999774297078451,1
device_15_jitter_0016.obj,0.9999786218007406,1
device_15_jitter_0017.obj,0.9999761581420898,1
device_15_jitter_0018.obj,0.9999785423278809,1
device_15_jitter_0019.obj,0.9999791383743286,1
device_15_jitter_0020.obj,0.9999740123748779,1
device_15_jitter_0021.obj,0.999976913134257,1
device_15_jitter_0022.obj,0.9997099836667379,1
device_15_jitter_0023.obj,0.9999636014302572,1
device_15_jitter_0024.obj,0.9998732407887777,1
device_15_rigid_0000.obj,0.9999796152114868,1
device_15_rigid_0001.obj,0.9999796152114868,1
device_15_rigid_0002.obj,0.9999796152114868,1
device_15_rigid_0003.obj,0.9999796152114868,1
device_15_rigid_0004.obj,0.9999796152114868,1
device_15_rigid_0005.obj,0.9999796152114868,1
device_15_rigid_0006.obj,0.9999796152114868,1
device_15_rigid_0007.obj,0.9999796152114868,1
device_15_rigid_0008.obj,0.9999796152114868,1
device_15_rigid_0009.obj,0.9999796152114868,1
device_15_rigid_0010.obj,0.9999796152114868,1
device_15_rigid_0011.obj,0.9999796152114868,1
device_15_rigid_0012.obj,0.9999796152114868,1
device_15_rigid_0013.obj,0.9999796152114868,1
device_15_rigid_0014.obj,0.9999796152114868,1
device_15_rigid_0015.obj,0.9999796152114868,1
device_15_rigid_0016.obj,0.9999796152114868,1
device_15_rigid_0017.obj,0.9999796152114868,1
device_15_rigid_0018.obj,0.9999796152114868,1
device_15_rigid_0019.obj,0.9999796152114868,1
device_15_rigid_0020.obj,0.9999796152114868,1
device_15_rigid_0021.obj,0.9999796152114868,1
device_15_rigid_0022.obj,0.9999796152114868,1
device_15_rigid_0023.obj,0.9999796152114868,1
device_15_rigid_0024.obj,0.9999796152114868,1
device_15_tetwild_0000.obj,0.9999764362970988,1
device_15_tetwild_0001.obj,0.9999564488728842,1
device_15_tetwild_0002.obj,0.9999783039093018,1
device_15_tetwild_0003.obj,0.9999794960021973,1
device_15_tetwild_0004.obj,0.999976396560669,1
device_15_tetwild_0005.obj,0.9999771118164062,1
device_15_tetwild_0006.obj,0.9999786218007406,1
device_15_tetwild_0007.obj,0.9999748865763346,1
device_15_tetwild_0008.obj,0.9999788999557495,1
device_15_tetwild_0009.obj,0.9999795357386271,1
device_15_tetwild_0010.obj,0.9999793767929077,1
device_15_tetwild_0011.obj,0.9999734163284302,1
device_15_tetwild_0012.obj,0.9999725421269735,1
device_15_tetwild_0013.obj,0.999979297320048,1
device_15_tetwild_0014.obj,0.999978502591451,1
device_15_tetwild_0015.obj,0.9999763568242391,1
device_15_tetwild_0016.obj,0.9999792178471884,1
device_15_tetwild_0017.obj,0.9999793767929077,1
device_15_tetwild_0018.obj,0.999977191289266,1
device_15_tetwild_0019.obj,0.9999792178471884,1
device_15_tetwild_0021.obj,0.9999391237894694,1
device_15_tetwild_0022.obj,0.9982451995213827,1
device_15_tetwild_0023.obj,0.9999793767929077,1
device_15_tetwild_0024.obj,0.9999788602193197,1
device_16_degenerate_0000.obj,0.9999924103418986,1
device_16_degenerate_0001.obj,0.9999924103418986,1
device_16_degenerate_0002.obj,0.9999924103418986,1
device_16_degenerate_0003.obj,0.9999924103418986,1
device_16_degenerate_0004.obj,0.9999924103418986,1
device_16_degenerate_0005.obj,0.9999924103418986,1
device_16_degenerate_0006.obj,0.9999924103418986,1
device_16_degenerate_0007.obj,0.9999924103418986,1
device_16_degenerate_0008.obj,0.9999924103418986,1
device_16_degenerate_0009.obj,0.9999924103418986,1
device_16_degenerate_0010.obj,0.9999924103418986,1
device_16_degenerate_0011.obj,0.9999924103418986,1
device_16_degenerate_0012.obj,0.9999924103418986,1
device_16_degenerate_0013.obj,0.9999924103418986,1
device_16_degenerate_0014.obj,0.9999924103418986,1
device_16_degenerate_0015.obj,0.9999924103418986,1
device_16_degenerate_0016.obj,0.9999924103418986,1
device_16_degenerate_0017.obj,0.9999924103418986,1
device_16_degenerate_0018.obj,0.9999924103418986,1
device_16_degenerate_0019.obj,0.9999924103418986,1
device_16_degenerate_0020.obj,0.9999924103418986,1
device_16_degenerate_0021.obj,0.9999924103418986,1
device_16_degenerate_0022.obj,0.9999924103418986,1
device_16_degenerate_0023.obj,0.9999924103418986,1
device_16_degenerate_0024.obj,0.9999924103418986,1
device_16_disconnected_0000.obj,0.9999924103418986,1
device_16_disconnected_0001.obj,0.9999924103418986,1
device_16_disconnected_0002.obj,0.9999924103418986,1
device_16_disconnected_0003.obj,0.9999924103418986,1
device_16_disconnected_0004.obj,0.9999924103418986,1
device_16_disconnected_0005.obj,0.9999924103418986,1
device_16_disconnected_0006.obj,0.9999924103418986,1
device_16_disconnected_0007.obj,0.9999924103418986,1
device_16_disconnected_0008.obj,0.9999924103418986,1
device_16_disconnected_0009.obj,0.9999924103418986,1
device_16_disconnected_0010.obj,0.9999924103418986,1
device_16_disconnected_0011.obj,0.9999924103418986,1
device_16_disconnected_0012.obj,0.9999924103418986,1
device_16_disconnected_0013.obj,0.9999924103418986,1
device_16_disconnected_0014.obj,0.9999924103418986,1
device_16_disconnected_0015.obj,0.9999924103418986,1
device_16_disconnected_0016.obj,0.9999924103418986,1
device_16_disconnected_0017.obj,0.9999924103418986,1
device_16_disconnected_0018.obj,0.9999924103418986,1
device_16_disconnected_0019.obj,0.9999924103418986,1
device_16_disconnected_0020.obj,0.9999924103418986,1
device_16_disconnected_0021.obj,0.9999924103418986,1
device_16_disconnected_0022.obj,0.9999924103418986,1
device_16_disconnected_0023.obj,0.9999924103418986,1
device_16_disconnected_0024.obj,0.9999924103418986,1
device_16_faceswap_0000.obj,0.9999872446060181,1
device_16_faceswap_0001.obj,0.999992291132609,1
device_16_faceswap_0002.obj,0.999992291132609,1
device_16_faceswap_0003.obj,0.9999921321868896,1
device_16_faceswap_0004.obj,0.9999849001566569,1
device_16_faceswap_0005.obj,0.9999923706054688,1
device_16_faceswap_0006.obj,0.9999920924504598,1
device_16_faceswap_0007.obj,0.9999923308690389,1
device_16_faceswap_0008.obj,0.9999918540318807,1
device_16_faceswap_0009.obj,0.9999920924504598,1
device_16_faceswap_0010.obj,0.9999921321868896,1
device_16_faceswap_0011.obj,0.9999920924504598,1
device_16_faceswap_0012.obj,0.9999920527140299,1
device_16_faceswap_0013.obj,0.9999922513961792,1
device_16_faceswap_0014.obj,0.9999923308690389,1
device_16_faceswap_0015.obj,0.999992291132609,1
device_16_faceswap_0016.obj,0.999992291132609,1
device_16_faceswap_0017.obj,0.9999921719233195,1
device_16_faceswap_0018.obj,0.9999920129776001,1
device_16_faceswap_0019.obj,0.9999924103418986,1
device_16_faceswap_0020.obj,0.9999922513961792,1
device_16_faceswap_0021.obj,0.9999918937683105,1
device_16_faceswap_0022.obj,0.9999914964040121,1
device_16_faceswap_0023.obj,0.9999923706054688,1
device_16_faceswap_0024.obj,0.9999921321868896,1
device_16_jitter_0000.obj,0.9999902645746866,1
device_16_jitter_0001.obj,0.9999923706054688,1
device_16_jitter_0002.obj,0.9999923308690389,1
device_16_jitter_0003.obj,0.9999919732411703,1
device_16_jitter_0004.obj,0.9999923706054688,1
device_16_jitter_0005.obj,0.9999923308690389,1
device_16_jitter_0006.obj,0.9999916553497314,1
device_16_jitter_0007.obj,0.9999921719233195,1
device_16_jitter_0008.obj,0.9999922513961792,1
device_16_jitter_0009.obj,0.999992291132609,1
device_16_jitter_0010.obj,0.9999924103418986,1
device_16_jitter_0011.obj,0.999992291132609,1
device_16_jitter_0012.obj,0.9999924103418986,1
device_16_jitter_0013.obj,0.999992291132609,1
device_16_jitter_0014.obj,0.9999923706054688,1
device_16_jitter_0015.obj,0.9999923308690389,1
device_16_jitter_0016.obj,0.9999923706054688,1
device_16_jitter_0017.obj,0.9999923308690389,1
device_16_jitter_0018.obj,0.9999923308690389,1
device_16_jitter_0019.obj,0.9999923706054688,1
device_16_jitter_0020.obj,0.9999921719233195,1
device_16_jitter_0021.obj,0.9999923706054688,1
device_16_jitter_0022.obj,0.9999923706054688,1
device_16_jitter_0023.obj,0.9999923706054688,1
device_16_jitter_0024.obj,0.999992291132609,1
device_16_rigid_0000.obj,0.9999924103418986,1
device_16_rigid_0001.obj,0.9999924103418986,1
device_16_rigid_0002.obj,0.9999924103418986,1
device_16_rigid_0003.obj,0.9999924103418986,1
device_16_rigid_0004.obj,0.9999924103418986,1
device_16_rigid_0005.obj,0.9999924103418986,1
device_16_rigid_0006.obj,0.9999924103418986,1
device_16_rigid_0007.obj,0.9999924103418986,1
device_16_rigid_0008.obj,0.9999924103418986,1
device_16_rigid_0009.obj,0.9999924103418986,1
device_16_rigid_0010.obj,0.9999924103418986,1
device_16_rigid_0011.obj,0.9999924103418986,1
device_16_rigid_0012.obj,0.9999924103418986,1
device_16_rigid_0013.obj,0.9999924103418986,1
device_16_rigid_0014.obj,0.9999924103418986,1
device_16_rigid_0015.obj,0.9999924103418986,1
device_16_rigid_0016.obj,0.9999924103418986,1
device_16_rigid_0017.obj,0.9999924103418986,1
device_16_rigid_0018.obj,0.9999924103418986,1
device_16_rigid_0019.obj,0.9999924103418986,1
device_16_rigid_0020.obj,0.9999924103418986,1
device_16_rigid_0021.obj,0.9999924103418986,1
device_16_rigid_0022.obj,0.9999924103418986,1
device_16_rigid_0023.obj,0.9999924103418986,1
device_16_rigid_0024.obj,0.9999924103418986,1
device_16_tetwild_0000.obj,0.9999914964040121,1
device_16_tetwild_0001.obj,0.9999921719233195,1
device_16_tetwild_0002.obj,0.9999922513961792,1
device_16_tetwild_0003.obj,0.9999921719233195,1
device_16_tetwild_0004.obj,0.9999918937683105,1
device_16_tetwild_0005.obj,0.9999921719233195,1
device_16_tetwild_0006.obj,0.999992291132609,1
device_16_tetwild_0007.obj,0.999992291132609,1
device_16_tetwild_0008.obj,0.9999923706054688,1
device_16_tetwild_0009.obj,0.999992291132609,1
device_16_tetwild_0010.obj,0.9999918937683105,1
device_16_tetwild_0011.obj,0.9999922116597494,1
device_16_tetwild_0012.obj,0.9999923308690389,1
device_16_tetwild_0013.obj,0.9999919732411703,1
device_16_tetwild_0014.obj,0.9999918142954508,1
device_16_tetwild_0015.obj,0.999992291132609,1
device_16_tetwild_0016.obj,0.9999923308690389,1
device_16_tetwild_0017.obj,0.9999911785125732,1
device_16_tetwild_0018.obj,0.9999923308690389,1
device_16_tetwild_0019.obj,0.9999921719233195,1
device_16_tetwild_0020.obj,0.999992291132609,1
device_16_tetwild_0021.obj,0.9999914566675822,1
device_16_tetwild_0022.obj,0.9999889135360718,1
device_16_tetwild_0023.obj,0.9999923308690389,1
device_16_tetwild_0024.obj,0.9999922116597494,1
device_17_degenerate_0000.obj,0.9999829133351644,1
device_17_degenerate_0001.obj,0.9999829133351644,1
device_17_degenerate_0002.obj,0.9999829133351644,1
device_17_degenerate_0003.obj,0.9999829133351644,1
device_17_degenerate_0004.obj,0.9999829133351644,1
device_17_degenerate_0005.obj,0.9999829133351644,1
device_17_degenerate_0006.obj,0.9999829133351644,1
device_17_degenerate_0007.obj,0.9999829133351644,1
device_17_degenerate_0008.obj,0.9999829133351644,1
device_17_degenerate_0009.obj,0.9999829133351644,1
device_17_degenerate_0010.obj,0.9999829133351644,1
device_17_degenerate_0011.obj,0.9999829133351644,1
device_17_degenerate_0012.obj,0.9999829133351644,1
device_17_degenerate_0013.obj,0.9999829133351644,1
device_17_degenerate_0014.obj,0.9999829133351644,1
device_17_degenerate_0015.obj,0.9999829133351644,1
device_17_degenerate_0016.obj,0.9999829133351644,1
device_17_degenerate_0017.obj,0.9999829133351644,1
device_17_degenerate_0018.obj,0.9999829133351644,1
device_17_degenerate_0019.obj,0.9999829133351644,1
device_17_degenerate_0020.obj,0.9999829133351644,1
device_17_degenerate_0021.obj,0.9999829133351644,1
device_17_degenerate_0022.obj,0.9999829133351644,1
device_17_degenerate_0023.obj,0.9999829133351644,1
device_17_degenerate_0024.obj,0.9999829133351644,1
device_17_disconnected_0000.obj,0.9999829133351644,1
device_17_disconnected_0001.obj,0.9999829133351644,1
device_17_disconnected_0002.obj,0.9999829133351644,1
device_17_disconnected_0003.obj,0.9999829133351644,1
device_17_disconnected_0004.obj,0.9999829133351644,1
device_17_disconnected_0005.obj,0.9999829133351644,1
device_17_disconnected_0006.obj,0.9999829133351644,1
device_17_disconnected_0007.obj,0.9999829133351644,1
device_17_disconnected_0008.obj,0.9999829133351644,1
device_17_disconnected_0009.obj,0.9999829133351644,1
device_17_disconnected_0010.obj,0.9999829133351644,1
device_17_disconnected_0011.obj,0.9999829133351644,1
device_17_disconnected_0012.obj,0.9999829133351644,1
device_17_disconnected_0013.obj,0.9999829133351644,1
device_17_disconnected_0014.obj,0.9999829133351644,1
device_17_disconnected_0015.obj,0.9999829133351644,1
device_17_disconnected_0016.obj,0.9999829133351644,1
device_17_disconnected_0017.obj,0.9999829133351644,1
device_17_disconnected_0018.obj,0.9999829133351644,1
device_17_disconnected_0019.obj,0.9999829133351644,1
device_17_disconnected_0020.obj,0.9999829133351644,1
device_17_disconnected_0021.obj,0.9999829133351644,1
device_17_disconnected_0022.obj,0.9999829133351644,1
device_17_disconnected_0023.obj,0.9999829133351644,1
device_17_disconnected_0024.obj,0.9999829133351644,1
device_17_faceswap_0000.obj,0.9999821583429972,1
device_17_faceswap_0001.obj,0.9999828735987345,1
device_17_faceswap_0002.obj,0.9999812841415405,1
device_17_faceswap_0003.obj,0.9999804099400839,1
device_17_faceswap_0004.obj,0.9999814430872599,1
device_17_faceswap_0005.obj,0.9999819993972778,1
device_17_faceswap_0006.obj,0.9999796946843466,1
device_17_faceswap_0007.obj,0.9999742110570272,1
device_17_faceswap_0008.obj,0.999979575475057,1
device_17_faceswap_0009.obj,0.999982476234436,1
device_17_faceswap_0010.obj,0.9999814033508301,1
device_17_faceswap_0011.obj,0.9999352892239889,1
device_17_faceswap_0012.obj,0.9999822378158569,1
device_17_faceswap_0013.obj,0.9999825159708658,1
device_17_faceswap_0014.obj,0.9999803304672241,1
device_17_faceswap_0015.obj,0.9999827146530151,1
device_17_faceswap_0016.obj,0.9999817609786987,1
device_17_faceswap_0017.obj,0.9999827146530151,1
device_17_faceswap_0018.obj,0.9999815622965494,1
device_17_faceswap_0019.obj,0.9999803702036539,1
device_17_faceswap_0020.obj,0.7349983106056849,1
device_17_faceswap_0021.obj,0.9999804894129435,1
device_17_faceswap_0022.obj,0.9999819993972778,1
device_17_faceswap_0023.obj,0.9999814828236898,1
device_17_faceswap_0024.obj,0.9999817212422689,1
device_17_jitter_0000.obj,0.9999567667643229,1
device_17_jitter_0001.obj,0.9999802112579346,1
device_17_jitter_0002.obj,0.9999799728393555,1
device_17_jitter_0003.obj,0.9998427232106527,1
device_17_jitter_0004.obj,0.9999643564224243,1
device_17_jitter_0005.obj,0.9999658664067587,1
device_17_jitter_0006.obj,0.9999827146530151,1
device_17_jitter_0007.obj,0.9999800125757853,1
device_17_jitter_0008.obj,0.9999787410100301,1
device_17_jitter_0009.obj,0.9999825159708658,1
device_17_jitter_0010.obj,0.999974807103475,1
device_17_jitter_0011.obj,0.9999823172887167,1
device_17_jitter_0012.obj,0.9993776082992554,1
device_17_jitter_0013.obj,0.999964157740275,1
device_17_jitter_0014.obj,0.9999825954437256,1
device_17_jitter_0015.obj,0.999979297320048,1
device_17_jitter_0016.obj,0.99997878074646,1
device_17_jitter_0017.obj,0.9999752044677734,1
device_17_jitter_0018.obj,0.9999673763910929,1
device_17_jitter_0019.obj,0.999972383181254,1
device_17_jitter_0020.obj,0.9999767144521078,1
device_17_jitter_0021.obj,0.9999820788701376,1
device_17_jitter_0022.obj,0.9999696413675944,1
device_17_jitter_0023.obj,0.9999711910883585,1
device_17_jitter_0024.obj,0.9999788602193197,1
device_17_rigid_0000.obj,0.9999829133351644,1
device_17_rigid_0001.obj,0.9999829133351644,1
device_17_rigid_0002.obj,0.9999829133351644,1
device_17_rigid_0003.obj,0.9999829133351644,1
device_17_rigid_0004.obj,0.9999829133351644,1
device_17_rigid_0005.obj,0.9999829133351644,1
device_17_rigid_0006.obj,0.9999829133351644,1
device_17_rigid_0007.obj,0.9999829133351644,1
device_17_rigid_0008.obj,0.9999829133351644,1
device_17_rigid_0009.obj,0.9999829133351644,1
device_17_rigid_0010.obj,0.9999829133351644,1
device_17_rigid_0011.obj,0.9999829133351644,1
device_17_rigid_0012.obj,0.9999829133351644,1
device_17_rigid_0013.obj,0.9999829133351644,1
device_17_rigid_0014.obj,0.9999829133351644,1
device_17_rigid_0015.obj,0.9999829133351644,1
device_17_rigid_0016.obj,0.9999829133351644,1
device_17_rigid_0017.obj,0.9999829133351644,1
device_17_rigid_0018.obj,0.9999829133351644,1
device_17_rigid_0019.obj,0.9999829133351644,1
device_17_rigid_0020.obj,0.9999829133351644,1
device_17_rigid_0021.obj,0.9999829133351644,1
device_17_rigid_0022.obj,0.9999829133351644,1
device_17_rigid_0023.obj,0.9999829133351644,1
device_17_rigid_0024.obj,0.9999829133351644,1
device_17_tetwild_0000.obj,0.9999823172887167,1
device_17_tetwild_0001.obj,0.9999812046686808,1
device_17_tetwild_0002.obj,0.9999826749165853,1
device_17_tetwild_0003.obj,0.9999825954437256,1
device_17_tetwild_0004.obj,0.9999800523122152,1
device_17_tetwild_0005.obj,0.9999783039093018,1
device_17_tetwild_0007.obj,0.9999819993972778,1
device_17_tetwild_0008.obj,0.9999812046686808,1
device_17_tetwild_0009.obj,0.9999824364980062,1
device_17_tetwild_0010.obj,0.9999826351801554,1
device_17_tetwild_0011.obj,0.9999825557072958,1
device_17_tetwild_0012.obj,0.9999823570251465,1
device_17_tetwild_0013.obj,0.9999826351801554,1
device_17_tetwild_0014.obj,0.9999806880950928,1
device_17_tetwild_0015.obj,0.999982476234436,1
device_17_tetwild_0016.obj,0.9999818801879883,1
device_17_tetwild_0017.obj,0.9998345176378886,1
device_17_tetwild_0018.obj,0.999982476234436,1
device_17_tetwild_0019.obj,0.9999810059865316,1
device_17_tetwild_0020.obj,0.9999790191650391,1
device_17_tetwild_0021.obj,0.9999768336613973,1
device_17_tetwild_0022.obj,0.9999715884526571,1
device_17_tetwild_0023.obj,0.9999823967615763,1
device_17_tetwild_0024.obj,0.9999732176462809,1
device_18_degenerate_0000.obj,0.999980608622233,1
device_18_degenerate_0001.obj,0.999980608622233,1
device_18_degenerate_0002.obj,0.999980608622233,1
device_18_degenerate_0003.obj,0.999980608622233,1
device_18_degenerate_0004.obj,0.999980608622233,1
device_18_degenerate_0005.obj,0.999980608622233,1
device_18_degenerate_0006.obj,0.999980608622233,1
device_18_degenerate_0007.obj,0.999980608622233,1
device_18_degenerate_0008.obj,0.999980608622233,1
device_18_degenerate_0009.obj,0.999980608622233,1
device_18_degenerate_0010.obj,0.999980608622233,1
device_18_degenerate_0011.obj,0.999980608622233,1
device_18_degenerate_0012.obj,0.999980608622233,1
device_18_degenerate_0013.obj,0.999980608622233,1
device_18_degenerate_0014.obj,0.999980608622233,1
device_18_degenerate_0015.obj,0.999980608622233,1
device_18_degenerate_0016.obj,0.999980608622233,1
device_18_degenerate_0017.obj,0.999980608622233,1
device_18_degenerate_0018.obj,0.999980608622233,1
device_18_degenerate_0019.obj,0.999980608622233,1
device_18_degenerate_0020.obj,0.999980608622233,1
device_18_degenerate_0021.obj,0.999980608622233,1
device_18_degenerate_0022.obj,0.999980608622233,1
device_18_degenerate_0023.obj,0.999980608622233,1
device_18_degenerate_0024.obj,0.999980608622233,1
device_18_disconnected_0000.obj,0.999980608622233,1
device_18_disconnected_0001.obj,0.999980608622233,1
device_18_disconnected_0002.obj,0.999980608622233,1
device_18_disconnected_0003.obj,0.999980608622233,1
device_18_disconnected_0004.obj,0.999980608622233,1
device_18_disconnected_0005.obj,0.999980608622233,1
device_18_disconnected_0006.obj,0.999980608622233,1
device_18_disconnected_0007.obj,0.999980608622233,1
device_18_disconnected_0008.obj,0.999980608622233,1
device_18_disconnected_0009.obj,0.999980608622233,1
device_18_disconnected_0010.obj,0.999980608622233,1
device_18_disconnected_0011.obj,0.999980608622233,1
device_18_disconnected_0012.obj,0.999980608622233,1
device_18_disconnected_0013.obj,0.999980608622233,1
device_18_disconnected_0014.obj,0.999980608622233,1
device_18_disconnected_0015.obj,0.999980608622233,1
device_18_disconnected_0016.obj,0.999980608622233,1
device_18_disconnected_0017.obj,0.999980608622233,1
device_18_disconnected_0018.obj,0.999980608622233,1
device_18_disconnected_0019.obj,0.999980608622233,1
device_18_disconnected_0020.obj,0.999980608622233,1
device_18_disconnected_0021.obj,0.999980608622233,1
device_18_disconnected_0022.obj,0.999980608622233,1
device_18_disconnected_0023.obj,0.999980608622233,1
device_18_disconnected_0024.obj,0.999980608622233,1
device_18_faceswap_0000.obj,0.9999769926071167,1
device_18_faceswap_0001.obj,0.9999801317850748,1
device_18_faceswap_0002.obj,0.9999776681264242,1
device_18_faceswap_0003.obj,0.9999795357386271,1
device_18_faceswap_0004.obj,0.9999767144521078,1
device_18_faceswap_0005.obj,0.5922773930554589,1
device_18_faceswap_0006.obj,0.9999661842981974,1
device_18_faceswap_0007.obj,0.9999760786692301,1
device_18_faceswap_0008.obj,0.999980092048645,1
device_18_faceswap_0009.obj,0.9999804496765137,1
device_18_faceswap_0010.obj,0.9999810059865316,1
device_18_faceswap_0011.obj,0.9999792178471884,1
device_18_faceswap_0012.obj,0.9999805291493734,1
device_18_faceswap_0013.obj,0.9999784628550211,1
device_18_faceswap_0014.obj,0.9999759594599406,1
device_18_faceswap_0015.obj,0.9999779065450033,1
device_18_faceswap_0016.obj,0.9999808470408121,1
device_18_faceswap_0017.obj,0.999978224436442,1
device_18_faceswap_0018.obj,0.9999740521113077,1
device_18_faceswap_0019.obj,0.9999778270721436,1
device_18_faceswap_0020.obj,0.9999748468399048,1
device_18_faceswap_0021.obj,0.9999787410100301,1
device_18_faceswap_0022.obj,0.9999784231185913,1
device_18_faceswap_0023.obj,0.9999770323435465,1
device_18_faceswap_0024.obj,0.9999795357386271,1
device_18_jitter_0000.obj,0.9999407927195231,1
device_18_jitter_0001.obj,0.999980648358663,1
device_18_jitter_0002.obj,0.9999806880950928,1
device_18_jitter_0003.obj,0.9998054504394531,1
device_18_jitter_0004.obj,0.9999623696009318,1
device_18_jitter_0005.obj,0.9999786218007406,1
device_18_jitter_0006.obj,0.9999807675679525,1
device_18_jitter_0007.obj,0.9999727805455526,1
device_18_jitter_0008.obj,0.9999767541885376,1
device_18_jitter_0009.obj,0.9996228814125061,1
device_18_jitter_0010.obj,0.9999801715215048,1
device_18_jitter_0011.obj,0.9313089450200399,1
device_18_jitter_0012.obj,0.9999802907307943,1
device_18_jitter_0013.obj,0.9999805688858032,1
device_18_jitter_0014.obj,0.9999789794286092,1
device_18_jitter_0015.obj,0.9999791781107584,1
device_18_jitter_0016.obj,0.9999796549479166,1
device_18_jitter_0017.obj,0.9999759197235107,1
device_18_jitter_0018.obj,0.9999773502349854,1
device_18_jitter_0019.obj,0.9999783039093018,1
device_18_jitter_0020.obj,0.9999798138936361,1
device_18_jitter_0021.obj,0.9999615748723348,1
device_18_jitter_0022.obj,0.9999791383743286,1
device_18_jitter_0023.obj,0.9999796549479166,1
device_18_jitter_0024.obj,0.9999735752741495,1
device_18_rigid_0000.obj,0.999980608622233,1
device_18_rigid_0001.obj,0.999980608622233,1
device_18_rigid_0002.obj,0.999980608622233,1
device_18_rigid_0003.obj,0.999980608622233,1
device_18_rigid_0004.obj,0.999980608622233,1
device_18_rigid_0005.obj,0.999980608622233,1
device_18_rigid_0006.obj,0.999980608622233,1
device_18_rigid_0007.obj,0.999980608622233,1
device_18_rigid_0008.obj,0.999980608622233,1
device_18_rigid_0009.obj,0.999980608622233,1
device_18_rigid_0010.obj,0.999980608622233,1
device_18_rigid_0011.obj,0.999980608622233,1
device_18_rigid_0012.obj,0.999980608622233,1
device_18_rigid_0013.obj,0.999980608622233,1
device_18_rigid_0014.obj,0.999980608622233,1
device_18_rigid_0015.obj,0.999980608622233,1
device_18_rigid_0016.obj,0.999980608622233,1
device_18_rigid_0017.obj,0.999980608622233,1
device_18_rigid_0018.obj,0.999980608622233,1
device_18_rigid_0019.obj,0.999980608622233,1
device_18_rigid_0020.obj,0.999980608622233,1
device_18_rigid_0021.obj,0.999980608622233,1
device_18_rigid_0022.obj,0.999980608622233,1
device_18_rigid_0023.obj,0.999980608622233,1
device_18_rigid_0024.obj,0.999980608622233,1
device_18_tetwild_0000.obj,0.6683492792459825,1
device_18_tetwild_0001.obj,0.9998804132143656,1
device_18_tetwild_0002.obj,0.9999567270278931,1
device_18_tetwild_0003.obj,0.999978502591451,1
device_18_tetwild_0004.obj,0.9999707937240601,1
device_18_tetwild_0005.obj,0.662197565815101,1
device_18_tetwild_0006.obj,0.7455770969390869,1
device_18_tetwild_0007.obj,0.8566198746363322,1
device_18_tetwild_0008.obj,0.9999781847000122,1
device_18_tetwild_0009.obj,0.9999738534291586,1
device_18_tetwild_0010.obj,0.9999783039093018,1
device_18_tetwild_0011.obj,0.9996767044067383,1
device_18_tetwild_0012.obj,0.9999276399612427,1
device_18_tetwild_0013.obj,0.9999754428863525,1
device_18_tetwild_0014.obj,0.8718886772791544,1
device_18_tetwild_0015.obj,0.9999784628550211,1
device_18_tetwild_0016.obj,0.9897632002830505,1
device_18_tetwild_0017.obj,0.9990506370862325,1
device_18_tetwild_0018.obj,0.9999756813049316,1
device_18_tetwild_0019.obj,0.9999788602193197,1
device_18_tetwild_0020.obj,0.9995941718419393,1
device_18_tetwild_0021.obj,0.9994263450304667,1
device_18_tetwild_0022.obj,0.9999711513519287,1
device_18_tetwild_0023.obj,0.791710744301478,1
device_18_tetwild_0024.obj,0.6351972108144158,1
device_19_degenerate_0000.obj,0.999979575475057,1
device_19_degenerate_0001.obj,0.999979575475057,1
device_19_degenerate_0002.obj,0.999979575475057,1
device_19_degenerate_0003.obj,0.999979575475057,1
device_19_degenerate_0004.obj,0.999979575475057,1
device_19_degenerate_0005.obj,0.999979575475057,1
device_19_degenerate_0006.obj,0.999979575475057,1
device_19_degenerate_0007.obj,0.999979575475057,1
device_19_degenerate_0008.obj,0.999979575475057,1
device_19_degenerate_0009.obj,0.999979575475057,1
device_19_degenerate_0010.obj,0.999979575475057,1
device_19_degenerate_0011.obj,0.999979575475057,1
device_19_degenerate_0012.obj,0.999979575475057,1
device_19_degenerate_0013.obj,0.999979575475057,1
device_19_degenerate_0014.obj,0.999979575475057,1
device_19_degenerate_0015.obj,0.999979575475057,1
device_19_degenerate_0016.obj,0.999979575475057,1
device_19_degenerate_0017.obj,0.999979575475057,1
device_19_degenerate_0018.obj,0.999979575475057,1
device_19_degenerate_0019.obj,0.999979575475057,1
device_19_degenerate_0020.obj,0.999979575475057,1
device_19_degenerate_0021.obj,0.999979575475057,1
device_19_degenerate_0022.obj,0.999979575475057,1
device_19_degenerate_0023.obj,0.999979575475057,1
device_19_degenerate_0024.obj,0.999979575475057,1
device_19_disconnected_0000.obj,0.999979575475057,1
device_19_disconnected_0001.obj,0.999979575475057,1
device_19_disconnected_0002.obj,0.999979575475057,1
device_19_disconnected_0003.obj,0.999979575475057,1
device_19_disconnected_0004.obj,0.999979575475057,1
device_19_disconnected_0005.obj,0.999979575475057,1
device_19_disconnected_0006.obj,0.999979575475057,1
device_19_disconnected_0007.obj,0.999979575475057,1
device_19_disconnected_0008.obj,0.999979575475057,1
device_19_disconnected_0009.obj,0.999979575475057,1
device_19_disconnected_0010.obj,0.999979575475057,1
device_19_disconnected_0011.obj,0.999979575475057,1
device_19_disconnected_0012.obj,0.999979575475057,1
device_19_disconnected_0013.obj,0.999979575475057,1
device_19_disconnected_0014.obj,0.999979575475057,1
device_19_disconnected_0015.obj,0.999979575475057,1
device_19_disconnected_0016.obj,0.999979575475057,1
device_19_disconnected_0017.obj,0.999979575475057,1
device_19_disconnected_0018.obj,0.999979575475057,1
device_19_disconnected_0019.obj,0.999979575475057,1
device_19_disconnected_0020.obj,0.999979575475057,1
device_19_disconnected_0021.obj,0.999979575475057,1
device_19_disconnected_0022.obj,0.999979575475057,1
device_19_disconnected_0023.obj,0.999979575475057,1
device_19_disconnected_0024.obj,0.999979575475057,1
device_19_faceswap_0000.obj,0.9999777475992838,1
device_19_faceswap_0001.obj,0.9999784628550211,1
device_19_faceswap_0002.obj,0.9999698797861735,1
device_19_faceswap_0003.obj,0.9999786218007406,1
device_19_faceswap_0004.obj,0.9999542236328125,1
device_19_faceswap_0005.obj,0.9999793370564779,1
device_19_faceswap_0006.obj,0.9999787012736002,1
device_19_faceswap_0007.obj,0.9999792575836182,1
device_19_faceswap_0008.obj,0.9999784628550211,1
device_19_faceswap_0009.obj,0.9999775886535645,1
device_19_faceswap_0010.obj,0.999974767367045,1
device_19_faceswap_0011.obj,0.9999774694442749,1
device_19_faceswap_0012.obj,0.9999794562657675,1
device_19_faceswap_0013.obj,0.9999621311823527,1
device_19_faceswap_0014.obj,0.9999791781107584,1
device_19_faceswap_0015.obj,0.9999733765920004,1
device_19_faceswap_0016.obj,0.9999771515528361,1
device_19_faceswap_0017.obj,0.9999791781107584,1
device_19_faceswap_0018.obj,0.9999788999557495,1
device_19_faceswap_0019.obj,0.9999790191650391,1
device_19_faceswap_0020.obj,0.9999779065450033,1
device_19_faceswap_0021.obj,0.9999779065450033,1
device_19_faceswap_0022.obj,0.9999564488728842,1
device_19_faceswap_0023.obj,0.9999692440032959,1
device_19_faceswap_0024.obj,0.99997878074646,1
device_19_jitter_0000.obj,0.9999793767929077,1
device_19_jitter_0001.obj,0.9992711345354716,1
device_19_jitter_0002.obj,0.9999657074610392,1
device_19_jitter_0003.obj,0.9999792178471884,1
device_19_jitter_0004.obj,0.9999794960021973,1
device_19_jitter_0005.obj,0.999977707862854,1
device_19_jitter_0006.obj,0.999979297320048,1
device_19_jitter_0007.obj,0.999974528948466,1
device_19_jitter_0008.obj,0.9999790589014689,1
device_19_jitter_0009.obj,0.9999663432439169,1
device_19_jitter_0010.obj,0.99997878074646,1
device_19_jitter_0011.obj,0.9999788602193197,1
device_19_jitter_0012.obj,0.9999200304349264,1
device_19_jitter_0013.obj,0.9999794562657675,1
device_19_jitter_0014.obj,0.9999788204828898,1
device_19_jitter_0015.obj,0.9999791781107584,1
device_19_jitter_0016.obj,0.9999480644861857,1
device_19_jitter_0017.obj,0.9999794960021973,1
device_19_jitter_0018.obj,0.9999792575836182,1
device_19_jitter_0019.obj,0.9999794960021973,1
device_19_jitter_0020.obj,0.9999793767929077,1
device_19_jitter_0021.obj,0.9999794562657675,1
device_19_jitter_0022.obj,0.9999794165293375,1
device_19_jitter_0023.obj,0.9999794165293375,1
device_19_jitter_0024.obj,0.9999794562657675,1
device_19_rigid_0000.obj,0.999979575475057,1
device_19_rigid_0001.obj,0.999979575475057,1
device_19_rigid_0002.obj,0.999979575475057,1
device_19_rigid_0003.obj,0.999979575475057,1
device_19_rigid_0004.obj,0.999979575475057,1
device_19_rigid_0005.obj,0.999979575475057,1
device_19_rigid_0006.obj,0.999979575475057,1
device_19_rigid_0007.obj,0.999979575475057,1
device_19_rigid_0008.obj,0.999979575475057,1
device_19_rigid_0009.obj,0.999979575475057,1
device_19_rigid_0010.obj,0.999979575475057,1
device_19_rigid_0011.obj,0.999979575475057,1
device_19_rigid_0012.obj,0.999979575475057,1
device_19_rigid_0013.obj,0.999979575475057,1
device_19_rigid_0014.obj,0.999979575475057,1
device_19_rigid_0015.obj,0.999979575475057,1
device_19_rigid_0016.obj,0.999979575475057,1
device_19_rigid_0017.obj,0.999979575475057,1
device_19_rigid_0018.obj,0.999979575475057,1
device_19_rigid_0019.obj,0.999979575475057,1
device_19_rigid_0020.obj,0.999979575475057,1
device_19_rigid_0021.obj,0.999979575475057,1
device_19_rigid_0022.obj,0.999979575475057,1
device_19_rigid_0023.obj,0.999979575475057,1
device_19_rigid_0024.obj,0.999979575475057,1
device_19_tetwild_0000.obj,0.9999790986378988,1
device_19_tetwild_0001.obj,0.9999771118164062,1
device_19_tetwild_0002.obj,0.9999789794286092,1
device_19_tetwild_0003.obj,0.9999786615371704,1
device_19_tetwild_0004.obj,0.9999765555063883,1
device_19_tetwild_0005.obj,0.9999729792277018,1
device_19_tetwild_0006.obj,0.9999775091807047,1
device_19_tetwild_0007.obj,0.9999608596165975,1
device_19_tetwild_0008.obj,0.99997878074646,1
device_19_tetwild_0009.obj,0.9999773502349854,1
device_19_tetwild_0010.obj,0.9999750852584839,1
device_19_tetwild_0011.obj,0.999978264172872,1
device_19_tetwild_0012.obj,0.9999794165293375,1
device_19_tetwild_0013.obj,0.9999788999557495,1
device_19_tetwild_0014.obj,0.9999791383743286,1
device_19_tetwild_0015.obj,0.9999784628550211,1
device_19_tetwild_0016.obj,0.9999789396921793,1
device_19_tetwild_0017.obj,0.999978502591451,1
device_19_tetwild_0018.obj,0.9999748865763346,1
device_19_tetwild_0019.obj,0.9999772707621256,1
device_19_tetwild_0020.obj,0.9999783833821615,1
device_19_tetwild_0021.obj,0.999976396560669,1
device_19_tetwild_0022.obj,0.9999790191650391,1
device_19_tetwild_0023.obj,0.9999771515528361,1
device_19_tetwild_0024.obj,0.9999786615371704,1
device_20_degenerate_0000.obj,0.9999829530715942,1
device_20_degenerate_0001.obj,0.9999829530715942,1
device_20_degenerate_0002.obj,0.9999829530715942,1
device_20_degenerate_0003.obj,0.9999829530715942,1
device_20_degenerate_0004.obj,0.9999829530715942,1
device_20_degenerate_0005.obj,0.9999829530715942,1
device_20_degenerate_0006.obj,0.9999829530715942,1
device_20_degenerate_0007.obj,0.9999829530715942,1
device_20_degenerate_0008.obj,0.9999829530715942,1
device_20_degenerate_0009.obj,0.9999829530715942,1
device_20_degenerate_0010.obj,0.9999829530715942,1
device_20_degenerate_0011.obj,0.9999829530715942,1
device_20_degenerate_0012.obj,0.9999829530715942,1
device_20_degenerate_0013.obj,0.9999829530715942,1
device_20_degenerate_0014.obj,0.9999829530715942,1
device_20_degenerate_0015.obj,0.9999829530715942,1
device_20_degenerate_0016.obj,0.9999829530715942,1
device_20_degenerate_0017.obj,0.9999829530715942,1
device_20_degenerate_0018.obj,0.9999829530715942,1
device_20_degenerate_0019.obj,0.9999829530715942,1
device_20_degenerate_0020.obj,0.9999829530715942,1
device_20_degenerate_0021.obj,0.9999829530715942,1
device_20_degenerate_0022.obj,0.9999829530715942,1
device_20_degenerate_0023.obj,0.9999829530715942,1
device_20_degenerate_0024.obj,0.9999829530715942,1
device_20_disconnected_0000.obj,0.9999829530715942,1
device_20_disconnected_0001.obj,0.9999829530715942,1
device_20_disconnected_0002.obj,0.9999829530715942,1
device_20_disconnected_0003.obj,0.9999829530715942,1
device_20_disconnected_0004.obj,0.9999829530715942,1
device_20_disconnected_0005.obj,0.9999829530715942,1
device_20_disconnected_0006.obj,0.9999829530715942,1
device_20_disconnected_0007.obj,0.9999829530715942,1
device_20_disconnected_0008.obj,0.9999829530715942,1
device_20_disconnected_0009.obj,0.9999829530715942,1
device_20_disconnected_0010.obj,0.9999829530715942,1
device_20_disconnected_0011.obj,0.9999829530715942,1
device_20_disconnected_0012.obj,0.9999829530715942,1
device_20_disconnected_0013.obj,0.9999829530715942,1
device_20_disconnected_0014.obj,0.9999829530715942,1
device_20_disconnected_0015.obj,0.9999829530715942,1
device_20_disconnected_0016.obj,0.9999829530715942,1
device_20_disconnected_0017.obj,0.9999829530715942,1
device_20_disconnected_0018.obj,0.9999829530715942,1
device_20_disconnected_0019.obj,0.9999829530715942,1
device_20_disconnected_0020.obj,0.9999829530715942,1
device_20_disconnected_0021.obj,0.9999829530715942,1
device_20_disconnected_0022.obj,0.9999829530715942,1
device_20_disconnected_0023.obj,0.9999829530715942,1
device_20_disconnected_0024.obj,0.9999829530715942,1
device_20_faceswap_0000.obj,0.999967614809672,1
device_20_faceswap_0001.obj,0.9999828735987345,1
device_20_faceswap_0002.obj,0.9999798138936361,1
device_20_faceswap_0003.obj,0.9999823172887167,1
device_20_faceswap_0004.obj,0.9999773104985555,1
device_20_faceswap_0005.obj,0.9999808867772421,1
device_20_faceswap_0006.obj,0.999973734219869,1
device_20_faceswap_0007.obj,0.9999805688858032,1
device_20_faceswap_0008.obj,0.9999817212422689,1
device_20_faceswap_0009.obj,0.9999827941258749,1
device_20_faceswap_0010.obj,0.9999810854593912,1
device_20_faceswap_0011.obj,0.9999820391337076,1
device_20_faceswap_0012.obj,0.9999827941258749,1
device_20_faceswap_0013.obj,0.9999818007151285,1
device_20_faceswap_0014.obj,0.9999821583429972,1
device_20_faceswap_0015.obj,0.9999805688858032,1
device_20_faceswap_0016.obj,0.9999823172887167,1
device_20_faceswap_0017.obj,0.9999797741572062,1
device_20_faceswap_0018.obj,0.9999812841415405,1
device_20_faceswap_0019.obj,0.9999822775522867,1
device_20_faceswap_0020.obj,0.9999828338623047,1
device_20_faceswap_0021.obj,0.9999815225601196,1
device_20_faceswap_0022.obj,0.9999801715215048,1
device_20_faceswap_0023.obj,0.9999823172887167,1
device_20_faceswap_0024.obj,0.9999809662501017,1
device_20_jitter_0000.obj,0.9999811251958212,1
device_20_jitter_0001.obj,0.9999830722808838,1
device_20_jitter_0002.obj,0.9999820391337076,1
device_20_jitter_0003.obj,0.999987522761027,1
device_20_jitter_0004.obj,0.9999483426411947,1
device_20_jitter_0005.obj,0.9999762376149496,1
device_20_jitter_0006.obj,0.9999793370564779,1
device_20_jitter_0007.obj,0.9999765157699585,1
device_20_jitter_0008.obj,0.9999840259552002,1
device_20_jitter_0009.obj,0.9999830722808838,1
device_20_jitter_0010.obj,0.9999826749165853,1
device_20_jitter_0011.obj,0.9999788999557495,1
device_20_jitter_0012.obj,0.9999827146530151,1
device_20_jitter_0013.obj,0.999985933303833,1
device_20_jitter_0014.obj,0.9999824364980062,1
device_20_jitter_0015.obj,0.999983032544454,1
device_20_jitter_0016.obj,0.9999831517537435,1
device_20_jitter_0017.obj,0.9999816417694092,1
device_20_jitter_0018.obj,0.9999829530715942,1
device_20_jitter_0019.obj,0.9999853372573853,1
device_20_jitter_0020.obj,0.9999833106994629,1
device_20_jitter_0021.obj,0.9999829530715942,1
device_20_jitter_0022.obj,0.9999825557072958,1
device_20_jitter_0023.obj,0.9999828338623047,1
device_20_jitter_0024.obj,0.9999880393346151,1
device_20_rigid_0000.obj,0.9999829530715942,1
device_20_rigid_0001.obj,0.9999829530715942,1
device_20_rigid_0002.obj,0.9999829530715942,1
device_20_rigid_0003.obj,0.9999829530715942,1
device_20_rigid_0004.obj,0.9999829530715942,1
device_20_rigid_0005.obj,0.9999829530715942,1
device_20_rigid_0006.obj,0.9999829530715942,1
device_20_rigid_0007.obj,0.9999829530715942,1
device_20_rigid_0008.obj,0.9999829530715942,1
device_20_rigid_0009.obj,0.9999829530715942,1
device_20_rigid_0010.obj,0.9999829530715942,1
device_20_rigid_0011.obj,0.9999829530715942,1
device_20_rigid_0012.obj,0.9999829530715942,1
device_20_rigid_0013.obj,0.9999829530715942,1
device_20_rigid_0014.obj,0.9999829530715942,1
device_20_rigid_0015.obj,0.9999829530715942,1
device_20_rigid_0016.obj,0.9999829530715942,1
device_20_rigid_0017.obj,0.9999829530715942,1
device_20_rigid_0018.obj,0.9999829530715942,1
device_20_rigid_0019.obj,0.9999829530715942,1
device_20_rigid_0020.obj,0.9999829530715942,1
device_20_rigid_0021.obj,0.9999829530715942,1
device_20_rigid_0022.obj,0.9999829530715942,1
device_20_rigid_0023.obj,0.9999829530715942,1
device_20_rigid_0024.obj,0.9999829530715942,1
device_20_tetwild_0000.obj,0.9977800647417704,1
device_20_tetwild_0001.obj,0.9587491552035013,1
device_20_tetwild_0002.obj,0.6120187118649483,1
device_20_tetwild_0003.obj,0.9746904969215393,1
device_20_tetwild_0004.obj,0.9168474674224854,1
device_20_tetwild_0005.obj,0.4074142905592453,1
device_20_tetwild_0006.obj,0.9999264478683472,1
device_20_tetwild_0007.obj,0.9999663035074869,1
device_20_tetwild_0008.obj,0.6841289003690084,1
device_20_tetwild_0009.obj,0.8589514493942261,1
device_20_tetwild_0010.obj,0.984383781750997,1
device_20_tetwild_0011.obj,0.5429324011007944,1
device_20_tetwild_0012.obj,0.9997257391611735,1
device_20_tetwild_0014.obj,0.9998423457145691,1
device_20_tetwild_0015.obj,0.9155135154724121,1
device_20_tetwild_0016.obj,0.8527832825978597,1
device_20_tetwild_0017.obj,0.6660959426687137,1
device_20_tetwild_0018.obj,0.33677619548204046,1
device_20_tetwild_0019.obj,0.9998834331830343,1
device_20_tetwild_0020.obj,0.890125552813212,1
device_20_tetwild_0021.obj,0.9936592976252238,1
device_20_tetwild_0022.obj,0.9986822803815206,1
device_20_tetwild_0023.obj,0.9995094140370687,1
device_20_tetwild_0024.obj,0.6665170317016115,1
device_21_degenerate_0000.obj,0.9999823172887167,1
device_21_degenerate_0001.obj,0.9999823172887167,1
device_21_degenerate_0002.obj,0.9999823172887167,1
device_21_degenerate_0003.obj,0.9999823172887167,1
device_21_degenerate_0004.obj,0.9999823172887167,1
device_21_degenerate_0005.obj,0.9999823172887167,1
device_21_degenerate_0006.obj,0.9999823172887167,1
device_21_degenerate_0007.obj,0.9999823172887167,1
device_21_degenerate_0008.obj,0.9999823172887167,1
device_21_degenerate_0009.obj,0.9999823172887167,1
device_21_degenerate_0010.obj,0.9999823172887167,1
device_21_degenerate_0011.obj,0.9999823172887167,1
device_21_degenerate_0012.obj,0.9999823172887167,1
device_21_degenerate_0013.obj,0.9999823172887167,1
device_21_degenerate_0014.obj,0.9999823172887167,1
device_21_degenerate_0015.obj,0.9999823172887167,1
device_21_degenerate_0016.obj,0.9999823172887167,1
device_21_degenerate_0017.obj,0.9999823172887167,1
device_21_degenerate_0018.obj,0.9999823172887167,1
device_21_degenerate_0019.obj,0.9999823172887167,1
device_21_degenerate_0020.obj,0.9999823172887167,1
device_21_degenerate_0021.obj,0.9999823172887167,1
device_21_degenerate_0022.obj,0.9999823172887167,1
device_21_degenerate_0023.obj,0.9999823172887167,1
device_21_degenerate_0024.obj,0.9999823172887167,1
device_21_disconnected_0000.obj,0.9999823172887167,1
device_21_disconnected_0001.obj,0.9999823172887167,1
device_21_disconnected_0002.obj,0.9999823172887167,1
device_21_disconnected_0003.obj,0.9999823172887167,1
device_21_disconnected_0004.obj,0.9999823172887167,1
device_21_disconnected_0005.obj,0.9999823172887167,1
device_21_disconnected_0006.obj,0.9999823172887167,1
device_21_disconnected_0007.obj,0.9999823172887167,1
device_21_disconnected_0008.obj,0.9999823172887167,1
device_21_disconnected_0009.obj,0.9999823172887167,1
device_21_disconnected_0010.obj,0.9999823172887167,1
device_21_disconnected_0011.obj,0.9999823172887167,1
device_21_disconnected_0012.obj,0.9999823172887167,1
device_21_disconnected_0013.obj,0.9999823172887167,1
device_21_disconnected_0014.obj,0.9999823172887167,1
device_21_disconnected_0015.obj,0.9999823172887167,1
device_21_disconnected_0016.obj,0.9999823172887167,1
device_21_disconnected_0017.obj,0.9999823172887167,1
device_21_disconnected_0018.obj,0.9999823172887167,1
device_21_disconnected_0019.obj,0.9999823172887167,1
device_21_disconnected_0020.obj,0.9999823172887167,1
device_21_disconnected_0021.obj,0.9999823172887167,1
device_21_disconnected_0022.obj,0.9999823172887167,1
device_21_disconnected_0023.obj,0.9999823172887167,1
device_21_disconnected_0024.obj,0.9999823172887167,1
device_21_faceswap_0000.obj,0.9999807278315226,1
device_21_faceswap_0001.obj,0.9999807675679525,1
device_21_faceswap_0002.obj,0.9999822378158569,1
device_21_faceswap_0003.obj,0.9999818404515585,1
device_21_faceswap_0004.obj,0.9999346534411112,1
device_21_faceswap_0005.obj,0.9999821980794271,1
device_21_faceswap_0006.obj,0.9999821583429972,1
device_21_faceswap_0007.obj,0.9999575217564901,1
device_21_faceswap_0008.obj,0.9999823172887167,1
device_21_faceswap_0009.obj,0.999981959660848,1
device_21_faceswap_0010.obj,0.999978264172872,1
device_21_faceswap_0011.obj,0.9999634424845377,1
device_21_faceswap_0012.obj,0.9999818007151285,1
device_21_faceswap_0013.obj,0.9999817212422689,1
device_21_faceswap_0014.obj,0.999981164932251,1
device_21_faceswap_0015.obj,0.9999036391576132,1
device_21_faceswap_0016.obj,0.9999821186065674,1
device_21_faceswap_0017.obj,0.9999822378158569,1
device_21_faceswap_0018.obj,0.9999822378158569,1
device_21_faceswap_0019.obj,0.9999806880950928,1
device_21_faceswap_0020.obj,0.9999798536300659,1
device_21_faceswap_0021.obj,0.9999802907307943,1
device_21_faceswap_0022.obj,0.9999812841415405,1
device_21_faceswap_0023.obj,0.9998088479042053,1
device_21_faceswap_0024.obj,0.9999790986378988,1
device_21_jitter_0000.obj,0.9999558130900065,1
device_21_jitter_0001.obj,0.9999410311381022,1
device_21_jitter_0002.obj,0.9999695618947347,1
device_21_jitter_0003.obj,0.9999813636144003,1
device_21_jitter_0004.obj,0.9999750057856241,1
device_21_jitter_0005.obj,0.9999734163284302,1
device_21_jitter_0006.obj,0.9999683300654093,1
device_21_jitter_0007.obj,0.9999488194783529,1
device_21_jitter_0008.obj,0.6717102034017444,1
device_21_jitter_0009.obj,0.9937639435132345,1
device_21_jitter_0010.obj,0.9999763568242391,1
device_21_jitter_0011.obj,0.9999764362970988,1
device_21_jitter_0012.obj,0.9999767144521078,1
device_21_jitter_0013.obj,0.9999593496322632,1
device_21_jitter_0014.obj,0.9999100963274637,1
device_21_jitter_0015.obj,0.999980092048645,1
device_21_jitter_0016.obj,0.9996981024742126,1
device_21_jitter_0017.obj,0.9999107718467712,1
device_21_jitter_0018.obj,0.9999697605768839,1
device_21_jitter_0019.obj,0.999887486298879,1
device_21_jitter_0020.obj,0.999977707862854,1
device_21_jitter_0021.obj,0.9992297490437826,1
device_21_jitter_0022.obj,0.9999730189641317,1
device_21_jitter_0023.obj,0.9999818404515585,1
device_21_jitter_0024.obj,0.9999826749165853,1
device_21_rigid_0000.obj,0.9999823172887167,1
device_21_rigid_0001.obj,0.9999823172887167,1
device_21_rigid_0002.obj,0.9999823172887167,1
device_21_rigid_0003.obj,0.9999823172887167,1
device_21_rigid_0004.obj,0.9999823172887167,1
device_21_rigid_0005.obj,0.9999823172887167,1
device_21_rigid_0006.obj,0.9999823172887167,1
device_21_rigid_0007.obj,0.9999823172887167,1
device_21_rigid_0008.obj,0.9999823172887167,1
device_21_rigid_0009.obj,0.9999823172887167,1
device_21_rigid_0010.obj,0.9999823172887167,1
device_21_rigid_0011.obj,0.9999823172887167,1
device_21_rigid_0012.obj,0.9999823172887167,1
device_21_rigid_0013.obj,0.9999823172887167,1
device_21_rigid_0014.obj,0.9999823172887167,1
device_21_rigid_0015.obj,0.9999823172887167,1
device_21_rigid_0016.obj,0.9999823172887167,1
device_21_rigid_0017.obj,0.9999823172887167,1
device_21_rigid_0018.obj,0.9999823172887167,1
device_21_rigid_0019.obj,0.9999823172887167,1
device_21_rigid_0020.obj,0.9999823172887167,1
device_21_rigid_0021.obj,0.9999823172887167,1
device_21_rigid_0022.obj,0.9999823172887167,1
device_21_rigid_0023.obj,0.9999823172887167,1
device_21_rigid_0024.obj,0.9999823172887167,1
device_21_tetwild_0000.obj,0.9999821186065674,1
device_21_tetwild_0001.obj,0.9999784628550211,1
device_21_tetwild_0002.obj,0.9999736150105795,1
device_21_tetwild_0003.obj,0.9999784231185913,1
device_21_tetwild_0004.obj,0.9999818007151285,1
device_21_tetwild_0005.obj,0.9999814033508301,1
device_21_tetwild_0006.obj,0.9999821980794271,1
device_21_tetwild_0007.obj,0.999981681505839,1
device_21_tetwild_0008.obj,0.7209070722262064,1
device_21_tetwild_0009.obj,0.9999815225601196,1
device_21_tetwild_0010.obj,0.9999822378158569,1
device_21_tetwild_0011.obj,0.9999822775522867,1
device_21_tetwild_0012.obj,0.9999797344207764,1
device_21_tetwild_0013.obj,0.9999818404515585,1
device_21_tetwild_0014.obj,0.9999808470408121,1
device_21_tetwild_0015.obj,0.9999821583429972,1
device_21_tetwild_0016.obj,0.9999794165293375,1
device_21_tetwild_0017.obj,0.999431292215983,1
device_21_tetwild_0018.obj,0.9999807675679525,1
device_21_tetwild_0019.obj,0.9998921950658163,1
device_21_tetwild_0020.obj,0.999978502591451,1
device_21_tetwild_0021.obj,0.9999785423278809,1
device_21_tetwild_0022.obj,0.9999761978785197,1
device_21_tetwild_0023.obj,0.9999791383743286,1
device_21_tetwild_0024.obj,0.9999638001124064,1
device_22_degenerate_0000.obj,0.9999821980794271,1
device_22_degenerate_0001.obj,0.9999821980794271,1
device_22_degenerate_0002.obj,0.9999821980794271,1
device_22_degenerate_0003.obj,0.9999821980794271,1
device_22_degenerate_0004.obj,0.9999821980794271,1
device_22_degenerate_0005.obj,0.9999821980794271,1
device_22_degenerate_0006.obj,0.9999821980794271,1
device_22_degenerate_0007.obj,0.9999821980794271,1
device_22_degenerate_0008.obj,0.9999821980794271,1
device_22_degenerate_0009.obj,0.9999821980794271,1
device_22_degenerate_0010.obj,0.9999821980794271,1
device_22_degenerate_0011.obj,0.9999821980794271,1
device_22_degenerate_0012.obj,0.9999821980794271,1
device_22_degenerate_0013.obj,0.9999821980794271,1
device_22_degenerate_0014.obj,0.9999821980794271,1
device_22_degenerate_0015.obj,0.9999821980794271,1
device_22_degenerate_0016.obj,0.9999821980794271,1
device_22_degenerate_0017.obj,0.9999821980794271,1
device_22_degenerate_0018.obj,0.9999821980794271,1
device_22_degenerate_0019.obj,0.9999821980794271,1
device_22_degenerate_0020.obj,0.9999821980794271,1
device_22_degenerate_0021.obj,0.9999821980794271,1
device_22_degenerate_0022.obj,0.9999821980794271,1
device_22_degenerate_0023.obj,0.9999821980794271,1
device_22_degenerate_0024.obj,0.9999821980794271,1
device_22_disconnected_0000.obj,0.9999821980794271,1
device_22_disconnected_0001.obj,0.9999821980794271,1
device_22_disconnected_0002.obj,0.9999821980794271,1
device_22_disconnected_0003.obj,0.9999821980794271,1
device_22_disconnected_0004.obj,0.9999821980794271,1
device_22_disconnected_0005.obj,0.9999821980794271,1
device_22_disconnected_0006.obj,0.9999821980794271,1
device_22_disconnected_0007.obj,0.9999821980794271,1
device_22_disconnected_0008.obj,0.9999821980794271,1
device_22_disconnected_0009.obj,0.9999821980794271,1
device_22_disconnected_0010.obj,0.9999821980794271,1
device_22_disconnected_0011.obj,0.9999821980794271,1
device_22_disconnected_0012.obj,0.9999821980794271,1
device_22_disconnected_0013.obj,0.9999821980794271,1
device_22_disconnected_0014.obj,0.9999821980794271,1
device_22_disconnected_0015.obj,0.9999821980794271,1
device_22_disconnected_0016.obj,0.9999821980794271,1
device_22_disconnected_0017.obj,0.9999821980794271,1
device_22_disconnected_0018.obj,0.9999821980794271,1
device_22_disconnected_0019.obj,0.9999821980794271,1
device_22_disconnected_0020.obj,0.9999821980794271,1
device_22_disconnected_0021.obj,0.9999821980794271,1
device_22_disconnected_0022.obj,0.9999821980794271,1
device_22_disconnected_0023.obj,0.9999821980794271,1
device_22_disconnected_0024.obj,0.9999821980794271,1
device_22_faceswap_0000.obj,0.9999812444051107,1
device_22_faceswap_0001.obj,0.999978264172872,1
device_22_faceswap_0002.obj,0.9999656279881796,1
device_22_faceswap_0003.obj,0.9999821583429972,1
device_22_faceswap_0004.obj,0.9999817212422689,1
device_22_faceswap_0005.obj,0.9999815225601196,1
device_22_faceswap_0006.obj,0.999981681505839,1
device_22_faceswap_0007.obj,0.9999815225601196,1
device_22_faceswap_0008.obj,0.9999819993972778,1
device_22_faceswap_0009.obj,0.9999783039093018,1
device_22_faceswap_0010.obj,0.9999804099400839,1
device_22_faceswap_0011.obj,0.9999810854593912,1
device_22_faceswap_0012.obj,0.9999816020329794,1
device_22_faceswap_0013.obj,0.9999809662501017,1
device_22_faceswap_0014.obj,0.9999819993972778,1
device_22_faceswap_0015.obj,0.9999815622965494,1
device_22_faceswap_0016.obj,0.9999816020329794,1
device_22_faceswap_0017.obj,0.9999759197235107,1
device_22_faceswap_0018.obj,0.9999765952428182,1
device_22_faceswap_0019.obj,0.9999809662501017,1
device_22_faceswap_0020.obj,0.9999817212422689,1
device_22_faceswap_0021.obj,0.9999822775522867,1
device_22_faceswap_0022.obj,0.9999821980794271,1
device_22_faceswap_0023.obj,0.9999008377393087,1
device_22_faceswap_0024.obj,0.9999817609786987,1
device_22_jitter_0000.obj,0.9998846848805746,1
device_22_jitter_0001.obj,0.9999820391337076,1
device_22_jitter_0002.obj,0.9999818801879883,1
device_22_jitter_0003.obj,0.9999822378158569,1
device_22_jitter_0004.obj,0.9999821583429972,1
device_22_jitter_0005.obj,0.9999810854593912,1
device_22_jitter_0006.obj,0.9999821980794271,1
device_22_jitter_0007.obj,0.9999821186065674,1
device_22_jitter_0008.obj,0.9999793767929077,1
device_22_jitter_0009.obj,0.9999818801879883,1
device_22_jitter_0010.obj,0.9999818801879883,1
device_22_jitter_0011.obj,0.9999801715215048,1
device_22_jitter_0012.obj,0.9999819199244181,1
device_22_jitter_0013.obj,0.999980648358663,1
device_22_jitter_0014.obj,0.9999815225601196,1
device_22_jitter_0015.obj,0.999981959660848,1
device_22_jitter_0016.obj,0.9999822378158569,1
device_22_jitter_0017.obj,0.9999818801879883,1
device_22_jitter_0018.obj,0.9999816020329794,1
device_22_jitter_0019.obj,0.9999818404515585,1
device_22_jitter_0020.obj,0.9999810457229614,1
device_22_jitter_0021.obj,0.9999818801879883,1
device_22_jitter_0022.obj,0.9999821980794271,1
device_22_jitter_0023.obj,0.999981959660848,1
device_22_jitter_0024.obj,0.9999822775522867,1
device_22_rigid_0000.obj,0.9999821980794271,1
device_22_rigid_0001.obj,0.9999821980794271,1
device_22_rigid_0002.obj,0.9999821980794271,1
device_22_rigid_0003.obj,0.9999821980794271,1
device_22_rigid_0004.obj,0.9999821980794271,1
device_22_rigid_0005.obj,0.9999821980794271,1
device_22_rigid_0006.obj,0.9999821980794271,1
device_22_rigid_0007.obj,0.9999821980794271,1
device_22_rigid_0008.obj,0.9999821980794271,1
device_22_rigid_0009.obj,0.9999821980794271,1
device_22_rigid_0010.obj,0.9999821980794271,1
device_22_rigid_0011.obj,0.9999821980794271,1
device_22_rigid_0012.obj,0.9999821980794271,1
device_22_rigid_0013.obj,0.9999821980794271,1
device_22_rigid_0014.obj,0.9999821980794271,1
device_22_rigid_0015.obj,0.9999821980794271,1
device_22_rigid_0016.obj,0.9999821980794271,1
device_22_rigid_0017.obj,0.9999821980794271,1
device_22_rigid_0018.obj,0.9999821980794271,1
device_22_rigid_0019.obj,0.9999821980794271,1
device_22_rigid_0020.obj,0.9999821980794271,1
device_22_rigid_0021.obj,0.9999821980794271,1
device_22_rigid_0022.obj,0.9999821980794271,1
device_22_rigid_0023.obj,0.9999821980794271,1
device_22_rigid_0024.obj,0.9999821980794271,1
device_22_tetwild_0000.obj,0.666616956802803,1
device_22_tetwild_0001.obj,0.999941349029541,1
device_22_tetwild_0002.obj,0.9877256353696188,1
device_22_tetwild_0003.obj,0.9999570449193319,1
device_22_tetwild_0004.obj,0.9996023178100586,1
device_22_tetwild_0005.obj,0.9998989701271057,1
device_22_tetwild_0006.obj,0.99995223681132,1
device_22_tetwild_0007.obj,0.9999459981918335,1
device_22_tetwild_0008.obj,0.9998438954353333,1
device_22_tetwild_0009.obj,0.9999265074729919,1
device_22_tetwild_0010.obj,0.9998736381530762,1
device_22_tetwild_0011.obj,0.9999440511067709,1
device_22_tetwild_0012.obj,0.9999380707740784,1
device_22_tetwild_0013.obj,0.9999023079872131,1
device_22_tetwild_0014.obj,0.9999375542004904,1
device_22_tetwild_0015.obj,0.9999368786811829,1
device_22_tetwild_0016.obj,0.9999452034632365,1
device_22_tetwild_0017.obj,0.999962568283081,1
device_22_tetwild_0018.obj,0.6782346852123737,1
device_22_tetwild_0019.obj,0.9998586376508077,1
device_22_tetwild_0020.obj,0.945874015490214,1
device_22_tetwild_0021.obj,0.9998872876167297,1
device_22_tetwild_0022.obj,0.9997825225194296,1
device_22_tetwild_0023.obj,0.9999553362528483,1
device_22_tetwild_0024.obj,0.9770054419835409,1
device_23_degenerate_0000.obj,0.9999794165293375,1
device_23_degenerate_0001.obj,0.9999794165293375,1
device_23_degenerate_0002.obj,0.9999794165293375,1
device_23_degenerate_0003.obj,0.9999794165293375,1
device_23_degenerate_0004.obj,0.9999794165293375,1
device_23_degenerate_0005.obj,0.9999794165293375,1
device_23_degenerate_0006.obj,0.9999794165293375,1
device_23_degenerate_0007.obj,0.9999794165293375,1
device_23_degenerate_0008.obj,0.9999794165293375,1
device_23_degenerate_0009.obj,0.9999794165293375,1
device_23_degenerate_0010.obj,0.9999794165293375,1
device_23_degenerate_0011.obj,0.9999794165293375,1
device_23_degenerate_0012.obj,0.9999794165293375,1
device_23_degenerate_0013.obj,0.9999794165293375,1
device_23_degenerate_0014.obj,0.9999794165293375,1
device_23_degenerate_0015.obj,0.9999794165293375,1
device_23_degenerate_0016.obj,0.9999794165293375,1
device_23_degenerate_0017.obj,0.9999794165293375,1
device_23_degenerate_0018.obj,0.9999794165293375,1
device_23_degenerate_0019.obj,0.9999794165293375,1
device_23_degenerate_0020.obj,0.9999794165293375,1
device_23_degenerate_0021.obj,0.9999794165293375,1
device_23_degenerate_0022.obj,0.9999794165293375,1
device_23_degenerate_0023.obj,0.9999794165293375,1
device_23_degenerate_0024.obj,0.9999794165293375,1
device_23_disconnected_0000.obj,0.9999794165293375,1
device_23_disconnected_0001.obj,0.9999794165293375,1
device_23_disconnected_0002.obj,0.9999794165293375,1
device_23_disconnected_0003.obj,0.9999794165293375,1
device_23_disconnected_0004.obj,0.9999794165293375,1
device_23_disconnected_0005.obj,0.9999794165293375,1
device_23_disconnected_0006.obj,0.9999794165293375,1
device_23_disconnected_0007.obj,0.9999794165293375,1
device_23_disconnected_0008.obj,0.9999794165293375,1
device_23_disconnected_0009.obj,0.9999794165293375,1
device_23_disconnected_0010.obj,0.9999794165293375,1
device_23_disconnected_0011.obj,0.9999794165293375,1
device_23_disconnected_0012.obj,0.9999794165293375,1
device_23_disconnected_0013.obj,0.9999794165293375,1
device_23_disconnected_0014.obj,0.9999794165293375,1
device_23_disconnected_0015.obj,0.9999794165293375,1
device_23_disconnected_0016.obj,0.9999794165293375,1
device_23_disconnected_0017.obj,0.9999794165293375,1
device_23_disconnected_0018.obj,0.9999794165293375,1
device_23_disconnected_0019.obj,0.9999794165293375,1
device_23_disconnected_0020.obj,0.9999794165293375,1
device_23_disconnected_0021.obj,0.9999799331029257,1
device_23_disconnected_0022.obj,0.9999794165293375,1
device_23_disconnected_0023.obj,0.9999794165293375,1
device_23_disconnected_0024.obj,0.9999794165293375,1
device_23_faceswap_0000.obj,0.9999779462814331,1
device_23_faceswap_0001.obj,0.9999777475992838,1
device_23_faceswap_0002.obj,0.9999543825785319,1
device_23_faceswap_0003.obj,0.9998923540115356,1
device_23_faceswap_0004.obj,0.9999666213989258,1
device_23_faceswap_0005.obj,0.9971656004587809,1
device_23_faceswap_0006.obj,0.9998884399731954,1
device_23_faceswap_0007.obj,0.9999770720799764,1
device_23_faceswap_0008.obj,0.9999696413675944,1
device_23_faceswap_0009.obj,0.9999674956003824,1
device_23_faceswap_0010.obj,0.9999768733978271,1
device_23_faceswap_0011.obj,0.9999783436457316,1
device_23_faceswap_0012.obj,0.9999781052271525,1
device_23_faceswap_0013.obj,0.9999725023905436,1
device_23_faceswap_0014.obj,0.9999775091807047,1
device_23_faceswap_0015.obj,0.9999791781107584,1
device_23_faceswap_0016.obj,0.9999500115712484,1
device_23_faceswap_0017.obj,0.9999753634134928,1
device_23_faceswap_0018.obj,0.9999767541885376,1
device_23_faceswap_0019.obj,0.999952475229899,1
device_23_faceswap_0020.obj,0.9999767939249674,1
device_23_faceswap_0021.obj,0.9999681313832601,1
device_23_faceswap_0022.obj,0.9999740918477377,1
device_23_faceswap_0023.obj,0.9999457200368246,1
device_23_faceswap_0024.obj,0.9999715884526571,1
device_23_jitter_0000.obj,0.9999788999557495,1
device_23_jitter_0001.obj,0.9999790589014689,1
device_23_jitter_0002.obj,0.9999725421269735,1
device_23_jitter_0003.obj,0.9999733765920004,1
device_23_jitter_0004.obj,0.9999791383743286,1
device_23_jitter_0005.obj,0.9999779065450033,1
device_23_jitter_0006.obj,0.9999794562657675,1
device_23_jitter_0007.obj,0.9999790589014689,1
device_23_jitter_0008.obj,0.9999776283899943,1
device_23_jitter_0009.obj,0.9999735355377197,1
device_23_jitter_0010.obj,0.9999784628550211,1
device_23_jitter_0011.obj,0.9999770720799764,1
device_23_jitter_0012.obj,0.9999504884084066,1
device_23_jitter_0013.obj,0.9999784231185913,1
device_23_jitter_0014.obj,0.9999775091807047,1
device_23_jitter_0015.obj,0.9999785820643107,1
device_23_jitter_0016.obj,0.9999792178471884,1
device_23_jitter_0017.obj,0.999976913134257,1
device_23_jitter_0018.obj,0.9999703566233317,1
device_23_jitter_0019.obj,0.999978502591451,1
device_23_jitter_0020.obj,0.9999460379282633,1
device_23_jitter_0021.obj,0.9999791781107584,1
device_23_jitter_0022.obj,0.9999790191650391,1
device_23_jitter_0023.obj,0.9999721050262451,1
device_23_jitter_0024.obj,0.9999744097391764,1
device_23_rigid_0000.obj,0.9999794165293375,1
device_23_rigid_0001.obj,0.9999794165293375,1
device_23_rigid_0002.obj,0.9999794165293375,1
device_23_rigid_0003.obj,0.9999794165293375,1
device_23_rigid_0004.obj,0.9999794165293375,1
device_23_rigid_0005.obj,0.9999794165293375,1
device_23_rigid_0006.obj,0.9999794165293375,1
device_23_rigid_0007.obj,0.9999794165293375,1
device_23_rigid_0008.obj,0.9999794165293375,1
device_23_rigid_0009.obj,0.9999794165293375,1
device_23_rigid_0010.obj,0.9999794165293375,1
device_23_rigid_0011.obj,0.9999794165293375,1
device_23_rigid_0012.obj,0.9999794165293375,1
device_23_rigid_0013.obj,0.9999794165293375,1
device_23_rigid_0014.obj,0.9999794165293375,1
device_23_rigid_0015.obj,0.9999794165293375,1
device_23_rigid_0016.obj,0.9999794165293375,1
device_23_rigid_0017.obj,0.9999794165293375,1
device_23_rigid_0018.obj,0.9999794165293375,1
device_23_rigid_0019.obj,0.9999794165293375,1
device_23_rigid_0020.obj,0.9999794165293375,1
device_23_rigid_0021.obj,0.9999794165293375,1
device_23_rigid_0022.obj,0.9999794165293375,1
device_23_rigid_0023.obj,0.9999794165293375,1
device_23_rigid_0024.obj,0.9999794165293375,1
device_23_tetwild_0000.obj,0.9999787410100301,1
device_23_tetwild_0001.obj,0.9999733765920004,1
device_23_tetwild_0002.obj,0.9999673366546631,1
device_23_tetwild_0003.obj,0.9999188383420309,1
device_23_tetwild_0004.obj,0.9999789396921793,1
device_23_tetwild_0005.obj,0.999969482421875,1
device_23_tetwild_0006.obj,0.9999380111694336,1
device_23_tetwild_0007.obj,0.99997878074646,1
device_23_tetwild_0008.obj,0.9999523162841797,1
device_23_tetwild_0009.obj,0.9999669392903646,1
device_23_tetwild_0010.obj,0.9999790986378988,1
device_23_tetwild_0011.obj,0.9999792178471884,1
device_23_tetwild_0012.obj,0.9999757210413615,1
device_23_tetwild_0013.obj,0.999977191289266,1
device_23_tetwild_0014.obj,0.9999790589014689,1
device_23_tetwild_0015.obj,0.9999783436457316,1
device_23_tetwild_0016.obj,0.9999767541885376,1
device_23_tetwild_0017.obj,0.9997508923212687,1
device_23_tetwild_0018.obj,0.9999725023905436,1
device_23_tetwild_0019.obj,0.9999759991963705,1
device_23_tetwild_0020.obj,0.9999790191650391,1
device_23_tetwild_0021.obj,0.999974250793457,1
device_23_tetwild_0022.obj,0.9999784231185913,1
device_23_tetwild_0023.obj,0.9999736547470093,1
device_23_tetwild_0024.obj,0.9999769926071167,1
device_24_degenerate_0000.obj,0.9999924103418986,1
device_24_degenerate_0001.obj,0.9999924103418986,1
device_24_degenerate_0002.obj,0.9999924103418986,1
device_24_degenerate_0003.obj,0.9999924103418986,1
device_24_degenerate_0004.obj,0.9999924103418986,1
device_24_degenerate_0005.obj,0.9999924103418986,1
device_24_degenerate_0006.obj,0.9999924103418986,1
device_24_degenerate_0007.obj,0.9999924103418986,1
device_24_degenerate_0008.obj,0.9999924103418986,1
device_24_degenerate_0009.obj,0.9999924103418986,1
device_24_degenerate_0010.obj,0.9999924103418986,1
device_24_degenerate_0011.obj,0.9999924103418986,1
device_24_degenerate_0012.obj,0.9999924103418986,1
device_24_degenerate_0013.obj,0.9999924103418986,1
device_24_degenerate_0014.obj,0.9999924103418986,1
device_24_degenerate_0015.obj,0.9999924103418986,1
device_24_degenerate_0016.obj,0.9999924103418986,1
device_24_degenerate_0017.obj,0.9999924103418986,1
device_24_degenerate_0018.obj,0.9999924103418986,1
device_24_degenerate_0019.obj,0.9999924103418986,1
device_24_degenerate_0020.obj,0.9999924103418986,1
device_24_degenerate_0021.obj,0.9999924103418986,1
device_24_degenerate_0022.obj,0.9999924103418986,1
device_24_degenerate_0023.obj,0.9999924103418986,1
device_24_degenerate_0024.obj,0.9999924103418986,1
device_24_disconnected_0000.obj,0.9999924103418986,1
device_24_disconnected_0001.obj,0.9999924103418986,1
device_24_disconnected_0002.obj,0.9999924103418986,1
device_24_disconnected_0003.obj,0.9999924103418986,1
device_24_disconnected_0004.obj,0.9999924103418986,1
device_24_disconnected_0005.obj,0.9999924103418986,1
device_24_disconnected_0006.obj,0.9999924103418986,1
device_24_disconnected_0007.obj,0.9999924103418986,1
device_24_disconnected_0008.obj,0.9999924103418986,1
device_24_disconnected_0009.obj,0.9999924103418986,1
device_24_disconnected_0010.obj,0.9999924103418986,1
device_24_disconnected_0011.obj,0.9999924103418986,1
device_24_disconnected_0012.obj,0.9999924103418986,1
device_24_disconnected_0013.obj,0.9999924103418986,1
device_24_disconnected_0014.obj,0.9999924103418986,1
device_24_disconnected_0015.obj,0.9999924103418986,1
device_24_disconnected_0016.obj,0.9999924103418986,1
device_24_disconnected_0017.obj,0.9999924103418986,1
device_24_disconnected_0018.obj,0.9999924103418986,1
device_24_disconnected_0019.obj,0.9999924103418986,1
device_24_disconnected_0020.obj,0.9999924103418986,1
device_24_disconnected_0021.obj,0.9999924103418986,1
device_24_disconnected_0022.obj,0.9999924103418986,1
device_24_disconnected_0023.obj,0.9999924103418986,1
device_24_disconnected_0024.obj,0.9999924103418986,1
device_24_faceswap_0000.obj,0.9999919335047404,1
device_24_faceswap_0001.obj,0.999992291132609,1
device_24_faceswap_0002.obj,0.999992291132609,1
device_24_faceswap_0003.obj,0.9999920527140299,1
device_24_faceswap_0004.obj,0.9999921719233195,1
device_24_faceswap_0005.obj,0.9999918540318807,1
device_24_faceswap_0006.obj,0.9999920129776001,1
device_24_faceswap_0007.obj,0.9999907811482748,1
device_24_faceswap_0008.obj,0.9999907811482748,1
device_24_faceswap_0009.obj,0.9999921321868896,1
device_24_faceswap_0010.obj,0.999991774559021,1
device_24_faceswap_0011.obj,0.9999919732411703,1
device_24_faceswap_0012.obj,0.9999922116597494,1
device_24_faceswap_0013.obj,0.9999889532725016,1
device_24_faceswap_0014.obj,0.9999920129776001,1
device_24_faceswap_0015.obj,0.9999892314275106,1
device_24_faceswap_0016.obj,0.9999919335047404,1
device_24_faceswap_0017.obj,0.9999920129776001,1
device_24_faceswap_0018.obj,0.9999921719233195,1
device_24_faceswap_0019.obj,0.999991257985433,1
device_24_faceswap_0020.obj,0.9999921719233195,1
device_24_faceswap_0021.obj,0.9999923706054688,1
device_24_faceswap_0022.obj,0.9999923308690389,1
device_24_faceswap_0023.obj,0.999992291132609,1
device_24_faceswap_0024.obj,0.9999838670094808,1
device_24_jitter_0000.obj,0.9999918540318807,1
device_24_jitter_0001.obj,0.9999916553497314,1
device_24_jitter_0002.obj,0.9999919335047404,1
device_24_jitter_0003.obj,0.9999921321868896,1
device_24_jitter_0004.obj,0.9999907414118449,1
device_24_jitter_0005.obj,0.9999914964040121,1
device_24_jitter_0006.obj,0.9999893506368002,1
device_24_jitter_0007.obj,0.9999922513961792,1
device_24_jitter_0008.obj,0.9999922116597494,1
device_24_jitter_0009.obj,0.9999910990397135,1
device_24_jitter_0010.obj,0.9999914566675822,1
device_24_jitter_0011.obj,0.9999912977218628,1
device_24_jitter_0012.obj,0.9999919732411703,1
device_24_jitter_0013.obj,0.9999907414118449,1
device_24_jitter_0014.obj,0.9999919732411703,1
device_24_jitter_0015.obj,0.9999920924504598,1
device_24_jitter_0016.obj,0.9999920924504598,1
device_24_jitter_0017.obj,0.9999922513961792,1
device_24_jitter_0018.obj,0.9999916553497314,1
device_24_jitter_0019.obj,0.9999919732411703,1
device_24_jitter_0020.obj,0.9999910195668539,1
device_24_jitter_0021.obj,0.9999922513961792,1
device_24_jitter_0022.obj,0.9999922116597494,1
device_24_jitter_0023.obj,0.9999920527140299,1
device_24_jitter_0024.obj,0.9999918540318807,1
device_24_rigid_0000.obj,0.9999924103418986,1
device_24_rigid_0001.obj,0.9999924103418986,1
device_24_rigid_0002.obj,0.9999924103418986,1
device_24_rigid_0003.obj,0.9999924103418986,1
device_24_rigid_0004.obj,0.9999924103418986,1
device_24_rigid_0005.obj,0.9999924103418986,1
device_24_rigid_0006.obj,0.9999924103418986,1
device_24_rigid_0007.obj,0.9999924103418986,1
device_24_rigid_0008.obj,0.9999924103418986,1
device_24_rigid_0009.obj,0.9999924103418986,1
device_24_rigid_0010.obj,0.9999924103418986,1
device_24_rigid_0011.obj,0.9999924103418986,1
device_24_rigid_0012.obj,0.9999924103418986,1
device_24_rigid_0013.obj,0.9999924103418986,1
device_24_rigid_0014.obj,0.9999924103418986,1
device_24_rigid_0015.obj,0.9999924103418986,1
device_24_rigid_0016.obj,0.9999924103418986,1
device_24_rigid_0017.obj,0.9999924103418986,1
device_24_rigid_0018.obj,0.9999924103418986,1
device_24_rigid_0019.obj,0.9999924103418986,1
device_24_rigid_0020.obj,0.9999924103418986,1
device_24_rigid_0021.obj,0.9999924103418986,1
device_24_rigid_0022.obj,0.9999924103418986,1
device_24_rigid_0023.obj,0.9999924103418986,1
device_24_rigid_0024.obj,0.9999924103418986,1
device_24_tetwild_0000.obj,0.9999920527140299,1
device_24_tetwild_0001.obj,0.9999921321868896,1
device_24_tetwild_0002.obj,0.9999922513961792,1
device_24_tetwild_0003.obj,0.9999916553497314,1
device_24_tetwild_0004.obj,0.9999913374582926,1
device_24_tetwild_0005.obj,0.9999919732411703,1
device_24_tetwild_0006.obj,0.9999922513961792,1
device_24_tetwild_0007.obj,0.9999918937683105,1
device_24_tetwild_0008.obj,0.9999921719233195,1
device_24_tetwild_0009.obj,0.9999918937683105,1
device_24_tetwild_0010.obj,0.999992291132609,1
device_24_tetwild_0011.obj,0.9999922513961792,1
device_24_tetwild_0012.obj,0.9999921321868896,1
device_24_tetwild_0013.obj,0.9999916553497314,1
device_24_tetwild_0014.obj,0.9999919335047404,1
device_24_tetwild_0015.obj,0.9999918937683105,1
device_24_tetwild_0016.obj,0.999992291132609,1
device_24_tetwild_0017.obj,0.999992291132609,1
device_24_tetwild_0018.obj,0.9999911387761434,1
device_24_tetwild_0019.obj,0.9999921719233195,1
device_24_tetwild_0020.obj,0.999992291132609,1
device_24_tetwild_0021.obj,0.9999910990397135,1
device_24_tetwild_0022.obj,0.9999919732411703,1
device_24_tetwild_0023.obj,0.9999921321868896,1
device_24_tetwild_0024.obj,0.9999922116597494,1
device_25_degenerate_0000.obj,0.9999895493189493,1
device_25_degenerate_0001.obj,0.9999895493189493,1
device_25_degenerate_0002.obj,0.9999895493189493,1
device_25_degenerate_0003.obj,0.9999895493189493,1
device_25_degenerate_0004.obj,0.9999895493189493,1
device_25_degenerate_0005.obj,0.9999895493189493,1
device_25_degenerate_0006.obj,0.9999895493189493,1
device_25_degenerate_0007.obj,0.9999895493189493,1
device_25_degenerate_0008.obj,0.9999895493189493,1
device_25_degenerate_0009.obj,0.9999895493189493,1
device_25_degenerate_0010.obj,0.9999895493189493,1
device_25_degenerate_0011.obj,0.9999895493189493,1
device_25_degenerate_0012.obj,0.9999895493189493,1
device_25_degenerate_0013.obj,0.9999895493189493,1
device_25_degenerate_0014.obj,0.9999895493189493,1
device_25_degenerate_0015.obj,0.9999895493189493,1
device_25_degenerate_0016.obj,0.9999895493189493,1
device_25_degenerate_0017.obj,0.9999895493189493,1
device_25_degenerate_0018.obj,0.9999895493189493,1
device_25_degenerate_0019.obj,0.9999895493189493,1
device_25_degenerate_0020.obj,0.9999895493189493,1
device_25_degenerate_0021.obj,0.9999895493189493,1
device_25_degenerate_0022.obj,0.9999895493189493,1
device_25_degenerate_0023.obj,0.9999895493189493,1
device_25_degenerate_0024.obj,0.9999895493189493,1
device_25_disconnected_0000.obj,0.9999895493189493,1
device_25_disconnected_0001.obj,0.9999895493189493,1
device_25_disconnected_0002.obj,0.9999895493189493,1
device_25_disconnected_0003.obj,0.9999895493189493,1
device_25_disconnected_0004.obj,0.9999895493189493,1
device_25_disconnected_0005.obj,0.9999895493189493,1
device_25_disconnected_0006.obj,0.9999895493189493,1
device_25_disconnected_0007.obj,0.9999895493189493,1
device_25_disconnected_0008.obj,0.9999895493189493,1
device_25_disconnected_0009.obj,0.9999895493189493,1
device_25_disconnected_0010.obj,0.9999895493189493,1
device_25_disconnected_0011.obj,0.9999895493189493,1
device_25_disconnected_0012.obj,0.9999895493189493,1
device_25_disconnected_0013.obj,0.9999895493189493,1
device_25_disconnected_0014.obj,0.9999895493189493,1
device_25_disconnected_0015.obj,0.9999895493189493,1
device_25_disconnected_0016.obj,0.9999895493189493,1
device_25_disconnected_0017.obj,0.9999895493189493,1
device_25_disconnected_0018.obj,0.9999895493189493,1
device_25_disconnected_0019.obj,0.9999895493189493,1
device_25_disconnected_0020.obj,0.9999895493189493,1
device_25_disconnected_0021.obj,0.9999895493189493,1
device_25_disconnected_0022.obj,0.9999895493189493,1
device_25_disconnected_0023.obj,0.9999895493189493,1
device_25_disconnected_0024.obj,0.9999895493189493,1
device_25_faceswap_0000.obj,0.9999894301096598,1
device_25_faceswap_0001.obj,0.9999889930089315,1
device_25_faceswap_0002.obj,0.9999891916910807,1
device_25_faceswap_0003.obj,0.9999891122182211,1
device_25_faceswap_0004.obj,0.9999895095825195,1
device_25_faceswap_0005.obj,0.9999887943267822,1
device_25_faceswap_0006.obj,0.9999894698460897,1
device_25_faceswap_0007.obj,0.9999893109003702,1
device_25_faceswap_0008.obj,0.9999872446060181,1
device_25_faceswap_0009.obj,0.9999892314275106,1
device_25_faceswap_0010.obj,0.9999885161717733,1
device_25_faceswap_0011.obj,0.9999885956446329,1
device_25_faceswap_0012.obj,0.9999892314275106,1
device_25_faceswap_0013.obj,0.9999882777531942,1
device_25_faceswap_0014.obj,0.9999889930089315,1
device_25_faceswap_0015.obj,0.9999893109003702,1
device_25_faceswap_0016.obj,0.9999891519546509,1
device_25_faceswap_0017.obj,0.9999895095825195,1
device_25_faceswap_0018.obj,0.9999889930089315,1
device_25_faceswap_0019.obj,0.9999885956446329,1
device_25_faceswap_0020.obj,0.9999869664510092,1
device_25_faceswap_0021.obj,0.9999891519546509,1
device_25_faceswap_0022.obj,0.9999895890553793,1
device_25_faceswap_0023.obj,0.9999895095825195,1
device_25_faceswap_0024.obj,0.9999892314275106,1
device_25_jitter_0000.obj,0.9999895493189493,1
device_25_jitter_0001.obj,0.9999893506368002,1
device_25_jitter_0002.obj,0.9999892314275106,1
device_25_jitter_0003.obj,0.9999891916910807,1
device_25_jitter_0004.obj,0.9999893109003702,1
device_25_jitter_0005.obj,0.99998939037323,1
device_25_jitter_0006.obj,0.9999895493189493,1
device_25_jitter_0007.obj,0.9999894301096598,1
device_25_jitter_0008.obj,0.9999893506368002,1
device_25_jitter_0009.obj,0.9999895493189493,1
device_25_jitter_0010.obj,0.9999891519546509,1
device_25_jitter_0011.obj,0.99998939037323,1
device_25_jitter_0012.obj,0.9999893506368002,1
device_25_jitter_0013.obj,0.9999895095825195,1
device_25_jitter_0014.obj,0.9999894698460897,1
device_25_jitter_0015.obj,0.9999895095825195,1
device_25_jitter_0016.obj,0.9999895493189493,1
device_25_jitter_0017.obj,0.9999894301096598,1
device_25_jitter_0018.obj,0.9999890327453613,1
device_25_jitter_0019.obj,0.9999895890553793,1
device_25_jitter_0020.obj,0.999988834063212,1
device_25_jitter_0021.obj,0.9999891519546509,1
device_25_jitter_0022.obj,0.9999894301096598,1
device_25_jitter_0023.obj,0.9999893506368002,1
device_25_jitter_0024.obj,0.9999882380167643,1
device_25_rigid_0000.obj,0.9999895493189493,1
device_25_rigid_0001.obj,0.9999895493189493,1
device_25_rigid_0002.obj,0.9999895493189493,1
device_25_rigid_0003.obj,0.9999895493189493,1
device_25_rigid_0004.obj,0.9999895493189493,1
device_25_rigid_0005.obj,0.9999895493189493,1
device_25_rigid_0006.obj,0.9999895493189493,1
device_25_rigid_0007.obj,0.9999895493189493,1
device_25_rigid_0008.obj,0.9999895493189493,1
device_25_rigid_0009.obj,0.9999895493189493,1
device_25_rigid_0010.obj,0.9999895493189493,1
device_25_rigid_0011.obj,0.9999895493189493,1
device_25_rigid_0012.obj,0.9999895493189493,1
device_25_rigid_0013.obj,0.9999895493189493,1
device_25_rigid_0014.obj,0.9999895493189493,1
device_25_rigid_0015.obj,0.9999895493189493,1
device_25_rigid_0016.obj,0.9999895493189493,1
device_25_rigid_0017.obj,0.9999895493189493,1
device_25_rigid_0018.obj,0.9999895493189493,1
device_25_rigid_0019.obj,0.9999895493189493,1
device_25_rigid_0020.obj,0.9999895493189493,1
device_25_rigid_0021.obj,0.9999895493189493,1
device_25_rigid_0022.obj,0.9999895493189493,1
device_25_rigid_0023.obj,0.9999895493189493,1
device_25_rigid_0024.obj,0.9999895493189493,1
device_25_tetwild_0000.obj,0.9999895493189493,1
device_25_tetwild_0001.obj,0.9999895493189493,1
device_25_tetwild_0002.obj,0.9999873240788778,1
device_25_tetwild_0003.obj,0.9999894301096598,1
device_25_tetwild_0004.obj,0.9999895493189493,1
device_25_tetwild_0005.obj,0.9999892314275106,1
device_25_tetwild_0006.obj,0.999988873799642,1
device_25_tetwild_0007.obj,0.9999895095825195,1
device_25_tetwild_0008.obj,0.9999895890553793,1
device_25_tetwild_0009.obj,0.9999892711639404,1
device_25_tetwild_0010.obj,0.9999895095825195,1
device_25_tetwild_0011.obj,0.9999895493189493,1
device_25_tetwild_0012.obj,0.9999895095825195,1
device_25_tetwild_0013.obj,0.9999895890553793,1
device_25_tetwild_0014.obj,0.9999896287918091,1
device_25_tetwild_0015.obj,0.9999893109003702,1
device_25_tetwild_0016.obj,0.9999894301096598,1
device_25_tetwild_0017.obj,0.9999886353810629,1
device_25_tetwild_0018.obj,0.9999895095825195,1
device_25_tetwild_0019.obj,0.9999895095825195,1
device_25_tetwild_0020.obj,0.9999880790710449,1
device_25_tetwild_0021.obj,0.9999892711639404,1
device_25_tetwild_0022.obj,0.9999891916910807,1
device_25_tetwild_0023.obj,0.9999895493189493,1
device_25_tetwild_0024.obj,0.9999894301096598,1
device_26_degenerate_0000.obj,0.9999922116597494,1
device_26_degenerate_0001.obj,0.9999922116597494,1
device_26_degenerate_0002.obj,0.9999922116597494,1
device_26_degenerate_0003.obj,0.9999922116597494,1
device_26_degenerate_0004.obj,0.9999922116597494,1
device_26_degenerate_0005.obj,0.9999922116597494,1
device_26_degenerate_0006.obj,0.9999922116597494,1
device_26_degenerate_0007.obj,0.9999922116597494,1
device_26_degenerate_0008.obj,0.9999922116597494,1
device_26_degenerate_0009.obj,0.9999922116597494,1
device_26_degenerate_0010.obj,0.9999922116597494,1
device_26_degenerate_0011.obj,0.9999922116597494,1
device_26_degenerate_0012.obj,0.9999922116597494,1
device_26_degenerate_0013.obj,0.9999922116597494,1
device_26_degenerate_0014.obj,0.9999922116597494,1
device_26_degenerate_0015.obj,0.9999922116597494,1
device_26_degenerate_0016.obj,0.9999922116597494,1
device_26_degenerate_0017.obj,0.9999922116597494,1
device_26_degenerate_0018.obj,0.9999922116597494,1
device_26_degenerate_0019.obj,0.9999922116597494,1
device_26_degenerate_0020.obj,0.9999922116597494,1
device_26_degenerate_0021.obj,0.9999922116597494,1
device_26_degenerate_0022.obj,0.9999922116597494,1
device_26_degenerate_0023.obj,0.9999922116597494,1
device_26_degenerate_0024.obj,0.9999922116597494,1
device_26_disconnected_0000.obj,0.9999922116597494,1
device_26_disconnected_0001.obj,0.9999922116597494,1
device_26_disconnected_0002.obj,0.9999922116597494,1
device_26_disconnected_0003.obj,0.9999922116597494,1
device_26_disconnected_0004.obj,0.9999922116597494,1
device_26_disconnected_0005.obj,0.9999922116597494,1
device_26_disconnected_0006.obj,0.9999922116597494,1
device_26_disconnected_0007.obj,0.9999922116597494,1
device_26_disconnected_0008.obj,0.9999922116597494,1
device_26_disconnected_0009.obj,0.9999922116597494,1
device_26_disconnected_0010.obj,0.9999922116597494,1
device_26_disconnected_0011.obj,0.9999922116597494,1
device_26_disconnected_0012.obj,0.9999922116597494,1
device_26_disconnected_0013.obj,0.9999922116597494,1
device_26_disconnected_0014.obj,0.9999922116597494,1
device_26_disconnected_0015.obj,0.9999922116597494,1
device_26_disconnected_0016.obj,0.9999922116597494,1
device_26_disconnected_0017.obj,0.9999922116597494,1
device_26_disconnected_0018.obj,0.9999922116597494,1
device_26_disconnected_0019.obj,0.9999922116597494,1
device_26_disconnected_0020.obj,0.9999922116597494,1
device_26_disconnected_0021.obj,0.9999922116597494,1
device_26_disconnected_0022.obj,0.9999922116597494,1
device_26_disconnected_0023.obj,0.9999922116597494,1
device_26_disconnected_0024.obj,0.9999922116597494,1
device_26_faceswap_0000.obj,0.9999905029932658,1
device_26_faceswap_0001.obj,0.9999898672103882,1
device_26_faceswap_0002.obj,0.9999824364980062,1
device_26_faceswap_0003.obj,0.9999895493189493,1
device_26_faceswap_0004.obj,0.9999747276306152,1
device_26_faceswap_0005.obj,0.99994424978892,1
device_26_faceswap_0006.obj,0.9999833504358927,1
device_26_faceswap_0007.obj,0.9998457431793213,1
device_26_faceswap_0008.obj,0.9999865690867106,1
device_26_faceswap_0009.obj,0.9999904235204061,1
device_26_faceswap_0010.obj,0.9999903837839762,1
device_26_faceswap_0011.obj,0.9999894301096598,1
device_26_faceswap_0012.obj,0.9999904632568359,1
device_26_faceswap_0013.obj,0.9999823570251465,1
device_26_faceswap_0014.obj,0.9999850988388062,1
device_26_faceswap_0015.obj,0.9996439615885416,1
device_26_faceswap_0016.obj,0.9999915361404419,1
device_26_faceswap_0017.obj,0.9999898274739584,1
device_26_faceswap_0018.obj,0.9999464352925619,1
device_26_faceswap_0019.obj,0.9999599854151408,1
device_26_faceswap_0020.obj,0.9999772310256958,1
device_26_faceswap_0021.obj,0.9999874432881674,1
device_26_faceswap_0022.obj,0.9999894301096598,1
device_26_faceswap_0023.obj,0.9996517300605774,1
device_26_faceswap_0024.obj,0.9999875624974569,1
device_26_jitter_0000.obj,0.999991257985433,1
device_26_jitter_0001.obj,0.9999913771947225,1
device_26_jitter_0002.obj,0.999991218249003,1
device_26_jitter_0003.obj,0.9999891519546509,1
device_26_jitter_0004.obj,0.9999917348225912,1
device_26_jitter_0005.obj,0.9999895493189493,1
device_26_jitter_0006.obj,0.9999910195668539,1
device_26_jitter_0007.obj,0.9999877214431763,1
device_26_jitter_0008.obj,0.9999906619389852,1
device_26_jitter_0009.obj,0.9999907811482748,1
device_26_jitter_0010.obj,0.9999895493189493,1
device_26_jitter_0011.obj,0.9999914566675822,1
device_26_jitter_0012.obj,0.9999903043111166,1
device_26_jitter_0013.obj,0.9999847809473673,1
device_26_jitter_0014.obj,0.9999916156133016,1
device_26_jitter_0015.obj,0.9999911387761434,1
device_26_jitter_0016.obj,0.9999904235204061,1
device_26_jitter_0017.obj,0.9999903043111166,1
device_26_jitter_0018.obj,0.9999908208847046,1
device_26_jitter_0019.obj,0.9999855756759644,1
device_26_jitter_0020.obj,0.9999918937683105,1
device_26_jitter_0021.obj,0.999990979830424,1
device_26_jitter_0022.obj,0.9999863306681315,1
device_26_jitter_0023.obj,0.9999914964040121,1
device_26_jitter_0024.obj,0.9999918142954508,1
device_26_rigid_0000.obj,0.9999922116597494,1
device_26_rigid_0001.obj,0.9999922116597494,1
device_26_rigid_0002.obj,0.9999922116597494,1
device_26_rigid_0003.obj,0.9999922116597494,1
device_26_rigid_0004.obj,0.9999922116597494,1
device_26_rigid_0005.obj,0.9999922116597494,1
device_26_rigid_0006.obj,0.9999922116597494,1
device_26_rigid_0007.obj,0.9999922116597494,1
device_26_rigid_0008.obj,0.9999922116597494,1
device_26_rigid_0009.obj,0.9999922116597494,1
device_26_rigid_0010.obj,0.9999922116597494,1
device_26_rigid_0011.obj,0.9999922116597494,1
device_26_rigid_0012.obj,0.9999922116597494,1
device_26_rigid_0013.obj,0.9999922116597494,1
device_26_rigid_0014.obj,0.9999922116597494,1
device_26_rigid_0015.obj,0.9999922116597494,1
device_26_rigid_0016.obj,0.9999922116597494,1
device_26_rigid_0017.obj,0.9999922116597494,1
device_26_rigid_0018.obj,0.9999922116597494,1
device_26_rigid_0019.obj,0.9999922116597494,1
device_26_rigid_0020.obj,0.9999922116597494,1
device_26_rigid_0021.obj,0.9999922116597494,1
device_26_rigid_0022.obj,0.9999922116597494,1
device_26_rigid_0023.obj,0.9999922116597494,1
device_26_rigid_0024.obj,0.9999922116597494,1
device_26_tetwild_0000.obj,0.9999885559082031,1
device_26_tetwild_0001.obj,0.9999550978342692,1
device_26_tetwild_0002.obj,0.9999502499898275,1
device_26_tetwild_0003.obj,0.9999887545903524,1
device_26_tetwild_0004.obj,0.9999774694442749,1
device_26_tetwild_0005.obj,0.9999886751174927,1
device_26_tetwild_0006.obj,0.9999451239903768,1
device_26_tetwild_0007.obj,0.998509426911672,1
device_26_tetwild_0008.obj,0.9999891519546509,1
device_26_tetwild_0009.obj,0.999910851319631,1
device_26_tetwild_0010.obj,0.9999382098515829,1
device_26_tetwild_0011.obj,0.9999832709630331,1
device_26_tetwild_0012.obj,0.9999261895815531,1
device_26_tetwild_0013.obj,0.9999909003575643,1
device_26_tetwild_0014.obj,0.9999887545903524,1
device_26_tetwild_0015.obj,0.9999850193659464,1
device_26_tetwild_0016.obj,0.9998437166213989,1
device_26_tetwild_0017.obj,0.9988047083218893,1
device_26_tetwild_0018.obj,0.9924007852872213,1
device_26_tetwild_0019.obj,0.999926765759786,1
device_26_tetwild_0020.obj,0.9999890724817911,1
device_26_tetwild_0021.obj,0.9999438921610514,1
device_26_tetwild_0022.obj,0.999979297320048,1
device_26_tetwild_0023.obj,0.9999833504358927,1
device_27_degenerate_0000.obj,0.9999034206072489,1
device_27_degenerate_0001.obj,0.9999034206072489,1
device_27_degenerate_0002.obj,0.9999034206072489,1
device_27_degenerate_0003.obj,0.9999034206072489,1
device_27_degenerate_0004.obj,0.9999034206072489,1
device_27_degenerate_0005.obj,0.9999034206072489,1
device_27_degenerate_0006.obj,0.9999034206072489,1
device_27_degenerate_0007.obj,0.9999034206072489,1
device_27_degenerate_0008.obj,0.9999034206072489,1
device_27_degenerate_0009.obj,0.9999034206072489,1
device_27_degenerate_0010.obj,0.9999034206072489,1
device_27_degenerate_0011.obj,0.9999034206072489,1
device_27_degenerate_0012.obj,0.9999034206072489,1
device_27_degenerate_0013.obj,0.9999034206072489,1
device_27_degenerate_0014.obj,0.9999034206072489,1
device_27_degenerate_0015.obj,0.9999034206072489,1
device_27_degenerate_0016.obj,0.9999034206072489,1
device_27_degenerate_0017.obj,0.9999034206072489,1
device_27_degenerate_0018.obj,0.9999034206072489,1
device_27_degenerate_0019.obj,0.9999034206072489,1
device_27_degenerate_0020.obj,0.9999034206072489,1
device_27_degenerate_0021.obj,0.9999034206072489,1
device_27_degenerate_0022.obj,0.9999034206072489,1
device_27_degenerate_0023.obj,0.9999034206072489,1
device_27_degenerate_0024.obj,0.9999034206072489,1
device_27_disconnected_0000.obj,0.9999034206072489,1
device_27_disconnected_0001.obj,0.9999034206072489,1
device_27_disconnected_0002.obj,0.9999034206072489,1
device_27_disconnected_0003.obj,0.9999034206072489,1
device_27_disconnected_0004.obj,0.9999034206072489,1
device_27_disconnected_0005.obj,0.9999034206072489,1
device_27_disconnected_0006.obj,0.9999034206072489,1
device_27_disconnected_0007.obj,0.9999034206072489,1
device_27_disconnected_0008.obj,0.9999034206072489,1
device_27_disconnected_0009.obj,0.9999034206072489,1
device_27_disconnected_0010.obj,0.9999034206072489,1
device_27_disconnected_0011.obj,0.9999034206072489,1
device_27_disconnected_0012.obj,0.9999034206072489,1
device_27_disconnected_0013.obj,0.9999034206072489,1
device_27_disconnected_0014.obj,0.9999034206072489,1
device_27_disconnected_0015.obj,0.9999034206072489,1
device_27_disconnected_0016.obj,0.9999034206072489,1
device_27_disconnected_0017.obj,0.9999034206072489,1
device_27_disconnected_0018.obj,0.9999034206072489,1
device_27_disconnected_0019.obj,0.9999034206072489,1
device_27_disconnected_0020.obj,0.9999034206072489,1
device_27_disconnected_0021.obj,0.9999034206072489,1
device_27_disconnected_0022.obj,0.9999034206072489,1
device_27_disconnected_0023.obj,0.9999034206072489,1
device_27_disconnected_0024.obj,0.9999034206072489,1
device_27_faceswap_0000.obj,0.9999000032742819,1
device_27_faceswap_0001.obj,0.9998948375384012,1
device_27_faceswap_0002.obj,0.9998984932899475,1
device_27_faceswap_0003.obj,0.9999015132586161,1
device_27_faceswap_0004.obj,0.9999013940493265,1
device_27_faceswap_0005.obj,0.9998908638954163,1
device_27_faceswap_0006.obj,0.9999019900957743,1
device_27_faceswap_0007.obj,0.9999008377393087,1
device_27_faceswap_0008.obj,0.9998965859413147,1
device_27_faceswap_0009.obj,0.9998918175697327,1
device_27_faceswap_0010.obj,0.9999007980028788,1
device_27_faceswap_0011.obj,0.9998966654141744,1
device_27_faceswap_0012.obj,0.9998934467633566,1
device_27_faceswap_0013.obj,0.9998956720034281,1
device_27_faceswap_0014.obj,0.9998953938484192,1
device_27_faceswap_0015.obj,0.9999007185300192,1
device_27_faceswap_0016.obj,0.9999008377393087,1
device_27_faceswap_0017.obj,0.999901552995046,1
device_27_faceswap_0018.obj,0.9999007980028788,1
device_27_faceswap_0019.obj,0.9998981356620789,1
device_27_faceswap_0020.obj,0.9998980561892191,1
device_27_faceswap_0021.obj,0.9999011953671774,1
device_27_faceswap_0022.obj,0.9998761614163717,1
device_27_faceswap_0023.obj,0.99989781777064,1
device_27_faceswap_0024.obj,0.9998998840649923,1
device_27_jitter_0000.obj,0.9999028245608012,1
device_27_jitter_0001.obj,0.9999026656150818,1
device_27_jitter_0002.obj,0.9999028245608012,1
device_27_jitter_0003.obj,0.9999027848243713,1
device_27_jitter_0004.obj,0.9999013145764669,1
device_27_jitter_0005.obj,0.9999027450879415,1
device_27_jitter_0006.obj,0.9999028245608012,1
device_27_jitter_0007.obj,0.9999030232429504,1
device_27_jitter_0008.obj,0.9999027848243713,1
device_27_jitter_0009.obj,0.9999027450879415,1
device_27_jitter_0010.obj,0.9999030629793803,1
device_27_jitter_0011.obj,0.9999025066693624,1
device_27_jitter_0012.obj,0.9999028245608012,1
device_27_jitter_0013.obj,0.9999029040336609,1
device_27_jitter_0014.obj,0.9999022285143534,1
device_27_jitter_0015.obj,0.9999027848243713,1
device_27_jitter_0016.obj,0.9999027053515116,1
device_27_jitter_0017.obj,0.9999029040336609,1
device_27_jitter_0018.obj,0.9999027450879415,1
device_27_jitter_0019.obj,0.9999024271965027,1
device_27_jitter_0020.obj,0.9999027848243713,1
device_27_jitter_0021.obj,0.9999016722043356,1
device_27_jitter_0022.obj,0.9999027450879415,1
device_27_jitter_0023.obj,0.9999026656150818,1
device_27_jitter_0024.obj,0.9999030232429504,1
device_27_rigid_0000.obj,0.9999034206072489,1
device_27_rigid_0001.obj,0.9999034206072489,1
device_27_rigid_0002.obj,0.9999034206072489,1
device_27_rigid_0003.obj,0.9999034206072489,1
device_27_rigid_0004.obj,0.9999034206072489,1
device_27_rigid_0005.obj,0.9999034206072489,1
device_27_rigid_0006.obj,0.9999034206072489,1
device_27_rigid_0007.obj,0.9999034206072489,1
device_27_rigid_0008.obj,0.9999034206072489,1
device_27_rigid_0009.obj,0.9999034206072489,1
device_27_rigid_0010.obj,0.9999034206072489,1
device_27_rigid_0011.obj,0.9999034206072489,1
device_27_rigid_0012.obj,0.9999034206072489,1
device_27_rigid_0013.obj,0.9999034206072489,1
device_27_rigid_0014.obj,0.9999034206072489,1
device_27_rigid_0015.obj,0.9999034206072489,1
device_27_rigid_0016.obj,0.9999034206072489,1
device_27_rigid_0017.obj,0.9999034206072489,1
device_27_rigid_0018.obj,0.9999034206072489,1
device_27_rigid_0019.obj,0.9999034206072489,1
device_27_rigid_0020.obj,0.9999034206072489,1
device_27_rigid_0021.obj,0.9999034206072489,1
device_27_rigid_0022.obj,0.9999034206072489,1
device_27_rigid_0023.obj,0.9999034206072489,1
device_27_rigid_0024.obj,0.9999034206072489,1
device_27_tetwild_0000.obj,0.999888559182485,1
device_27_tetwild_0001.obj,0.9999001622200012,1
device_27_tetwild_0002.obj,0.9998913407325745,1
device_27_tetwild_0003.obj,0.9998851418495178,1
device_27_tetwild_0004.obj,0.9999005595842997,1
device_27_tetwild_0005.obj,0.9998984932899475,1
device_27_tetwild_0006.obj,0.9998416503270467,1
device_27_tetwild_0007.obj,0.9998945196469625,1
device_27_tetwild_0008.obj,0.9998959898948669,1
device_27_tetwild_0009.obj,0.9998932480812073,1
device_27_tetwild_0010.obj,0.9998965859413147,1
device_27_tetwild_0011.obj,0.9999006787935892,1
device_27_tetwild_0012.obj,0.9999006390571594,1
device_27_tetwild_0013.obj,0.9998881618181864,1
device_27_tetwild_0014.obj,0.9998895525932312,1
device_27_tetwild_0015.obj,0.999898095925649,1
device_27_tetwild_0016.obj,0.9998983343442281,1
device_27_tetwild_0017.obj,0.9998982548713684,1
device_27_tetwild_0018.obj,0.9998901089032491,1
device_27_tetwild_0019.obj,0.999898890654246,1
device_27_tetwild_0020.obj,0.9999005198478699,1
device_27_tetwild_0021.obj,0.9998952349026998,1
device_27_tetwild_0022.obj,0.9999002814292908,1
device_27_tetwild_0023.obj,0.9998962680498759,1
device_27_tetwild_0024.obj,0.99986598889033,1
