name,score,label
abc_00000020_ad34a3f60c4a4caa99646600_trimesh_000.obj,0.029726137069802427,0
abc_00000027_ad34a3f60c4a4caa99646600_trimesh_007.obj,0.953733577696796,0
abc_00000032_ad34a3f60c4a4caa99646600_trimesh_012.obj,0.8395829797165683,0
abc_00000061_767e4372b5f94a88a7a17d90_trimesh_002.obj,0.23637213991356676,0
abc_00000063_767e4372b5f94a88a7a17d90_trimesh_004.obj,0.5994369052073009,0
abc_00000066_767e4372b5f94a88a7a17d90_trimesh_007.obj,0.7102588866674571,0
abc_00000098_72cf0f9ca5324822a4d41a80_trimesh_000.obj,0.1262650651526489,0
abc_00000129_e18c7feacfb54f3880659b43_trimesh_004.obj,0.4563929419186038,0
abc_00000130_e18c7feacfb54f3880659b43_trimesh_005.obj,0.8099534997411107,0
abc_00000134_1418f3c3ca954e799c8860af_trimesh_000.obj,0.834589475579395,0
abc_00000140_2fc54fcd110d4f49969163c4_trimesh_003.obj,0.6666270980514831,0
abc_00000154_a951550b8a1043a68423c541_trimesh_004.obj,0.8816849366185597,0
abc_00000161_a583c6c3cdc143bab3f6c856_trimesh_000.obj,0.05871302516217636,0
abc_00000168_bfdc19149a8b4e72b3d0f5c5_trimesh_000.obj,0.7806855282984823,0
abc_00000172_b21aa794b6b64d87a57c245e_trimesh_002.obj,0.46609500559859207,0
abc_00000243_4829bc0645d6414d9b5cec31_trimesh_006.obj,0.7397954121880997,0
abc_00000259_845fb06d7f2f4802a806a600_trimesh_004.obj,0.127509029697898,0
abc_00000267_845fb06d7f2f4802a806a600_trimesh_012.obj,0.11882849765145509,0
abc_00000269_845fb06d7f2f4802a806a600_trimesh_014.obj,0.884371465632574,0
abc_00000280_5a6ef3285b89452ea6b390e7_trimesh_001.obj,0.10203542917407549,0
abc_00000291_58f8ff46b7564e989f9695b7_trimesh_004.obj,0.5314712821058762,0
abc_00000295_52a153d2417747b5926ff9df_trimesh_000.obj,0.7831008684021861,0
abc_00000296_52a153d2417747b5926ff9df_trimesh_001.obj,0.8426871822647943,0
abc_00000318_3062bccff48e47a2b9de05e3_trimesh_013.obj,0.37449153263096524,0
abc_00000329_12a935cd9b684f879c0505fe_trimesh_000.obj,0.4750571885054722,0
abc_00000336_1a821c3883f7459a9615fca4_trimesh_000.obj,0.32784827752025036,0
abc_00000342_fe70be720f7e49fa90ded969_trimesh_001.obj,0.34064533361403115,0
abc_00000352_4185972a944744d8a7a0f2b4_trimesh_008.obj,0.92507488155766,0
abc_00000355_68d1a5c2319a4a419ff625c6_trimesh_001.obj,0.0161503333198163,0
abc_00000357_68d1a5c2319a4a419ff625c6_trimesh_003.obj,0.5922061291659718,0
abc_00000361_9ee540a56d79451e8026e1e6_trimesh_003.obj,0.5596553332701764,0
abc_00000362_9ee540a56d79451e8026e1e6_trimesh_004.obj,0.0737452969935668,0
abc_00000369_23c957e8e7b2428282a13ae2_trimesh_002.obj,0.0025488304668559447,0
abc_00000377_23c957e8e7b2428282a13ae2_trimesh_010.obj,0.13965407534571195,0
abc_00000378_23c957e8e7b2428282a13ae2_trimesh_011.obj,0.12251136300988719,0
abc_00000399_2a4de304cbd9449ba073b442_trimesh_003.obj,0.8906182303769674,0
abc_00000420_bd0972033f464f8f961a150a_trimesh_001.obj,0.9903051547962859,0
abc_00000461_516b1784884d4facbc4c0d74_trimesh_009.obj,0.3823160500982241,0
abc_00000486_a7d0c851b5f24a97a7cac950_trimesh_003.obj,0.9731509352584126,0
abc_00000500_5499914343bd4f549b38046d_trimesh_001.obj,0.059727927598446584,0
abc_00000501_5499914343bd4f549b38046d_trimesh_002.obj,0.376489528656602,0
abc_00000526_f9d6559308dc4c85aab9fa38_trimesh_000.obj,0.6956184115329462,0
abc_00000541_ee945ee6b30a473d9b86447f_trimesh_000.obj,0.3944221685053153,0
abc_00000566_2f2b015ef4904c1caef56154_trimesh_000.obj,0.5150733991388834,0
abc_00000611_04e799936ae446b9a3d8d2b8_trimesh_002.obj,0.3320869444876673,0
abc_00000616_c710d414bbbc4340b682c58a_trimesh_002.obj,0.4575624010256525,0
abc_00000632_4f322b34e87c43289916c298_trimesh_001.obj,0.4566469548505028,0
abc_00000655_d87d11d9c3ca4ee5a88797ae_trimesh_003.obj,0.13038549524281606,0
abc_00000660_6fae5591b3034f949b7e8eae_trimesh_001.obj,0.15996417015658515,0
abc_00000694_45f6100bfa3948e69405bb21_trimesh_000.obj,0.7815322619009152,0
abc_00000711_7ad02ca9009d40fd8c345639_trimesh_000.obj,0.6173464911910501,0
abc_00000714_7ad02ca9009d40fd8c345639_trimesh_003.obj,0.3689034769622974,0
abc_00000719_4332e25d10a247f084c68cba_trimesh_002.obj,0.25190009280730585,0
abc_00000733_4a23e5ff37ae4a19b5c7859d_trimesh_000.obj,0.19178623930292782,0
abc_00000746_6cb3ddbb49974d7db0e97135_trimesh_001.obj,0.18593561464417618,0
abc_00000752_6f0d90054d40400593050930_trimesh_001.obj,0.08225290289870768,0
abc_00000806_05cadeb104be4c8aa75ccc71_trimesh_000.obj,0.0903565020181486,0
abc_00000813_36e6258346004cabb4c091b2_trimesh_001.obj,0.10049069186743043,0
abc_00000818_6bbad2756d7845bd8d731d60_trimesh_000.obj,0.8310084771377284,0
abc_00000848_2c1efcc32d094e9fb9e1a88e_trimesh_008.obj,0.38771273459985967,0
abc_00000850_2c1efcc32d094e9fb9e1a88e_trimesh_010.obj,0.3885682671389239,0
abc_00000852_2c1efcc32d094e9fb9e1a88e_trimesh_012.obj,0.7325362492267488,0
abc_00000854_2c1efcc32d094e9fb9e1a88e_trimesh_014.obj,0.35070653521320183,0
abc_00000862_029c2575dd474650ba1b8d21_trimesh_002.obj,0.6685586017173373,0
abc_00000873_029c2575dd474650ba1b8d21_trimesh_013.obj,0.8063186026187712,0
abc_00000876_029c2575dd474650ba1b8d21_trimesh_016.obj,0.015719567280625513,0
abc_00000878_029c2575dd474650ba1b8d21_trimesh_018.obj,0.3925574376301725,0
abc_00000883_029c2575dd474650ba1b8d21_trimesh_023.obj,0.6810880312831866,0
abc_00000889_e2d3a4dc5f7c438bb240e9d1_trimesh_000.obj,0.9514729078780084,0
abc_00000912_c9400dcd7ae9428caffe2204_trimesh_005.obj,0.3230247581210801,0
abc_00000948_f297a24e1a4446cf9d74efd9_trimesh_007.obj,0.1300362442837626,0
abc_00000949_f297a24e1a4446cf9d74efd9_trimesh_008.obj,0.6718478898361643,0
abc_00000954_a741c7966d2c40a8a511263e_trimesh_000.obj,0.5305664656926543,0
abc_00000984_0dd1386597104265ab67e6cf_trimesh_007.obj,0.5882822500268874,0
abc_00000993_ac4ba032d4b5431ca04f542c_trimesh_000.obj,0.2902038259299864,0
abc_00000994_ac4ba032d4b5431ca04f542c_trimesh_001.obj,0.038894009125777895,0
abc_00001024_21adcacb9707488ea6655fd2_trimesh_000.obj,0.5655004203066123,0
abc_00001030_cde47df6e28543d1b434f206_trimesh_002.obj,0.5154806006229469,0
abc_00001037_be3ed2c9696e4e6a91b34f79_trimesh_002.obj,0.017930933578894415,0
abc_00001049_2b2638f82b3946b1867f2d11_trimesh_005.obj,0.744395578551167,0
abc_00001129_c2db313c2ce749d784c610d2_trimesh_001.obj,0.8566727766631372,0
abc_00001173_0889c458f3f74dc288d2d531_trimesh_004.obj,0.21053871490558496,0
abc_00001192_c69a73fe64c84fa5a34c9f79_trimesh_000.obj,0.7979633899674384,0
abc_00001210_4be610c137ba42ae9933e69b_trimesh_000.obj,0.7765209375577162,0
abc_00001212_4be610c137ba42ae9933e69b_trimesh_002.obj,0.1916202255437468,0
abc_00001225_5b328344bcd7429b89dba948_trimesh_000.obj,0.30773339995771654,0
abc_00001245_96503b6a26c64074ad598927_trimesh_007.obj,0.054244568974235574,0
abc_00001246_96503b6a26c64074ad598927_trimesh_008.obj,0.578457829280383,0
abc_00001247_96503b6a26c64074ad598927_trimesh_009.obj,0.5960097812253843,0
abc_00001249_96503b6a26c64074ad598927_trimesh_011.obj,0.7907145005854525,0
abc_00001289_b53ece83d8964b44bbf1f8ed_trimesh_025.obj,0.7711585993818961,0
abc_00001345_d8d97699a52842539e08d117_trimesh_003.obj,0.7878361596643663,0
abc_00001376_2e314c6e080b40fcb6a6db96_trimesh_019.obj,0.9676986472501267,0
abc_00001386_be5d90220c204022acecd5f5_trimesh_000.obj,0.6497392355193226,0
abc_00001389_21b525da345e4e62aebd906b_trimesh_000.obj,0.4069388903847083,0
abc_00001401_49414db2dd594dc6a3907cf3_trimesh_004.obj,0.4758358370878827,0
abc_00001402_49414db2dd594dc6a3907cf3_trimesh_005.obj,0.3843322388106962,0
abc_00001403_49414db2dd594dc6a3907cf3_trimesh_006.obj,0.3163159673019431,0
abc_00001404_49414db2dd594dc6a3907cf3_trimesh_007.obj,0.6766961642444117,0
abc_00001417_a45f6c99e2154f3b94955175_trimesh_001.obj,0.8018425023082204,0
abc_00001432_a45f6c99e2154f3b94955175_trimesh_016.obj,0.5979747135342641,0
abc_00001450_a45f6c99e2154f3b94955175_trimesh_034.obj,0.4190919526699981,0
abc_00001468_a45f6c99e2154f3b94955175_trimesh_052.obj,0.6811358163388768,0
abc_00001469_a45f6c99e2154f3b94955175_trimesh_053.obj,0.3970104225611605,0
abc_00001486_a45f6c99e2154f3b94955175_trimesh_070.obj,0.5601987520012149,0
abc_00001490_6c8ef6d2f5564d139a5077f8_trimesh_001.obj,0.9269012216058347,0
abc_00001495_6c8ef6d2f5564d139a5077f8_trimesh_006.obj,0.813735432751897,0
abc_00001497_eb4e2b01aaca4131bfc64adb_trimesh_001.obj,0.8676748415176042,0
abc_00001500_eb4e2b01aaca4131bfc64adb_trimesh_004.obj,0.9512759580899209,0
abc_00001517_5696c053883042c4b316adf0_trimesh_001.obj,0.20292725598327865,0
abc_00001535_e1d62958d7ca4ad18fefd54d_trimesh_002.obj,0.314653825298971,0
abc_00001542_e1d62958d7ca4ad18fefd54d_trimesh_009.obj,0.4254709651157055,0
abc_00001550_a94d978cf62948ce80b417a9_trimesh_000.obj,0.20531052240602954,0
abc_00001560_b76a69da5d3445f9bf397a98_trimesh_000.obj,0.3561446036848359,0
abc_00001563_2e9dc7e9a1a54dd7ab901478_trimesh_000.obj,0.3846518928750655,0
abc_00001567_9280741c840d4aa1af32658e_trimesh_002.obj,0.7370119611572679,0
abc_00001598_c118664e9f6f4943855293fa_trimesh_000.obj,0.3482783721318401,0
abc_00001600_c118664e9f6f4943855293fa_trimesh_002.obj,0.49001677667172083,0
abc_00001614_8c3b97c1382c43bab3eb1b48_trimesh_002.obj,0.7279061048120841,0
abc_00001628_403be38599f04115b74521a6_trimesh_000.obj,0.3157423603921409,0
abc_00001630_c1de5979807b4b6a8c5b0e49_trimesh_001.obj,0.8782789256962528,0
abc_00001649_07f31e6ec73a4ba68df19f1f_trimesh_002.obj,0.3307741637186048,0
abc_00001665_2d7a230277ef4271b7ffd737_trimesh_000.obj,0.07569713504801512,0
abc_00001677_de1d70dc0e3b4652b6cfce4f_trimesh_004.obj,0.6923599103249818,0
abc_00001679_de1d70dc0e3b4652b6cfce4f_trimesh_006.obj,0.9532369059133344,0
abc_00001683_41da72eee5ca4a5492178124_trimesh_000.obj,0.42029005325790647,0
abc_00001694_2d229d781dc9461a9375c9af_trimesh_003.obj,0.9311119836582392,0
abc_00001703_46556a3837274c098a5fc60a_trimesh_000.obj,0.6300922961649547,0
abc_00001705_46556a3837274c098a5fc60a_trimesh_002.obj,0.7986919312572587,0
abc_00001722_ad7be758db3641a5a3e62d00_trimesh_000.obj,0.20736570975540192,0
abc_00001729_2e4d39f311304cfcab975e6a_trimesh_002.obj,0.0547445986169417,0
abc_00001735_ee1c39157f2e4a089c90e7e8_trimesh_000.obj,0.01978295316241263,0
abc_00001736_58088030d4b7419b8ad214f6_trimesh_000.obj,0.8354857123036369,0
abc_00001749_74905c964c8c4708bf6e2e44_trimesh_012.obj,0.0997289583212162,0
abc_00001779_b8592e9925204df1805bd0c3_trimesh_004.obj,0.4683966656493733,0
abc_00001794_23e6efbdae254d48b914d347_trimesh_012.obj,0.7834541695129381,0
abc_00001805_23e6efbdae254d48b914d347_trimesh_023.obj,0.8672199728363368,0
abc_00001812_eb80cc3405004d2aadfec0d3_trimesh_001.obj,0.41101145204313383,0
abc_00001813_eb80cc3405004d2aadfec0d3_trimesh_002.obj,0.12362979983998201,0
abc_00001828_f8ce225b03b045e1a8743a75_trimesh_000.obj,0.24593432866569986,0
abc_00001830_9588ed6efa3c45dca239e256_trimesh_000.obj,0.49491797092499834,0
abc_00001858_161dbdd1389245c6aa183461_trimesh_001.obj,0.5523784569553746,0
abc_00001871_e6274ed08407419d8a719730_trimesh_001.obj,0.6898599099805534,0
abc_00001876_7dff003bccb549eca063340e_trimesh_002.obj,0.000949107138224603,0
abc_00001877_7dff003bccb549eca063340e_trimesh_003.obj,0.3623764250079611,0
abc_00001879_7dff003bccb549eca063340e_trimesh_005.obj,0.20854544309791223,0
abc_00001881_7dff003bccb549eca063340e_trimesh_007.obj,0.1470479614369531,0
abc_00001885_7dff003bccb549eca063340e_trimesh_011.obj,0.5253386231690618,0
abc_00001894_7dff003bccb549eca063340e_trimesh_020.obj,0.9596988922293752,0
abc_00001895_7dff003bccb549eca063340e_trimesh_021.obj,0.7527587485119542,0
abc_00001905_84deecba8b6449b5988f2e56_trimesh_001.obj,0.6922735795340009,0
abc_00001906_84deecba8b6449b5988f2e56_trimesh_002.obj,0.8791109900240037,0
abc_00001909_84deecba8b6449b5988f2e56_trimesh_005.obj,0.5577223293512993,0
abc_00001913_9912faaee57b4176b1deb5d4_trimesh_001.obj,0.14821544802793785,0
abc_00001924_bad445004ddc447b83171224_trimesh_003.obj,0.3047690123491804,0
abc_00001926_bad445004ddc447b83171224_trimesh_005.obj,0.12010970525033793,0
abc_00001931_d686c9d7503a42478530b382_trimesh_000.obj,0.5380822554551198,0
abc_00001969_72af61802aeb4e91b1b1b37b_trimesh_000.obj,0.8390252790721809,0
abc_00001984_72af61802aeb4e91b1b1b37b_trimesh_015.obj,0.32428833677018476,0
abc_00001992_79a5e839b001428dbc772925_trimesh_000.obj,0.534654671379076,0
abc_00001998_b53d499a5d5c42dfade565bf_trimesh_000.obj,0.08620085466267291,0
abc_00002008_be2dc79cac834a8895f8aa60_trimesh_000.obj,0.31772548121603594,0
abc_00002023_f024db94f83d4bbb94358624_trimesh_000.obj,0.23085909608920463,0
abc_00002056_fb7d8749f7824fc9a0b49831_trimesh_000.obj,0.42346210078518,0
abc_00002065_ec9ce2bb0d20437dad4533a2_trimesh_001.obj,0.6370410575643652,0
abc_00002066_ec9ce2bb0d20437dad4533a2_trimesh_002.obj,0.15004604270670052,0
abc_00002067_4ad58d9a4088415b9e0dbf18_trimesh_000.obj,0.6654594679431025,0
abc_00002138_05091350f8cd4cdda2981cab_trimesh_008.obj,0.8041120721953685,0
abc_00002153_b82d66be3f1244d1a6e9b75a_trimesh_000.obj,0.18174582930388739,0
abc_00002155_cde1f6a0f70c4897a0016114_trimesh_000.obj,0.4177907926364568,0
abc_00002165_af3af6b131e747f38dbcb2c5_trimesh_000.obj,0.17549387715924059,0
abc_00002169_af3af6b131e747f38dbcb2c5_trimesh_004.obj,0.7900607781726068,0
abc_00002195_c66535496d9741e3baa4a85c_trimesh_001.obj,0.12652651125073744,0
abc_00002223_e38471b78a2f45118e2e8a1e_trimesh_003.obj,0.8998369325725873,0
abc_00002235_c0346d7e928247129c7f105e_trimesh_000.obj,0.8380351063950133,0
abc_00002237_70fc984390f94560b7b9dafa_trimesh_000.obj,0.2272729492835437,0
abc_00002257_ee36ce2e0fc6420195435501_trimesh_000.obj,0.5247005150002086,0
abc_00002262_ee36ce2e0fc6420195435501_trimesh_005.obj,0.9001939001018272,0
abc_00002275_d78016eb44004ecb82bdbaa7_trimesh_000.obj,0.7719283584844499,0
abc_00002280_d78016eb44004ecb82bdbaa7_trimesh_005.obj,0.971908583743471,0
abc_00002283_d78016eb44004ecb82bdbaa7_trimesh_008.obj,0.09382862960219218,0
abc_00002287_008ac7621b8c4a199f5780f1_trimesh_000.obj,0.6115949411474154,0
abc_00002291_121bc109bb5a40869e7cb6e3_trimesh_000.obj,0.5697620620096492,0
abc_00002298_e81bd6e8eea447f9ad6f246d_trimesh_000.obj,0.8246813688114604,0
abc_00002301_4809f34e75cd44d393946d41_trimesh_001.obj,0.6082122742504317,0
abc_00002306_4809f34e75cd44d393946d41_trimesh_006.obj,0.32173088407009276,0
abc_00002321_1e1145d05fff4ed3934ed4df_trimesh_000.obj,0.9552491472887323,0
abc_00002333_f48c116e43104b4bb10898e9_trimesh_002.obj,0.47318108440870976,0
abc_00002334_f48c116e43104b4bb10898e9_trimesh_003.obj,0.14496683299429003,0
abc_00002335_f48c116e43104b4bb10898e9_trimesh_004.obj,0.13941598287672752,0
abc_00002338_a60f038f2b574004ad1f6f50_trimesh_000.obj,0.6165328511501142,0
abc_00002340_f5a5af9c002e4bfba983a31d_trimesh_001.obj,0.25717989425938703,0
abc_00002347_634ba60fb4fc40f89c56cb4a_trimesh_004.obj,0.23020057690540374,0
abc_00002364_470c2865307645c78ae7a0cb_trimesh_007.obj,0.5004319213154751,0
abc_00002366_470c2865307645c78ae7a0cb_trimesh_009.obj,0.3413957284615746,0
abc_00002407_c13dc1fdb43348c4a4298958_trimesh_004.obj,0.3313630665096292,0
abc_00002409_c13dc1fdb43348c4a4298958_trimesh_006.obj,0.9737655314971213,0
abc_00002412_50cd9407596747729fc8d773_trimesh_001.obj,0.6728697370807951,0
abc_00002418_f439002a18b84d8798439932_trimesh_002.obj,0.7052464058253561,0
abc_00002438_179a8df075c94d0596b1f20d_trimesh_007.obj,0.5361138094429174,0
abc_00002443_ece945968068453ab36dc00a_trimesh_000.obj,0.333253685847242,0
abc_00002450_8c12611557a543f99907ee82_trimesh_000.obj,0.09538363620059331,0
abc_00002455_7d5c3882272742b980293bcd_trimesh_000.obj,0.1984903353994527,0
abc_00002459_86f90a9ff5c5414cba6b0b14_trimesh_000.obj,0.569981420833412,0
abc_00002478_4e29879a16ed4dadab2750bc_trimesh_003.obj,0.010279476826086653,0
abc_00002481_6eda6b73d6ea4472bea05e8f_trimesh_001.obj,0.7475076806465184,0
abc_00002496_61afe52ce5764b8bb0531667_trimesh_003.obj,0.024835661239780094,0
abc_00002498_a6da4aea6b0047b6abb890a7_trimesh_000.obj,0.038140007108942275,0
abc_00002505_e6ff054993ae478686179d0f_trimesh_001.obj,0.3729845251314373,0
abc_00002530_8d3bbea092534341a45dd40c_trimesh_000.obj,0.8977755663475858,0
abc_00002533_6f7f8f03941c4d5d8882c21a_trimesh_001.obj,0.34863136530798733,0
abc_00002572_800b457b0b614ceabc56bdea_trimesh_000.obj,0.9490445687843847,0
abc_00002577_8556c200606545a8bcf28a5e_trimesh_000.obj,0.5272536642407878,0
abc_00002610_770f033464d542f88ec04d0f_trimesh_004.obj,0.371723424939448,0
abc_00002612_770f033464d542f88ec04d0f_trimesh_006.obj,0.7836711869801943,0
abc_00002616_0f526e008933416b8fbfdc0e_trimesh_000.obj,0.9700836312298873,0
abc_00002626_89e4911a99ba40bfa29de7c4_trimesh_005.obj,0.05822317684305034,0
abc_00002646_b018db4e207246979202dbc2_trimesh_000.obj,0.6614664637128921,0
abc_00002648_407d3a51eb214752976de9e9_trimesh_001.obj,0.3904520354502168,0
abc_00002649_d97b4345cb5b41b4b6729b21_trimesh_000.obj,0.5174945900817797,0
abc_00002653_185cf3437add427ba643feb3_trimesh_000.obj,0.903087447207429,0
abc_00002665_f161f588b3fc4bd39c387901_trimesh_000.obj,0.014302783548311604,0
abc_00002678_5e64117cf77b4072b9b1ab29_trimesh_001.obj,0.9061452397093694,0
abc_00002680_5e64117cf77b4072b9b1ab29_trimesh_003.obj,0.7177240354758135,0
abc_00002682_5e64117cf77b4072b9b1ab29_trimesh_005.obj,0.31056785547771815,0
abc_00002690_294dc55ca19943afbe7b9ca2_trimesh_000.obj,0.1234573205994195,0
abc_00002695_57d0ed693e5f43db94b48a6c_trimesh_004.obj,0.6316418265736747,0
abc_00002698_57d0ed693e5f43db94b48a6c_trimesh_007.obj,0.8903797184314871,0
abc_00002706_57d0ed693e5f43db94b48a6c_trimesh_015.obj,0.7175284016737782,0
abc_00002712_6aaf2a59f56d47e4a209d1b5_trimesh_000.obj,0.5140958348652598,0
abc_00002728_98d8f78b1bb5495f9a193852_trimesh_014.obj,0.8924780132690738,0
abc_00002730_98d8f78b1bb5495f9a193852_trimesh_016.obj,0.2698597748797078,0
abc_00002786_2150a50d7ae54ec1ab562d25_trimesh_012.obj,0.4874237347129682,0
abc_00002800_a13cab04d1224f3badc910a3_trimesh_000.obj,0.8425635455619668,0
abc_00002840_b108e5f7e4f34918bd31b5de_trimesh_000.obj,0.9243274120835646,0
abc_00002853_fd92ba86ea354cce817faf60_trimesh_000.obj,0.823635236207007,0
abc_00002855_86a580f378754e7ea677bb55_trimesh_000.obj,0.6324116610796909,0
abc_00002859_0b97dd9849a14df99ab286a8_trimesh_002.obj,0.17915839165228598,0
abc_00002876_441b788f697449128e3c8032_trimesh_009.obj,0.7164589097239502,0
abc_00002885_e435fac25ee84f3697893a36_trimesh_001.obj,0.4272347072612973,0
abc_00002899_635bf5c85753420fbc65a4c5_trimesh_001.obj,0.389026797487398,0
abc_00002919_bc8a6e930c404316833d09a5_trimesh_004.obj,0.9472812998833073,0
abc_00002958_1212f04812bc4821bfd87412_trimesh_002.obj,0.1450867735272391,0
abc_00002965_1212f04812bc4821bfd87412_trimesh_009.obj,0.4254043561190407,0
abc_00002966_1212f04812bc4821bfd87412_trimesh_010.obj,0.5018572796795373,0
abc_00002984_c80dedb4f61e401889b609e2_trimesh_000.obj,0.03126278644257385,0
abc_00003008_42b012d55efa4bd480adc003_trimesh_000.obj,0.7105698711969666,0
abc_00003027_623a6f12d0724d62a351e2a1_trimesh_014.obj,0.18643360085031402,0
abc_00003036_623a6f12d0724d62a351e2a1_trimesh_023.obj,0.8758317449159301,0
abc_00003043_623a6f12d0724d62a351e2a1_trimesh_030.obj,0.8532421566374956,0
abc_00003049_623a6f12d0724d62a351e2a1_trimesh_036.obj,0.9509657941613433,0
abc_00003059_623a6f12d0724d62a351e2a1_trimesh_046.obj,0.22187432731852252,0
abc_00003071_a7d9266fc0a542148831dbb5_trimesh_000.obj,0.6155293340554183,0
abc_00003072_a7d9266fc0a542148831dbb5_trimesh_001.obj,0.7955351334806584,0
abc_00003073_a7d9266fc0a542148831dbb5_trimesh_002.obj,0.25590636063135896,0
abc_00003075_a7d9266fc0a542148831dbb5_trimesh_004.obj,0.632168362647018,0
abc_00003095_5b5eaab14b374d1992e2fe9e_trimesh_008.obj,0.8117237964495854,0
abc_00003118_9212fac3cdd24372892212d1_trimesh_018.obj,0.7519322703350106,0
abc_00003124_89e6a825d21e4fafaa8b314a_trimesh_000.obj,0.2706726304966427,0
abc_00003143_bb4de5fef0c444bf9cde6caf_trimesh_000.obj,0.672181497335201,0
abc_00003151_9a1eacce39a7456ba698b8ff_trimesh_000.obj,0.11868146049217299,0
abc_00003156_dc2953ffcb9b4720b6486292_trimesh_000.obj,0.5886580812533192,0
abc_00003159_e08de079271d427e8898090c_trimesh_001.obj,0.950654185791532,0
abc_00003198_7bec57689ee04fb4aecca452_trimesh_003.obj,0.04946921819829453,0
abc_00003199_7bec57689ee04fb4aecca452_trimesh_004.obj,0.8629406779280641,0
abc_00003203_7bec57689ee04fb4aecca452_trimesh_008.obj,0.42376679145074625,0
abc_00003210_7bec57689ee04fb4aecca452_trimesh_015.obj,0.741979606671183,0
abc_00003219_04893ba73e6f4c298353bb57_trimesh_000.obj,0.2720389675603174,0
abc_00003220_04893ba73e6f4c298353bb57_trimesh_001.obj,0.6327932396206287,0
abc_00003232_96b00fb447eb427290194a85_trimesh_002.obj,0.34867773364987986,0
abc_00003245_64bf0eb2d82b4b9aac59e530_trimesh_009.obj,0.8024693261773547,0
abc_00003260_31738bd32847475590f7ef21_trimesh_000.obj,0.4059912936873332,0
abc_00003265_85a3fae4f6be46b9a1c7c5df_trimesh_001.obj,0.6527994449872101,0
abc_00003283_684f83cd472b461789191511_trimesh_001.obj,0.5815156286701098,0
abc_00003286_684f83cd472b461789191511_trimesh_004.obj,0.04580243936913464,0
abc_00003291_9500471d9e5c4cae8725de9c_trimesh_000.obj,0.2401877082665529,0
abc_00003292_d068cf20730349eba1ada81b_trimesh_000.obj,0.02422770192797452,0
abc_00003294_4c6dd8316dae41b58f49afa2_trimesh_000.obj,0.6885927227586739,0
abc_00003315_0397a0a89fda483c9ea0eea7_trimesh_003.obj,0.8291663267948995,0
abc_00003336_361fb11574184c04a2dc34be_trimesh_000.obj,0.3978778964893861,0
abc_00003338_ba3d8e31b77647b3a32b2e24_trimesh_001.obj,0.21758970895273333,0
abc_00003346_dd2281fd5b874c50b5930664_trimesh_003.obj,0.8866784175447865,0
abc_00003347_ad2574e1c85d4b07afe7076c_trimesh_000.obj,0.5267493337387528,0
abc_00003359_9b231e07646740d3aa893236_trimesh_006.obj,0.6768217523161674,0
abc_00003377_e1bb8b6758e4454a93c2b3e7_trimesh_001.obj,0.5812652981233413,0
abc_00003392_ef8394ce96624d5984cc9e2a_trimesh_000.obj,0.5297537551412033,0
abc_00003395_2dba1a55cece44d888641f5c_trimesh_000.obj,0.830106437531241,0
abc_00003400_a77cf5d003fc4ab09e843c54_trimesh_002.obj,0.16124548897696145,0
abc_00003408_a77cf5d003fc4ab09e843c54_trimesh_010.obj,0.8893002269237252,0
abc_00003418_86545cc828ee4b3392520977_trimesh_003.obj,0.09584324781153952,0
abc_00003434_a23c770ac676468bac18a14e_trimesh_002.obj,0.23729834271914374,0
abc_00003437_41db336d07d34605b95e17f8_trimesh_000.obj,0.8769541566584137,0
abc_00003456_a51abce06a2e4071ae9cd533_trimesh_007.obj,0.6138497837305122,0
abc_00003458_a51abce06a2e4071ae9cd533_trimesh_009.obj,0.7614195273166555,0
abc_00003501_86be4eefc6eb459e9a9370bc_trimesh_005.obj,0.4524197746723445,0
abc_00003524_1a90c3eacd054ae79754b726_trimesh_000.obj,0.17892803468504836,0
abc_00003540_f8a70fd3c80a412bb0c040b9_trimesh_000.obj,0.10069118253471132,0
abc_00003542_f8a70fd3c80a412bb0c040b9_trimesh_002.obj,0.2365182147392325,0
abc_00003564_eda85e7e50824947bc393fff_trimesh_002.obj,0.3937992808475044,0
abc_00003567_eda85e7e50824947bc393fff_trimesh_005.obj,0.7923680150644898,0
abc_00003569_b1a7c5bc57e448b68bfa699c_trimesh_000.obj,0.6357847079943426,0
abc_00003587_08d53a45d78c4d88a2ca2ff3_trimesh_001.obj,0.618345985934985,0
abc_00003588_b2e8be17a0874c08a01ba1c0_trimesh_000.obj,0.0928356908788005,0
abc_00003633_7ef2498822ef47b796e03092_trimesh_004.obj,0.8124104287679791,0
abc_00003640_809676ace5bb40fea5802468_trimesh_000.obj,0.7588895586506492,0
abc_00003666_ca90483ed4144d6db48c58b6_trimesh_000.obj,0.4684915747070023,0
abc_00003676_a2b0fad560234fbbbe012494_trimesh_001.obj,0.48760021577649415,0
abc_00003679_dd039a28e007439aa01edbad_trimesh_002.obj,0.7258610851391001,0
abc_00003686_5818fd8428ed43a399bce519_trimesh_000.obj,0.2707894245273621,0
abc_00003690_f45beab3d58b42c4b87ee28e_trimesh_000.obj,0.4100629654230151,0
abc_00003712_939d7f2bcd8443da97eddf78_trimesh_000.obj,0.8116683987769803,0
abc_00003731_1d05af96ba5b40bc88f9959f_trimesh_001.obj,0.20260607275201314,0
abc_00003749_1d05af96ba5b40bc88f9959f_trimesh_019.obj,0.4794622902853073,0
abc_00003750_1d05af96ba5b40bc88f9959f_trimesh_020.obj,0.5924093523497669,0
abc_00003765_c781c748bead4016bf75490d_trimesh_001.obj,0.4154601876944154,0
abc_00003778_d1d459383d9b43d59df3de80_trimesh_004.obj,0.3555312405689832,0
abc_00003781_d1d459383d9b43d59df3de80_trimesh_007.obj,0.721818414436954,0
abc_00003788_d1d459383d9b43d59df3de80_trimesh_014.obj,0.4936876477053175,0
abc_00003801_78fee7c279f441e2939f6833_trimesh_000.obj,0.9538547686397387,0
abc_00003805_83b7cdf86a9a4630a9217b6a_trimesh_002.obj,0.40420914174986466,0
abc_00003807_83b7cdf86a9a4630a9217b6a_trimesh_004.obj,0.2382977919147926,0
abc_00003824_81b3bd441a5a497789f6c818_trimesh_001.obj,0.5680370985135036,0
abc_00003843_4b36a963a4b74718ba5af25b_trimesh_002.obj,0.023354161673356022,0
abc_00003844_4b36a963a4b74718ba5af25b_trimesh_003.obj,0.527722173055287,0
abc_00003877_29a72d867dcb4b8ca6aa51eb_trimesh_005.obj,0.47653394356291245,0
abc_00003878_29a72d867dcb4b8ca6aa51eb_trimesh_006.obj,0.6802088187932459,0
abc_00003882_29a72d867dcb4b8ca6aa51eb_trimesh_010.obj,0.23258371586544258,0
abc_00003895_0f131d41320541f4928a8004_trimesh_003.obj,0.00780454707972944,0
abc_00003896_0f131d41320541f4928a8004_trimesh_004.obj,0.6446187010420292,0
abc_00003915_1f103ae876d64e4b88f94d77_trimesh_005.obj,0.41006752384853407,0
abc_00003919_1f103ae876d64e4b88f94d77_trimesh_009.obj,0.08613219600654276,0
abc_00003920_1f103ae876d64e4b88f94d77_trimesh_010.obj,0.21264293895626085,0
abc_00003956_cb29926b8a244c868ae5ed86_trimesh_006.obj,0.5450437374487306,0
abc_00003957_cb29926b8a244c868ae5ed86_trimesh_007.obj,0.16735581156945833,0
abc_00003960_0ea41122faa643aebd0b25e8_trimesh_000.obj,0.04398835914069632,0
abc_00003974_30214440d29b401c8b860c42_trimesh_009.obj,0.5562891223500033,0
abc_00003988_30214440d29b401c8b860c42_trimesh_023.obj,0.6989000712957716,0
abc_00004006_690490b212df4d5eacc6635c_trimesh_002.obj,0.28488763843827924,0
abc_00004021_690490b212df4d5eacc6635c_trimesh_017.obj,0.9718247039448824,0
abc_00004038_f619073c02f94b0e8502739a_trimesh_003.obj,0.9356623435756214,0
abc_00004062_561b15139c044a0ba3e09633_trimesh_001.obj,0.37168317437181353,0
abc_00004070_99288b53db2442e39f5956e4_trimesh_003.obj,0.4617771237644225,0
abc_00004085_45986d8635e748b49f3d9f7a_trimesh_000.obj,0.7049167431563683,0
abc_00004106_58cfb48e5d6440d28a263e2f_trimesh_001.obj,0.03821585575475217,0
abc_00004131_640a2eb433a34aae908420ed_trimesh_001.obj,0.5337577637098521,0
abc_00004132_640a2eb433a34aae908420ed_trimesh_002.obj,0.3507263339713207,0
abc_00004134_640a2eb433a34aae908420ed_trimesh_004.obj,0.16010349007647773,0
abc_00004138_640a2eb433a34aae908420ed_trimesh_008.obj,0.307925216231426,0
abc_00004156_a051c8775c1b4f7e94096d2c_trimesh_001.obj,0.12235970045736366,0
abc_00004226_b75d70544ce4433fa538f2a2_trimesh_008.obj,0.6649367517646871,0
abc_00004253_ee78e0a2efef4b598e976993_trimesh_006.obj,0.22850397517549703,0
abc_00004256_ee78e0a2efef4b598e976993_trimesh_009.obj,0.5357034516314224,0
abc_00004258_ee78e0a2efef4b598e976993_trimesh_011.obj,0.7302560109016492,0
abc_00004279_f69bf34d6f7e4eb887450aa2_trimesh_005.obj,0.1621845981770902,0
abc_00004280_f69bf34d6f7e4eb887450aa2_trimesh_006.obj,0.7421765285350244,0
abc_00004283_f69bf34d6f7e4eb887450aa2_trimesh_009.obj,0.7618385747049541,0
abc_00004286_f69bf34d6f7e4eb887450aa2_trimesh_012.obj,0.7196255405377929,0
abc_00004293_00e12f076c9f44728924a007_trimesh_005.obj,0.8420879490319841,0
abc_00004296_00e12f076c9f44728924a007_trimesh_008.obj,0.5320515154504798,0
abc_00004306_00e12f076c9f44728924a007_trimesh_018.obj,0.9565435683358506,0
abc_00004313_00e12f076c9f44728924a007_trimesh_025.obj,0.48265602378710515,0
abc_00004323_00e12f076c9f44728924a007_trimesh_035.obj,0.6542948696622265,0
abc_00004342_c290684bc7264c05b2054a59_trimesh_003.obj,0.6145449848756882,0
abc_00004346_c290684bc7264c05b2054a59_trimesh_007.obj,0.9536263994732384,0
abc_00004355_c290684bc7264c05b2054a59_trimesh_016.obj,0.14296255387810497,0
abc_00004386_d82c8accf5f948f9b9935f36_trimesh_000.obj,0.8734070777153342,0
abc_00004389_478cd71be49144f0bb3ff944_trimesh_000.obj,0.7368640657638084,0
abc_00004393_147a0707012c4408b79a6041_trimesh_003.obj,0.09318622124288956,0
abc_00004396_af6d85fa924447d6a5d0db39_trimesh_001.obj,0.3431885257724717,0
abc_00004397_af6d85fa924447d6a5d0db39_trimesh_002.obj,0.03760694140008969,0
abc_00004398_af6d85fa924447d6a5d0db39_trimesh_003.obj,0.5881537199088569,0
abc_00004408_2f3c47ebc0054b4f8e0e4cf4_trimesh_006.obj,0.5115119570755042,0
abc_00004415_2f3c47ebc0054b4f8e0e4cf4_trimesh_013.obj,0.020670172636217177,0
abc_00004420_2f3c47ebc0054b4f8e0e4cf4_trimesh_018.obj,0.973734119118207,0
abc_00004435_e100ebaee82a4a1ca7c82468_trimesh_002.obj,0.6810400644734227,0
abc_00004447_50a5c011c1d44d7ca5c90fbf_trimesh_001.obj,0.2768765684282627,0
abc_00004449_50a5c011c1d44d7ca5c90fbf_trimesh_003.obj,0.7585455779570435,0
abc_00004452_50a5c011c1d44d7ca5c90fbf_trimesh_006.obj,0.9116938725295994,0
abc_00004477_dd1a875303094c76b5517535_trimesh_000.obj,0.6697654956470571,0
abc_00004480_f18ebc9adf1b48c3afba1b4c_trimesh_001.obj,0.9323876151965591,0
abc_00004488_36e0a0ff049b4877b70b421a_trimesh_000.obj,0.16712581307792718,0
abc_00004496_abc1a655d48842ae9f5adc64_trimesh_000.obj,0.23525754801875043,0
abc_00004511_b6350639195e4a19957904f9_trimesh_000.obj,0.7289863407870044,0
abc_00004527_f94525731d404b9ba25613f4_trimesh_000.obj,0.12877602416795697,0
abc_00004529_f930e8d581954005adfd5d39_trimesh_000.obj,0.34391907164436974,0
abc_00004537_671ca20207bf44269953cc33_trimesh_003.obj,0.37928204710275626,0
abc_00004539_a9de53e862dd4ad197873cc0_trimesh_001.obj,0.8699653460653367,0
abc_00004551_7d8ef6c508d649a3bd208a47_trimesh_002.obj,0.26123353852822395,0
abc_00004554_7d8ef6c508d649a3bd208a47_trimesh_005.obj,0.6902757851654323,0
abc_00004573_044763f9258c48bb92a22aa8_trimesh_000.obj,0.42144206931452555,0
abc_00004594_ee924c64f16c4e15bc14d8ab_trimesh_000.obj,0.9628278486442445,0
abc_00004618_3b6de5b6816c4a089c64ec20_trimesh_000.obj,0.82977355750203,0
abc_00004619_3dc4ec66fde64a1fb6527b4f_trimesh_000.obj,0.7490321418085146,0
abc_00004639_baf77661114341479c1cc071_trimesh_000.obj,0.37398574866122314,0
abc_00004640_b65138ec4a0b4cfcb5abe830_trimesh_000.obj,0.7880170477197302,0
abc_00004642_0fb5a9a4791542bfbe291b8c_trimesh_001.obj,0.7978117870775765,0
abc_00004647_50c6a7655c3a4fc2bf31808e_trimesh_002.obj,0.5610482256237367,0
abc_00004656_d580779d75894bb291e63623_trimesh_007.obj,0.23146442747031948,0
abc_00004684_0f4d984eef2647c4a2fcd01f_trimesh_000.obj,0.06418950331454398,0
abc_00004701_5e32955b6a6546a9a1d8f64b_trimesh_000.obj,0.424932355525683,0
abc_00004706_ba569cff36cc4316b623ab23_trimesh_001.obj,0.32123980356709403,0
abc_00004721_9c428a57184f47ec9235ae67_trimesh_001.obj,0.31526779049851017,0
abc_00004733_7f37dc7e41c24893bbf01471_trimesh_000.obj,0.8503188537063703,0
abc_00004734_1c8688b494ca410495cced61_trimesh_000.obj,0.2814351958734548,0
abc_00004744_9381ca84764640298ab6da0d_trimesh_000.obj,0.4756214516981523,0
abc_00004776_29ce3eb9259f4becb9a5e526_trimesh_022.obj,0.11942130767519221,0
abc_00004777_29ce3eb9259f4becb9a5e526_trimesh_023.obj,0.4602687494100005,0
abc_00004790_29ce3eb9259f4becb9a5e526_trimesh_036.obj,0.7569006448417346,0
abc_00004797_29ce3eb9259f4becb9a5e526_trimesh_043.obj,0.14397091795872252,0
abc_00004805_29ce3eb9259f4becb9a5e526_trimesh_051.obj,0.9282203500720076,0
abc_00004807_29ce3eb9259f4becb9a5e526_trimesh_053.obj,0.13333668597341441,0
abc_00004809_29ce3eb9259f4becb9a5e526_trimesh_055.obj,0.023106054405645726,0
abc_00004833_29ce3eb9259f4becb9a5e526_trimesh_079.obj,0.5782151839779955,0
abc_00004835_29ce3eb9259f4becb9a5e526_trimesh_081.obj,0.24125929055319895,0
abc_00004849_29ce3eb9259f4becb9a5e526_trimesh_095.obj,0.4778048178964208,0
abc_00004855_29ce3eb9259f4becb9a5e526_trimesh_101.obj,0.23466783442196903,0
abc_00004857_29ce3eb9259f4becb9a5e526_trimesh_103.obj,0.7862276384340688,0
abc_00004870_29ce3eb9259f4becb9a5e526_trimesh_116.obj,0.37388388403693273,0
abc_00004883_29ce3eb9259f4becb9a5e526_trimesh_129.obj,0.8957740179746152,0
abc_00004887_29ce3eb9259f4becb9a5e526_trimesh_133.obj,0.03581407646843027,0
abc_00004893_29ce3eb9259f4becb9a5e526_trimesh_139.obj,0.5448059077847971,0
abc_00004895_29ce3eb9259f4becb9a5e526_trimesh_141.obj,0.8442007450466293,0
abc_00004899_29ce3eb9259f4becb9a5e526_trimesh_145.obj,0.8489197413210156,0
abc_00004900_29ce3eb9259f4becb9a5e526_trimesh_146.obj,0.5804761491929493,0
abc_00004909_4d0817c82a684de48cbe9816_trimesh_000.obj,0.39396673230819323,0
abc_00004935_42840156b4aa4709ab90d3f9_trimesh_001.obj,0.7014093210081274,0
abc_00004938_d6f9da33017048c683ac514f_trimesh_002.obj,0.48747495999121315,0
abc_00004951_d6f9da33017048c683ac514f_trimesh_015.obj,0.31150600730966893,0
abc_00004952_d6f9da33017048c683ac514f_trimesh_016.obj,0.9177110324824092,0
abc_00004957_d6f9da33017048c683ac514f_trimesh_021.obj,0.4349296937495263,0
abc_00004970_d6f9da33017048c683ac514f_trimesh_034.obj,0.10353223125979161,0
abc_00004974_d6f9da33017048c683ac514f_trimesh_038.obj,0.9365308497350516,0
abc_00004975_d6f9da33017048c683ac514f_trimesh_039.obj,0.805472982290374,0
abc_00004985_d6f9da33017048c683ac514f_trimesh_049.obj,0.40412743745264357,0
abc_00004986_d6f9da33017048c683ac514f_trimesh_050.obj,0.06545585900409046,0
abc_00004989_d6f9da33017048c683ac514f_trimesh_053.obj,0.47531314882454,0
abc_00004996_d6f9da33017048c683ac514f_trimesh_060.obj,0.29749961567363115,0
abc_00005010_97731583b3104939acf30c9a_trimesh_005.obj,0.7472680198355001,0
abc_00005013_5001e2de07c44b8ab04f8ce7_trimesh_000.obj,0.05002227652938718,0
abc_00005025_38e260715fbb4c19bab37a75_trimesh_001.obj,0.3922132664639568,0
abc_00005040_51a7e299c47e4228b019c74b_trimesh_006.obj,0.8653540817396944,0
abc_00005041_51a7e299c47e4228b019c74b_trimesh_007.obj,0.07751666647501432,0
abc_00005051_d29ff8e74a0f49809e533f48_trimesh_003.obj,0.8132062311586566,0
abc_00005055_d29ff8e74a0f49809e533f48_trimesh_007.obj,0.8943915915502394,0
abc_00005066_d29ff8e74a0f49809e533f48_trimesh_018.obj,0.5658514970745954,0
abc_00005082_9a19028ec476443d95ce902a_trimesh_002.obj,0.3517233769302833,0
abc_00005092_c5feaa3ac05c4f43abf1e725_trimesh_002.obj,0.45591340285015036,0
abc_00005099_c5feaa3ac05c4f43abf1e725_trimesh_009.obj,0.5261804067210187,0
abc_00005103_f00fdbe69a2f4524a58ad1d6_trimesh_002.obj,0.997059598967734,0
abc_00005104_f00fdbe69a2f4524a58ad1d6_trimesh_003.obj,0.4108359649676322,0
abc_00005112_a4d13a0ea546408bb7e08479_trimesh_005.obj,0.7222912136424298,0
abc_00005116_8df83a229f094c96a1198497_trimesh_002.obj,0.7071031343639408,0
abc_00005125_c4185a5498ce4a2f86e6f014_trimesh_004.obj,0.4064225946051063,0
abc_00005126_c4185a5498ce4a2f86e6f014_trimesh_005.obj,0.3715644473377605,0
abc_00005128_b1721210d59544ada810caa1_trimesh_001.obj,0.05315178689913369,0
abc_00005129_b1721210d59544ada810caa1_trimesh_002.obj,0.6865220772094534,0
abc_00005177_e85b98fbe73143b9b7ce7b73_trimesh_001.obj,0.2008289126761007,0
abc_00005178_e85b98fbe73143b9b7ce7b73_trimesh_002.obj,0.8066238239491722,0
abc_00005180_e85b98fbe73143b9b7ce7b73_trimesh_004.obj,0.3651728649437366,0
abc_00005189_e85b98fbe73143b9b7ce7b73_trimesh_013.obj,0.4699720772167809,0
abc_00005225_e85b98fbe73143b9b7ce7b73_trimesh_049.obj,0.3924690536405544,0
abc_00005255_bacfba9898a6423d833880ae_trimesh_004.obj,0.5705121533881208,0
abc_00005256_bacfba9898a6423d833880ae_trimesh_005.obj,0.11785301665170667,0
abc_00005257_bacfba9898a6423d833880ae_trimesh_006.obj,0.38535375172779884,0
abc_00005261_bacfba9898a6423d833880ae_trimesh_010.obj,0.14196613756576038,0
abc_00005268_a8ded82a1fd74021ac459ffb_trimesh_004.obj,0.4684479699480425,0
abc_00005270_a8ded82a1fd74021ac459ffb_trimesh_006.obj,0.07085557945148668,0
abc_00005274_a8ded82a1fd74021ac459ffb_trimesh_010.obj,0.28834401319527514,0
abc_00005278_a8ded82a1fd74021ac459ffb_trimesh_014.obj,0.6774335940381992,0
abc_00005283_a8ded82a1fd74021ac459ffb_trimesh_019.obj,0.5848582692101002,0
abc_00005288_8a58a06c9bba479a9127d831_trimesh_000.obj,0.6973263370895542,0
abc_00005292_7bf855de16b54fb6add38973_trimesh_002.obj,0.5620039018920779,0
abc_00005310_9eb3b088ee874600bb384ad5_trimesh_002.obj,0.7714691180737635,0
abc_00005311_9eb3b088ee874600bb384ad5_trimesh_003.obj,0.2664970019748485,0
abc_00005312_9eb3b088ee874600bb384ad5_trimesh_004.obj,0.3489681577203656,0
abc_00005314_9eb3b088ee874600bb384ad5_trimesh_006.obj,0.6303887828818412,0
abc_00005319_9eb3b088ee874600bb384ad5_trimesh_011.obj,0.45278339454203076,0
abc_00005320_9eb3b088ee874600bb384ad5_trimesh_012.obj,0.8948157812027917,0
abc_00005321_9eb3b088ee874600bb384ad5_trimesh_013.obj,0.18916690071656828,0
abc_00005322_9eb3b088ee874600bb384ad5_trimesh_014.obj,0.8415976659932473,0
abc_00005359_264a4d4786e34d9898f87b2d_trimesh_000.obj,0.20563328080072174,0
abc_00005367_264a4d4786e34d9898f87b2d_trimesh_008.obj,0.29686755379475693,0
abc_00005370_264a4d4786e34d9898f87b2d_trimesh_011.obj,0.888001845886057,0
abc_00005377_264a4d4786e34d9898f87b2d_trimesh_018.obj,0.6239957473404516,0
abc_00005383_264a4d4786e34d9898f87b2d_trimesh_024.obj,0.39405425266806327,0
abc_00005400_82e81ca0cde24645852f50f3_trimesh_004.obj,0.1710534521583017,0
abc_00005402_82e81ca0cde24645852f50f3_trimesh_006.obj,0.7821698028380691,0
abc_00005414_6477e8ad02554200884775b4_trimesh_001.obj,0.43267296015493695,0
abc_00005422_6477e8ad02554200884775b4_trimesh_009.obj,0.18535556337327153,0
abc_00005439_19cdae3511744c81a1e86391_trimesh_000.obj,0.8421266403395101,0
abc_00005443_8a4327334ab1443dae44fd75_trimesh_000.obj,0.5448397084480049,0
abc_00005445_3c849aec1cc940888a3d827b_trimesh_000.obj,0.9040464848422737,0
abc_00005447_2ccd2dfb9ffc4cf29e94e0cf_trimesh_001.obj,0.8991976816248698,0
abc_00005453_2ccd2dfb9ffc4cf29e94e0cf_trimesh_007.obj,0.41374392388713355,0
abc_00005457_2ccd2dfb9ffc4cf29e94e0cf_trimesh_011.obj,0.6476619674222549,0
abc_00005461_2ccd2dfb9ffc4cf29e94e0cf_trimesh_015.obj,0.6592111428367323,0
abc_00005490_315403c3759345ca9b2768d7_trimesh_009.obj,0.21586855514717296,0
abc_00005507_fe86467a300e4511abf78b3a_trimesh_000.obj,0.9980606646670929,0
abc_00005511_d4d5a3c91ba445c2b24cdf18_trimesh_003.obj,0.7929457509753861,0
abc_00005513_d4d5a3c91ba445c2b24cdf18_trimesh_005.obj,0.22099029535291126,0
t10k_100330.obj,0.5277524765831952,0
t10k_1005287.obj,0.13727274658548638,0
t10k_100639.obj,0.3207200224360601,0
t10k_100730.obj,0.379526311000728,0
t10k_100831.obj,0.5748772955824815,0
t10k_101340.obj,0.46507375642312887,0
t10k_1015841.obj,0.7829352242595886,0
t10k_1015842.obj,0.9107144401300379,0
t10k_1017017.obj,0.2561150940883248,0
t10k_1017019.obj,0.7226580468111121,0
t10k_101864.obj,0.11628516423368995,0
t10k_101865.obj,0.32706877866511463,0
t10k_1036309.obj,0.6815786638723365,0
t10k_1036428.obj,0.4426151366679122,0
t10k_1037021.obj,0.29579622626978364,0
t10k_104187.obj,0.9209776658501835,0
t10k_104290.obj,0.8593342302799101,0
t10k_104930.obj,0.8148404247835643,0
t10k_105103.obj,0.8189154593807096,0
t10k_105326.obj,0.23217299274527992,0
t10k_1053874.obj,0.5171535951448064,0
t10k_1055250.obj,0.4175026738115615,0
t10k_105765.obj,0.24753001766704708,0
t10k_105804.obj,0.5294433674742787,0
t10k_105862.obj,0.84270847233831,0
t10k_105875.obj,0.8824514268802012,0
t10k_105924.obj,0.823559283535846,0
t10k_1064467.obj,0.25902811223523503,0
t10k_106782.obj,0.9503182554747436,0
t10k_107069.obj,0.04209405184276427,0
t10k_107071.obj,0.812302676592802,0
t10k_1075457.obj,0.8145966124654038,0
t10k_107558.obj,0.19145296406277656,0
t10k_1079827.obj,0.8993647054049226,0
t10k_108199.obj,0.01973355584107117,0
t10k_1082149.obj,0.9940535533188954,0
t10k_108452.obj,0.6691017690684593,0
t10k_108517.obj,0.999294409092527,0
t10k_1087135.obj,0.9677241221234432,0
t10k_1088056.obj,0.42047406979641677,0
t10k_1093140.obj,0.8638598179342198,0
t10k_109344.obj,0.9830875952762606,0
t10k_109459.obj,0.935727539772718,0
t10k_1099672.obj,0.8743688171026865,0
t10k_110025.obj,0.6265373131831288,0
t10k_110173.obj,0.6300763454177534,0
t10k_110445.obj,0.23483584905900678,0
t10k_110707.obj,0.6675414479399382,0
t10k_110803.obj,0.26153803878245585,0
t10k_110905.obj,0.291547163396888,0
t10k_110907.obj,0.8537265545479777,0
t10k_110911.obj,0.2852490348524517,0
t10k_110955.obj,0.6133276697796315,0
t10k_111046.obj,0.6374731233097924,0
t10k_111048.obj,0.18926344520910054,0
t10k_111394.obj,0.5101696886637346,0
t10k_1120776.obj,0.7351901761767833,0
t10k_1120779.obj,0.17030012705949094,0
t10k_112542.obj,0.5559805512915268,0
t10k_112544.obj,0.13312726290678123,0
t10k_1126615.obj,0.09848926475576791,0
t10k_112916.obj,0.10225583467471522,0
t10k_112925.obj,0.735560666670985,0
t10k_112927.obj,0.9481706401449909,0
t10k_112929.obj,0.034023229719161385,0
t10k_1129818.obj,0.923841340111836,0
t10k_113125.obj,0.38133302833300375,0
t10k_113127.obj,0.9756836270973815,0
t10k_1131601.obj,0.48850527482780737,0
t10k_114020.obj,0.6744500836211715,0
t10k_114077.obj,0.6696708577488059,0
t10k_1146171.obj,0.4518691386348662,0
t10k_1146183.obj,0.41145417356948377,0
t10k_1174395.obj,0.6509905472301198,0
t10k_1174397.obj,0.34263150924379504,0
t10k_1176418.obj,0.2070131246938457,0
t10k_117951.obj,0.3359518729517853,0
t10k_118302.obj,0.6592353792654744,0
t10k_118304.obj,0.6246540041566386,0
t10k_118657.obj,0.41806160117367797,0
t10k_119051.obj,0.3019872859721452,0
t10k_1207657.obj,0.6691828357627575,0
t10k_122126.obj,0.09400708775035194,0
t10k_1224384.obj,0.06769821179797775,0
t10k_1228190.obj,0.9945485470066713,0
t10k_124336.obj,0.14422748811664632,0
t10k_124370.obj,0.26566341988513265,0
t10k_128482.obj,0.4609858883417324,0
t10k_129051.obj,0.38330627996311917,0
t10k_130037.obj,0.9039856736830121,0
t10k_1307399.obj,0.48378397012552077,0
t10k_130969.obj,0.8530270233923154,0
t10k_1312953.obj,0.0955610933353046,0
t10k_131329.obj,0.11763911848355668,0
t10k_1313542.obj,0.3339780771478813,0
t10k_131443.obj,0.7914690827173252,0
t10k_1315843.obj,0.9536070010327603,0
t10k_1315844.obj,0.6089746816521164,0
t10k_132056.obj,0.5337570258184847,0
t10k_1327299.obj,0.25786075070683656,0
t10k_133582.obj,0.6749641128690451,0
t10k_1344041.obj,0.9684345788544564,0
t10k_1344059.obj,0.7706954928147247,0
t10k_1344060.obj,0.2894061673576549,0
t10k_1356650.obj,0.15374335331149902,0
t10k_1356651.obj,0.7397566266918092,0
t10k_1368076.obj,0.9814072027241698,0
t10k_138197.obj,0.35268285035792835,0
t10k_1387346.obj,0.921181098188504,0
t10k_139430.obj,0.6164215749018029,0
t10k_1395585.obj,0.6676054657204058,0
t10k_1396898.obj,0.9125262820922061,0
t10k_139763.obj,0.25994609870125185,0
t10k_140511.obj,0.9403521889196755,0
t10k_1417963.obj,0.13962963004117213,0
t10k_1451899.obj,0.909286767176799,0
t10k_1452677.obj,0.3014691209301005,0
t10k_1452681.obj,0.26207623599577834,0
t10k_145330.obj,0.5813211834609089,0
t10k_145419.obj,0.8431375667031697,0
t10k_1455627.obj,0.09285423300772733,0
t10k_1458676.obj,0.5212163033176542,0
t10k_1504272.obj,0.977784745047007,0
t10k_1505017.obj,0.8442592303385862,0
t10k_1505025.obj,0.7376520572261424,0
t10k_1516886.obj,0.35722830661032656,0
t10k_1527409.obj,0.5920081327488081,0
t10k_153961.obj,0.29120626010538386,0
t10k_1582376.obj,0.7085226154598923,0
t10k_1582420.obj,0.9590531368684607,0
t10k_1582428.obj,0.6614534251076398,0
t10k_1582436.obj,0.7107382876512282,0
t10k_1601406.obj,0.7219542444213694,0
t10k_1614064.obj,0.5837067627606294,0
t10k_161717.obj,0.4052293659204077,0
t10k_161718.obj,0.007800085230988074,0
t10k_1628449.obj,0.1499594624618832,0
t10k_1681118.obj,0.6020582749685356,0
t10k_1681119.obj,0.39939893935408677,0
t10k_1681124.obj,0.35506573292433574,0
t10k_1681235.obj,0.41868397763484866,0
t10k_1722413.obj,0.9612401475274994,0
t10k_1722423.obj,0.8916126373523044,0
t10k_1750620.obj,0.5032784553436331,0
t10k_1772593.obj,0.8465182426114446,0
t10k_178199.obj,0.9243873736964627,0
t10k_186541.obj,0.8628748844836053,0
t10k_196211.obj,0.40688711400498145,0
t10k_199660.obj,0.969607442494294,0
t10k_200973.obj,0.763232182185026,0
t10k_201962.obj,0.5221774382885022,0
t10k_203284.obj,0.9612641480569932,0
t10k_203285.obj,0.17652976848851898,0
t10k_203287.obj,0.647369268105751,0
t10k_203983.obj,0.7253468936272254,0
t10k_204392.obj,0.1293355812330903,0
t10k_206492.obj,0.6297034040881729,0
t10k_208721.obj,0.09692343329528719,0
t10k_211915.obj,0.5839852386750738,0
t10k_212094.obj,0.6902900010159825,0
t10k_217020.obj,0.9644707406080222,0
t10k_222140.obj,0.8516354655825539,0
t10k_225966.obj,0.5561894548144154,0
t10k_225969.obj,0.6571453909675554,0
t10k_239188.obj,0.15532008338717673,0
t10k_242222.obj,0.8219493657166413,0
t10k_247069.obj,0.3543929194196812,0
t10k_247517.obj,0.6762725364942817,0
t10k_250767.obj,0.4769448187361086,0
t10k_255237.obj,0.39930344240001714,0
t10k_255496.obj,0.4684685456298282,0
t10k_257587.obj,0.6662864198264238,0
t10k_257590.obj,0.17250166238736597,0
t10k_263995.obj,0.6173944401184333,0
t10k_265590.obj,0.6985481465398768,0
t10k_267853.obj,0.4191933512108994,0
t10k_269126.obj,0.526894598767438,0
t10k_278457.obj,0.37283531177124085,0
t10k_280282.obj,0.487685947731204,0
t10k_280283.obj,0.8245136595001036,0
t10k_285605.obj,0.1455747619416241,0
t10k_288801.obj,0.1333653534528073,0
t10k_288802.obj,0.04749687254230284,0
t10k_289665.obj,0.9582731733715746,0
t10k_289691.obj,0.16513870398984687,0
t10k_294010.obj,0.9616197044070739,0
t10k_298323.obj,0.6861473156494358,0
t10k_301888.obj,0.9016507188814659,0
t10k_301926.obj,0.0551208098750271,0
t10k_301933.obj,0.5005425575846159,0
t10k_306466.obj,0.5194323394858331,0
t10k_313444.obj,0.05400998597140405,0
t10k_313879.obj,0.037958101648480236,0
t10k_313917.obj,0.28539751068059693,0
t10k_314003.obj,0.8919527730082132,0
t10k_316358.obj,0.6709680249695794,0
t10k_331754.obj,0.43611158429302044,0
t10k_331784.obj,0.9538348559535808,0
t10k_338910.obj,0.7990841699068635,0
t10k_343548.obj,0.9943766646692939,0
t10k_34783.obj,0.9489957182042872,0
t10k_36075.obj,0.9301042708793884,0
t10k_366724.obj,0.14238309272695626,0
t10k_367344.obj,0.565011054429688,0
t10k_369989.obj,0.14217710849073228,0
t10k_370988.obj,0.5006464915244309,0
t10k_375251.obj,0.30086950481091124,0
t10k_376245.obj,0.5180177416742444,0
t10k_37868.obj,0.30901611868173107,0
t10k_384098.obj,0.6941894589118023,0
t10k_385609.obj,0.12794459212112985,0
t10k_38645.obj,0.6396497140674845,0
t10k_386839.obj,0.8822688165574676,0
t10k_387223.obj,0.6649506874415271,0
t10k_388570.obj,0.2866369224771218,0
t10k_388632.obj,0.837682024091699,0
t10k_39123.obj,0.6548356056279456,0
t10k_39208.obj,0.8012735297939985,0
t10k_39347.obj,0.6813393380041326,0
t10k_39643.obj,0.22502233025467577,0
t10k_40176.obj,0.7151937581349321,0
t10k_40360.obj,0.807801030240592,0
t10k_40361.obj,0.7321431814187971,0
t10k_40583.obj,0.44343303111257704,0
t10k_40663.obj,0.20513051290388673,0
t10k_40986.obj,0.9297145248751079,0
t10k_41081.obj,0.2207347236699453,0
t10k_41089.obj,0.8952685518418296,0
t10k_41521.obj,0.630725581103684,0
t10k_41929.obj,0.9486943067269157,0
t10k_41930.obj,0.9891809896531493,0
t10k_42025.obj,0.3501193577121201,0
t10k_42036.obj,0.3029726653809178,0
t10k_42046.obj,0.6355616880462389,0
t10k_42192.obj,0.42116327342279614,0
t10k_422370.obj,0.3747805515041627,0
t10k_42500.obj,0.18840633985505872,0
t10k_42721.obj,0.9536527121832665,0
t10k_43188.obj,0.7687380548452541,0
t10k_43389.obj,0.8902717450777635,0
t10k_43393.obj,0.5643296951658786,0
t10k_437347.obj,0.6469561492969046,0
t10k_437375.obj,0.09430774260645292,0
t10k_43769.obj,0.3487871488008286,0
t10k_439142.obj,0.05231740242975691,0
t10k_44037.obj,0.41974898206578204,0
t10k_44384.obj,0.08806565747185069,0
t10k_44396.obj,0.277772142967196,0
t10k_44398.obj,0.23281031649493655,0
t10k_44740.obj,0.73011781590129,0
t10k_44874.obj,0.2324836127579636,0
t10k_45009.obj,0.5420285144091005,0
t10k_451676.obj,0.982657145071457,0
t10k_45514.obj,0.37223855546075546,0
t10k_462512.obj,0.09603458859488179,0
t10k_46541.obj,0.8303150209172053,0
t10k_47088.obj,0.5493756148872405,0
t10k_47089.obj,0.5261566264493025,0
t10k_471994.obj,0.4477816880217931,0
t10k_472012.obj,0.9271309342237507,0
t10k_472026.obj,0.4690087130143237,0
t10k_472039.obj,0.17520957395454506,0
t10k_472043.obj,0.7123128943299851,0
t10k_472056.obj,0.547122836785283,0
t10k_472083.obj,0.4009754608840388,0
t10k_472092.obj,0.817138006597672,0
t10k_472131.obj,0.6332832371756193,0
t10k_472150.obj,0.1647133815210301,0
t10k_472204.obj,0.8016156215060385,0
t10k_474712.obj,0.9764784196581262,0
t10k_48131.obj,0.14366059872955617,0
t10k_482738.obj,0.9393622668030542,0
t10k_48495.obj,0.6757396415413032,0
t10k_48554.obj,0.5891456230024691,0
t10k_48949.obj,0.021019874943223216,0
t10k_49546.obj,0.2001196138980702,0
t10k_496673.obj,0.14474591680620696,0
t10k_498431.obj,0.8373536753083117,0
t10k_498461.obj,0.7961022111371963,0
t10k_49886.obj,0.02632681754502475,0
t10k_49888.obj,0.05038581672970954,0
t10k_500112.obj,0.4460513148341103,0
t10k_500117.obj,0.30146067039597535,0
t10k_50098.obj,0.5981288187978814,0
t10k_501150.obj,0.12156413771766084,0
t10k_502009.obj,0.2882674372874726,0
t10k_50410.obj,0.5619597959598701,0
t10k_50881.obj,0.19220764660975398,0
t10k_51142.obj,0.08413545054772553,0
t10k_51354.obj,0.8085830789680792,0
t10k_51508.obj,0.6613399158635836,0
t10k_51639.obj,0.5552062288677702,0
t10k_51643.obj,0.8529748050777067,0
t10k_51653.obj,0.18093549302799428,0
t10k_518082.obj,0.7964551971754059,0
t10k_520644.obj,0.31604763923489265,0
t10k_520647.obj,0.25259859347529556,0
t10k_52072.obj,0.7107132589481782,0
t10k_52858.obj,0.2901426770082045,0
t10k_52861.obj,0.9271622279533565,0
t10k_53404.obj,0.3288802425207943,0
t10k_53430.obj,0.5746440172422839,0
t10k_53439.obj,0.9285068738641458,0
t10k_53520.obj,0.380572283073371,0
t10k_55092.obj,0.7848917653969378,0
t10k_55583.obj,0.731046960105072,0
t10k_557388.obj,0.4922794901817187,0
t10k_56095.obj,0.7128755521561895,0
t10k_56527.obj,0.24239509244350244,0
t10k_56892.obj,0.6655535705628194,0
t10k_570154.obj,0.2716091165690985,0
t10k_57179.obj,0.9101581385785145,0
t10k_57420.obj,0.11546311192110315,0
t10k_57896.obj,0.12611064426087726,0
t10k_579054.obj,0.37520701235505016,0
t10k_579055.obj,0.6857548810643815,0
t10k_57909.obj,0.02062416784594956,0
t10k_579370.obj,0.03850544175916959,0
t10k_58007.obj,0.7235437842075235,0
t10k_58051.obj,0.05095057198779007,0
t10k_58053.obj,0.3706932392985859,0
t10k_58877.obj,0.08797457998356739,0
t10k_591226.obj,0.3150442701183297,0
t10k_591246.obj,0.44317963678310457,0
t10k_59230.obj,0.6602681842151806,0
t10k_59766.obj,0.7618917231922407,0
t10k_601646.obj,0.18688080611022717,0
t10k_60172.obj,0.9603627506318329,0
t10k_60246.obj,0.8663550461289292,0
t10k_60813.obj,0.662939640839911,0
t10k_60843.obj,0.3179571191098328,0
t10k_60847.obj,0.6696647951315011,0
t10k_60863.obj,0.4081721492607946,0
t10k_61194.obj,0.11265633343960124,0
t10k_61200.obj,0.13345459521132852,0
t10k_613661.obj,0.892296918941968,0
t10k_61765.obj,0.6994905807999638,0
t10k_619671.obj,0.9086959193379307,0
t10k_622001.obj,0.8157320680484274,0
t10k_62288.obj,0.9720656233537103,0
t10k_62592.obj,0.5234455499843998,0
t10k_63461.obj,0.5270394741449511,0
t10k_63556.obj,0.5464051525496406,0
t10k_635754.obj,0.06994563228705974,0
t10k_63942.obj,0.7122348546928398,0
t10k_64988.obj,0.7913701890964476,0
t10k_64989.obj,0.56232690804323,0
t10k_650186.obj,0.688674051763619,0
t10k_65444.obj,0.47343699692455044,0
t10k_65608.obj,0.7103392538344504,0
t10k_66479.obj,0.03215976341885751,0
t10k_668419.obj,0.9928313770105209,0
t10k_679618.obj,0.7401057935934489,0
t10k_68215.obj,0.3116556601668413,0
t10k_68334.obj,0.4943404957464266,0
t10k_68500.obj,0.8997882168641489,0
t10k_68647.obj,0.4004272592558962,0
t10k_68656.obj,0.4306843261968394,0
t10k_688370.obj,0.11496270029725275,0
t10k_693468.obj,0.42439172792656954,0
t10k_69880.obj,0.7522405297705824,0
t10k_700904.obj,0.6747455541230372,0
t10k_700908.obj,0.28708889134633586,0
t10k_702398.obj,0.5775076209600629,0
t10k_702412.obj,0.17561786698170212,0
t10k_702426.obj,0.1315197626229334,0
t10k_702427.obj,0.022534625617334214,0
t10k_70378.obj,0.46413728976956203,0
t10k_70558.obj,0.19997204988126238,0
t10k_70833.obj,0.1823185303771111,0
t10k_71157.obj,0.961060851172276,0
t10k_71693.obj,0.7848714312990303,0
t10k_72016.obj,0.5306733871099275,0
t10k_72227.obj,0.6659175965207136,0
t10k_72361.obj,0.050093085237852386,0
t10k_723831.obj,0.5685686329228187,0
t10k_72607.obj,0.9955362413680252,0
t10k_72611.obj,0.7473893497747457,0
t10k_73068.obj,0.6082933207566112,0
t10k_73084.obj,0.9429003565999395,0
t10k_73160.obj,0.04651172205051335,0
t10k_73432.obj,0.18905651049788008,0
t10k_73470.obj,0.6117149670667056,0
t10k_73737.obj,0.861966069892199,0
t10k_73739.obj,0.5420472969648856,0
t10k_740251.obj,0.35116162756522595,0
t10k_74448.obj,0.5397002702931433,0
t10k_74470.obj,0.11262245390352987,0
t10k_74494.obj,0.5103719623576617,0
t10k_74690.obj,0.06691829872811517,0
t10k_75092.obj,0.3298111761330642,0
t10k_75549.obj,0.5327684455630846,0
t10k_75653.obj,0.8748809113224576,0
t10k_75665.obj,0.5622670200187,0
t10k_75991.obj,0.7997693243117577,0
t10k_76204.obj,0.5514764746995766,0
t10k_762589.obj,0.09686807200477543,0
t10k_763724.obj,0.05953835111962913,0
t10k_76901.obj,0.7302188560939536,0
t10k_77463.obj,0.04899584721709027,0
t10k_77525.obj,0.010789642008288691,0
t10k_779964.obj,0.1769392847160829,0
t10k_779966.obj,0.29803241495043,0
t10k_78299.obj,0.7999900626028162,0
t10k_78737.obj,0.22665717698902665,0
t10k_78738.obj,0.6644745672411746,0
t10k_789072.obj,0.34237882392887997,0
t10k_79787.obj,0.6610814280136191,0
t10k_79960.obj,0.42958621087734283,0
t10k_80364.obj,0.4854963534633603,0
t10k_804299.obj,0.7817382106409565,0
t10k_80597.obj,0.44894533107007106,0
t10k_80752.obj,0.3277703161684664,0
t10k_80904.obj,0.18337817828830694,0
t10k_81130.obj,0.4985272222166828,0
t10k_81141.obj,0.5251398920307112,0
t10k_81145.obj,0.9701440748934829,0
t10k_81259.obj,0.7697361860998063,0
t10k_81307.obj,0.9452613478640107,0
t10k_81310.obj,0.005022587252675237,0
t10k_815478.obj,0.07145870030339685,0
t10k_81776.obj,0.9400530902154398,0
t10k_82063.obj,0.18030268955795326,0
t10k_82407.obj,0.9125189400131473,0
t10k_82722.obj,0.8209989813841699,0
t10k_83005.obj,0.0875164794814206,0
t10k_834595.obj,0.7336152288530333,0
t10k_83490.obj,0.5925837660897105,0
t10k_838515.obj,0.08777511327237231,0
t10k_84625.obj,0.8103876593779413,0
t10k_84642.obj,0.3517417233569702,0
t10k_84975.obj,0.7414676155766032,0
t10k_852175.obj,0.09684173605065627,0
t10k_85440.obj,0.3348381625936977,0
t10k_85493.obj,0.8400457367558495,0
t10k_85534.obj,0.8121649651312892,0
t10k_856328.obj,0.382679531588192,0
t10k_85800.obj,0.64869207736136,0
t10k_858853.obj,0.4015417611630404,0
t10k_86236.obj,0.3985393033789205,0
t10k_87075.obj,0.25233639504652483,0
t10k_87519.obj,0.8825380075728401,0
t10k_88152.obj,0.11324569511965721,0
t10k_88383.obj,0.24666026027702193,0
t10k_88581.obj,0.8933355084712543,0
t10k_88615.obj,0.7833591453575176,0
t10k_888455.obj,0.12764312495150498,0
t10k_894831.obj,0.7495063108808946,0
t10k_90283.obj,0.9015164719092787,0
t10k_903533.obj,0.9514049718268535,0
t10k_90439.obj,0.3461695403762485,0
t10k_90441.obj,0.04980657922705223,0
t10k_90442.obj,0.6265844134892748,0
t10k_904474.obj,0.05874464097608578,0
t10k_908460.obj,0.2729574226241298,0
t10k_91139.obj,0.6375473410799867,0
t10k_914685.obj,0.9673202806423883,0
t10k_91469.obj,0.414386510936107,0
t10k_91588.obj,0.9496375196111148,0
t10k_91610.obj,0.26613723009210455,0
t10k_91659.obj,0.36294232319346453,0
t10k_91917.obj,0.4411951120137546,0
t10k_919992.obj,0.7132302665816317,0
t10k_92068.obj,0.13992768364250152,0
t10k_92116.obj,0.3983594973116603,0
t10k_921797.obj,0.5318914465108345,0
t10k_92420.obj,0.5408318044265461,0
t10k_93071.obj,0.9529521549732253,0
t10k_93101.obj,0.6222221923026005,0
t10k_931874.obj,0.4410428722426465,0
t10k_94148.obj,0.4564552877171829,0
t10k_94675.obj,0.7581395614522258,0
t10k_953787.obj,0.6743596005306144,0
t10k_95409.obj,0.034746582494721734,0
t10k_95421.obj,0.386152949286914,0
t10k_95434.obj,0.805313331280038,0
t10k_95489.obj,0.6863815550910833,0
t10k_95500.obj,0.024040608519491746,0
t10k_95797.obj,0.34375971500218105,0
t10k_958471.obj,0.7609360539986127,0
t10k_96068.obj,0.9593720145940459,0
t10k_96123.obj,0.1363607971430072,0
t10k_96269.obj,0.23299394889613767,0
t10k_96541.obj,0.43811963101138296,0
t10k_96777.obj,0.1982868408842483,0
t10k_96779.obj,0.9870888221783574,0
t10k_97254.obj,0.9563153428439422,0
t10k_97591.obj,0.7902729983603846,0
t10k_97595.obj,0.1843899856375183,0
t10k_976646.obj,0.8824979298247793,0
t10k_97866.obj,0.8518511360680066,0
t10k_98009.obj,0.5786893941553665,0
t10k_985159.obj,0.9429940575678664,0
t10k_98657.obj,0.32662097495662445,0
t10k_98660.obj,0.8290989428520457,0
t10k_98667.obj,0.7253623602834162,0
t10k_98671.obj,0.5978674589328793,0
t10k_98936.obj,0.4258590058602659,0
t10k_993954.obj,0.028251589171263802,0
t10k_99896.obj,0.7225572199950225,0
device_03_degenerate_0000.obj,0.23074182483398853,1
device_03_degenerate_0001.obj,0.2797460877411323,1
device_03_degenerate_0002.obj,0.827705391164195,1
device_03_degenerate_0003.obj,0.7009714845569026,1
device_03_degenerate_0004.obj,0.9468066560709513,1
device_03_degenerate_0005.obj,0.3780457088903647,1
device_03_degenerate_0006.obj,0.6423142593931144,1
device_03_degenerate_0007.obj,0.17247114321420265,1
device_03_degenerate_0008.obj,0.7095751498942285,1
device_03_degenerate_0009.obj,0.6331672348187621,1
device_03_degenerate_0010.obj,0.2526682161343128,1
device_03_degenerate_0011.obj,0.660698832258151,1
device_03_degenerate_0012.obj,0.14813018507663445,1
device_03_degenerate_0013.obj,0.7261767653796741,1
device_03_degenerate_0014.obj,0.48638680947222523,1
device_03_degenerate_0015.obj,0.9151147613603681,1
device_03_degenerate_0016.obj,0.3582618637834648,1
device_03_degenerate_0017.obj,0.6627136390456585,1
device_03_degenerate_0018.obj,0.36094342451015005,1
device_03_degenerate_0019.obj,0.20659310356715754,1
device_03_degenerate_0020.obj,0.17350935097446119,1
device_03_degenerate_0021.obj,0.2781319788550668,1
device_03_degenerate_0022.obj,0.8566139826368834,1
device_03_degenerate_0023.obj,0.9648641689880256,1
device_03_degenerate_0024.obj,0.9573872975761023,1
device_03_disconnected_0000.obj,0.22125031692021724,1
device_03_disconnected_0001.obj,0.043876003849990575,1
device_03_disconnected_0002.obj,0.058581959346778234,1
device_03_disconnected_0003.obj,0.9407894122671799,1
device_03_disconnected_0004.obj,0.35808203037055797,1
device_03_disconnected_0005.obj,0.5428162539128544,1
device_03_disconnected_0006.obj,0.7332938851454239,1
device_03_disconnected_0007.obj,0.38989166179105883,1
device_03_disconnected_0008.obj,0.12440166662156082,1
device_03_disconnected_0009.obj,0.7916922129999798,1
device_03_disconnected_0010.obj,0.185076575095801,1
device_03_disconnected_0011.obj,0.8660992263498616,1
device_03_disconnected_0012.obj,0.19214515419876943,1
device_03_disconnected_0013.obj,0.14849423563513475,1
device_03_disconnected_0014.obj,0.20680579073562955,1
device_03_disconnected_0015.obj,0.6262108086482303,1
device_03_disconnected_0016.obj,0.527128259179428,1
device_03_disconnected_0017.obj,0.9223817311618369,1
device_03_disconnected_0018.obj,0.9813233720004018,1
device_03_disconnected_0019.obj,0.9067184631583963,1
device_03_disconnected_0020.obj,0.6780519926620086,1
device_03_disconnected_0021.obj,0.5508420031045017,1
device_03_disconnected_0022.obj,0.3756611185232315,1
device_03_disconnected_0023.obj,0.43408514433150813,1
device_03_disconnected_0024.obj,0.18032391782752555,1
device_03_faceswap_0000.obj,0.2727435461181834,1
device_03_faceswap_0001.obj,0.23858523963417155,1
device_03_faceswap_0002.obj,0.4575090831333313,1
device_03_faceswap_0003.obj,0.600921823868251,1
device_03_faceswap_0004.obj,0.8089909627392752,1
device_03_faceswap_0005.obj,0.31874870238670794,1
device_03_faceswap_0006.obj,0.7412393714854421,1
device_03_faceswap_0007.obj,0.09141658001153374,1
device_03_faceswap_0008.obj,0.6711603473060186,1
device_03_faceswap_0009.obj,0.8292908659536334,1
device_03_faceswap_0010.obj,0.7310383683522134,1
device_03_faceswap_0011.obj,0.39457779853698904,1
device_03_faceswap_0012.obj,0.16126839100697432,1
device_03_faceswap_0013.obj,0.8319504015143647,1
device_03_faceswap_0014.obj,0.6109397236498566,1
device_03_faceswap_0015.obj,0.16273758938978322,1
device_03_faceswap_0016.obj,0.047565533070424104,1
device_03_faceswap_0017.obj,0.00197646101291693,1
device_03_faceswap_0018.obj,0.09705060179118896,1
device_03_faceswap_0019.obj,0.2785297132783917,1
device_03_faceswap_0020.obj,0.06655277522930825,1
device_03_faceswap_0021.obj,0.9640280669324512,1
device_03_faceswap_0022.obj,0.5101055706569005,1
device_03_faceswap_0023.obj,0.37119770765775884,1
device_03_faceswap_0024.obj,0.009200376187036174,1
device_03_jitter_0000.obj,0.14726244944911204,1
device_03_jitter_0001.obj,0.2573146369931477,1
device_03_jitter_0002.obj,0.8504865240399829,1
device_03_jitter_0003.obj,0.8917357289472913,1
device_03_jitter_0004.obj,0.02325484934044253,1
device_03_jitter_0005.obj,0.896471250127181,1
device_03_jitter_0006.obj,0.8871996941371599,1
device_03_jitter_0007.obj,0.35083237181771987,1
device_03_jitter_0008.obj,0.44464936325870363,1
device_03_jitter_0009.obj,0.8725801202333179,1
device_03_jitter_0010.obj,0.18378610500424164,1
device_03_jitter_0011.obj,0.7888813703523158,1
device_03_jitter_0012.obj,0.5812824839777228,1
device_03_jitter_0013.obj,0.4757304337490983,1
device_03_jitter_0014.obj,0.8749121073931507,1
device_03_jitter_0015.obj,0.5342848472556238,1
device_03_jitter_0016.obj,0.7355571362209342,1
device_03_jitter_0017.obj,0.39560704592101237,1
device_03_jitter_0018.obj,0.4235668450274389,1
device_03_jitter_0019.obj,0.2723425495134746,1
device_03_jitter_0020.obj,0.024701292855641044,1
device_03_jitter_0021.obj,0.5647286067445324,1
device_03_jitter_0022.obj,0.9807276095392414,1
device_03_jitter_0023.obj,0.6279573238672118,1
device_03_jitter_0024.obj,0.21456722273551965,1
device_03_rigid_0000.obj,0.28674391995086734,1
device_03_rigid_0001.obj,0.560058869300728,1
device_03_rigid_0002.obj,0.8694470606807003,1
device_03_rigid_0003.obj,0.04016174684859419,1
device_03_rigid_0004.obj,0.14459842407538537,1
device_03_rigid_0005.obj,0.6626678959892135,1
device_03_rigid_0006.obj,0.1795809359780366,1
device_03_rigid_0007.obj,0.7701934054968751,1
device_03_rigid_0008.obj,0.34435461829400016,1
device_03_rigid_0009.obj,0.4538495737347882,1
device_03_rigid_0010.obj,0.31837929553628663,1
device_03_rigid_0011.obj,0.7821062191215483,1
device_03_rigid_0012.obj,0.7276483117261133,1
device_03_rigid_0013.obj,0.31961080002654907,1
device_03_rigid_0014.obj,0.5617037382762317,1
device_03_rigid_0015.obj,0.5509761221350233,1
device_03_rigid_0016.obj,0.11585617085902145,1
device_03_rigid_0017.obj,0.26166600037298804,1
device_03_rigid_0018.obj,0.9744110184721989,1
device_03_rigid_0019.obj,0.6956501188337736,1
device_03_rigid_0020.obj,0.02865180194353345,1
device_03_rigid_0021.obj,0.20126468937383357,1
device_03_rigid_0022.obj,0.11508727553774178,1
device_03_rigid_0023.obj,0.611855341585368,1
device_03_rigid_0024.obj,0.0247182135504187,1
device_03_tetwild_0000.obj,0.63224714479538,1
device_03_tetwild_0001.obj,0.8046870703643212,1
device_03_tetwild_0002.obj,0.3500599428115968,1
device_03_tetwild_0003.obj,0.0046228549309282885,1
device_03_tetwild_0004.obj,0.7645746545947664,1
device_03_tetwild_0005.obj,0.6677674007610567,1
device_03_tetwild_0006.obj,0.3411686557066592,1
device_03_tetwild_0007.obj,0.142867081609641,1
device_03_tetwild_0008.obj,0.6151922713222593,1
device_03_tetwild_0009.obj,0.08557786123474653,1
device_03_tetwild_0010.obj,0.2669445193426814,1
device_03_tetwild_0011.obj,0.7106607525849891,1
device_03_tetwild_0012.obj,0.18755054215543554,1
device_03_tetwild_0013.obj,0.7814059700565549,1
device_03_tetwild_0014.obj,0.9440343434093629,1
device_03_tetwild_0015.obj,0.08264340060319975,1
device_03_tetwild_0016.obj,0.5285237199950824,1
device_03_tetwild_0017.obj,0.09933876699130795,1
device_03_tetwild_0018.obj,0.6500210592613254,1
device_03_tetwild_0019.obj,0.7199019060414593,1
device_03_tetwild_0020.obj,0.26663609926730003,1
device_03_tetwild_0021.obj,0.7337722654783942,1
device_03_tetwild_0022.obj,0.6160640177270832,1
device_03_tetwild_0023.obj,0.6887375714872718,1
device_03_tetwild_0024.obj,0.2566101652469196,1
device_07_degenerate_0000.obj,0.4784323805417795,1
device_07_degenerate_0001.obj,0.13516357188248362,1
device_07_degenerate_0002.obj,0.14278819241496143,1
device_07_degenerate_0003.obj,0.005222641034673958,1
device_07_degenerate_0004.obj,0.3899760288626606,1
device_07_degenerate_0005.obj,0.4911481990722686,1
device_07_degenerate_0006.obj,0.12474131856760284,1
device_07_degenerate_0007.obj,0.6903053650999903,1
device_07_degenerate_0008.obj,0.8570876913221482,1
device_07_degenerate_0009.obj,0.7450402633752845,1
device_07_degenerate_0010.obj,0.27850875982804035,1
device_07_degenerate_0011.obj,0.7223091441643907,1
device_07_degenerate_0012.obj,0.408984347494763,1
device_07_degenerate_0013.obj,0.7453241500882057,1
device_07_degenerate_0014.obj,0.47311761644813555,1
device_07_degenerate_0015.obj,0.5783761335316001,1
device_07_degenerate_0016.obj,0.3340734380238565,1
device_07_degenerate_0017.obj,0.5330739562511405,1
device_07_degenerate_0018.obj,0.3459028569161542,1
device_07_degenerate_0019.obj,0.7394497933388952,1
device_07_degenerate_0020.obj,0.5163326884188052,1
device_07_degenerate_0021.obj,0.15116527996783657,1
device_07_degenerate_0022.obj,0.06981142306034216,1
device_07_degenerate_0023.obj,0.9266455415557682,1
device_07_degenerate_0024.obj,0.7303606284080861,1
device_07_disconnected_0000.obj,0.01388829371908007,1
device_07_disconnected_0001.obj,0.20498868603788278,1
device_07_disconnected_0002.obj,0.55241093243675,1
device_07_disconnected_0003.obj,0.8992868794851806,1
device_07_disconnected_0004.obj,0.9865004543684344,1
device_07_disconnected_0005.obj,0.8136660358041407,1
device_07_disconnected_0006.obj,0.9035382889684938,1
device_07_disconnected_0007.obj,0.7784606673620196,1
device_07_disconnected_0008.obj,0.12437552942274588,1
device_07_disconnected_0009.obj,0.37048918959637467,1
device_07_disconnected_0010.obj,0.294394455718164,1
device_07_disconnected_0011.obj,0.7557470073966303,1
device_07_disconnected_0012.obj,0.9486595046961454,1
device_07_disconnected_0013.obj,0.597026613911933,1
device_07_disconnected_0014.obj,0.43915461494852437,1
device_07_disconnected_0015.obj,0.07373052417114923,1
device_07_disconnected_0016.obj,0.5747208891929537,1
device_07_disconnected_0017.obj,0.7280218958311034,1
device_07_disconnected_0018.obj,0.22171694091204786,1
device_07_disconnected_0019.obj,0.4882766667160403,1
device_07_disconnected_0020.obj,0.32671895992417044,1
device_07_disconnected_0021.obj,0.7568033319044434,1
device_07_disconnected_0022.obj,0.342532706140409,1
device_07_disconnected_0023.obj,0.9099363191644174,1
device_07_disconnected_0024.obj,0.10506960045654457,1
device_07_faceswap_0000.obj,0.7917931951682203,1
device_07_faceswap_0001.obj,0.7897045540241949,1
device_07_faceswap_0002.obj,0.1285001163258268,1
device_07_faceswap_0003.obj,0.6372332979964668,1
device_07_faceswap_0004.obj,0.7897123951914965,1
device_07_faceswap_0005.obj,0.13365363100616867,1
device_07_faceswap_0006.obj,0.5156492072385348,1
device_07_faceswap_0007.obj,0.047687106587663286,1
device_07_faceswap_0008.obj,0.9804874930478006,1
device_07_faceswap_0009.obj,0.6503090343524538,1
device_07_faceswap_0010.obj,0.5329200605287586,1
device_07_faceswap_0011.obj,0.612024021327869,1
device_07_faceswap_0012.obj,0.96381612749559,1
device_07_faceswap_0013.obj,0.5240260775899019,1
device_07_faceswap_0014.obj,0.2768419526652852,1
device_07_faceswap_0015.obj,0.5113021589108953,1
device_07_faceswap_0016.obj,0.2540277472709376,1
device_07_faceswap_0017.obj,0.8748478633487269,1
device_07_faceswap_0018.obj,0.17172227962685116,1
device_07_faceswap_0019.obj,0.014581424253485631,1
device_07_faceswap_0020.obj,0.8242168926526434,1
device_07_faceswap_0021.obj,0.5607391765930427,1
device_07_faceswap_0022.obj,0.008883948701690292,1
device_07_faceswap_0023.obj,0.6979038142154965,1
device_07_faceswap_0024.obj,0.45866440596854263,1
device_07_jitter_0000.obj,0.6550418550281328,1
device_07_jitter_0001.obj,0.2836815299155089,1
device_07_jitter_0002.obj,0.6187775904487076,1
device_07_jitter_0003.obj,0.5545983172928766,1
device_07_jitter_0004.obj,0.4936847239613431,1
device_07_jitter_0005.obj,0.8706562764378674,1
device_07_jitter_0006.obj,0.9321419145836155,1
device_07_jitter_0007.obj,0.4895430923544425,1
device_07_jitter_0008.obj,0.5833807619615443,1
device_07_jitter_0009.obj,0.21542520635361595,1
device_07_jitter_0010.obj,0.5555766920569201,1
device_07_jitter_0011.obj,0.7726259402554302,1
device_07_jitter_0012.obj,0.11426443643179851,1
device_07_jitter_0013.obj,0.9582458782440588,1
device_07_jitter_0014.obj,0.6863859445801711,1
device_07_jitter_0015.obj,0.6026947646921524,1
device_07_jitter_0016.obj,0.10989919366328305,1
device_07_jitter_0017.obj,0.9688384250663541,1
device_07_jitter_0018.obj,0.8652024761129823,1
device_07_jitter_0019.obj,0.1365226119657249,1
device_07_jitter_0020.obj,0.4881411709737019,1
device_07_jitter_0021.obj,0.28264622568202236,1
device_07_jitter_0022.obj,0.8699657268760629,1
device_07_jitter_0023.obj,0.8236674407415928,1
device_07_jitter_0024.obj,0.11586888398892103,1
device_07_rigid_0000.obj,0.969517555040844,1
device_07_rigid_0001.obj,0.5098300991411943,1
device_07_rigid_0002.obj,0.08643664453769473,1
device_07_rigid_0003.obj,0.6350530556007706,1
device_07_rigid_0004.obj,0.14598887313096476,1
device_07_rigid_0005.obj,0.055611863052405064,1
device_07_rigid_0006.obj,0.46386254044300534,1
device_07_rigid_0007.obj,0.420966018561447,1
device_07_rigid_0008.obj,0.900565101623972,1
device_07_rigid_0009.obj,0.06425548601898046,1
device_07_rigid_0010.obj,0.6786567433940685,1
device_07_rigid_0011.obj,0.5758983863545447,1
device_07_rigid_0012.obj,0.36045905970129066,1
device_07_rigid_0013.obj,0.10108000489671254,1
device_07_rigid_0014.obj,0.631500084321507,1
device_07_rigid_0015.obj,0.19077331548582466,1
device_07_rigid_0016.obj,0.054818257717078156,1
device_07_rigid_0017.obj,0.6649031795014158,1
device_07_rigid_0018.obj,0.7702344774320762,1
device_07_rigid_0019.obj,0.4118196436727447,1
device_07_rigid_0020.obj,0.2203006450047411,1
device_07_rigid_0021.obj,0.1278497787583428,1
device_07_rigid_0022.obj,0.4634541993281751,1
device_07_rigid_0023.obj,0.8110461107693221,1
device_07_rigid_0024.obj,0.9888604251700304,1
device_07_tetwild_0000.obj,0.92701497542935,1
device_07_tetwild_0001.obj,0.8306296447305045,1
device_07_tetwild_0002.obj,0.6422191360143227,1
device_07_tetwild_0003.obj,0.99331023653919,1
device_07_tetwild_0004.obj,0.37500036579679796,1
device_07_tetwild_0005.obj,0.11554053160091637,1
device_07_tetwild_0006.obj,0.43495803963961466,1
device_07_tetwild_0007.obj,0.6180695370112007,1
device_07_tetwild_0008.obj,0.6974778009307123,1
device_07_tetwild_0009.obj,0.2627099481541737,1
device_07_tetwild_0010.obj,0.4376348485595971,1
device_07_tetwild_0011.obj,0.7858673615375245,1
device_07_tetwild_0012.obj,0.5215919325583769,1
device_07_tetwild_0013.obj,0.7904389557829108,1
device_07_tetwild_0014.obj,0.9622244837586817,1
device_07_tetwild_0015.obj,0.20672240834354938,1
device_07_tetwild_0016.obj,0.547810760708654,1
device_07_tetwild_0017.obj,0.7480261175526435,1
device_07_tetwild_0018.obj,0.1543942947103818,1
device_07_tetwild_0019.obj,0.18979967319674707,1
device_07_tetwild_0020.obj,0.6452704955935149,1
device_07_tetwild_0021.obj,0.8297266228314923,1
device_07_tetwild_0022.obj,0.12574869017987078,1
device_07_tetwild_0023.obj,0.9815257457212473,1
device_07_tetwild_0024.obj,0.03480953767952266,1
device_00_degenerate_0000.obj,0.15933305600469638,1
device_00_degenerate_0001.obj,0.6161484243476676,1
device_00_degenerate_0002.obj,0.27762062972745016,1
device_00_degenerate_0003.obj,0.12555343173685596,1
device_00_degenerate_0004.obj,0.7829084035657058,1
device_00_degenerate_0005.obj,0.3394439232356723,1
device_00_degenerate_0006.obj,0.594614257342859,1
device_00_degenerate_0007.obj,0.09510282393771696,1
device_00_degenerate_0008.obj,0.23578669408073538,1
device_00_degenerate_0009.obj,0.48689265340427934,1
device_00_degenerate_0010.obj,0.698407228803387,1
device_00_degenerate_0011.obj,0.7717967972623783,1
device_00_degenerate_0012.obj,0.2824348711580883,1
device_00_degenerate_0013.obj,0.7282874816332147,1
device_00_degenerate_0014.obj,0.383001426164877,1
device_00_degenerate_0015.obj,0.30195299939056597,1
device_00_degenerate_0016.obj,0.37145463801009126,1
device_00_degenerate_0017.obj,0.058449822956848085,1
device_00_degenerate_0018.obj,0.40088265649152965,1
device_00_degenerate_0019.obj,0.823554193413554,1
device_00_degenerate_0020.obj,0.743113313942417,1
device_00_degenerate_0021.obj,0.6133607594882553,1
device_00_degenerate_0022.obj,0.31846708111720945,1
device_00_degenerate_0023.obj,0.6052322391682524,1
device_00_degenerate_0024.obj,0.8736266469468356,1
device_00_disconnected_0000.obj,0.4175215153786931,1
device_00_disconnected_0001.obj,0.5059350812686193,1
device_00_disconnected_0002.obj,0.3395492109957102,1
device_00_disconnected_0003.obj,0.8057756864575634,1
device_00_disconnected_0004.obj,0.11763028200750625,1
device_00_disconnected_0005.obj,0.9797021897701063,1
device_00_disconnected_0006.obj,0.7352747324248093,1
device_00_disconnected_0007.obj,0.8218353344036801,1
device_00_disconnected_0008.obj,0.5368047581529315,1
device_00_disconnected_0009.obj,0.5319782590166173,1
device_00_disconnected_0010.obj,0.21736570336377226,1
device_00_disconnected_0011.obj,0.02326942091301576,1
device_00_disconnected_0012.obj,0.6584835586983251,1
device_00_disconnected_0013.obj,0.42071853054724306,1
device_00_disconnected_0014.obj,0.9808078813607838,1
device_00_disconnected_0015.obj,0.7392761132548396,1
device_00_disconnected_0016.obj,0.3813502282819675,1
device_00_disconnected_0017.obj,0.8291563165883155,1
device_00_disconnected_0018.obj,0.7488253857003111,1
device_00_disconnected_0019.obj,0.19125147670896925,1
device_00_disconnected_0020.obj,0.8840618898673426,1
device_00_disconnected_0021.obj,0.7182774574161019,1
device_00_disconnected_0022.obj,0.6147046503512364,1
device_00_disconnected_0023.obj,0.04205943728076589,1
device_00_disconnected_0024.obj,0.27676479959202216,1
device_00_faceswap_0000.obj,0.9419646958747105,1
device_00_faceswap_0001.obj,0.9368519198922739,1
device_00_faceswap_0002.obj,0.7081010960298808,1
device_00_faceswap_0003.obj,0.75417822778135,1
device_00_faceswap_0004.obj,0.8719654397505636,1
device_00_faceswap_0005.obj,0.47751306193392695,1
device_00_faceswap_0006.obj,0.4070473978920207,1
device_00_faceswap_0007.obj,0.07699448198013314,1
device_00_faceswap_0008.obj,0.07362740242492216,1
device_00_faceswap_0009.obj,0.17658194759824208,1
device_00_faceswap_0010.obj,0.9718793657009257,1
device_00_faceswap_0011.obj,0.9231570725969822,1
device_00_faceswap_0012.obj,0.7115775193842704,1
device_00_faceswap_0013.obj,0.8749383191994057,1
device_00_faceswap_0014.obj,0.24680690464347965,1
device_00_faceswap_0015.obj,0.4432126506167222,1
device_00_faceswap_0016.obj,0.26861225073259365,1
device_00_faceswap_0017.obj,0.7298182881735706,1
device_00_faceswap_0018.obj,0.6241897948523447,1
device_00_faceswap_0019.obj,0.10124250990875672,1
device_00_faceswap_0020.obj,0.7225381445396832,1
device_00_faceswap_0021.obj,0.6037711850184404,1
device_00_faceswap_0022.obj,0.3742263379413082,1
device_00_faceswap_0023.obj,0.8133125106626059,1
device_00_faceswap_0024.obj,0.2564343045177636,1
device_00_jitter_0000.obj,0.7239572154280015,1
device_00_jitter_0001.obj,0.06774401300566113,1
device_00_jitter_0002.obj,0.9339029710589843,1
device_00_jitter_0003.obj,0.8847129084345113,1
device_00_jitter_0004.obj,0.9690297049636105,1
device_00_jitter_0005.obj,0.5071858367910113,1
device_00_jitter_0006.obj,0.9453228586022386,1
device_00_jitter_0007.obj,0.8706673316657346,1
device_00_jitter_0008.obj,0.5505449856669898,1
device_00_jitter_0009.obj,0.09334989163904783,1
device_00_jitter_0010.obj,0.05502909992167049,1
device_00_jitter_0011.obj,0.939593777755474,1
device_00_jitter_0012.obj,0.56765652588606,1
device_00_jitter_0013.obj,0.16560511020459523,1
device_00_jitter_0014.obj,0.48508872584384244,1
device_00_jitter_0015.obj,0.930944596735035,1
device_00_jitter_0016.obj,0.5546477583588889,1
device_00_jitter_0017.obj,0.14653842222388913,1
device_00_jitter_0018.obj,0.964135466723737,1
device_00_jitter_0019.obj,0.48607191823421514,1
device_00_jitter_0020.obj,0.5190678635973116,1
device_00_jitter_0021.obj,0.5401730185778294,1
device_00_jitter_0022.obj,0.9778110265656825,1
device_00_jitter_0023.obj,0.13427833741915418,1
device_00_jitter_0024.obj,0.19398859923386025,1
device_00_rigid_0000.obj,0.5836155221506033,1
device_00_rigid_0001.obj,0.1843301785940441,1
device_00_rigid_0002.obj,0.11841505274272057,1
device_00_rigid_0003.obj,0.7360465089300066,1
device_00_rigid_0004.obj,0.8139806696840809,1
device_00_rigid_0005.obj,0.5242744051385643,1
device_00_rigid_0006.obj,0.03531664278152247,1
device_00_rigid_0007.obj,0.7677474565608408,1
device_00_rigid_0008.obj,0.5491250068547681,1
device_00_rigid_0009.obj,0.5216309372557009,1
device_00_rigid_0010.obj,0.5602111877661428,1
device_00_rigid_0011.obj,0.6106438494643304,1
device_00_rigid_0012.obj,0.44741291746365464,1
device_00_rigid_0013.obj,0.12250109647404095,1
device_00_rigid_0014.obj,0.9574727980853998,1
device_00_rigid_0015.obj,0.1654726584221794,1
device_00_rigid_0016.obj,0.9986906721200268,1
device_00_rigid_0017.obj,0.6150347748221888,1
device_00_rigid_0018.obj,0.7190737700126728,1
device_00_rigid_0019.obj,0.6653285023775166,1
device_00_rigid_0020.obj,0.649533124097241,1
device_00_rigid_0021.obj,0.7449982498384312,1
device_00_rigid_0022.obj,0.29114067594534876,1
device_00_rigid_0023.obj,0.3318933877814483,1
device_00_rigid_0024.obj,0.7295024143872978,1
device_00_tetwild_0000.obj,0.2428485277638407,1
device_00_tetwild_0001.obj,0.6219783396891835,1
device_00_tetwild_0002.obj,0.13630515282904276,1
device_00_tetwild_0003.obj,0.19113577861549857,1
device_00_tetwild_0004.obj,0.2146016697997648,1
device_00_tetwild_0005.obj,0.5319615139528165,1
device_00_tetwild_0006.obj,0.7493535757896448,1
device_00_tetwild_0007.obj,0.72157693255305,1
device_00_tetwild_0008.obj,0.7244081396077189,1
device_00_tetwild_0009.obj,0.08038537865350937,1
device_00_tetwild_0010.obj,0.1686271742025489,1
device_00_tetwild_0011.obj,0.16479763670954017,1
device_00_tetwild_0012.obj,0.5403688889506679,1
device_00_tetwild_0013.obj,0.8213492584039593,1
device_00_tetwild_0014.obj,0.7451748235266128,1
device_00_tetwild_0015.obj,0.3917117541939438,1
device_00_tetwild_0016.obj,0.16922785918241356,1
device_00_tetwild_0017.obj,0.8844143900266884,1
device_00_tetwild_0018.obj,0.21055274881181152,1
device_00_tetwild_0019.obj,0.4387145919063755,1
device_00_tetwild_0020.obj,0.9695236685527633,1
device_00_tetwild_0021.obj,0.8125493955288664,1
device_00_tetwild_0022.obj,0.6189075292441096,1
device_00_tetwild_0023.obj,0.6991243083995925,1
device_00_tetwild_0024.obj,0.20257399646073138,1
device_17_degenerate_0000.obj,0.918515440949755,1
device_17_degenerate_0001.obj,0.9128555118581302,1
device_17_degenerate_0002.obj,0.7381450522435651,1
device_17_degenerate_0003.obj,0.8322689440426984,1
device_17_degenerate_0004.obj,0.01077301071589254,1
device_17_degenerate_0005.obj,0.663163567203423,1
device_17_degenerate_0006.obj,0.558305924172361,1
device_17_degenerate_0007.obj,0.798656685665904,1
device_17_degenerate_0008.obj,0.25050425909455853,1
device_17_degenerate_0009.obj,0.5962697404562427,1
device_17_degenerate_0010.obj,0.2789611817869526,1
device_17_degenerate_0011.obj,0.648571989700893,1
device_17_degenerate_0012.obj,0.5993352257469496,1
device_17_degenerate_0013.obj,0.0985120024573416,1
device_17_degenerate_0014.obj,0.910331931335217,1
device_17_degenerate_0015.obj,0.948873282644203,1
device_17_degenerate_0016.obj,0.7967200530308509,1
device_17_degenerate_0017.obj,0.4059842301400014,1
device_17_degenerate_0018.obj,0.011505773439970612,1
device_17_degenerate_0019.obj,0.41948098818625157,1
device_17_degenerate_0020.obj,0.4888523967063866,1
device_17_degenerate_0021.obj,0.031600456769396046,1
device_17_degenerate_0022.obj,0.8692094632707672,1
device_17_degenerate_0023.obj,0.924790755501658,1
device_17_degenerate_0024.obj,0.48937567566345674,1
device_17_disconnected_0000.obj,0.5055948345872205,1
device_17_disconnected_0001.obj,0.6321274343548537,1
device_17_disconnected_0002.obj,0.12259985252844252,1
device_17_disconnected_0003.obj,0.5926913894590624,1
device_17_disconnected_0004.obj,0.07990636898144199,1
device_17_disconnected_0005.obj,0.43588612006575655,1
device_17_disconnected_0006.obj,0.8772195779240771,1
device_17_disconnected_0007.obj,0.11291833430367637,1
device_17_disconnected_0008.obj,0.7644834708441486,1
device_17_disconnected_0009.obj,0.5162095107945559,1
device_17_disconnected_0010.obj,0.8056461414738343,1
device_17_disconnected_0011.obj,0.4638289223929356,1
device_17_disconnected_0012.obj,0.8541213847008088,1
device_17_disconnected_0013.obj,0.8545923871198365,1
device_17_disconnected_0014.obj,0.6079942895820335,1
device_17_disconnected_0015.obj,0.6825355511476867,1
device_17_disconnected_0016.obj,0.02523206980965298,1
device_17_disconnected_0017.obj,0.1328928404637253,1
device_17_disconnected_0018.obj,0.10723915015639507,1
device_17_disconnected_0019.obj,0.36470022204812036,1
device_17_disconnected_0020.obj,0.5299492715472736,1
device_17_disconnected_0021.obj,0.8730405284918169,1
device_17_disconnected_0022.obj,0.46578797356169976,1
device_17_disconnected_0023.obj,0.2886352276860049,1
device_17_disconnected_0024.obj,0.9893767692704645,1
device_17_faceswap_0000.obj,0.809560644484515,1
device_17_faceswap_0001.obj,0.37212171213605616,1
device_17_faceswap_0002.obj,0.7467984609463348,1
device_17_faceswap_0003.obj,0.6604037870221612,1
device_17_faceswap_0004.obj,0.011682467586730638,1
device_17_faceswap_0005.obj,0.8707847709037527,1
device_17_faceswap_0006.obj,0.3145291208095067,1
device_17_faceswap_0007.obj,0.9245727800731851,1
device_17_faceswap_0008.obj,0.19348271755068058,1
device_17_faceswap_0009.obj,0.26774234411513476,1
device_17_faceswap_0010.obj,0.7710853960789701,1
device_17_faceswap_0011.obj,0.13888612881112516,1
device_17_faceswap_0012.obj,0.8039933141027696,1
device_17_faceswap_0013.obj,0.3589294351116141,1
device_17_faceswap_0014.obj,0.5413993097690187,1
device_17_faceswap_0015.obj,0.35929166490719944,1
device_17_faceswap_0016.obj,0.8427652382523965,1
device_17_faceswap_0017.obj,0.11263543728429215,1
device_17_faceswap_0018.obj,0.09247627270304759,1
device_17_faceswap_0019.obj,0.4472932824329505,1
device_17_faceswap_0020.obj,0.32245820264420955,1
device_17_faceswap_0021.obj,0.9572012785217733,1
device_17_faceswap_0022.obj,0.1847484893850908,1
device_17_faceswap_0023.obj,0.12798435917322992,1
device_17_faceswap_0024.obj,0.29483711500918386,1
device_17_jitter_0000.obj,0.5022225895535221,1
device_17_jitter_0001.obj,0.09014686754705625,1
device_17_jitter_0002.obj,0.5404383580724977,1
device_17_jitter_0003.obj,0.9094110908333357,1
device_17_jitter_0004.obj,0.41456428536815404,1
device_17_jitter_0005.obj,0.3818310124071651,1
device_17_jitter_0006.obj,0.7895264784465554,1
device_17_jitter_0007.obj,0.7334477739295677,1
device_17_jitter_0008.obj,0.32002594188017075,1
device_17_jitter_0009.obj,0.09389414239938021,1
device_17_jitter_0010.obj,0.7774253323170136,1
device_17_jitter_0011.obj,0.08509877665414356,1
device_17_jitter_0012.obj,0.5451144723491369,1
device_17_jitter_0013.obj,0.5697762032630728,1
device_17_jitter_0014.obj,0.8300820300563657,1
device_17_jitter_0015.obj,0.6024027774377849,1
device_17_jitter_0016.obj,0.9089353984665512,1
device_17_jitter_0017.obj,0.8134458294803061,1
device_17_jitter_0018.obj,0.26908782314929003,1
device_17_jitter_0019.obj,0.8736594766229107,1
device_17_jitter_0020.obj,0.4777699057895689,1
device_17_jitter_0021.obj,0.631372134524718,1
device_17_jitter_0022.obj,0.3897464004644663,1
device_17_jitter_0023.obj,0.2674677755454753,1
device_17_jitter_0024.obj,0.9772601675619382,1
device_17_rigid_0000.obj,0.776022748311349,1
device_17_rigid_0001.obj,0.965608689121501,1
device_17_rigid_0002.obj,0.07458304918683112,1
device_17_rigid_0003.obj,0.2356527388934171,1
device_17_rigid_0004.obj,0.3598685714093586,1
device_17_rigid_0005.obj,0.32363301839971914,1
device_17_rigid_0006.obj,0.9049544253371601,1
device_17_rigid_0007.obj,0.3712716299406391,1
device_17_rigid_0008.obj,0.13010090806019026,1
device_17_rigid_0009.obj,0.4824393824485692,1
device_17_rigid_0010.obj,0.2525376559433091,1
device_17_rigid_0011.obj,0.6529106573419138,1
device_17_rigid_0012.obj,0.9795189102593854,1
device_17_rigid_0013.obj,0.363413158155374,1
device_17_rigid_0014.obj,0.8935049400594648,1
device_17_rigid_0015.obj,0.13451467494766334,1
device_17_rigid_0016.obj,0.5917611018475629,1
device_17_rigid_0017.obj,0.39459874837488307,1
device_17_rigid_0018.obj,0.7666062224428133,1
device_17_rigid_0019.obj,0.050318982345823215,1
device_17_rigid_0020.obj,0.9628823915273523,1
device_17_rigid_0021.obj,0.8161128744053054,1
device_17_rigid_0022.obj,0.5782236596727829,1
device_17_rigid_0023.obj,0.7135150185752885,1
device_17_rigid_0024.obj,0.9575541005166903,1
device_17_tetwild_0000.obj,0.9817725065166235,1
device_17_tetwild_0001.obj,0.9161045106728704,1
device_17_tetwild_0002.obj,0.13147078926417488,1
device_17_tetwild_0003.obj,0.3851234649300683,1
device_17_tetwild_0004.obj,0.4370480741457087,1
device_17_tetwild_0005.obj,0.7046969426975831,1
device_17_tetwild_0007.obj,0.9534552077490771,1
device_17_tetwild_0008.obj,0.5713016857213293,1
device_17_tetwild_0009.obj,0.7454964496111887,1
device_17_tetwild_0010.obj,0.21262707136141257,1
device_17_tetwild_0011.obj,0.8315781596424766,1
device_17_tetwild_0012.obj,0.14441905201883376,1
device_17_tetwild_0013.obj,0.9409521117261398,1
device_17_tetwild_0014.obj,0.4523688716541826,1
device_17_tetwild_0015.obj,0.11613663301924237,1
device_17_tetwild_0016.obj,0.9766854134633856,1
device_17_tetwild_0017.obj,0.8890219294402331,1
device_17_tetwild_0018.obj,0.7121058035369773,1
device_17_tetwild_0019.obj,0.983501273732069,1
device_17_tetwild_0020.obj,0.7057010956398329,1
device_17_tetwild_0021.obj,0.2820504818279239,1
device_17_tetwild_0022.obj,0.6897303826294086,1
device_17_tetwild_0023.obj,0.6569584650215774,1
device_17_tetwild_0024.obj,0.07397120441046279,1
device_06_degenerate_0000.obj,0.5339781441334596,1
device_06_degenerate_0001.obj,0.6340797236606611,1
device_06_degenerate_0002.obj,0.3355647313805813,1
device_06_degenerate_0003.obj,0.7324174937786873,1
device_06_degenerate_0004.obj,0.1766394278569111,1
device_06_degenerate_0005.obj,0.3144090158915609,1
device_06_degenerate_0006.obj,0.2168190724469088,1
device_06_degenerate_0007.obj,0.9116966219415069,1
device_06_degenerate_0008.obj,0.15093906995400364,1
device_06_degenerate_0009.obj,0.608540905377883,1
device_06_degenerate_0010.obj,0.09958595689756777,1
device_06_degenerate_0011.obj,0.17457157873376183,1
device_06_degenerate_0012.obj,0.5581274361850995,1
device_06_degenerate_0013.obj,0.2939628815703308,1
device_06_degenerate_0014.obj,0.9359064329419782,1
device_06_degenerate_0015.obj,0.47175055356206763,1
device_06_degenerate_0016.obj,0.961047814299275,1
device_06_degenerate_0017.obj,0.13078456959095142,1
device_06_degenerate_0018.obj,0.023520860433175028,1
device_06_degenerate_0019.obj,0.236836844299815,1
device_06_degenerate_0020.obj,0.9852532375168779,1
device_06_degenerate_0021.obj,0.32818219217341427,1
device_06_degenerate_0022.obj,0.17248444201314883,1
device_06_degenerate_0023.obj,0.4260164523912148,1
device_06_degenerate_0024.obj,0.31545826333230176,1
device_06_disconnected_0000.obj,0.8380745763143403,1
device_06_disconnected_0001.obj,0.4489698650159095,1
device_06_disconnected_0002.obj,0.04593410165669787,1
device_06_disconnected_0003.obj,0.7463169266629363,1
device_06_disconnected_0004.obj,0.051483112782423124,1
device_06_disconnected_0005.obj,0.08377997013769556,1
device_06_disconnected_0006.obj,0.8784535150546837,1
device_06_disconnected_0007.obj,0.1666964949431825,1
device_06_disconnected_0008.obj,0.45659456084611194,1
device_06_disconnected_0009.obj,0.913594332847384,1
device_06_disconnected_0010.obj,0.6828486413340232,1
device_06_disconnected_0011.obj,0.0286703013042644,1
device_06_disconnected_0012.obj,0.10949466416341191,1
device_06_disconnected_0013.obj,0.5713292850355424,1
device_06_disconnected_0014.obj,0.29952129391899085,1
device_06_disconnected_0015.obj,0.42329707660881033,1
device_06_disconnected_0016.obj,0.07312796540851862,1
device_06_disconnected_0017.obj,0.46231417081339743,1
device_06_disconnected_0018.obj,0.24716942836952027,1
device_06_disconnected_0019.obj,0.6688183847136702,1
device_06_disconnected_0020.obj,0.6519324663862681,1
device_06_disconnected_0021.obj,0.5771857388075335,1
device_06_disconnected_0022.obj,0.13903519295393907,1
device_06_disconnected_0023.obj,0.09490036401352453,1
device_06_disconnected_0024.obj,0.6661801663470256,1
device_06_faceswap_0000.obj,0.8024712612536309,1
device_06_faceswap_0001.obj,0.08329637270846679,1
device_06_faceswap_0002.obj,0.3849294043387067,1
device_06_faceswap_0003.obj,0.7832295186767427,1
device_06_faceswap_0004.obj,0.34057254051863817,1
device_06_faceswap_0005.obj,0.9383754275855104,1
device_06_faceswap_0006.obj,0.13065685791440884,1
device_06_faceswap_0007.obj,0.49626561775522815,1
device_06_faceswap_0008.obj,0.9063137163437014,1
device_06_faceswap_0009.obj,0.112397875552261,1
device_06_faceswap_0010.obj,0.3945897124932225,1
device_06_faceswap_0011.obj,0.14452981388332842,1
device_06_faceswap_0012.obj,0.8384806353577606,1
device_06_faceswap_0013.obj,0.9763581811145569,1
device_06_faceswap_0014.obj,0.6631221507878534,1
device_06_faceswap_0015.obj,0.04673920657084052,1
device_06_faceswap_0016.obj,0.14628312297394552,1
device_06_faceswap_0017.obj,0.07815880349099169,1
device_06_faceswap_0018.obj,0.5568569267629274,1
device_06_faceswap_0019.obj,0.12316826191180164,1
device_06_faceswap_0020.obj,0.2051541692496477,1
device_06_faceswap_0021.obj,0.04555522400350087,1
device_06_faceswap_0022.obj,0.9471922574207308,1
device_06_faceswap_0023.obj,0.813881333831751,1
device_06_faceswap_0024.obj,0.45901849826160723,1
device_06_jitter_0000.obj,0.4274736114555331,1
device_06_jitter_0001.obj,0.8184450862809409,1
device_06_jitter_0002.obj,0.12212186745118181,1
device_06_jitter_0003.obj,0.2222349892936415,1
device_06_jitter_0004.obj,0.01529888057616724,1
device_06_jitter_0005.obj,0.2447059618970262,1
device_06_jitter_0006.obj,0.11514136119232554,1
device_06_jitter_0007.obj,0.5004073344035381,1
device_06_jitter_0008.obj,0.5252955991701734,1
device_06_jitter_0009.obj,0.8955977734414499,1
device_06_jitter_0010.obj,0.30128327797150434,1
device_06_jitter_0011.obj,0.6429941431200599,1
device_06_jitter_0012.obj,0.829407209369541,1
device_06_jitter_0013.obj,0.06999955447237405,1
device_06_jitter_0014.obj,0.016085227262300328,1
device_06_jitter_0015.obj,0.12837047767335352,1
device_06_jitter_0016.obj,0.10388012845341899,1
device_06_jitter_0017.obj,0.6396383411050945,1
device_06_jitter_0018.obj,0.5914568153905704,1
device_06_jitter_0019.obj,0.9944906604247203,1
device_06_jitter_0020.obj,0.39194369467069456,1
device_06_jitter_0021.obj,0.948526591490263,1
device_06_jitter_0022.obj,0.9342578291374117,1
device_06_jitter_0023.obj,0.1341036803444986,1
device_06_jitter_0024.obj,0.29450383720238715,1
device_06_rigid_0000.obj,0.39633159412482843,1
device_06_rigid_0001.obj,0.09087684911617877,1
device_06_rigid_0002.obj,0.8549557319852547,1
device_06_rigid_0003.obj,0.3233355278647966,1
device_06_rigid_0004.obj,0.0040127459731588155,1
device_06_rigid_0005.obj,0.43195063853984905,1
device_06_rigid_0006.obj,0.13175889096861315,1
device_06_rigid_0007.obj,0.011808162406201528,1
device_06_rigid_0008.obj,0.09617096377199874,1
device_06_rigid_0009.obj,0.09152546008867823,1
device_06_rigid_0010.obj,0.6447758111435316,1
device_06_rigid_0011.obj,0.39923405345599594,1
device_06_rigid_0012.obj,0.9756130115003107,1
device_06_rigid_0013.obj,0.18495038577541834,1
device_06_rigid_0014.obj,0.6496800652660634,1
device_06_rigid_0015.obj,0.39698081379625205,1
device_06_rigid_0016.obj,0.3505556473940684,1
device_06_rigid_0017.obj,0.16341136668110368,1
device_06_rigid_0018.obj,0.7540049311424414,1
device_06_rigid_0019.obj,0.4466002742178221,1
device_06_rigid_0020.obj,0.1623692772512655,1
device_06_rigid_0021.obj,0.34165801569092813,1
device_06_rigid_0022.obj,0.8822279272362912,1
device_06_rigid_0023.obj,0.8431308950867152,1
device_06_rigid_0024.obj,0.4615505938543242,1
device_06_tetwild_0000.obj,0.3222378061221556,1
device_06_tetwild_0001.obj,0.9835708629712516,1
device_06_tetwild_0002.obj,0.6172343514976257,1
device_06_tetwild_0003.obj,0.36770222973106015,1
device_06_tetwild_0004.obj,0.43152477053212357,1
device_06_tetwild_0005.obj,0.02307968773720337,1
device_06_tetwild_0006.obj,0.9899937472836622,1
device_06_tetwild_0007.obj,0.8899695267500984,1
device_06_tetwild_0008.obj,0.965904880110114,1
device_06_tetwild_0009.obj,0.9374892736346212,1
device_06_tetwild_0010.obj,0.5661216680884582,1
device_06_tetwild_0011.obj,0.4628528971833583,1
device_06_tetwild_0012.obj,0.8971043254625702,1
device_06_tetwild_0013.obj,0.7540960641772056,1
device_06_tetwild_0014.obj,0.19393803817866373,1
device_06_tetwild_0015.obj,0.47946958179610777,1
device_06_tetwild_0016.obj,0.23545695951124512,1
device_06_tetwild_0017.obj,0.0014002626518296868,1
device_06_tetwild_0018.obj,0.7349882741819943,1
device_06_tetwild_0019.obj,0.36932655717804574,1
device_06_tetwild_0020.obj,0.9903688520169533,1
device_06_tetwild_0021.obj,0.6950411030056705,1
device_06_tetwild_0022.obj,0.4183263964858748,1
device_06_tetwild_0023.obj,0.9887360794924305,1
device_06_tetwild_0024.obj,0.7504625803956552,1
device_01_degenerate_0000.obj,0.561049741474836,1
device_01_degenerate_0001.obj,0.12341983373619747,1
device_01_degenerate_0002.obj,0.9139166785091076,1
device_01_degenerate_0003.obj,0.833376722554653,1
device_01_degenerate_0004.obj,0.989201695659112,1
device_01_degenerate_0005.obj,0.10134503699828279,1
device_01_degenerate_0006.obj,0.5820961127125062,1
device_01_degenerate_0007.obj,0.6675958023572335,1
device_01_degenerate_0008.obj,0.03136379378934917,1
device_01_degenerate_0009.obj,0.6335244054713604,1
device_01_degenerate_0010.obj,0.8474165989836702,1
device_01_degenerate_0011.obj,0.10325129032049318,1
device_01_degenerate_0012.obj,0.349184942598338,1
device_01_degenerate_0013.obj,0.2050277079570898,1
device_01_degenerate_0014.obj,0.24591546629462446,1
device_01_degenerate_0015.obj,0.32350093550488945,1
device_01_degenerate_0016.obj,0.3668773347415073,1
device_01_degenerate_0017.obj,0.14487264415955747,1
device_01_degenerate_0018.obj,0.6026158869280809,1
device_01_degenerate_0019.obj,0.7034399985721008,1
device_01_degenerate_0020.obj,0.8103976556536668,1
device_01_degenerate_0021.obj,0.5630150649473452,1
device_01_degenerate_0022.obj,0.6737360773129547,1
device_01_degenerate_0023.obj,0.721344087863358,1
device_01_degenerate_0024.obj,0.09523453983788632,1
device_01_disconnected_0000.obj,0.41964690614090305,1
device_01_disconnected_0001.obj,0.5153662347674843,1
device_01_disconnected_0002.obj,0.4943522211493847,1
device_01_disconnected_0003.obj,0.4525083692013693,1
device_01_disconnected_0004.obj,0.8080792436822317,1
device_01_disconnected_0005.obj,0.6883309432288612,1
device_01_disconnected_0006.obj,0.9490000034510203,1
device_01_disconnected_0007.obj,0.9992290687311101,1
device_01_disconnected_0008.obj,0.7114610981617742,1
device_01_disconnected_0009.obj,0.768592929548813,1
device_01_disconnected_0010.obj,0.3572539881115736,1
device_01_disconnected_0011.obj,0.23048901139558553,1
device_01_disconnected_0012.obj,0.37478757911482774,1
device_01_disconnected_0013.obj,0.9756653197607094,1
device_01_disconnected_0014.obj,0.6423332652463604,1
device_01_disconnected_0015.obj,0.9840727339989415,1
device_01_disconnected_0016.obj,0.20106126907782085,1
device_01_disconnected_0017.obj,0.9201300985409137,1
device_01_disconnected_0018.obj,0.4677502488827122,1
device_01_disconnected_0019.obj,0.051977090415908034,1
device_01_disconnected_0020.obj,0.9967100224945611,1
device_01_disconnected_0021.obj,0.29096453784241605,1
device_01_disconnected_0022.obj,0.1679471468684528,1
device_01_disconnected_0023.obj,0.7681430439567927,1
device_01_disconnected_0024.obj,0.5211220382747641,1
device_01_faceswap_0000.obj,0.2819788598108943,1
device_01_faceswap_0001.obj,0.254004784098359,1
device_01_faceswap_0002.obj,0.25913346877723964,1
device_01_faceswap_0003.obj,0.5417211410320981,1
device_01_faceswap_0004.obj,0.9961320568065878,1
device_01_faceswap_0005.obj,0.7418581242155151,1
device_01_faceswap_0006.obj,0.2900921913962541,1
device_01_faceswap_0007.obj,0.6287881345289733,1
device_01_faceswap_0008.obj,0.8281327775874103,1
device_01_faceswap_0009.obj,0.8329838663208333,1
device_01_faceswap_0010.obj,0.1835301423352852,1
device_01_faceswap_0011.obj,0.8821038340895084,1
device_01_faceswap_0012.obj,0.47741830764377935,1
device_01_faceswap_0013.obj,0.23699481969902736,1
device_01_faceswap_0014.obj,0.38321884789145777,1
device_01_faceswap_0015.obj,0.32194823109549964,1
device_01_faceswap_0016.obj,0.46887765265985126,1
device_01_faceswap_0017.obj,0.48245996116694734,1
device_01_faceswap_0018.obj,0.44353977029367697,1
device_01_faceswap_0019.obj,0.3023551333344049,1
device_01_faceswap_0020.obj,0.34233648884657786,1
device_01_faceswap_0021.obj,0.6857021977744143,1
device_01_faceswap_0022.obj,0.6075628332235518,1
device_01_faceswap_0023.obj,0.744058905302832,1
device_01_faceswap_0024.obj,0.8880324932374105,1
device_01_jitter_0000.obj,0.9201081238075272,1
device_01_jitter_0001.obj,0.09818708786600328,1
device_01_jitter_0002.obj,0.31929029154134325,1
device_01_jitter_0003.obj,0.8654461553249295,1
device_01_jitter_0004.obj,0.8122246093468087,1
device_01_jitter_0005.obj,0.12301162695238688,1
device_01_jitter_0006.obj,0.9449428969611107,1
device_01_jitter_0007.obj,0.008332651577820593,1
device_01_jitter_0008.obj,0.30394807135328183,1
device_01_jitter_0009.obj,0.5596274506171764,1
device_01_jitter_0010.obj,0.519759085090544,1
device_01_jitter_0011.obj,0.16103924535546688,1
device_01_jitter_0012.obj,0.5118166239838992,1
device_01_jitter_0013.obj,0.5674567807433041,1
device_01_jitter_0014.obj,0.8865561420829857,1
device_01_jitter_0015.obj,0.5620679541738421,1
device_01_jitter_0016.obj,0.471156422356802,1
device_01_jitter_0017.obj,0.5908497240898462,1
device_01_jitter_0018.obj,0.35643578375440665,1
device_01_jitter_0019.obj,0.006201292360163757,1
device_01_jitter_0020.obj,0.8888162249752122,1
device_01_jitter_0021.obj,0.7306621472703193,1
device_01_jitter_0022.obj,0.28869671935450403,1
device_01_jitter_0023.obj,0.15840893382570254,1
device_01_jitter_0024.obj,0.9499125780687004,1
device_01_rigid_0000.obj,0.5751615865216307,1
device_01_rigid_0001.obj,0.45117676538125473,1
device_01_rigid_0002.obj,0.4053379607123324,1
device_01_rigid_0003.obj,0.4064853868257786,1
device_01_rigid_0004.obj,0.26402772744698977,1
device_01_rigid_0005.obj,0.6112523108141893,1
device_01_rigid_0006.obj,0.885947863388547,1
device_01_rigid_0007.obj,0.14824801092989914,1
device_01_rigid_0008.obj,0.12402549405986052,1
device_01_rigid_0009.obj,0.5761176300596531,1
device_01_rigid_0010.obj,0.7604352311437421,1
device_01_rigid_0011.obj,0.8502588957395374,1
device_01_rigid_0012.obj,0.5055392808040836,1
device_01_rigid_0013.obj,0.40547714934459267,1
device_01_rigid_0014.obj,0.869777347068739,1
device_01_rigid_0015.obj,0.7825885383361776,1
device_01_rigid_0016.obj,0.1440447805990409,1
device_01_rigid_0017.obj,0.5153571829754269,1
device_01_rigid_0018.obj,0.140240325540248,1
device_01_rigid_0019.obj,0.9426064174285804,1
device_01_rigid_0020.obj,0.2699018337602005,1
device_01_rigid_0021.obj,0.5186863982839137,1
device_01_rigid_0022.obj,0.13868895404795467,1
device_01_rigid_0023.obj,0.542879019552959,1
device_01_rigid_0024.obj,0.06187828667529294,1
device_01_tetwild_0000.obj,0.10130680388175828,1
device_01_tetwild_0001.obj,0.48640628762300964,1
device_01_tetwild_0002.obj,0.5418922981538015,1
device_01_tetwild_0003.obj,0.8750364726978538,1
device_01_tetwild_0004.obj,0.8127058290918999,1
device_01_tetwild_0005.obj,0.6800472333542249,1
device_01_tetwild_0006.obj,0.8697916766992289,1
device_01_tetwild_0007.obj,0.046739580057735375,1
device_01_tetwild_0008.obj,0.20685122859172023,1
device_01_tetwild_0009.obj,0.381349338567357,1
device_01_tetwild_0011.obj,0.3163003427210168,1
device_01_tetwild_0012.obj,0.45885963963748755,1
device_01_tetwild_0013.obj,0.4396457082750259,1
device_01_tetwild_0014.obj,0.5295016894562279,1
device_01_tetwild_0015.obj,0.6469507170914244,1
device_01_tetwild_0016.obj,0.6900939646514996,1
device_01_tetwild_0017.obj,0.08943054613967183,1
device_01_tetwild_0018.obj,0.8060894240271959,1
device_01_tetwild_0019.obj,0.8645168698033879,1
device_01_tetwild_0020.obj,0.48168245424168077,1
device_01_tetwild_0021.obj,0.18012830423863224,1
device_01_tetwild_0022.obj,0.44355946990313766,1
device_01_tetwild_0023.obj,0.2632870212083771,1
device_01_tetwild_0024.obj,0.724991112875211,1
device_15_degenerate_0000.obj,0.8456008673837929,1
device_15_degenerate_0001.obj,0.28197094440587445,1
device_15_degenerate_0002.obj,0.42151452980286774,1
device_15_degenerate_0003.obj,0.6635054031649003,1
device_15_degenerate_0004.obj,0.8038347522468371,1
device_15_degenerate_0005.obj,0.12075409584100905,1
device_15_degenerate_0006.obj,0.7770281047406165,1
device_15_degenerate_0007.obj,0.3185196490429597,1
device_15_degenerate_0008.obj,0.029017181824630645,1
device_15_degenerate_0009.obj,0.5166356179048706,1
device_15_degenerate_0010.obj,0.8205110743930869,1
device_15_degenerate_0011.obj,0.1017916860267305,1
device_15_degenerate_0012.obj,0.839431262000212,1
device_15_degenerate_0013.obj,0.7993867924589961,1
device_15_degenerate_0014.obj,0.3185107122995122,1
device_15_degenerate_0015.obj,0.1310854918843266,1
device_15_degenerate_0016.obj,0.20467282041139856,1
device_15_degenerate_0017.obj,0.30790035008114525,1
device_15_degenerate_0018.obj,0.9793892984201362,1
device_15_degenerate_0019.obj,0.45353022862817916,1
device_15_degenerate_0020.obj,0.8995020546022551,1
device_15_degenerate_0021.obj,0.7746554631504424,1
device_15_degenerate_0022.obj,0.008179010779253426,1
device_15_degenerate_0023.obj,0.8198556997539406,1
device_15_degenerate_0024.obj,0.15564394896510814,1
device_15_disconnected_0000.obj,0.7830400030915076,1
device_15_disconnected_0001.obj,0.01346206518456916,1
device_15_disconnected_0002.obj,0.29599909675106395,1
device_15_disconnected_0003.obj,0.1544023903573587,1
device_15_disconnected_0004.obj,0.550700554694637,1
device_15_disconnected_0005.obj,0.851937135553884,1
device_15_disconnected_0006.obj,0.6240051913401595,1
device_15_disconnected_0007.obj,0.8288574001773835,1
device_15_disconnected_0008.obj,0.3129836788124467,1
device_15_disconnected_0009.obj,0.7555350051834581,1
device_15_disconnected_0010.obj,0.11674028573370587,1
device_15_disconnected_0011.obj,0.3409109123416165,1
device_15_disconnected_0012.obj,0.5636210800591018,1
device_15_disconnected_0013.obj,0.04926288593927053,1
device_15_disconnected_0014.obj,0.7076353951929601,1
device_15_disconnected_0015.obj,0.04258803882762385,1
device_15_disconnected_0016.obj,0.021501078955568853,1
device_15_disconnected_0017.obj,0.27773922324377964,1
device_15_disconnected_0018.obj,0.9037579391889546,1
device_15_disconnected_0019.obj,0.94834492898083,1
device_15_disconnected_0020.obj,0.38216375251572676,1
device_15_disconnected_0021.obj,0.6839286861228332,1
device_15_disconnected_0022.obj,0.8841647163170397,1
device_15_disconnected_0023.obj,0.7125749865319003,1
device_15_disconnected_0024.obj,0.5823616829683131,1
device_15_faceswap_0000.obj,0.09236755409475284,1
device_15_faceswap_0001.obj,0.9244499321390631,1
device_15_faceswap_0002.obj,0.42282999425331247,1
device_15_faceswap_0003.obj,0.009230561925554714,1
device_15_faceswap_0004.obj,0.5683418043937741,1
device_15_faceswap_0005.obj,0.7957409883879178,1
device_15_faceswap_0006.obj,0.9690005496068919,1
device_15_faceswap_0007.obj,0.4748729457521572,1
device_15_faceswap_0008.obj,0.8586455373431507,1
device_15_faceswap_0009.obj,0.20518838926637006,1
device_15_faceswap_0010.obj,0.46166067926363374,1
device_15_faceswap_0011.obj,0.4640884790155261,1
device_15_faceswap_0012.obj,0.11739551014635641,1
device_15_faceswap_0013.obj,0.44567342277822786,1
device_15_faceswap_0014.obj,0.8525384086277785,1
device_15_faceswap_0015.obj,0.3880732483259446,1
device_15_faceswap_0016.obj,0.11386982343641305,1
device_15_faceswap_0017.obj,0.6083598422629041,1
device_15_faceswap_0018.obj,0.45972970529215884,1
device_15_faceswap_0019.obj,0.9375860232575443,1
device_15_faceswap_0020.obj,0.995923320120173,1
device_15_faceswap_0021.obj,0.4391032256776717,1
device_15_faceswap_0022.obj,0.06116826485350679,1
device_15_faceswap_0023.obj,0.4370641210585561,1
device_15_faceswap_0024.obj,0.45670828198594693,1
device_15_jitter_0000.obj,0.7846931594941949,1
device_15_jitter_0001.obj,0.37635085437576743,1
device_15_jitter_0002.obj,0.5065396031272208,1
device_15_jitter_0003.obj,0.5256424949351651,1
device_15_jitter_0004.obj,0.1286005821918187,1
device_15_jitter_0005.obj,0.2674763484525693,1
device_15_jitter_0006.obj,0.21742721070279292,1
device_15_jitter_0007.obj,0.6364196446227628,1
device_15_jitter_0008.obj,0.4059400292895806,1
device_15_jitter_0009.obj,0.5282797599575574,1
device_15_jitter_0010.obj,0.1747306256432004,1
device_15_jitter_0011.obj,0.3315844129841232,1
device_15_jitter_0012.obj,0.36868984445431685,1
device_15_jitter_0013.obj,0.0501949927356955,1
device_15_jitter_0014.obj,0.29096766734481994,1
device_15_jitter_0015.obj,0.18387537749017857,1
device_15_jitter_0016.obj,0.48018287981537644,1
device_15_jitter_0017.obj,0.8261020289171966,1
device_15_jitter_0018.obj,0.9534754337835802,1
device_15_jitter_0019.obj,0.6598796187127307,1
device_15_jitter_0020.obj,0.25799292007950547,1
device_15_jitter_0021.obj,0.9176699781861676,1
device_15_jitter_0022.obj,0.014934910744483942,1
device_15_jitter_0023.obj,0.3931858259109755,1
device_15_jitter_0024.obj,0.8879301992972165,1
device_15_rigid_0000.obj,0.619239170430321,1
device_15_rigid_0001.obj,0.8979026380573389,1
device_15_rigid_0002.obj,0.26661452660829954,1
device_15_rigid_0003.obj,0.0280724573694755,1
device_15_rigid_0004.obj,0.8251002577305152,1
device_15_rigid_0005.obj,0.810151419671502,1
device_15_rigid_0006.obj,0.9353269191545752,1
device_15_rigid_0007.obj,0.35581102580778023,1
device_15_rigid_0008.obj,0.8266225684873668,1
device_15_rigid_0009.obj,0.07505242886156094,1
device_15_rigid_0010.obj,0.08918920960985688,1
device_15_rigid_0011.obj,0.09638913082376066,1
device_15_rigid_0012.obj,0.23177061078245997,1
device_15_rigid_0013.obj,0.865741940969566,1
device_15_rigid_0014.obj,0.769178118077111,1
device_15_rigid_0015.obj,0.5032749769757268,1
device_15_rigid_0016.obj,0.35800965999420786,1
device_15_rigid_0017.obj,0.5790980420615831,1
device_15_rigid_0018.obj,0.23610226212936725,1
device_15_rigid_0019.obj,0.4683087743739409,1
device_15_rigid_0020.obj,0.7930726088014268,1
device_15_rigid_0021.obj,0.545981035361838,1
device_15_rigid_0022.obj,0.21398381579150694,1
device_15_rigid_0023.obj,0.12949416516541978,1
device_15_rigid_0024.obj,0.14090710588405098,1
device_15_tetwild_0000.obj,0.8906562786552047,1
device_15_tetwild_0001.obj,0.6415527982112798,1
device_15_tetwild_0002.obj,0.6329842216321114,1
device_15_tetwild_0003.obj,0.6181451844733583,1
device_15_tetwild_0004.obj,0.37103956995833876,1
device_15_tetwild_0005.obj,0.11967356147633745,1
device_15_tetwild_0006.obj,0.8192219898520671,1
device_15_tetwild_0007.obj,0.7388504772045555,1
device_15_tetwild_0008.obj,0.943137515647801,1
device_15_tetwild_0009.obj,0.907751764055633,1
device_15_tetwild_0010.obj,0.034293645674289164,1
device_15_tetwild_0011.obj,0.7052574573776114,1
device_15_tetwild_0012.obj,0.08366251676536796,1
device_15_tetwild_0013.obj,0.690653970628564,1
device_15_tetwild_0014.obj,0.7595125533216588,1
device_15_tetwild_0015.obj,0.26790690673608075,1
device_15_tetwild_0016.obj,0.38100725119471335,1
device_15_tetwild_0017.obj,0.6032366597211958,1
device_15_tetwild_0018.obj,0.8609239255184499,1
device_15_tetwild_0019.obj,0.7584047992280195,1
device_15_tetwild_0021.obj,0.204301457167117,1
device_15_tetwild_0022.obj,0.3993852207948594,1
device_15_tetwild_0023.obj,0.8638347364739429,1
device_15_tetwild_0024.obj,0.5373888083156845,1
device_12_degenerate_0000.obj,0.22302491912463074,1
device_12_degenerate_0001.obj,0.3267149385121293,1
device_12_degenerate_0002.obj,0.24405575333973395,1
device_12_degenerate_0003.obj,0.24048386731189486,1
device_12_degenerate_0004.obj,0.5226507320744291,1
device_12_degenerate_0005.obj,0.14760986585746771,1
device_12_degenerate_0006.obj,0.08684407443328845,1
device_12_degenerate_0007.obj,0.32136798952414425,1
device_12_degenerate_0008.obj,0.9128869027388709,1
device_12_degenerate_0009.obj,0.21566170498494264,1
device_12_degenerate_0010.obj,0.520585860445823,1
device_12_degenerate_0011.obj,0.1957095138575352,1
device_12_degenerate_0012.obj,0.33226563274596255,1
device_12_degenerate_0013.obj,0.2787572363069475,1
device_12_degenerate_0014.obj,0.8451392232345416,1
device_12_degenerate_0015.obj,0.7451783168913456,1
device_12_degenerate_0016.obj,0.20797350693710903,1
device_12_degenerate_0017.obj,0.7021407104951295,1
device_12_degenerate_0018.obj,0.22747092881122566,1
device_12_degenerate_0019.obj,0.33648546925951384,1
device_12_degenerate_0020.obj,0.035210315105322576,1
device_12_degenerate_0021.obj,0.9932074304248826,1
device_12_degenerate_0022.obj,0.5289428725953832,1
device_12_degenerate_0023.obj,0.19268427996334037,1
device_12_degenerate_0024.obj,0.9146972329854812,1
device_12_disconnected_0000.obj,0.7111603455474678,1
device_12_disconnected_0001.obj,0.32786529344178217,1
device_12_disconnected_0002.obj,0.1718233449491957,1
device_12_disconnected_0003.obj,0.2708022597457632,1
device_12_disconnected_0004.obj,0.5071935825254383,1
device_12_disconnected_0005.obj,0.5350553486525426,1
device_12_disconnected_0006.obj,0.4569231586099456,1
device_12_disconnected_0007.obj,0.3813015899191827,1
device_12_disconnected_0008.obj,0.9032152860807084,1
device_12_disconnected_0009.obj,0.30106695907610403,1
device_12_disconnected_0010.obj,0.3151330310869237,1
device_12_disconnected_0011.obj,0.24807746949285625,1
device_12_disconnected_0012.obj,0.5055225552649792,1
device_12_disconnected_0013.obj,0.9297320037949128,1
device_12_disconnected_0014.obj,0.6727744220138433,1
device_12_disconnected_0015.obj,0.8867212051170908,1
device_12_disconnected_0016.obj,0.051008598002727834,1
device_12_disconnected_0017.obj,0.802053318279018,1
device_12_disconnected_0018.obj,0.3632273322601841,1
device_12_disconnected_0019.obj,0.8364484885624436,1
device_12_disconnected_0020.obj,0.08083768897677701,1
device_12_disconnected_0021.obj,0.07324019633803669,1
device_12_disconnected_0022.obj,0.8307460027667471,1
device_12_disconnected_0023.obj,0.03350258558458985,1
device_12_disconnected_0024.obj,0.278382132040632,1
device_12_faceswap_0000.obj,0.24080193094958136,1
device_12_faceswap_0001.obj,0.49015415629098036,1
device_12_faceswap_0002.obj,0.06378056500219365,1
device_12_faceswap_0003.obj,0.782094742033465,1
device_12_faceswap_0004.obj,0.1623504021107387,1
device_12_faceswap_0005.obj,0.21429400348905492,1
device_12_faceswap_0006.obj,0.40323821017804784,1
device_12_faceswap_0007.obj,0.7915059421066362,1
device_12_faceswap_0008.obj,0.9541506482223685,1
device_12_faceswap_0009.obj,0.998364535692478,1
device_12_faceswap_0010.obj,0.9418859205090104,1
device_12_faceswap_0011.obj,0.6534753390341885,1
device_12_faceswap_0012.obj,0.22356256928373663,1
device_12_faceswap_0013.obj,0.46692469274095527,1
device_12_faceswap_0014.obj,0.41123433072347315,1
device_12_faceswap_0015.obj,0.09631627597053516,1
device_12_faceswap_0016.obj,0.14304986246199936,1
device_12_faceswap_0017.obj,0.3848113707156433,1
device_12_faceswap_0018.obj,0.40139356557928096,1
device_12_faceswap_0019.obj,0.5437454610503414,1
device_12_faceswap_0020.obj,0.6799924968026674,1
device_12_faceswap_0021.obj,0.278444462804318,1
device_12_faceswap_0022.obj,0.9338694158370905,1
device_12_faceswap_0023.obj,0.2348134934286198,1
device_12_faceswap_0024.obj,0.9460141334104514,1
device_12_jitter_0000.obj,0.39501068037602005,1
device_12_jitter_0001.obj,0.3217926051930101,1
device_12_jitter_0002.obj,0.8926251035140086,1
device_12_jitter_0003.obj,0.8806318918326225,1
device_12_jitter_0004.obj,0.4265394611990153,1
device_12_jitter_0005.obj,0.7612263263564885,1
device_12_jitter_0006.obj,0.18066224194490998,1
device_12_jitter_0007.obj,0.7932002416085451,1
device_12_jitter_0008.obj,0.7346649164495984,1
device_12_jitter_0009.obj,0.8338817127378454,1
device_12_jitter_0010.obj,0.48076154496311185,1
device_12_jitter_0011.obj,0.002628677148630465,1
device_12_jitter_0012.obj,0.0969165057717084,1
device_12_jitter_0013.obj,0.20517492774543122,1
device_12_jitter_0014.obj,0.6312641300414924,1
device_12_jitter_0015.obj,0.4808368181018545,1
device_12_jitter_0016.obj,0.753400856031405,1
device_12_jitter_0017.obj,0.5639705597982626,1
device_12_jitter_0018.obj,0.048666515320770154,1
device_12_jitter_0019.obj,0.8238257856906678,1
device_12_jitter_0020.obj,0.48344348684433036,1
device_12_jitter_0021.obj,0.562712524665951,1
device_12_jitter_0022.obj,0.30753760379505235,1
device_12_jitter_0023.obj,0.6400442764074213,1
device_12_jitter_0024.obj,0.7838728278272014,1
device_12_rigid_0000.obj,0.6916732601512064,1
device_12_rigid_0001.obj,0.8572455493881895,1
device_12_rigid_0002.obj,0.0963812329029613,1
device_12_rigid_0003.obj,0.8884206618771799,1
device_12_rigid_0004.obj,0.2668372249719536,1
device_12_rigid_0005.obj,0.394271370167369,1
device_12_rigid_0006.obj,0.5716002532222814,1
device_12_rigid_0007.obj,0.9591238534378924,1
device_12_rigid_0008.obj,0.15113278116496742,1
device_12_rigid_0009.obj,0.677694263952425,1
device_12_rigid_0010.obj,0.6571836600444748,1
device_12_rigid_0011.obj,0.4382702351972655,1
device_12_rigid_0012.obj,0.003933706760766542,1
device_12_rigid_0013.obj,0.13945871633065066,1
device_12_rigid_0014.obj,0.7780685301844957,1
device_12_rigid_0015.obj,0.8631356804921981,1
device_12_rigid_0016.obj,0.8891986929744774,1
device_12_rigid_0017.obj,0.2984404419680783,1
device_12_rigid_0018.obj,0.42259215889418456,1
device_12_rigid_0019.obj,0.22927678082069725,1
device_12_rigid_0020.obj,0.24762578028428128,1
device_12_rigid_0021.obj,0.8356769723484964,1
device_12_rigid_0022.obj,0.6733977805426067,1
device_12_rigid_0023.obj,0.43258538204120955,1
device_12_rigid_0024.obj,0.5089340732340585,1
device_12_tetwild_0000.obj,0.28758327876951806,1
device_12_tetwild_0001.obj,0.11900605838865042,1
device_12_tetwild_0002.obj,0.3332371621820288,1
device_12_tetwild_0003.obj,0.6843745068453129,1
device_12_tetwild_0004.obj,0.2721637795869234,1
device_12_tetwild_0005.obj,0.6140358469947049,1
device_12_tetwild_0006.obj,0.1444323542906215,1
device_12_tetwild_0007.obj,0.6338626621560554,1
device_12_tetwild_0008.obj,0.07923410828570154,1
device_12_tetwild_0009.obj,0.9466851018569696,1
device_12_tetwild_0010.obj,0.8449543092045403,1
device_12_tetwild_0011.obj,0.9508846507712576,1
device_12_tetwild_0012.obj,0.062116731064288944,1
device_12_tetwild_0013.obj,0.20158038222757757,1
device_12_tetwild_0014.obj,0.690010457165919,1
device_12_tetwild_0015.obj,0.8756216361175471,1
device_12_tetwild_0016.obj,0.32245719525201844,1
device_12_tetwild_0017.obj,0.2521086360969257,1
device_12_tetwild_0018.obj,0.8339916985972168,1
device_12_tetwild_0019.obj,0.04163003738678961,1
device_12_tetwild_0020.obj,0.22785047738072317,1
device_12_tetwild_0021.obj,0.47545284061741333,1
device_12_tetwild_0022.obj,0.4381851290754216,1
device_12_tetwild_0023.obj,0.38052669394099503,1
device_12_tetwild_0024.obj,0.6512619275387207,1
device_22_degenerate_0000.obj,0.9843078598500937,1
device_22_degenerate_0001.obj,0.5299725495763297,1
device_22_degenerate_0002.obj,0.176947547965859,1
device_22_degenerate_0003.obj,0.696863842394399,1
device_22_degenerate_0004.obj,0.24841793406872914,1
device_22_degenerate_0005.obj,0.15220617064881914,1
device_22_degenerate_0006.obj,0.49406713688021986,1
device_22_degenerate_0007.obj,0.5247952141494707,1
device_22_degenerate_0008.obj,0.8004657271811126,1
device_22_degenerate_0009.obj,0.7383708358521526,1
device_22_degenerate_0010.obj,0.6838004183616445,1
device_22_degenerate_0011.obj,0.7284779035050029,1
device_22_degenerate_0012.obj,0.5359519073577247,1
device_22_degenerate_0013.obj,0.004672346590947951,1
device_22_degenerate_0014.obj,0.39050194747590394,1
device_22_degenerate_0015.obj,0.7063794479970466,1
device_22_degenerate_0016.obj,0.9928472801868212,1
device_22_degenerate_0017.obj,0.6822832805359931,1
device_22_degenerate_0018.obj,0.5566431332566785,1
device_22_degenerate_0019.obj,0.5851098362312532,1
device_22_degenerate_0020.obj,0.8276563558605444,1
device_22_degenerate_0021.obj,0.5149382302819214,1
device_22_degenerate_0022.obj,0.45959462039501675,1
device_22_degenerate_0023.obj,0.4235240031907205,1
device_22_degenerate_0024.obj,0.009177693773232742,1
device_22_disconnected_0000.obj,0.6852811700213584,1
device_22_disconnected_0001.obj,0.4327407616547396,1
device_22_disconnected_0002.obj,0.0889240496477901,1
device_22_disconnected_0003.obj,0.4053835768864912,1
device_22_disconnected_0004.obj,0.516326883431349,1
device_22_disconnected_0005.obj,0.9744335736344004,1
device_22_disconnected_0006.obj,0.9703853489061691,1
device_22_disconnected_0007.obj,0.3784256797967638,1
device_22_disconnected_0008.obj,0.43436815622404856,1
device_22_disconnected_0009.obj,0.9871797000269463,1
device_22_disconnected_0010.obj,0.86033663404602,1
device_22_disconnected_0011.obj,0.12086622175709416,1
device_22_disconnected_0012.obj,0.6522344800341507,1
device_22_disconnected_0013.obj,0.7862241053700421,1
device_22_disconnected_0014.obj,0.8513483544492837,1
device_22_disconnected_0015.obj,0.36877346686607715,1
device_22_disconnected_0016.obj,0.20528226277324324,1
device_22_disconnected_0017.obj,0.43562266445001063,1
device_22_disconnected_0018.obj,0.5415182846967259,1
device_22_disconnected_0019.obj,0.48672264061052706,1
device_22_disconnected_0020.obj,0.3223280648601342,1
device_22_disconnected_0021.obj,0.2928130106781941,1
device_22_disconnected_0022.obj,0.1660948578307081,1
device_22_disconnected_0023.obj,0.4994836051178596,1
device_22_disconnected_0024.obj,0.5145965282207327,1
device_22_faceswap_0000.obj,0.8113143918758641,1
device_22_faceswap_0001.obj,0.9883691839068333,1
device_22_faceswap_0002.obj,0.9078035071846834,1
device_22_faceswap_0003.obj,0.40085723115951166,1
device_22_faceswap_0004.obj,0.4687175072526263,1
device_22_faceswap_0005.obj,0.12513527317370365,1
device_22_faceswap_0006.obj,0.004839904442691112,1
device_22_faceswap_0007.obj,0.09074892937153589,1
device_22_faceswap_0008.obj,0.03706184086443365,1
device_22_faceswap_0009.obj,0.21997831678773072,1
device_22_faceswap_0010.obj,0.5989233096465787,1
device_22_faceswap_0011.obj,0.5648171749297973,1
device_22_faceswap_0012.obj,0.2030363858508787,1
device_22_faceswap_0013.obj,0.706819629467821,1
device_22_faceswap_0014.obj,0.9488118454781403,1
device_22_faceswap_0015.obj,0.20727834752591934,1
device_22_faceswap_0016.obj,0.48478629851646293,1
device_22_faceswap_0017.obj,0.8768377902535427,1
device_22_faceswap_0018.obj,0.15796072026873242,1
device_22_faceswap_0019.obj,0.27966051964115923,1
device_22_faceswap_0020.obj,0.3198295671313274,1
device_22_faceswap_0021.obj,0.20399360866145344,1
device_22_faceswap_0022.obj,0.041654545025455514,1
device_22_faceswap_0023.obj,0.15004524878805225,1
device_22_faceswap_0024.obj,0.34342047387683483,1
device_22_jitter_0000.obj,0.5061359942868204,1
device_22_jitter_0001.obj,0.1615116852181191,1
device_22_jitter_0002.obj,0.7896988168789435,1
device_22_jitter_0003.obj,0.036399562390164064,1
device_22_jitter_0004.obj,0.8257850451515077,1
device_22_jitter_0005.obj,0.4686399913444399,1
device_22_jitter_0006.obj,0.32749420934333284,1
device_22_jitter_0007.obj,0.6977487045072747,1
device_22_jitter_0008.obj,0.8794567295036946,1
device_22_jitter_0009.obj,0.6722077968200092,1
device_22_jitter_0010.obj,0.6501465472666162,1
device_22_jitter_0011.obj,0.13919371079085163,1
device_22_jitter_0012.obj,0.49599516299718416,1
device_22_jitter_0013.obj,0.6097151274587906,1
device_22_jitter_0014.obj,0.3677001116899823,1
device_22_jitter_0015.obj,0.42974400988641914,1
device_22_jitter_0016.obj,0.9752310588690357,1
device_22_jitter_0017.obj,0.9820750173776593,1
device_22_jitter_0018.obj,0.5348201209518342,1
device_22_jitter_0019.obj,0.37026861393200694,1
device_22_jitter_0020.obj,0.7724193388292813,1
device_22_jitter_0021.obj,0.8728392979843305,1
device_22_jitter_0022.obj,0.9715611718745087,1
device_22_jitter_0023.obj,0.7811505693396847,1
device_22_jitter_0024.obj,0.6045700982487066,1
device_22_rigid_0000.obj,0.46649880338925387,1
device_22_rigid_0001.obj,0.639625298446968,1
device_22_rigid_0002.obj,0.8233649813532786,1
device_22_rigid_0003.obj,0.35271390561815075,1
device_22_rigid_0004.obj,0.7643065256795357,1
device_22_rigid_0005.obj,0.4193590644551607,1
device_22_rigid_0006.obj,0.4757336185557982,1
device_22_rigid_0007.obj,0.7352947466887781,1
device_22_rigid_0008.obj,0.7043527267321776,1
device_22_rigid_0009.obj,0.11854739761769317,1
device_22_rigid_0010.obj,0.8905744014692811,1
device_22_rigid_0011.obj,0.7523511619178577,1
device_22_rigid_0012.obj,0.7749961008026675,1
device_22_rigid_0013.obj,0.12791529511792699,1
device_22_rigid_0014.obj,0.7414878957458979,1
device_22_rigid_0015.obj,0.77888236599032,1
device_22_rigid_0016.obj,0.4314377641032052,1
device_22_rigid_0017.obj,0.6400253108179655,1
device_22_rigid_0018.obj,0.4952093403372839,1
device_22_rigid_0019.obj,0.22874877492211854,1
device_22_rigid_0020.obj,0.9801840962044884,1
device_22_rigid_0021.obj,0.7055069397193925,1
device_22_rigid_0022.obj,0.5388948432199435,1
device_22_rigid_0023.obj,0.3030694848545601,1
device_22_rigid_0024.obj,0.8209404110249778,1
device_22_tetwild_0000.obj,0.6607931619327455,1
device_22_tetwild_0001.obj,0.3306985021249046,1
device_22_tetwild_0002.obj,0.5392587235329142,1
device_22_tetwild_0003.obj,0.7535525026911117,1
device_22_tetwild_0004.obj,0.5754988479568058,1
device_22_tetwild_0005.obj,0.32460005881762877,1
device_22_tetwild_0006.obj,0.550232542412191,1
device_22_tetwild_0007.obj,0.058774609177747905,1
device_22_tetwild_0008.obj,0.5750508535588081,1
device_22_tetwild_0009.obj,0.22725732170719293,1
device_22_tetwild_0010.obj,0.7689117964453952,1
device_22_tetwild_0011.obj,0.26694424344491063,1
device_22_tetwild_0012.obj,0.991140257406512,1
device_22_tetwild_0013.obj,0.8619782177381573,1
device_22_tetwild_0014.obj,0.541738063597202,1
device_22_tetwild_0015.obj,0.0717370724535239,1
device_22_tetwild_0016.obj,0.71038939362414,1
device_22_tetwild_0017.obj,0.9368984235842082,1
device_22_tetwild_0018.obj,0.45108372612901604,1
device_22_tetwild_0019.obj,0.5495278654250139,1
device_22_tetwild_0020.obj,0.1272506633653484,1
device_22_tetwild_0021.obj,0.6101116504666335,1
device_22_tetwild_0022.obj,0.09436289752908411,1
device_22_tetwild_0023.obj,0.23179988426845477,1
device_22_tetwild_0024.obj,0.4452885291815527,1
device_21_degenerate_0000.obj,0.24294968909342685,1
device_21_degenerate_0001.obj,0.5668357481194508,1
device_21_degenerate_0002.obj,0.7664605406113711,1
device_21_degenerate_0003.obj,0.3199797891493238,1
device_21_degenerate_0004.obj,0.046953746642451444,1
device_21_degenerate_0005.obj,0.46078217713174774,1
device_21_degenerate_0006.obj,0.6438371350714096,1
device_21_degenerate_0007.obj,0.8951857134818177,1
device_21_degenerate_0008.obj,0.2304888380441218,1
device_21_degenerate_0009.obj,0.7149040687318299,1
device_21_degenerate_0010.obj,0.5094411035989883,1
device_21_degenerate_0011.obj,0.11859612340339398,1
device_21_degenerate_0012.obj,0.987047366199014,1
device_21_degenerate_0013.obj,0.49147137752699843,1
device_21_degenerate_0014.obj,0.29288698467200347,1
device_21_degenerate_0015.obj,0.4677692165219328,1
device_21_degenerate_0016.obj,0.2774179060693558,1
device_21_degenerate_0017.obj,0.09249689856830712,1
device_21_degenerate_0018.obj,0.2953380049163191,1
device_21_degenerate_0019.obj,0.6053166802646129,1
device_21_degenerate_0020.obj,0.46884928958563576,1
device_21_degenerate_0021.obj,0.9342868397469305,1
device_21_degenerate_0022.obj,0.04540906352640672,1
device_21_degenerate_0023.obj,0.3580312506259059,1
device_21_degenerate_0024.obj,0.4566248833338229,1
device_21_disconnected_0000.obj,0.4593612109487155,1
device_21_disconnected_0001.obj,0.4155746161723999,1
device_21_disconnected_0002.obj,0.6964070748970196,1
device_21_disconnected_0003.obj,0.021049631270979807,1
device_21_disconnected_0004.obj,0.7808352658881667,1
device_21_disconnected_0005.obj,0.20274805977217902,1
device_21_disconnected_0006.obj,0.30746063381974287,1
device_21_disconnected_0007.obj,0.3658261208556095,1
device_21_disconnected_0008.obj,0.8827895523173264,1
device_21_disconnected_0009.obj,0.8633930692166436,1
device_21_disconnected_0010.obj,0.9972238967370218,1
device_21_disconnected_0011.obj,0.8094018443824081,1
device_21_disconnected_0012.obj,0.2351583766695714,1
device_21_disconnected_0013.obj,0.2173669639368897,1
device_21_disconnected_0014.obj,0.27142433722120807,1
device_21_disconnected_0015.obj,0.7272544656300407,1
device_21_disconnected_0016.obj,0.202661673892368,1
device_21_disconnected_0017.obj,0.6206924127937345,1
device_21_disconnected_0018.obj,0.4296449642574557,1
device_21_disconnected_0019.obj,0.9172610663955268,1
device_21_disconnected_0020.obj,0.6453757127786962,1
device_21_disconnected_0021.obj,0.6289092996486559,1
device_21_disconnected_0022.obj,0.27755428761701595,1
device_21_disconnected_0023.obj,0.09018412828932831,1
device_21_disconnected_0024.obj,0.09912477886573312,1
device_21_faceswap_0000.obj,0.9245477943736476,1
device_21_faceswap_0001.obj,0.12183713477052438,1
device_21_faceswap_0002.obj,0.9219171655891334,1
device_21_faceswap_0003.obj,0.6982071208061543,1
device_21_faceswap_0004.obj,0.7570074894928877,1
device_21_faceswap_0005.obj,0.662264206002571,1
device_21_faceswap_0006.obj,0.4977482304253731,1
device_21_faceswap_0007.obj,0.2523212004585028,1
device_21_faceswap_0008.obj,0.5265372092942143,1
device_21_faceswap_0009.obj,0.2163789118090187,1
device_21_faceswap_0010.obj,0.22784155471028267,1
device_21_faceswap_0011.obj,0.7012999802082698,1
device_21_faceswap_0012.obj,0.9466544302346327,1
device_21_faceswap_0013.obj,0.17542668264528738,1
device_21_faceswap_0014.obj,0.7012707213267608,1
device_21_faceswap_0015.obj,0.3195156054312379,1
device_21_faceswap_0016.obj,0.4151588688700837,1
device_21_faceswap_0017.obj,0.7636685790816287,1
device_21_faceswap_0018.obj,0.5712876570298818,1
device_21_faceswap_0019.obj,0.9114647301468934,1
device_21_faceswap_0020.obj,0.36390687857690707,1
device_21_faceswap_0021.obj,0.726109658357069,1
device_21_faceswap_0022.obj,0.056739941345144485,1
device_21_faceswap_0023.obj,0.4443447470627857,1
device_21_faceswap_0024.obj,0.7278457961071465,1
device_21_jitter_0000.obj,0.8901405034386983,1
device_21_jitter_0001.obj,0.6545487103015704,1
device_21_jitter_0002.obj,0.9885884106601872,1
device_21_jitter_0003.obj,0.5675433848584926,1
device_21_jitter_0004.obj,0.16150377960524975,1
device_21_jitter_0005.obj,0.17838703064244055,1
device_21_jitter_0006.obj,0.36021472458258197,1
device_21_jitter_0007.obj,0.9310954892635898,1
device_21_jitter_0008.obj,0.938219952562921,1
device_21_jitter_0009.obj,0.25522257454203456,1
device_21_jitter_0010.obj,0.5280529736324372,1
device_21_jitter_0011.obj,0.5089111012762871,1
device_21_jitter_0012.obj,0.8572853021873252,1
device_21_jitter_0013.obj,0.9416868391414922,1
device_21_jitter_0014.obj,0.24416192878191412,1
device_21_jitter_0015.obj,0.12547585769180603,1
device_21_jitter_0016.obj,0.4793085198584751,1
device_21_jitter_0017.obj,0.10886583115668147,1
device_21_jitter_0018.obj,0.9577385416497483,1
device_21_jitter_0019.obj,0.29315926961150507,1
device_21_jitter_0020.obj,0.09917547145088124,1
device_21_jitter_0021.obj,0.43982638757017967,1
device_21_jitter_0022.obj,0.9970484164514412,1
device_21_jitter_0023.obj,0.09857080881352143,1
device_21_jitter_0024.obj,0.35938954031130843,1
device_21_rigid_0000.obj,0.11697399433373457,1
device_21_rigid_0001.obj,0.21770583920521713,1
device_21_rigid_0002.obj,0.8386589601650691,1
device_21_rigid_0003.obj,0.34830436360355854,1
device_21_rigid_0004.obj,0.7110018510681785,1
device_21_rigid_0005.obj,0.06899316311492476,1
device_21_rigid_0006.obj,0.2557971451657537,1
device_21_rigid_0007.obj,0.3986371950636193,1
device_21_rigid_0008.obj,0.09262716606959331,1
device_21_rigid_0009.obj,0.43504692079297913,1
device_21_rigid_0010.obj,0.6858063144734872,1
device_21_rigid_0011.obj,0.7320578976326665,1
device_21_rigid_0012.obj,0.3123153220295847,1
device_21_rigid_0013.obj,0.6859034432815311,1
device_21_rigid_0014.obj,0.5613027720964464,1
device_21_rigid_0015.obj,0.2099061045138838,1
device_21_rigid_0016.obj,0.9190981485518989,1
device_21_rigid_0017.obj,0.8173092228441873,1
device_21_rigid_0018.obj,0.5762840538344739,1
device_21_rigid_0019.obj,0.21885887073049926,1
device_21_rigid_0020.obj,0.46399857686123624,1
device_21_rigid_0021.obj,0.4904430725451626,1
device_21_rigid_0022.obj,0.5870966081796224,1
device_21_rigid_0023.obj,0.4037677853158883,1
device_21_rigid_0024.obj,0.33658978127991857,1
device_21_tetwild_0000.obj,0.7268474757356304,1
device_21_tetwild_0001.obj,0.8901754896734034,1
device_21_tetwild_0002.obj,0.62472648356389,1
device_21_tetwild_0003.obj,0.3045348014741385,1
device_21_tetwild_0004.obj,0.843980765233072,1
device_21_tetwild_0005.obj,0.4802133647820098,1
device_21_tetwild_0006.obj,0.5733288471331451,1
device_21_tetwild_0007.obj,0.9992459939455426,1
device_21_tetwild_0008.obj,0.4370899685184396,1
device_21_tetwild_0009.obj,0.5366397088050553,1
device_21_tetwild_0010.obj,0.9353558282383566,1
device_21_tetwild_0011.obj,0.6461524212740408,1
device_21_tetwild_0012.obj,0.9663290299930973,1
device_21_tetwild_0013.obj,0.9373641527783767,1
device_21_tetwild_0014.obj,0.9758054993725165,1
device_21_tetwild_0015.obj,0.45388674484600755,1
device_21_tetwild_0016.obj,0.19575084904948337,1
device_21_tetwild_0017.obj,0.7822914535169805,1
device_21_tetwild_0018.obj,0.5612782529996225,1
device_21_tetwild_0019.obj,0.5399895202302581,1
device_21_tetwild_0020.obj,0.023042025222796525,1
device_21_tetwild_0021.obj,0.6371855245022129,1
device_21_tetwild_0022.obj,0.40634212236267064,1
device_21_tetwild_0023.obj,0.5726527110268431,1
device_21_tetwild_0024.obj,0.6429735994124667,1
device_13_degenerate_0000.obj,0.24106350466513504,1
device_13_degenerate_0001.obj,0.9863522337718122,1
device_13_degenerate_0002.obj,0.1167532596265819,1
device_13_degenerate_0003.obj,0.8003383274386907,1
device_13_degenerate_0004.obj,0.4394509252889667,1
device_13_degenerate_0005.obj,0.9864493506115004,1
device_13_degenerate_0006.obj,0.06348666349618926,1
device_13_degenerate_0007.obj,0.009542319241112929,1
device_13_degenerate_0008.obj,0.9521523180132007,1
device_13_degenerate_0009.obj,0.37955535075368296,1
device_13_degenerate_0010.obj,0.1310262766560315,1
device_13_degenerate_0011.obj,0.05673304490665443,1
device_13_degenerate_0012.obj,0.6950180194449905,1
device_13_degenerate_0013.obj,0.19448389855098713,1
device_13_degenerate_0014.obj,0.7262883457982752,1
device_13_degenerate_0015.obj,0.9671923410899307,1
device_13_degenerate_0016.obj,0.0917115907920133,1
device_13_degenerate_0017.obj,0.4985597948546634,1
device_13_degenerate_0018.obj,0.7277570313777026,1
device_13_degenerate_0019.obj,0.030854413347051857,1
device_13_degenerate_0020.obj,0.013895799977631684,1
device_13_degenerate_0021.obj,0.7372779918303078,1
device_13_degenerate_0022.obj,0.4544428346294178,1
device_13_degenerate_0023.obj,0.600138374296209,1
device_13_degenerate_0024.obj,0.5202083947724081,1
device_13_disconnected_0000.obj,0.12069038587791714,1
device_13_disconnected_0001.obj,0.3059118449143787,1
device_13_disconnected_0002.obj,0.4657666138292723,1
device_13_disconnected_0003.obj,0.32363655026906557,1
device_13_disconnected_0004.obj,0.15583154464520765,1
device_13_disconnected_0005.obj,0.32999764435834456,1
device_13_disconnected_0006.obj,0.7298573814829379,1
device_13_disconnected_0007.obj,0.3254187029830401,1
device_13_disconnected_0008.obj,0.9303246946668093,1
device_13_disconnected_0009.obj,0.8869143945399556,1
device_13_disconnected_0010.obj,0.6675936815481452,1
device_13_disconnected_0011.obj,0.6358048356553794,1
device_13_disconnected_0012.obj,0.032867374335185495,1
device_13_disconnected_0013.obj,0.3822532630701768,1
device_13_disconnected_0014.obj,0.17891162107038616,1
device_13_disconnected_0015.obj,0.693869924217676,1
device_13_disconnected_0016.obj,0.3195568176472824,1
device_13_disconnected_0017.obj,0.2300061540761389,1
device_13_disconnected_0018.obj,0.10020574842177477,1
device_13_disconnected_0019.obj,0.6479989684121445,1
device_13_disconnected_0020.obj,0.6851977857504108,1
device_13_disconnected_0021.obj,0.13174837844741827,1
device_13_disconnected_0022.obj,0.3205601126170795,1
device_13_disconnected_0023.obj,0.484243464093955,1
device_13_disconnected_0024.obj,0.8587916743329559,1
device_13_faceswap_0000.obj,0.5506762814373746,1
device_13_faceswap_0001.obj,0.5545239531537899,1
device_13_faceswap_0002.obj,0.3661572002144471,1
device_13_faceswap_0003.obj,0.44631257278359837,1
device_13_faceswap_0004.obj,0.9093003150772826,1
device_13_faceswap_0005.obj,0.8743587281220281,1
device_13_faceswap_0006.obj,0.6016701050361897,1
device_13_faceswap_0007.obj,0.36436549472693514,1
device_13_faceswap_0008.obj,0.5256332401350589,1
device_13_faceswap_0009.obj,0.11437900250960775,1
device_13_faceswap_0010.obj,0.26251257062400835,1
device_13_faceswap_0011.obj,0.3792742936027995,1
device_13_faceswap_0012.obj,0.9927401543950269,1
device_13_faceswap_0013.obj,0.18950441226550763,1
device_13_faceswap_0014.obj,0.9763799832623273,1
device_13_faceswap_0015.obj,0.23452996604897913,1
device_13_faceswap_0016.obj,0.1390839008157958,1
device_13_faceswap_0017.obj,0.4468263932241644,1
device_13_faceswap_0018.obj,0.7056684046838577,1
device_13_faceswap_0019.obj,0.06439919528229376,1
device_13_faceswap_0020.obj,0.36125233030968174,1
device_13_faceswap_0021.obj,0.5124466364940484,1
device_13_faceswap_0022.obj,0.5270542860270712,1
device_13_faceswap_0023.obj,0.9876504568974916,1
device_13_faceswap_0024.obj,0.3076468438359957,1
device_13_jitter_0000.obj,0.9431788362775512,1
device_13_jitter_0001.obj,0.9118873059748307,1
device_13_jitter_0002.obj,0.6171147580204747,1
device_13_jitter_0003.obj,0.02229946586421383,1
device_13_jitter_0004.obj,0.7256909351107705,1
device_13_jitter_0005.obj,0.565705599133511,1
device_13_jitter_0006.obj,0.778913214978847,1
device_13_jitter_0007.obj,0.21513454624880912,1
device_13_jitter_0008.obj,0.8175747273373893,1
device_13_jitter_0009.obj,0.8368399136511505,1
device_13_jitter_0010.obj,0.370390840990214,1
device_13_jitter_0011.obj,0.37052426347492406,1
device_13_jitter_0012.obj,0.4378882554871081,1
device_13_jitter_0013.obj,0.029447823739156997,1
device_13_jitter_0014.obj,0.7445314847379161,1
device_13_jitter_0015.obj,0.1574886924877691,1
device_13_jitter_0016.obj,0.8360412956830106,1
device_13_jitter_0017.obj,0.7943750540327845,1
device_13_jitter_0018.obj,0.3773368233163876,1
device_13_jitter_0019.obj,0.17210542277255692,1
device_13_jitter_0020.obj,0.3905423319288692,1
device_13_jitter_0021.obj,0.1843532898841459,1
device_13_jitter_0022.obj,0.32672213331190947,1
device_13_jitter_0023.obj,0.6067619972379138,1
device_13_jitter_0024.obj,0.3879170410625171,1
device_13_rigid_0000.obj,0.6265437784135052,1
device_13_rigid_0001.obj,0.7932670105337054,1
device_13_rigid_0002.obj,0.910220319818913,1
device_13_rigid_0003.obj,0.5496380306464698,1
device_13_rigid_0004.obj,0.13777319231276075,1
device_13_rigid_0005.obj,0.3182413983395429,1
device_13_rigid_0006.obj,0.22427614690683273,1
device_13_rigid_0007.obj,0.38707600207671977,1
device_13_rigid_0008.obj,0.2890011056404518,1
device_13_rigid_0009.obj,0.14266657471139277,1
device_13_rigid_0010.obj,0.8467460830434156,1
device_13_rigid_0011.obj,0.3322864717296964,1
device_13_rigid_0012.obj,0.21991783962205047,1
device_13_rigid_0013.obj,0.14405362047439163,1
device_13_rigid_0014.obj,0.47679613819508393,1
device_13_rigid_0015.obj,0.3788836515978756,1
device_13_rigid_0016.obj,0.8397479969164311,1
device_13_rigid_0017.obj,0.33128038112927494,1
device_13_rigid_0018.obj,0.7611758895059638,1
device_13_rigid_0019.obj,0.36969631667594693,1
device_13_rigid_0020.obj,0.4646477678540035,1
device_13_rigid_0021.obj,0.17820391872757513,1
device_13_rigid_0022.obj,0.1698771028677688,1
device_13_rigid_0023.obj,0.5810076798131412,1
device_13_rigid_0024.obj,0.10098771777819626,1
device_13_tetwild_0000.obj,0.8621763216483231,1
device_13_tetwild_0001.obj,0.13670089421397136,1
device_13_tetwild_0002.obj,0.5993403640818603,1
device_13_tetwild_0003.obj,0.14617563749409723,1
device_13_tetwild_0004.obj,0.4816120884170363,1
device_13_tetwild_0005.obj,0.9630018589133938,1
device_13_tetwild_0006.obj,0.9750127208425364,1
device_13_tetwild_0007.obj,0.3871289303826083,1
device_13_tetwild_0008.obj,0.9677688122074267,1
device_13_tetwild_0009.obj,0.1867005595997796,1
device_13_tetwild_0010.obj,0.7966425708073083,1
device_13_tetwild_0011.obj,0.3618507873017911,1
device_13_tetwild_0012.obj,0.21048098039383423,1
device_13_tetwild_0013.obj,0.06748161413747888,1
device_13_tetwild_0014.obj,0.8349205905546939,1
device_13_tetwild_0015.obj,0.14983349608857077,1
device_13_tetwild_0016.obj,0.9044724323781649,1
device_13_tetwild_0017.obj,0.1773956388285488,1
device_13_tetwild_0018.obj,0.34515022068003653,1
device_13_tetwild_0019.obj,0.9220718455579463,1
device_13_tetwild_0020.obj,0.09534460134090872,1
device_13_tetwild_0021.obj,0.7380065675539179,1
device_13_tetwild_0022.obj,0.7386147767647381,1
device_13_tetwild_0023.obj,0.7905131698100221,1
device_13_tetwild_0024.obj,0.08499934380253948,1
device_05_degenerate_0000.obj,0.6547449422561482,1
device_05_degenerate_0001.obj,0.8047921847038617,1
device_05_degenerate_0002.obj,0.12895544033193573,1
device_05_degenerate_0003.obj,0.8831453638201638,1
device_05_degenerate_0004.obj,0.946851323882684,1
device_05_degenerate_0005.obj,0.6558898925706504,1
device_05_degenerate_0006.obj,0.6623058871226607,1
device_05_degenerate_0007.obj,0.2410511806523562,1
device_05_degenerate_0008.obj,0.021286340650240154,1
device_05_degenerate_0009.obj,0.1973286265711992,1
device_05_degenerate_0010.obj,0.39821863493996024,1
device_05_degenerate_0011.obj,0.3249806083309188,1
device_05_degenerate_0012.obj,0.06915214205203801,1
device_05_degenerate_0013.obj,0.8388960971157057,1
device_05_degenerate_0014.obj,0.8878738641536201,1
device_05_degenerate_0015.obj,0.12663878380793403,1
device_05_degenerate_0016.obj,0.8164006648297357,1
device_05_degenerate_0017.obj,0.46130880465160284,1
device_05_degenerate_0018.obj,0.36019962416107565,1
device_05_degenerate_0019.obj,0.2862624279116356,1
device_05_degenerate_0020.obj,0.7975250476995448,1
device_05_degenerate_0021.obj,0.16860148072612346,1
device_05_degenerate_0022.obj,0.6738988590553191,1
device_05_degenerate_0023.obj,0.5317016486826489,1
device_05_degenerate_0024.obj,0.4635358969813169,1
device_05_disconnected_0000.obj,0.631116639277886,1
device_05_disconnected_0001.obj,0.1589884915626476,1
device_05_disconnected_0002.obj,0.5442275185414311,1
device_05_disconnected_0003.obj,0.686897703229603,1
device_05_disconnected_0004.obj,0.9431429822663083,1
device_05_disconnected_0005.obj,0.9248786520713397,1
device_05_disconnected_0006.obj,0.1498333070117388,1
device_05_disconnected_0007.obj,0.5290653032444957,1
device_05_disconnected_0008.obj,0.5731218184698134,1
device_05_disconnected_0009.obj,0.699038318521711,1
device_05_disconnected_0010.obj,0.5927520705768098,1
device_05_disconnected_0011.obj,0.7579035207131131,1
device_05_disconnected_0012.obj,0.3999580934834218,1
device_05_disconnected_0013.obj,0.5718064388683648,1
device_05_disconnected_0014.obj,0.2487085306187542,1
device_05_disconnected_0015.obj,0.9892596009203464,1
device_05_disconnected_0016.obj,0.4283807447365344,1
device_05_disconnected_0017.obj,0.8874805640449374,1
device_05_disconnected_0018.obj,0.3436931333814405,1
device_05_disconnected_0019.obj,0.21292444608324623,1
device_05_disconnected_0020.obj,0.7550198068937647,1
device_05_disconnected_0021.obj,0.8032109727263167,1
device_05_disconnected_0022.obj,0.7556878706416887,1
device_05_disconnected_0023.obj,0.08171628541903586,1
device_05_disconnected_0024.obj,0.42037449043252184,1
device_05_faceswap_0000.obj,0.4842934775100636,1
device_05_faceswap_0001.obj,0.0989667269140001,1
device_05_faceswap_0002.obj,0.517737840885202,1
device_05_faceswap_0003.obj,0.7905246843978987,1
device_05_faceswap_0004.obj,0.05608786192087911,1
device_05_faceswap_0005.obj,0.7752899539454293,1
device_05_faceswap_0006.obj,0.4916678930512065,1
device_05_faceswap_0007.obj,0.3693577790130188,1
device_05_faceswap_0008.obj,0.6881536649077594,1
device_05_faceswap_0009.obj,0.04963180710165649,1
device_05_faceswap_0010.obj,0.6167065664547285,1
device_05_faceswap_0011.obj,0.20268592008653652,1
device_05_faceswap_0012.obj,0.5077438663492763,1
device_05_faceswap_0013.obj,0.5184388944621098,1
device_05_faceswap_0014.obj,0.1890644750584376,1
device_05_faceswap_0015.obj,0.12854367932365296,1
device_05_faceswap_0016.obj,0.8289901011096953,1
device_05_faceswap_0017.obj,0.08039823094279885,1
device_05_faceswap_0018.obj,0.07837684913488907,1
device_05_faceswap_0019.obj,0.414182633800785,1
device_05_faceswap_0020.obj,0.9811523139020559,1
device_05_faceswap_0021.obj,0.7090326034568882,1
device_05_faceswap_0022.obj,0.08258177088706409,1
device_05_faceswap_0023.obj,0.21340802093232247,1
device_05_faceswap_0024.obj,0.23805951293901373,1
device_05_jitter_0000.obj,0.7142658632574557,1
device_05_jitter_0001.obj,0.792143303527904,1
device_05_jitter_0002.obj,0.4195887659709159,1
device_05_jitter_0003.obj,0.9343823122321138,1
device_05_jitter_0004.obj,0.38726705551792684,1
device_05_jitter_0005.obj,0.8459461179876381,1
device_05_jitter_0006.obj,0.8026570700836262,1
device_05_jitter_0007.obj,0.4512465720800404,1
device_05_jitter_0008.obj,0.09256974466382695,1
device_05_jitter_0009.obj,0.3218166340154607,1
device_05_jitter_0010.obj,0.7752158811174241,1
device_05_jitter_0011.obj,0.039621054922280186,1
device_05_jitter_0012.obj,0.46131993945979954,1
device_05_jitter_0013.obj,0.9327307447787887,1
device_05_jitter_0014.obj,0.16994041190641462,1
device_05_jitter_0015.obj,0.4156658036856672,1
device_05_jitter_0016.obj,0.9892374554326249,1
device_05_jitter_0017.obj,0.0032372955037156537,1
device_05_jitter_0018.obj,0.9946097936357526,1
device_05_jitter_0019.obj,0.46190321900632314,1
device_05_jitter_0020.obj,0.5495849775468243,1
device_05_jitter_0021.obj,0.012126792197381997,1
device_05_jitter_0022.obj,0.30051805327721204,1
device_05_jitter_0023.obj,0.9402961783868425,1
device_05_jitter_0024.obj,0.979594618416859,1
device_05_rigid_0000.obj,0.8562964486207382,1
device_05_rigid_0001.obj,0.46947111563150445,1
device_05_rigid_0002.obj,0.5630997851695224,1
device_05_rigid_0003.obj,0.3170739718854475,1
device_05_rigid_0004.obj,0.22601343782334793,1
device_05_rigid_0005.obj,0.9583009334098562,1
device_05_rigid_0006.obj,0.051299721122430864,1
device_05_rigid_0007.obj,0.3614988626509117,1
device_05_rigid_0008.obj,0.583781773042838,1
device_05_rigid_0009.obj,0.733155277519857,1
device_05_rigid_0010.obj,0.5444786804659365,1
device_05_rigid_0011.obj,0.17051600850686266,1
device_05_rigid_0012.obj,0.9664474275527537,1
device_05_rigid_0013.obj,0.9692817773906287,1
device_05_rigid_0014.obj,0.6172551325501301,1
device_05_rigid_0015.obj,0.938804265084632,1
device_05_rigid_0016.obj,0.970760906033505,1
device_05_rigid_0017.obj,0.39178240043230317,1
device_05_rigid_0018.obj,0.29998889618938207,1
device_05_rigid_0019.obj,0.946757700194414,1
device_05_rigid_0020.obj,0.7796875579857324,1
device_05_rigid_0021.obj,0.37574065136632295,1
device_05_rigid_0022.obj,0.382694273948877,1
device_05_rigid_0023.obj,0.15909217506502793,1
device_05_rigid_0024.obj,0.1236836174520155,1
device_05_tetwild_0000.obj,0.3825132800806035,1
device_05_tetwild_0001.obj,0.34473989328440524,1
device_05_tetwild_0002.obj,0.15448333450449891,1
device_05_tetwild_0003.obj,0.7935512375885918,1
device_05_tetwild_0004.obj,0.9513869928145141,1
device_05_tetwild_0005.obj,0.06326310733654283,1
device_05_tetwild_0006.obj,0.5680889708020125,1
device_05_tetwild_0007.obj,0.49711745417638564,1
device_05_tetwild_0008.obj,0.9469882184390411,1
device_05_tetwild_0009.obj,0.5275555572207862,1
device_05_tetwild_0010.obj,0.12760404375192336,1
device_05_tetwild_0011.obj,0.18644499699672823,1
device_05_tetwild_0012.obj,0.8275215360410759,1
device_05_tetwild_0013.obj,0.11833741086908911,1
device_05_tetwild_0014.obj,0.7609420169756026,1
device_05_tetwild_0015.obj,0.4100096718141849,1
device_05_tetwild_0016.obj,0.8703175118598306,1
device_05_tetwild_0017.obj,0.5146697460644095,1
device_05_tetwild_0018.obj,0.5472708544988809,1
device_05_tetwild_0020.obj,0.6815784094548528,1
device_05_tetwild_0021.obj,0.15872428434594288,1
device_05_tetwild_0022.obj,0.18694787302976978,1
device_05_tetwild_0023.obj,0.868103759762152,1
device_05_tetwild_0024.obj,0.833731954927938,1
device_25_degenerate_0000.obj,0.452337761982208,1
device_25_degenerate_0001.obj,0.5344454934735297,1
device_25_degenerate_0002.obj,0.9482439613397959,1
device_25_degenerate_0003.obj,0.4898328684985458,1
device_25_degenerate_0004.obj,0.6374455858316573,1
device_25_degenerate_0005.obj,0.22519292645131794,1
device_25_degenerate_0006.obj,0.06700237135706599,1
device_25_degenerate_0007.obj,0.21322229907972,1
device_25_degenerate_0008.obj,0.9963669318198268,1
device_25_degenerate_0009.obj,0.6019395029699611,1
device_25_degenerate_0010.obj,0.501494049682418,1
device_25_degenerate_0011.obj,0.5167991353058039,1
device_25_degenerate_0012.obj,0.34050598747102234,1
device_25_degenerate_0013.obj,0.28577560973393235,1
device_25_degenerate_0014.obj,0.13811930374548065,1
device_25_degenerate_0015.obj,0.2847266961102569,1
device_25_degenerate_0016.obj,0.338008552028793,1
device_25_degenerate_0017.obj,0.40392499231722656,1
device_25_degenerate_0018.obj,0.4232312325135379,1
device_25_degenerate_0019.obj,0.9486902885787795,1
device_25_degenerate_0020.obj,0.08775012974473284,1
device_25_degenerate_0021.obj,0.8770368014363283,1
device_25_degenerate_0022.obj,0.5674780640999494,1
device_25_degenerate_0023.obj,0.24646905941026476,1
device_25_degenerate_0024.obj,0.06222528182768394,1
device_25_disconnected_0000.obj,0.011262586795413143,1
device_25_disconnected_0001.obj,0.011030854797528189,1
device_25_disconnected_0002.obj,0.8166904358955489,1
device_25_disconnected_0003.obj,0.7058127584440845,1
device_25_disconnected_0004.obj,0.1563696473732319,1
device_25_disconnected_0005.obj,0.46049284593330597,1
device_25_disconnected_0006.obj,0.2406861885484849,1
device_25_disconnected_0007.obj,0.8858755872108582,1
device_25_disconnected_0008.obj,0.31232677558232214,1
device_25_disconnected_0009.obj,0.32962170681762715,1
device_25_disconnected_0010.obj,0.7053203801377766,1
device_25_disconnected_0011.obj,0.5048991760500618,1
device_25_disconnected_0012.obj,0.20962221708402595,1
device_25_disconnected_0013.obj,0.5190757724551939,1
device_25_disconnected_0014.obj,0.23335219887518432,1
device_25_disconnected_0015.obj,0.9572404846538893,1
device_25_disconnected_0016.obj,0.26942692526389733,1
device_25_disconnected_0017.obj,0.9418553372455827,1
device_25_disconnected_0018.obj,0.7368899513138346,1
device_25_disconnected_0019.obj,0.5102531235992477,1
device_25_disconnected_0020.obj,0.9305693312397489,1
device_25_disconnected_0021.obj,0.3335287716043229,1
device_25_disconnected_0022.obj,0.232890885219309,1
device_25_disconnected_0023.obj,0.6686401988757862,1
device_25_disconnected_0024.obj,0.7237549038747799,1
device_25_faceswap_0000.obj,0.6025491634986361,1
device_25_faceswap_0001.obj,0.1366423671021093,1
device_25_faceswap_0002.obj,0.8604878290787457,1
device_25_faceswap_0003.obj,0.2498143038054238,1
device_25_faceswap_0004.obj,0.4769675574614023,1
device_25_faceswap_0005.obj,0.6151823133881971,1
device_25_faceswap_0006.obj,0.8698088981055028,1
device_25_faceswap_0007.obj,0.04473924183129552,1
device_25_faceswap_0008.obj,0.7102119147716799,1
device_25_faceswap_0009.obj,0.8981002939335262,1
device_25_faceswap_0010.obj,0.680741206229678,1
device_25_faceswap_0011.obj,0.7539460520135568,1
device_25_faceswap_0012.obj,0.509168026478893,1
device_25_faceswap_0013.obj,0.6554021250319219,1
device_25_faceswap_0014.obj,0.7920002002552698,1
device_25_faceswap_0015.obj,0.5558731615709139,1
device_25_faceswap_0016.obj,0.41819804261753357,1
device_25_faceswap_0017.obj,0.7070026873510896,1
device_25_faceswap_0018.obj,0.5089950263475367,1
device_25_faceswap_0019.obj,0.5719341713370494,1
device_25_faceswap_0020.obj,0.6768586441097955,1
device_25_faceswap_0021.obj,0.5178484680879851,1
device_25_faceswap_0022.obj,0.08470611593083899,1
device_25_faceswap_0023.obj,0.402136874016492,1
device_25_faceswap_0024.obj,0.08716615107103343,1
device_25_jitter_0000.obj,0.03133799453624764,1
device_25_jitter_0001.obj,0.5683309018685645,1
device_25_jitter_0002.obj,0.2827833756707355,1
device_25_jitter_0003.obj,0.1279461829855334,1
device_25_jitter_0004.obj,0.7948633645913765,1
device_25_jitter_0005.obj,0.4045407876320365,1
device_25_jitter_0006.obj,0.7601868584817548,1
device_25_jitter_0007.obj,0.8877181120478588,1
device_25_jitter_0008.obj,0.8584044581848571,1
device_25_jitter_0009.obj,0.24083089362761834,1
device_25_jitter_0010.obj,0.8479015934900774,1
device_25_jitter_0011.obj,0.9330279786431023,1
device_25_jitter_0012.obj,0.32705211132631884,1
device_25_jitter_0013.obj,0.6398328865045632,1
device_25_jitter_0014.obj,0.43900932076169785,1
device_25_jitter_0015.obj,0.6979434412420621,1
device_25_jitter_0016.obj,0.4441545362991324,1
device_25_jitter_0017.obj,0.5730310140166557,1
device_25_jitter_0018.obj,0.5288681030547963,1
device_25_jitter_0019.obj,0.22713273454383964,1
device_25_jitter_0020.obj,0.30564436249910854,1
device_25_jitter_0021.obj,0.27750351177595123,1
device_25_jitter_0022.obj,0.6629458422426986,1
device_25_jitter_0023.obj,0.198523326289471,1
device_25_jitter_0024.obj,0.2935697416410543,1
device_25_rigid_0000.obj,0.385760480499427,1
device_25_rigid_0001.obj,0.8548153359725473,1
device_25_rigid_0002.obj,0.5458361420198218,1
device_25_rigid_0003.obj,0.48358316850560645,1
device_25_rigid_0004.obj,0.3488099742928422,1
device_25_rigid_0005.obj,0.15894143441448905,1
device_25_rigid_0006.obj,0.37463513974748885,1
device_25_rigid_0007.obj,0.19149275919048492,1
device_25_rigid_0008.obj,0.44493905860979543,1
device_25_rigid_0009.obj,0.4620313968814195,1
device_25_rigid_0010.obj,0.27217682329329873,1
device_25_rigid_0011.obj,0.47293938772750665,1
device_25_rigid_0012.obj,0.23684857697096884,1
device_25_rigid_0013.obj,0.28467254320218915,1
device_25_rigid_0014.obj,0.8328515247308678,1
device_25_rigid_0015.obj,0.6007153809028389,1
device_25_rigid_0016.obj,0.22906977166313924,1
device_25_rigid_0017.obj,0.40182804818246665,1
device_25_rigid_0018.obj,0.3372546927364941,1
device_25_rigid_0019.obj,0.39532549557609054,1
device_25_rigid_0020.obj,0.5902480153377873,1
device_25_rigid_0021.obj,0.11119849142540594,1
device_25_rigid_0022.obj,0.22489780950865668,1
device_25_rigid_0023.obj,0.9720185271714077,1
device_25_rigid_0024.obj,0.6695551450420775,1
device_25_tetwild_0000.obj,0.04483258036857496,1
device_25_tetwild_0001.obj,0.6873773091125066,1
device_25_tetwild_0002.obj,0.8223271565188621,1
device_25_tetwild_0003.obj,0.3553935887898606,1
device_25_tetwild_0004.obj,0.6522180845113775,1
device_25_tetwild_0005.obj,0.0597097455744674,1
device_25_tetwild_0006.obj,0.7678301450145456,1
device_25_tetwild_0007.obj,0.8579660533470137,1
device_25_tetwild_0008.obj,0.2418605346753615,1
device_25_tetwild_0009.obj,0.407819596249385,1
device_25_tetwild_0010.obj,0.8579843433900274,1
device_25_tetwild_0011.obj,0.5264210838894671,1
device_25_tetwild_0012.obj,0.005752453670926028,1
device_25_tetwild_0013.obj,0.585662427867709,1
device_25_tetwild_0014.obj,0.12352476160185577,1
device_25_tetwild_0015.obj,0.2041400775806368,1
device_25_tetwild_0016.obj,0.7230390841014309,1
device_25_tetwild_0017.obj,0.08583258261173365,1
device_25_tetwild_0018.obj,0.9189777097335898,1
device_25_tetwild_0019.obj,0.8798968531615695,1
device_25_tetwild_0020.obj,0.9993179713419587,1
device_25_tetwild_0021.obj,0.40618911388233536,1
device_25_tetwild_0022.obj,0.58104790318956,1
device_25_tetwild_0023.obj,0.3091695945163818,1
device_25_tetwild_0024.obj,0.19605587433949534,1
device_26_degenerate_0000.obj,0.5674363147467587,1
device_26_degenerate_0001.obj,0.7825499604068288,1
device_26_degenerate_0002.obj,0.44360012900402346,1
device_26_degenerate_0003.obj,0.3769057494090955,1
device_26_degenerate_0004.obj,0.6817822892571098,1
device_26_degenerate_0005.obj,0.2408010893408622,1
device_26_degenerate_0006.obj,0.6220636884583873,1
device_26_degenerate_0007.obj,0.5123086867520652,1
device_26_degenerate_0008.obj,0.8824394727201065,1
device_26_degenerate_0009.obj,0.7386461009008634,1
device_26_degenerate_0010.obj,0.5767066250421923,1
device_26_degenerate_0011.obj,0.5796977696354743,1
device_26_degenerate_0012.obj,0.7795191805486732,1
device_26_degenerate_0013.obj,0.4194821652208086,1
device_26_degenerate_0014.obj,0.32497144788666876,1
device_26_degenerate_0015.obj,0.6890480726415026,1
device_26_degenerate_0016.obj,0.45125035758997034,1
device_26_degenerate_0017.obj,0.7317174758679863,1
device_26_degenerate_0018.obj,0.870797554465969,1
device_26_degenerate_0019.obj,0.27285461387897636,1
device_26_degenerate_0020.obj,0.01545548796131746,1
device_26_degenerate_0021.obj,0.43060474783900193,1
device_26_degenerate_0022.obj,0.5733375297258675,1
device_26_degenerate_0023.obj,0.7843681050288209,1
device_26_degenerate_0024.obj,0.4468097514073335,1
device_26_disconnected_0000.obj,0.7980187760534555,1
device_26_disconnected_0001.obj,0.9704160975530941,1
device_26_disconnected_0002.obj,0.0322541645038914,1
device_26_disconnected_0003.obj,0.8510737083137745,1
device_26_disconnected_0004.obj,0.746854397239996,1
device_26_disconnected_0005.obj,0.5844408038703619,1
device_26_disconnected_0006.obj,0.9510814507620325,1
device_26_disconnected_0007.obj,0.056825482458979115,1
device_26_disconnected_0008.obj,0.9658668332411544,1
device_26_disconnected_0009.obj,0.33727823499892406,1
device_26_disconnected_0010.obj,0.8977634903529669,1
device_26_disconnected_0011.obj,0.4690332783790814,1
device_26_disconnected_0012.obj,0.6221656830574627,1
device_26_disconnected_0013.obj,0.7684100677510697,1
device_26_disconnected_0014.obj,0.3630501171364825,1
device_26_disconnected_0015.obj,0.183525440312444,1
device_26_disconnected_0016.obj,0.8565443443055163,1
device_26_disconnected_0017.obj,0.08542764227821908,1
device_26_disconnected_0018.obj,0.0892909965590718,1
device_26_disconnected_0019.obj,0.3282819497112157,1
device_26_disconnected_0020.obj,0.031102008303411033,1
device_26_disconnected_0021.obj,0.14881886799804422,1
device_26_disconnected_0022.obj,0.16522136675660037,1
device_26_disconnected_0023.obj,0.3390841436425479,1
device_26_disconnected_0024.obj,0.6915831667830655,1
device_26_faceswap_0000.obj,0.4430971700951112,1
device_26_faceswap_0001.obj,0.15977330138433699,1
device_26_faceswap_0002.obj,0.17494746489961288,1
device_26_faceswap_0003.obj,0.9909995798424068,1
device_26_faceswap_0004.obj,0.4887522379710276,1
device_26_faceswap_0005.obj,0.5026201382723863,1
device_26_faceswap_0006.obj,0.9417355131906946,1
device_26_faceswap_0007.obj,0.14836720647772184,1
device_26_faceswap_0008.obj,0.33729650438205183,1
device_26_faceswap_0009.obj,0.6602567299774054,1
device_26_faceswap_0010.obj,0.8808449749106645,1
device_26_faceswap_0011.obj,0.5972448820677859,1
device_26_faceswap_0012.obj,0.7950170749537417,1
device_26_faceswap_0013.obj,0.7745448505020346,1
device_26_faceswap_0014.obj,0.38940432382879897,1
device_26_faceswap_0015.obj,0.9454242244500687,1
device_26_faceswap_0016.obj,0.005695341603964232,1
device_26_faceswap_0017.obj,0.42594842113815934,1
device_26_faceswap_0018.obj,0.6178358530862366,1
device_26_faceswap_0019.obj,0.023510453562391898,1
device_26_faceswap_0020.obj,0.24334086003603517,1
device_26_faceswap_0021.obj,0.817421942452125,1
device_26_faceswap_0022.obj,0.47064695325108186,1
device_26_faceswap_0023.obj,0.49317156679552543,1
device_26_faceswap_0024.obj,0.18477405237236544,1
device_26_jitter_0000.obj,0.4438800766361126,1
device_26_jitter_0001.obj,0.7576881234226992,1
device_26_jitter_0002.obj,0.32252558331168313,1
device_26_jitter_0003.obj,0.7434263261552715,1
device_26_jitter_0004.obj,0.19079486850436944,1
device_26_jitter_0005.obj,0.16633220096827528,1
device_26_jitter_0006.obj,0.9536890021678209,1
device_26_jitter_0007.obj,0.1332844210034606,1
device_26_jitter_0008.obj,0.12067624016708411,1
device_26_jitter_0009.obj,0.8621733376169243,1
device_26_jitter_0010.obj,0.47998905170578665,1
device_26_jitter_0011.obj,0.2837664630447503,1
device_26_jitter_0012.obj,0.6511731499712429,1
device_26_jitter_0013.obj,0.6918135103878243,1
device_26_jitter_0014.obj,0.6848367450277927,1
device_26_jitter_0015.obj,0.3440620926047696,1
device_26_jitter_0016.obj,0.3042781834798548,1
device_26_jitter_0017.obj,0.3225430210496587,1
device_26_jitter_0018.obj,0.10596207448718364,1
device_26_jitter_0019.obj,0.022045060012892415,1
device_26_jitter_0020.obj,0.5371099242423419,1
device_26_jitter_0021.obj,0.553758825707822,1
device_26_jitter_0022.obj,0.24597752417626428,1
device_26_jitter_0023.obj,0.4501474840733103,1
device_26_jitter_0024.obj,0.4657255952688838,1
device_26_rigid_0000.obj,0.8477793809556418,1
device_26_rigid_0001.obj,0.967369398428595,1
device_26_rigid_0002.obj,0.6111618052716432,1
device_26_rigid_0003.obj,0.6436556863180047,1
device_26_rigid_0004.obj,0.8219249637427593,1
device_26_rigid_0005.obj,0.0798879783964681,1
device_26_rigid_0006.obj,0.48129329416927047,1
device_26_rigid_0007.obj,0.7573195921943126,1
device_26_rigid_0008.obj,0.7736390207759969,1
device_26_rigid_0009.obj,0.04908931117617965,1
device_26_rigid_0010.obj,0.8297139801413631,1
device_26_rigid_0011.obj,0.28640153002581936,1
device_26_rigid_0012.obj,0.44818152276619816,1
device_26_rigid_0013.obj,0.077979520263602,1
device_26_rigid_0014.obj,0.6332700117830425,1
device_26_rigid_0015.obj,0.8653956050491082,1
device_26_rigid_0016.obj,0.40189776256228726,1
device_26_rigid_0017.obj,0.5988607020349062,1
device_26_rigid_0018.obj,0.7508473072080586,1
device_26_rigid_0019.obj,0.4147633933052337,1
device_26_rigid_0020.obj,0.42325843617682557,1
device_26_rigid_0021.obj,0.6261500186316992,1
device_26_rigid_0022.obj,0.511473354561226,1
device_26_rigid_0023.obj,0.0048909019769606266,1
device_26_rigid_0024.obj,0.20817853078671367,1
device_26_tetwild_0000.obj,0.23268589513559135,1
device_26_tetwild_0001.obj,0.04394842364528839,1
device_26_tetwild_0002.obj,0.06298505376476915,1
device_26_tetwild_0003.obj,0.5457660797653706,1
device_26_tetwild_0004.obj,0.673992733446306,1
device_26_tetwild_0005.obj,0.3015398904840798,1
device_26_tetwild_0006.obj,0.23207097007276545,1
device_26_tetwild_0007.obj,0.9367992319071867,1
device_26_tetwild_0008.obj,0.5315985731951418,1
device_26_tetwild_0009.obj,0.6120551497109602,1
device_26_tetwild_0010.obj,0.933921754883126,1
device_26_tetwild_0011.obj,0.2584747404439184,1
device_26_tetwild_0012.obj,0.9305572529966192,1
device_26_tetwild_0013.obj,0.8544918349350847,1
device_26_tetwild_0014.obj,0.42430043283131424,1
device_26_tetwild_0015.obj,0.02531477364413104,1
device_26_tetwild_0016.obj,0.07071515801245976,1
device_26_tetwild_0017.obj,0.2172818102850278,1
device_26_tetwild_0018.obj,0.40863561039152274,1
device_26_tetwild_0019.obj,0.7804804408173364,1
device_26_tetwild_0020.obj,0.13315854290075424,1
device_26_tetwild_0021.obj,0.25696627556873597,1
device_26_tetwild_0022.obj,0.07779529779549976,1
device_26_tetwild_0023.obj,0.9680722162583612,1
device_10_degenerate_0000.obj,0.5852440038348756,1
device_10_degenerate_0001.obj,0.3942118598088843,1
device_10_degenerate_0002.obj,0.1051309721913336,1
device_10_degenerate_0003.obj,0.2517651973169185,1
device_10_degenerate_0004.obj,0.003690425401444819,1
device_10_degenerate_0005.obj,0.17456425306040457,1
device_10_degenerate_0006.obj,0.8986670258505581,1
device_10_degenerate_0007.obj,0.8609560620944449,1
device_10_degenerate_0008.obj,0.9210567176305755,1
device_10_degenerate_0009.obj,0.7166342452294312,1
device_10_degenerate_0010.obj,0.01119366494771068,1
device_10_degenerate_0011.obj,0.38741003689877174,1
device_10_degenerate_0012.obj,0.36230208767014793,1
device_10_degenerate_0013.obj,0.7112433642026483,1
device_10_degenerate_0014.obj,0.0808541738611499,1
device_10_degenerate_0015.obj,0.4379998605153247,1
device_10_degenerate_0016.obj,0.5567688377201062,1
device_10_degenerate_0017.obj,0.8445058339325361,1
device_10_degenerate_0018.obj,0.4069970740834121,1
device_10_degenerate_0019.obj,0.6311345563673337,1
device_10_degenerate_0020.obj,0.45450608816081106,1
device_10_degenerate_0021.obj,0.7532211814088584,1
device_10_degenerate_0022.obj,0.6518736830683554,1
device_10_degenerate_0023.obj,0.0812247201001044,1
device_10_degenerate_0024.obj,0.6897762846488271,1
device_10_disconnected_0000.obj,0.5209935945549747,1
device_10_disconnected_0001.obj,0.5109847704493105,1
device_10_disconnected_0002.obj,0.4712499133907818,1
device_10_disconnected_0003.obj,0.7531458531050668,1
device_10_disconnected_0004.obj,0.952058414079724,1
device_10_disconnected_0005.obj,0.9894121933110107,1
device_10_disconnected_0006.obj,0.4617452859571509,1
device_10_disconnected_0007.obj,0.21938501313406567,1
device_10_disconnected_0008.obj,0.8354201327516392,1
device_10_disconnected_0009.obj,0.050177180532903765,1
device_10_disconnected_0010.obj,0.403241432254669,1
device_10_disconnected_0011.obj,0.5875547057725238,1
device_10_disconnected_0012.obj,0.7785831157085232,1
device_10_disconnected_0013.obj,0.7689240736795674,1
device_10_disconnected_0014.obj,0.29076440375469104,1
device_10_disconnected_0015.obj,0.538571738483458,1
device_10_disconnected_0016.obj,0.16715371399842205,1
device_10_disconnected_0017.obj,0.9724310848219406,1
device_10_disconnected_0018.obj,0.7686864174310774,1
device_10_disconnected_0019.obj,0.31521616786347695,1
device_10_disconnected_0020.obj,0.36687096067618585,1
device_10_disconnected_0021.obj,0.6200238331096601,1
device_10_disconnected_0022.obj,0.2470594363773203,1
device_10_disconnected_0023.obj,0.6415029791950159,1
device_10_disconnected_0024.obj,0.35444726982797425,1
device_10_faceswap_0000.obj,0.09714544229226652,1
device_10_faceswap_0001.obj,0.9512391611421216,1
device_10_faceswap_0002.obj,0.013733594421065809,1
device_10_faceswap_0003.obj,0.39034417656601916,1
device_10_faceswap_0004.obj,0.028318580654862036,1
device_10_faceswap_0005.obj,0.4381724118053778,1
device_10_faceswap_0006.obj,0.7543684407986792,1
device_10_faceswap_0007.obj,0.7446852052828431,1
device_10_faceswap_0008.obj,0.5974140789413468,1
device_10_faceswap_0009.obj,0.857398449199914,1
device_10_faceswap_0010.obj,0.6906338031229065,1
device_10_faceswap_0011.obj,0.29517457445334905,1
device_10_faceswap_0012.obj,0.7601022931439632,1
device_10_faceswap_0013.obj,0.4968820505578996,1
device_10_faceswap_0014.obj,0.21862765906881176,1
device_10_faceswap_0015.obj,0.6324477641724977,1
device_10_faceswap_0016.obj,0.6298861334612286,1
device_10_faceswap_0017.obj,0.8458258792575926,1
device_10_faceswap_0018.obj,0.1771475807792765,1
device_10_faceswap_0019.obj,0.05976761781700202,1
device_10_faceswap_0020.obj,0.5167142665344091,1
device_10_faceswap_0021.obj,0.10483016671696854,1
device_10_faceswap_0022.obj,0.5186376046731143,1
device_10_faceswap_0023.obj,0.09638954262638522,1
device_10_faceswap_0024.obj,0.7378734458230873,1
device_10_jitter_0000.obj,0.42158050641163647,1
device_10_jitter_0001.obj,0.13368447629360003,1
device_10_jitter_0002.obj,0.6342289078172804,1
device_10_jitter_0003.obj,0.13746058801294225,1
device_10_jitter_0004.obj,0.3487804674977909,1
device_10_jitter_0005.obj,0.7298595428786749,1
device_10_jitter_0006.obj,0.8586251134938361,1
device_10_jitter_0007.obj,0.9460768266524352,1
device_10_jitter_0008.obj,0.48253756225072075,1
device_10_jitter_0009.obj,0.2493144347365287,1
device_10_jitter_0010.obj,0.9716062561869584,1
device_10_jitter_0011.obj,0.968674281811637,1
device_10_jitter_0012.obj,0.0008136565726927225,1
device_10_jitter_0013.obj,0.942181731303092,1
device_10_jitter_0014.obj,0.09261566264830101,1
device_10_jitter_0015.obj,0.642059472222923,1
device_10_jitter_0016.obj,0.9368629700989175,1
device_10_jitter_0017.obj,0.39944177394190217,1
device_10_jitter_0018.obj,0.3653821184302124,1
device_10_jitter_0019.obj,0.9071253385864161,1
device_10_jitter_0020.obj,0.535561272231952,1
device_10_jitter_0021.obj,0.22916855742294573,1
device_10_jitter_0022.obj,0.09774877231666079,1
device_10_jitter_0023.obj,0.5320844508802521,1
device_10_jitter_0024.obj,0.04614928681893371,1
device_10_rigid_0000.obj,0.4584785289204797,1
device_10_rigid_0001.obj,0.2579749328048683,1
device_10_rigid_0002.obj,0.09413991867694815,1
device_10_rigid_0003.obj,0.5095862222268842,1
device_10_rigid_0004.obj,0.10001691231676213,1
device_10_rigid_0005.obj,0.5973842025099377,1
device_10_rigid_0006.obj,0.5083822324104914,1
device_10_rigid_0007.obj,0.895978276509498,1
device_10_rigid_0008.obj,0.10174447642669959,1
device_10_rigid_0009.obj,0.7563263035056738,1
device_10_rigid_0010.obj,0.632690678697076,1
device_10_rigid_0011.obj,0.17995526878612367,1
device_10_rigid_0012.obj,0.43303476589696455,1
device_10_rigid_0013.obj,0.23646189129787654,1
device_10_rigid_0014.obj,0.3147995587604653,1
device_10_rigid_0015.obj,0.22646980543463935,1
device_10_rigid_0016.obj,0.4676667470761937,1
device_10_rigid_0017.obj,0.18352967008237997,1
device_10_rigid_0018.obj,0.9312967192118358,1
device_10_rigid_0019.obj,0.09647798964949017,1
device_10_rigid_0020.obj,0.6088576192733612,1
device_10_rigid_0021.obj,0.14469036777289934,1
device_10_rigid_0022.obj,0.6314187911252602,1
device_10_rigid_0023.obj,0.14006024425886165,1
device_10_rigid_0024.obj,0.30351002458625986,1
device_10_tetwild_0000.obj,0.5550844340613396,1
device_10_tetwild_0001.obj,0.113767458616153,1
device_10_tetwild_0002.obj,0.15073376779564585,1
device_10_tetwild_0003.obj,0.038556579859884144,1
device_10_tetwild_0004.obj,0.4079805898258543,1
device_10_tetwild_0005.obj,0.9948598211003484,1
device_10_tetwild_0006.obj,0.4328313549531215,1
device_10_tetwild_0007.obj,0.550036173721,1
device_10_tetwild_0008.obj,0.6296290619536024,1
device_10_tetwild_0009.obj,0.4164938411703216,1
device_10_tetwild_0010.obj,0.5937359271596272,1
device_10_tetwild_0011.obj,0.4850527126738471,1
device_10_tetwild_0012.obj,0.3183940999865229,1
device_10_tetwild_0013.obj,0.7200955887405138,1
device_10_tetwild_0014.obj,0.40757272389508437,1
device_10_tetwild_0015.obj,0.4382243010515864,1
device_10_tetwild_0016.obj,0.736247361587506,1
device_10_tetwild_0017.obj,0.2592720442966927,1
device_10_tetwild_0018.obj,0.2934096899456369,1
device_10_tetwild_0019.obj,0.6740306913297283,1
device_10_tetwild_0020.obj,0.8326431917581046,1
device_10_tetwild_0021.obj,0.12561310683088545,1
device_10_tetwild_0022.obj,0.39930870527690965,1
device_10_tetwild_0023.obj,0.905584301336115,1
device_10_tetwild_0024.obj,0.7569747114371754,1
device_20_degenerate_0000.obj,0.7377669809023027,1
device_20_degenerate_0001.obj,0.5463366559206874,1
device_20_degenerate_0002.obj,0.9642661224545013,1
device_20_degenerate_0003.obj,0.8202060886450908,1
device_20_degenerate_0004.obj,0.31509914919537707,1
device_20_degenerate_0005.obj,0.7390248197639735,1
device_20_degenerate_0006.obj,0.012467431295318798,1
device_20_degenerate_0007.obj,0.7071570267425593,1
device_20_degenerate_0008.obj,0.2147071908141327,1
device_20_degenerate_0009.obj,0.8231826984519596,1
device_20_degenerate_0010.obj,0.9136422050415164,1
device_20_degenerate_0011.obj,0.6232735691771024,1
device_20_degenerate_0012.obj,0.33426818464913166,1
device_20_degenerate_0013.obj,0.3153128428326104,1
device_20_degenerate_0014.obj,0.19419828764159253,1
device_20_degenerate_0015.obj,0.18948618434112108,1
device_20_degenerate_0016.obj,0.7568893827183709,1
device_20_degenerate_0017.obj,0.24273573065491627,1
device_20_degenerate_0018.obj,0.2976702289924622,1
device_20_degenerate_0019.obj,0.617445841797306,1
device_20_degenerate_0020.obj,0.35910043814647474,1
device_20_degenerate_0021.obj,0.6699082226204917,1
device_20_degenerate_0022.obj,0.5434674336645048,1
device_20_degenerate_0023.obj,0.6153009397536685,1
device_20_degenerate_0024.obj,0.9594020315779402,1
device_20_disconnected_0000.obj,0.0931469102500545,1
device_20_disconnected_0001.obj,0.45301305207603626,1
device_20_disconnected_0002.obj,0.5792762030719756,1
device_20_disconnected_0003.obj,0.7826710463106944,1
device_20_disconnected_0004.obj,0.5838151616182111,1
device_20_disconnected_0005.obj,0.08250718423405845,1
device_20_disconnected_0006.obj,0.009659074454341443,1
device_20_disconnected_0007.obj,0.7866799895700258,1
device_20_disconnected_0008.obj,0.9627864204189618,1
device_20_disconnected_0009.obj,0.02388184611429678,1
device_20_disconnected_0010.obj,0.9023521807681709,1
device_20_disconnected_0011.obj,0.31461615173720625,1
device_20_disconnected_0012.obj,0.5585227435784561,1
device_20_disconnected_0013.obj,0.24949466662896214,1
device_20_disconnected_0014.obj,0.4040790518750562,1
device_20_disconnected_0015.obj,0.28889637506990073,1
device_20_disconnected_0016.obj,0.5916580291473543,1
device_20_disconnected_0017.obj,0.1713695386284132,1
device_20_disconnected_0018.obj,0.8116243193560255,1
device_20_disconnected_0019.obj,0.08274468576519645,1
device_20_disconnected_0020.obj,0.7990230181790323,1
device_20_disconnected_0021.obj,0.4679974455320107,1
device_20_disconnected_0022.obj,0.9919458334891176,1
device_20_disconnected_0023.obj,0.5375899511387098,1
device_20_disconnected_0024.obj,0.34030880183110657,1
device_20_faceswap_0000.obj,0.3044357298243997,1
device_20_faceswap_0001.obj,0.4703158529360688,1
device_20_faceswap_0002.obj,0.23676152609999335,1
device_20_faceswap_0003.obj,0.46122623965578335,1
device_20_faceswap_0004.obj,0.4537207718908235,1
device_20_faceswap_0005.obj,0.4935365163950818,1
device_20_faceswap_0006.obj,0.2814254585832231,1
device_20_faceswap_0007.obj,0.7792463101130521,1
device_20_faceswap_0008.obj,0.756966509086108,1
device_20_faceswap_0009.obj,0.9116090193334833,1
device_20_faceswap_0010.obj,0.1609239344905925,1
device_20_faceswap_0011.obj,0.8135108253502016,1
device_20_faceswap_0012.obj,0.061889375479495135,1
device_20_faceswap_0013.obj,0.4828863680619475,1
device_20_faceswap_0014.obj,0.4103847472193559,1
device_20_faceswap_0015.obj,0.0761067089073163,1
device_20_faceswap_0016.obj,0.4797256179714017,1
device_20_faceswap_0017.obj,0.8752855141360097,1
device_20_faceswap_0018.obj,0.0376325520154247,1
device_20_faceswap_0019.obj,0.47200351320266165,1
device_20_faceswap_0020.obj,0.9775622625171378,1
device_20_faceswap_0021.obj,0.02055833718216038,1
device_20_faceswap_0022.obj,0.7500600020128987,1
device_20_faceswap_0023.obj,0.17638328658512914,1
device_20_faceswap_0024.obj,0.05051363777975659,1
device_20_jitter_0000.obj,0.4452379445479566,1
device_20_jitter_0001.obj,0.819681740442341,1
device_20_jitter_0002.obj,0.196100482119407,1
device_20_jitter_0003.obj,0.9386952524182774,1
device_20_jitter_0004.obj,0.11972322431235105,1
device_20_jitter_0005.obj,0.7847151193755987,1
device_20_jitter_0006.obj,0.7530108881139649,1
device_20_jitter_0007.obj,0.276453769550989,1
device_20_jitter_0008.obj,0.6626840265173917,1
device_20_jitter_0009.obj,0.3048327646545166,1
device_20_jitter_0010.obj,0.04104600201417885,1
device_20_jitter_0011.obj,0.9768110937897045,1
device_20_jitter_0012.obj,0.1288022976600266,1
device_20_jitter_0013.obj,0.5783139561353361,1
device_20_jitter_0014.obj,0.6817187315952211,1
device_20_jitter_0015.obj,0.8384288615811174,1
device_20_jitter_0016.obj,0.49664121905380376,1
device_20_jitter_0017.obj,0.8485758096136964,1
device_20_jitter_0018.obj,0.8845379167275738,1
device_20_jitter_0019.obj,0.9694121405473107,1
device_20_jitter_0020.obj,0.8105961957598692,1
device_20_jitter_0021.obj,0.9025735366704591,1
device_20_jitter_0022.obj,0.0012970189522196751,1
device_20_jitter_0023.obj,0.5646504159465051,1
device_20_jitter_0024.obj,0.2496992268754934,1
device_20_rigid_0000.obj,0.9646457241637785,1
device_20_rigid_0001.obj,0.9098565342470016,1
device_20_rigid_0002.obj,0.18552314747064114,1
device_20_rigid_0003.obj,0.5852170606226952,1
device_20_rigid_0004.obj,0.575334384715212,1
device_20_rigid_0005.obj,0.6411291161155769,1
device_20_rigid_0006.obj,0.7519030032660905,1
device_20_rigid_0007.obj,0.6553060148026909,1
device_20_rigid_0008.obj,0.3581051547038713,1
device_20_rigid_0009.obj,0.7834396380249743,1
device_20_rigid_0010.obj,0.9762865967308074,1
device_20_rigid_0011.obj,0.8907833781702026,1
device_20_rigid_0012.obj,0.13255717097233854,1
device_20_rigid_0013.obj,0.4026927008413247,1
device_20_rigid_0014.obj,0.4749504034057309,1
device_20_rigid_0015.obj,0.038888173796765235,1
device_20_rigid_0016.obj,0.5748369679904747,1
device_20_rigid_0017.obj,0.4931356017575105,1
device_20_rigid_0018.obj,0.2516971280323208,1
device_20_rigid_0019.obj,0.8560278094717961,1
device_20_rigid_0020.obj,0.4266699571600354,1
device_20_rigid_0021.obj,0.5780032160260637,1
device_20_rigid_0022.obj,0.5528572883689226,1
device_20_rigid_0023.obj,0.3149044913059945,1
device_20_rigid_0024.obj,0.6564033816436021,1
device_20_tetwild_0000.obj,0.3643901784746624,1
device_20_tetwild_0001.obj,0.6318280865099408,1
device_20_tetwild_0002.obj,0.9183606403811136,1
device_20_tetwild_0003.obj,0.0011243300182591787,1
device_20_tetwild_0004.obj,0.1996744288652078,1
device_20_tetwild_0005.obj,0.5101694202622293,1
device_20_tetwild_0006.obj,0.40625182223443324,1
device_20_tetwild_0007.obj,0.05699565011379204,1
device_20_tetwild_0008.obj,0.235062008600872,1
device_20_tetwild_0009.obj,0.9406009882350277,1
device_20_tetwild_0010.obj,0.04140335214736479,1
device_20_tetwild_0011.obj,0.7266631987051176,1
device_20_tetwild_0012.obj,0.4117106875141442,1
device_20_tetwild_0014.obj,0.7364015740971179,1
device_20_tetwild_0015.obj,0.8112766848061923,1
device_20_tetwild_0016.obj,0.7955780254541589,1
device_20_tetwild_0017.obj,0.9759782043700639,1
device_20_tetwild_0018.obj,0.700469697393481,1
device_20_tetwild_0019.obj,0.08850878201047141,1
device_20_tetwild_0020.obj,0.9246773946780398,1
device_20_tetwild_0021.obj,0.41548399951083714,1
device_20_tetwild_0022.obj,0.494621367770241,1
device_20_tetwild_0023.obj,0.27733644821712133,1
device_20_tetwild_0024.obj,0.14744880338729482,1
device_18_degenerate_0000.obj,0.03895893606188061,1
device_18_degenerate_0001.obj,0.3567693542616709,1
device_18_degenerate_0002.obj,0.46073589806382087,1
device_18_degenerate_0003.obj,0.041849507637251704,1
device_18_degenerate_0004.obj,0.9312251054002839,1
device_18_degenerate_0005.obj,0.07641150339087566,1
device_18_degenerate_0006.obj,0.42349706061092907,1
device_18_degenerate_0007.obj,0.12677630831832676,1
device_18_degenerate_0008.obj,0.6386314978737964,1
device_18_degenerate_0009.obj,0.05997589904093115,1
device_18_degenerate_0010.obj,0.4008102679636545,1
device_18_degenerate_0011.obj,0.23321419251355746,1
device_18_degenerate_0012.obj,0.6724485562402825,1
device_18_degenerate_0013.obj,0.9691341079380982,1
device_18_degenerate_0014.obj,0.11878498247197433,1
device_18_degenerate_0015.obj,0.17636207571193985,1
device_18_degenerate_0016.obj,0.7798660257425135,1
device_18_degenerate_0017.obj,0.953092247481399,1
device_18_degenerate_0018.obj,0.2675119650058193,1
device_18_degenerate_0019.obj,0.5049420508050309,1
device_18_degenerate_0020.obj,0.9403349886275554,1
device_18_degenerate_0021.obj,0.2541079306570514,1
device_18_degenerate_0022.obj,0.865339639359182,1
device_18_degenerate_0023.obj,0.8818400006091475,1
device_18_degenerate_0024.obj,0.21930816194992497,1
device_18_disconnected_0000.obj,0.6885756180273684,1
device_18_disconnected_0001.obj,0.4803551215528189,1
device_18_disconnected_0002.obj,0.27328347514092,1
device_18_disconnected_0003.obj,0.26773390299726585,1
device_18_disconnected_0004.obj,0.6569199753207069,1
device_18_disconnected_0005.obj,0.7344763991526997,1
device_18_disconnected_0006.obj,0.8211545510625471,1
device_18_disconnected_0007.obj,0.5107268570431781,1
device_18_disconnected_0008.obj,0.639774708498701,1
device_18_disconnected_0009.obj,0.5846820026188222,1
device_18_disconnected_0010.obj,0.6192731194056803,1
device_18_disconnected_0011.obj,0.9777561525969525,1
device_18_disconnected_0012.obj,0.3716228732277109,1
device_18_disconnected_0013.obj,0.5932145667295613,1
device_18_disconnected_0014.obj,0.12734220293867948,1
device_18_disconnected_0015.obj,0.5070542752746771,1
device_18_disconnected_0016.obj,0.4416640692546512,1
device_18_disconnected_0017.obj,0.6304473801340255,1
device_18_disconnected_0018.obj,0.30916742627585214,1
device_18_disconnected_0019.obj,0.3568156404127676,1
device_18_disconnected_0020.obj,0.7430050718361322,1
device_18_disconnected_0021.obj,0.1285682802696837,1
device_18_disconnected_0022.obj,0.8181152317506234,1
device_18_disconnected_0023.obj,0.7153035957069489,1
device_18_disconnected_0024.obj,0.976863729805069,1
device_18_faceswap_0000.obj,0.010254483674252302,1
device_18_faceswap_0001.obj,0.17057089215898702,1
device_18_faceswap_0002.obj,0.17425452838612376,1
device_18_faceswap_0003.obj,0.580074660386103,1
device_18_faceswap_0004.obj,0.09023909676183317,1
device_18_faceswap_0005.obj,0.4775024340697336,1
device_18_faceswap_0006.obj,0.18559997153429508,1
device_18_faceswap_0007.obj,0.8329886381037855,1
device_18_faceswap_0008.obj,0.26494419507839906,1
device_18_faceswap_0009.obj,0.5818920803448538,1
device_18_faceswap_0010.obj,0.07862841825971079,1
device_18_faceswap_0011.obj,0.8966142128555721,1
device_18_faceswap_0012.obj,0.9001826554698001,1
device_18_faceswap_0013.obj,0.24323086127552274,1
device_18_faceswap_0014.obj,0.27463987118272715,1
device_18_faceswap_0015.obj,0.30229529925083376,1
device_18_faceswap_0016.obj,0.5226857133841385,1
device_18_faceswap_0017.obj,0.08717711596164346,1
device_18_faceswap_0018.obj,0.7152896963826955,1
device_18_faceswap_0019.obj,0.4964968870931987,1
device_18_faceswap_0020.obj,0.6407617086758551,1
device_18_faceswap_0021.obj,0.7632833584351575,1
device_18_faceswap_0022.obj,0.8738003649444552,1
device_18_faceswap_0023.obj,0.8652995972078419,1
device_18_faceswap_0024.obj,0.22617653416898498,1
device_18_jitter_0000.obj,0.36836820669472525,1
device_18_jitter_0001.obj,0.7332363456827744,1
device_18_jitter_0002.obj,0.7298341656893648,1
device_18_jitter_0003.obj,0.9525815507754466,1
device_18_jitter_0004.obj,0.7182547153988686,1
device_18_jitter_0005.obj,0.6587491418894904,1
device_18_jitter_0006.obj,0.3899736325622448,1
device_18_jitter_0007.obj,0.297817822703357,1
device_18_jitter_0008.obj,0.16330381543215522,1
device_18_jitter_0009.obj,0.43750283190609895,1
device_18_jitter_0010.obj,0.666159674292739,1
device_18_jitter_0011.obj,0.045416981160447345,1
device_18_jitter_0012.obj,0.23551745361710885,1
device_18_jitter_0013.obj,0.06797032209297382,1
device_18_jitter_0014.obj,0.216225735675451,1
device_18_jitter_0015.obj,0.20010364735999364,1
device_18_jitter_0016.obj,0.7924723068751705,1
device_18_jitter_0017.obj,0.4960695508785886,1
device_18_jitter_0018.obj,0.7569543265784009,1
device_18_jitter_0019.obj,0.330573922270221,1
device_18_jitter_0020.obj,0.5216555496729408,1
device_18_jitter_0021.obj,0.47200748901586065,1
device_18_jitter_0022.obj,0.9065045210709681,1
device_18_jitter_0023.obj,0.04273624997298631,1
device_18_jitter_0024.obj,0.6151764542082528,1
device_18_rigid_0000.obj,0.15023779016995065,1
device_18_rigid_0001.obj,0.3251794592733356,1
device_18_rigid_0002.obj,0.28338075126937035,1
device_18_rigid_0003.obj,0.20420654874028576,1
device_18_rigid_0004.obj,0.5948616669192435,1
device_18_rigid_0005.obj,0.441325398970179,1
device_18_rigid_0006.obj,0.02949356414196147,1
device_18_rigid_0007.obj,0.23174705690584152,1
device_18_rigid_0008.obj,0.236564161364186,1
device_18_rigid_0009.obj,0.8099592057934448,1
device_18_rigid_0010.obj,0.640542714132561,1
device_18_rigid_0011.obj,0.488127872191098,1
device_18_rigid_0012.obj,0.12464715095831846,1
device_18_rigid_0013.obj,0.9132125837486301,1
device_18_rigid_0014.obj,0.08441935966433045,1
device_18_rigid_0015.obj,0.6365816235741977,1
device_18_rigid_0016.obj,0.614445776397164,1
device_18_rigid_0017.obj,0.5731021038874015,1
device_18_rigid_0018.obj,0.8228243903508824,1
device_18_rigid_0019.obj,0.7346875285213639,1
device_18_rigid_0020.obj,0.40242239638475685,1
device_18_rigid_0021.obj,0.6488879529324025,1
device_18_rigid_0022.obj,0.2694993563324617,1
device_18_rigid_0023.obj,0.14755113204919912,1
device_18_rigid_0024.obj,0.9935283513645446,1
device_18_tetwild_0000.obj,0.38617767936527614,1
device_18_tetwild_0001.obj,0.5428838719307625,1
device_18_tetwild_0002.obj,0.07804873885726515,1
device_18_tetwild_0003.obj,0.5364381155830089,1
device_18_tetwild_0004.obj,0.30335234456253557,1
device_18_tetwild_0005.obj,0.9636475875511004,1
device_18_tetwild_0006.obj,0.587295711784118,1
device_18_tetwild_0007.obj,0.6158425718515971,1
device_18_tetwild_0008.obj,0.7262488183054318,1
device_18_tetwild_0009.obj,0.5990391786978034,1
device_18_tetwild_0010.obj,0.23494107843165968,1
device_18_tetwild_0011.obj,0.6774202184878763,1
device_18_tetwild_0012.obj,0.37460892528933254,1
device_18_tetwild_0013.obj,0.06894842814442692,1
device_18_tetwild_0014.obj,0.8961388364386785,1
device_18_tetwild_0015.obj,0.5749096605990681,1
device_18_tetwild_0016.obj,0.3508290420854334,1
device_18_tetwild_0017.obj,0.5850298189990144,1
device_18_tetwild_0018.obj,0.6144034718045792,1
device_18_tetwild_0019.obj,0.3936851502567674,1
device_18_tetwild_0020.obj,0.8580540559300602,1
device_18_tetwild_0021.obj,0.6691603153642095,1
device_18_tetwild_0022.obj,0.27335870640752225,1
device_18_tetwild_0023.obj,0.32248242288267026,1
device_18_tetwild_0024.obj,0.18617508267085114,1
device_04_degenerate_0000.obj,0.36081841745531995,1
device_04_degenerate_0001.obj,0.21832007693242117,1
device_04_degenerate_0002.obj,0.37828654617424584,1
device_04_degenerate_0003.obj,0.6050210057324062,1
device_04_degenerate_0004.obj,0.1983019597512733,1
device_04_degenerate_0005.obj,0.18986789852701824,1
device_04_degenerate_0006.obj,0.41252586117156353,1
device_04_degenerate_0007.obj,0.7600772305878498,1
device_04_degenerate_0008.obj,0.5205259126650235,1
device_04_degenerate_0009.obj,0.69816203095523,1
device_04_degenerate_0010.obj,0.8139831796258823,1
device_04_degenerate_0011.obj,0.22034066379883643,1
device_04_degenerate_0012.obj,0.9540756907402214,1
device_04_degenerate_0013.obj,0.35996732703738576,1
device_04_degenerate_0014.obj,0.1909734061826338,1
device_04_degenerate_0015.obj,0.4799011910320661,1
device_04_degenerate_0016.obj,0.08339450236826107,1
device_04_degenerate_0017.obj,0.11340266849238023,1
device_04_degenerate_0018.obj,0.45942525178180416,1
device_04_degenerate_0019.obj,0.1504249936784745,1
device_04_degenerate_0020.obj,0.6942867715072853,1
device_04_degenerate_0021.obj,0.19112609845897255,1
device_04_degenerate_0022.obj,0.5848175195561962,1
device_04_degenerate_0023.obj,0.10745879028802896,1
device_04_degenerate_0024.obj,0.33826840971871464,1
device_04_disconnected_0000.obj,0.7495160276186996,1
device_04_disconnected_0001.obj,0.5646351007019274,1
device_04_disconnected_0002.obj,0.8031439745358188,1
device_04_disconnected_0003.obj,0.4970144084103265,1
device_04_disconnected_0004.obj,0.388788258355093,1
device_04_disconnected_0005.obj,0.7772382470199354,1
device_04_disconnected_0006.obj,0.692679402791879,1
device_04_disconnected_0007.obj,0.8926990745744482,1
device_04_disconnected_0008.obj,0.28732089200281596,1
device_04_disconnected_0009.obj,0.5264091748989762,1
device_04_disconnected_0010.obj,0.365040039530092,1
device_04_disconnected_0011.obj,0.2053697242620397,1
device_04_disconnected_0012.obj,0.9918501545496846,1
device_04_disconnected_0013.obj,0.33020175362795745,1
device_04_disconnected_0014.obj,0.8805832365382258,1
device_04_disconnected_0015.obj,0.13173744513670171,1
device_04_disconnected_0016.obj,0.4434586611852255,1
device_04_disconnected_0017.obj,0.9980513173931658,1
device_04_disconnected_0018.obj,0.15479205105410365,1
device_04_disconnected_0019.obj,0.061502283267763413,1
device_04_disconnected_0020.obj,0.2754365064501534,1
device_04_disconnected_0021.obj,0.5543223896549302,1
device_04_disconnected_0022.obj,0.947256856809258,1
device_04_disconnected_0023.obj,0.8209272069500131,1
device_04_disconnected_0024.obj,0.9629801800491241,1
device_04_faceswap_0000.obj,0.14041994932875346,1
device_04_faceswap_0001.obj,0.7653723902601004,1
device_04_faceswap_0002.obj,0.3861473581868178,1
device_04_faceswap_0003.obj,0.06385924167022505,1
device_04_faceswap_0004.obj,0.7239879330978015,1
device_04_faceswap_0005.obj,0.8750171144548111,1
device_04_faceswap_0006.obj,0.2848355219367411,1
device_04_faceswap_0007.obj,0.3421790651830321,1
device_04_faceswap_0008.obj,0.30645859893990657,1
device_04_faceswap_0009.obj,0.49089036349599335,1
device_04_faceswap_0010.obj,0.3334222575562973,1
device_04_faceswap_0011.obj,0.3882467880491324,1
device_04_faceswap_0012.obj,0.8608153285806056,1
device_04_faceswap_0013.obj,0.9168536504826443,1
device_04_faceswap_0014.obj,0.17192613822376146,1
device_04_faceswap_0015.obj,0.3276732183250387,1
device_04_faceswap_0016.obj,0.2528367510127999,1
device_04_faceswap_0017.obj,0.5629501301995419,1
device_04_faceswap_0018.obj,0.9050744213344192,1
device_04_faceswap_0019.obj,0.42715097763193677,1
device_04_faceswap_0020.obj,0.6457552455321212,1
device_04_faceswap_0021.obj,0.41756717678452715,1
device_04_faceswap_0022.obj,0.39388473294639037,1
device_04_faceswap_0023.obj,0.47008767550011843,1
device_04_faceswap_0024.obj,0.8459439586959105,1
device_04_jitter_0000.obj,0.8350160850508485,1
device_04_jitter_0001.obj,0.1770630851267937,1
device_04_jitter_0002.obj,0.3681668913929579,1
device_04_jitter_0003.obj,0.735448330516924,1
device_04_jitter_0004.obj,0.7953086638216449,1
device_04_jitter_0005.obj,0.615233481816094,1
device_04_jitter_0006.obj,0.8926647385070479,1
device_04_jitter_0007.obj,0.9703610470092154,1
device_04_jitter_0008.obj,0.08143028249757311,1
device_04_jitter_0009.obj,0.9058521592615638,1
device_04_jitter_0010.obj,0.9381766407718882,1
device_04_jitter_0011.obj,0.4321260839047065,1
device_04_jitter_0012.obj,0.6487679464246201,1
device_04_jitter_0013.obj,0.5660230133637787,1
device_04_jitter_0014.obj,0.5565758202129358,1
device_04_jitter_0015.obj,0.5494295842952753,1
device_04_jitter_0016.obj,0.9472437970456026,1
device_04_jitter_0017.obj,0.754074454782038,1
device_04_jitter_0018.obj,0.5075612614917017,1
device_04_jitter_0019.obj,0.38419858969036,1
device_04_jitter_0020.obj,0.7943415258145766,1
device_04_jitter_0021.obj,0.6973926596372797,1
device_04_jitter_0022.obj,0.23617857803641085,1
device_04_jitter_0023.obj,0.28771797683246525,1
device_04_jitter_0024.obj,0.22438078257648308,1
device_04_rigid_0000.obj,0.31771336581594267,1
device_04_rigid_0001.obj,0.1603810865279517,1
device_04_rigid_0002.obj,0.5564606218760609,1
device_04_rigid_0003.obj,0.4689296069035114,1
device_04_rigid_0004.obj,0.044823524226300426,1
device_04_rigid_0005.obj,0.2955106244766452,1
device_04_rigid_0006.obj,0.20754838982939283,1
device_04_rigid_0007.obj,0.7179454187131565,1
device_04_rigid_0008.obj,0.8173426615044453,1
device_04_rigid_0009.obj,0.07172090591478697,1
device_04_rigid_0010.obj,0.8546091981406698,1
device_04_rigid_0011.obj,0.5374916081708266,1
device_04_rigid_0012.obj,0.04149038693325546,1
device_04_rigid_0013.obj,0.09138737683006626,1
device_04_rigid_0014.obj,0.8747826379707129,1
device_04_rigid_0015.obj,0.6536978105724719,1
device_04_rigid_0016.obj,0.8009342864802736,1
device_04_rigid_0017.obj,0.44555661461989604,1
device_04_rigid_0018.obj,0.050807694826618066,1
device_04_rigid_0019.obj,0.34403942130971754,1
device_04_rigid_0020.obj,0.9240627525633229,1
device_04_rigid_0021.obj,0.394070746883727,1
device_04_rigid_0022.obj,0.5469521199897557,1
device_04_rigid_0023.obj,0.9825723390944435,1
device_04_rigid_0024.obj,0.08387639508254885,1
device_04_tetwild_0000.obj,0.6521258419784755,1
device_04_tetwild_0001.obj,0.2946571991229301,1
device_04_tetwild_0002.obj,0.5999291370947404,1
device_04_tetwild_0003.obj,0.7490159447819283,1
device_04_tetwild_0004.obj,0.24929604325962496,1
device_04_tetwild_0005.obj,0.3439752830737357,1
device_04_tetwild_0006.obj,0.3749846897117143,1
device_04_tetwild_0007.obj,0.5026096363393516,1
device_04_tetwild_0008.obj,0.06821415842775935,1
device_04_tetwild_0009.obj,0.17548028327212373,1
device_04_tetwild_0010.obj,0.011008114305188,1
device_04_tetwild_0011.obj,0.023867815100182543,1
device_04_tetwild_0012.obj,0.5935974351662949,1
device_04_tetwild_0013.obj,0.8670976255493931,1
device_04_tetwild_0014.obj,0.09202730003482229,1
device_04_tetwild_0015.obj,0.9399028927459472,1
device_04_tetwild_0016.obj,0.8005265942888585,1
device_04_tetwild_0017.obj,0.905649207985951,1
device_04_tetwild_0018.obj,0.9105964108559015,1
device_04_tetwild_0019.obj,0.7484204851694732,1
device_04_tetwild_0020.obj,0.009920149226897546,1
device_04_tetwild_0021.obj,0.8575939992905152,1
device_04_tetwild_0022.obj,0.9644907829867014,1
device_04_tetwild_0023.obj,0.6362825944581065,1
device_04_tetwild_0024.obj,0.7911826787912281,1
device_14_degenerate_0000.obj,0.9218377019071895,1
device_14_degenerate_0001.obj,0.881122806524254,1
device_14_degenerate_0002.obj,0.8309160444949394,1
device_14_degenerate_0003.obj,0.17559573138645368,1
device_14_degenerate_0004.obj,0.7208677912400276,1
device_14_degenerate_0005.obj,0.8930131931479439,1
device_14_degenerate_0006.obj,0.29048120597360494,1
device_14_degenerate_0007.obj,0.6295180940150926,1
device_14_degenerate_0008.obj,0.8251155373505088,1
device_14_degenerate_0009.obj,0.8105207524293911,1
device_14_degenerate_0010.obj,0.23614234063839634,1
device_14_degenerate_0011.obj,0.25300454390671445,1
device_14_degenerate_0012.obj,0.20774580012646937,1
device_14_degenerate_0013.obj,0.07790414425211722,1
device_14_degenerate_0014.obj,0.055160405884182584,1
device_14_degenerate_0015.obj,0.04775301934903442,1
device_14_degenerate_0016.obj,0.5318205821045288,1
device_14_degenerate_0017.obj,0.8450459624306842,1
device_14_degenerate_0018.obj,0.39544684025447663,1
device_14_degenerate_0019.obj,0.8205439662804858,1
device_14_degenerate_0020.obj,0.057241182090959075,1
device_14_degenerate_0021.obj,0.13200424979428782,1
device_14_degenerate_0022.obj,0.35098267719885834,1
device_14_degenerate_0023.obj,0.9804711900090501,1
device_14_degenerate_0024.obj,0.719171504779103,1
device_14_disconnected_0000.obj,0.7256984723200915,1
device_14_disconnected_0001.obj,0.7070940618974976,1
device_14_disconnected_0002.obj,0.5238791465849614,1
device_14_disconnected_0003.obj,0.32078687984047605,1
device_14_disconnected_0004.obj,0.253103812338479,1
device_14_disconnected_0005.obj,0.02962810431826135,1
device_14_disconnected_0006.obj,0.02233136142804637,1
device_14_disconnected_0007.obj,0.05806623386742804,1
device_14_disconnected_0008.obj,0.7519348025576742,1
device_14_disconnected_0009.obj,0.20910837607839117,1
device_14_disconnected_0010.obj,0.934483897391386,1
device_14_disconnected_0011.obj,0.9450657804505711,1
device_14_disconnected_0012.obj,0.44782948376165477,1
device_14_disconnected_0013.obj,0.9223627143501613,1
device_14_disconnected_0014.obj,0.44537485511590713,1
device_14_disconnected_0015.obj,0.17350345420415347,1
device_14_disconnected_0016.obj,0.7639326107293946,1
device_14_disconnected_0017.obj,0.9527010386000972,1
device_14_disconnected_0018.obj,0.8199024145654411,1
device_14_disconnected_0019.obj,0.6968183902016191,1
device_14_disconnected_0020.obj,0.47452151297477585,1
device_14_disconnected_0021.obj,0.03423800535907673,1
device_14_disconnected_0022.obj,0.2190812407629974,1
device_14_disconnected_0023.obj,0.9837282278719909,1
device_14_disconnected_0024.obj,0.7075065335812968,1
device_14_faceswap_0000.obj,0.7627933315796696,1
device_14_faceswap_0001.obj,0.6562106613733216,1
device_14_faceswap_0002.obj,0.6516859603101723,1
device_14_faceswap_0003.obj,0.294616735805049,1
device_14_faceswap_0004.obj,0.1896553132635429,1
device_14_faceswap_0005.obj,0.742797228741156,1
device_14_faceswap_0006.obj,0.5551024225076345,1
device_14_faceswap_0007.obj,0.717217279893181,1
device_14_faceswap_0008.obj,0.3314804838076414,1
device_14_faceswap_0009.obj,0.8838610224148652,1
device_14_faceswap_0010.obj,0.13554695379112336,1
device_14_faceswap_0011.obj,0.44094548256218047,1
device_14_faceswap_0012.obj,0.03817750032689449,1
device_14_faceswap_0013.obj,0.247077215596886,1
device_14_faceswap_0014.obj,0.03625839044840473,1
device_14_faceswap_0015.obj,0.6350829264228652,1
device_14_faceswap_0016.obj,0.7452165205504147,1
device_14_faceswap_0017.obj,0.6224019330673646,1
device_14_faceswap_0018.obj,0.8669285366708567,1
device_14_faceswap_0019.obj,0.6314442509912077,1
device_14_faceswap_0020.obj,0.5131289065065906,1
device_14_faceswap_0021.obj,0.5901095986827196,1
device_14_faceswap_0022.obj,0.06271629628228204,1
device_14_faceswap_0023.obj,0.8453332989438338,1
device_14_faceswap_0024.obj,0.7883237136456478,1
device_14_jitter_0000.obj,0.4829850854928389,1
device_14_jitter_0001.obj,0.2253185291767038,1
device_14_jitter_0002.obj,0.5334442558156108,1
device_14_jitter_0003.obj,0.06266760776942826,1
device_14_jitter_0004.obj,0.8002788248425619,1
device_14_jitter_0005.obj,0.4127278581387537,1
device_14_jitter_0006.obj,0.7969995354437481,1
device_14_jitter_0007.obj,0.5968249606827412,1
device_14_jitter_0008.obj,0.5640944801388984,1
device_14_jitter_0009.obj,0.4615371917890636,1
device_14_jitter_0010.obj,0.481258145990483,1
device_14_jitter_0011.obj,0.8604915480939285,1
device_14_jitter_0012.obj,0.08043558205559365,1
device_14_jitter_0013.obj,0.838584596143873,1
device_14_jitter_0014.obj,0.1628711495067947,1
device_14_jitter_0015.obj,0.4813203827224516,1
device_14_jitter_0016.obj,0.7390685873824006,1
device_14_jitter_0017.obj,0.6946536642704759,1
device_14_jitter_0018.obj,0.7121713661284925,1
device_14_jitter_0019.obj,0.8042761752957049,1
device_14_jitter_0020.obj,0.37160411270606875,1
device_14_jitter_0021.obj,0.10351222440486252,1
device_14_jitter_0022.obj,0.5319400671111666,1
device_14_jitter_0023.obj,0.32692674259579424,1
device_14_jitter_0024.obj,0.9978128209543684,1
device_14_rigid_0000.obj,0.07779590688691651,1
device_14_rigid_0001.obj,0.4697069709941585,1
device_14_rigid_0002.obj,0.18639788385271894,1
device_14_rigid_0003.obj,0.8064811673047169,1
device_14_rigid_0004.obj,0.27244010242104577,1
device_14_rigid_0005.obj,0.022135403364254347,1
device_14_rigid_0006.obj,0.126899276094683,1
device_14_rigid_0007.obj,0.4691925739553434,1
device_14_rigid_0008.obj,0.4054271341120319,1
device_14_rigid_0009.obj,0.964796516097242,1
device_14_rigid_0010.obj,0.45518181256970136,1
device_14_rigid_0011.obj,0.9119384340215942,1
device_14_rigid_0012.obj,0.4098721809502418,1
device_14_rigid_0013.obj,0.262988299119419,1
device_14_rigid_0014.obj,0.6868891788472149,1
device_14_rigid_0015.obj,0.41325441767647486,1
device_14_rigid_0016.obj,0.9447142255964973,1
device_14_rigid_0017.obj,0.4382894699801144,1
device_14_rigid_0018.obj,0.06864168929059,1
device_14_rigid_0019.obj,0.523314132727836,1
device_14_rigid_0020.obj,0.6226864488157672,1
device_14_rigid_0021.obj,0.9066502847872653,1
device_14_rigid_0022.obj,0.5651476015067138,1
device_14_rigid_0023.obj,0.9578252544166838,1
device_14_rigid_0024.obj,0.6828806654750676,1
device_14_tetwild_0000.obj,0.43253056285647484,1
device_14_tetwild_0001.obj,0.3685469431405438,1
device_14_tetwild_0002.obj,0.3727724080415733,1
device_14_tetwild_0003.obj,0.17428454596852283,1
device_14_tetwild_0004.obj,0.7295558874616364,1
device_14_tetwild_0005.obj,0.061683756154224834,1
device_14_tetwild_0006.obj,0.6468648050579618,1
device_14_tetwild_0007.obj,0.8171371829471381,1
device_14_tetwild_0008.obj,0.2228853469358425,1
device_14_tetwild_0009.obj,0.004452928552946989,1
device_14_tetwild_0010.obj,0.08054225990984687,1
device_14_tetwild_0011.obj,0.014334009995589758,1
device_14_tetwild_0012.obj,0.41989228808086343,1
device_14_tetwild_0013.obj,0.8135892718315908,1
device_14_tetwild_0014.obj,0.43228126573944603,1
device_14_tetwild_0015.obj,0.5953318583677647,1
device_14_tetwild_0016.obj,0.3632806659929917,1
device_14_tetwild_0017.obj,0.11621846427637905,1
device_14_tetwild_0018.obj,0.7572665903501955,1
device_14_tetwild_0019.obj,0.028310349025253867,1
device_14_tetwild_0020.obj,0.47407562900884415,1
device_14_tetwild_0021.obj,0.44521305246264253,1
device_14_tetwild_0022.obj,0.7760973509776508,1
device_14_tetwild_0023.obj,0.2675300847438451,1
device_14_tetwild_0024.obj,0.8261609829534555,1
device_23_degenerate_0000.obj,0.08899747599875907,1
device_23_degenerate_0001.obj,0.948354504306609,1
device_23_degenerate_0002.obj,0.9045282997086572,1
device_23_degenerate_0003.obj,0.3874870789981303,1
device_23_degenerate_0004.obj,0.1953657622211934,1
device_23_degenerate_0005.obj,0.5546500640216606,1
device_23_degenerate_0006.obj,0.13630944149421997,1
device_23_degenerate_0007.obj,0.15406510255387185,1
device_23_degenerate_0008.obj,0.7088227388427315,1
device_23_degenerate_0009.obj,0.3836668045302848,1
device_23_degenerate_0010.obj,0.8824067837196136,1
device_23_degenerate_0011.obj,0.9435296074727447,1
device_23_degenerate_0012.obj,0.0022796090981702655,1
device_23_degenerate_0013.obj,0.8019692719884168,1
device_23_degenerate_0014.obj,0.13632613360132484,1
device_23_degenerate_0015.obj,0.37875335279626376,1
device_23_degenerate_0016.obj,0.14017200881808378,1
device_23_degenerate_0017.obj,0.40554777487984595,1
device_23_degenerate_0018.obj,0.27884545820146556,1
device_23_degenerate_0019.obj,0.32536166352992935,1
device_23_degenerate_0020.obj,0.9485370021447742,1
device_23_degenerate_0021.obj,0.6481169919239761,1
device_23_degenerate_0022.obj,0.6277573145054808,1
device_23_degenerate_0023.obj,0.0060293532543622685,1
device_23_degenerate_0024.obj,0.7271273277562494,1
device_23_disconnected_0000.obj,0.550029181296151,1
device_23_disconnected_0001.obj,0.17542709093762476,1
device_23_disconnected_0002.obj,0.07176921975150341,1
device_23_disconnected_0003.obj,0.09276522717550306,1
device_23_disconnected_0004.obj,0.16268811449132703,1
device_23_disconnected_0005.obj,0.37180015808141764,1
device_23_disconnected_0006.obj,0.8003647490502585,1
device_23_disconnected_0007.obj,0.46537907493836406,1
device_23_disconnected_0008.obj,0.6338548833464505,1
device_23_disconnected_0009.obj,0.09488916372347223,1
device_23_disconnected_0010.obj,0.39744972919537225,1
device_23_disconnected_0011.obj,0.6778922769215827,1
device_23_disconnected_0012.obj,0.9811514098808927,1
device_23_disconnected_0013.obj,0.7891804831883098,1
device_23_disconnected_0014.obj,0.49855112978072036,1
device_23_disconnected_0015.obj,0.15592627957018912,1
device_23_disconnected_0016.obj,0.14549426622825223,1
device_23_disconnected_0017.obj,0.6241142647581649,1
device_23_disconnected_0018.obj,0.6025455430301793,1
device_23_disconnected_0019.obj,0.9110607199406737,1
device_23_disconnected_0020.obj,0.7981241407081149,1
device_23_disconnected_0021.obj,0.4363595629466529,1
device_23_disconnected_0022.obj,0.6007380190316808,1
device_23_disconnected_0023.obj,0.06674357986687196,1
device_23_disconnected_0024.obj,0.9486135629369424,1
device_23_faceswap_0000.obj,0.6132308378314436,1
device_23_faceswap_0001.obj,0.6675010995520706,1
device_23_faceswap_0002.obj,0.43879734047756935,1
device_23_faceswap_0003.obj,0.20880568003878808,1
device_23_faceswap_0004.obj,0.36505546222594654,1
device_23_faceswap_0005.obj,0.010787688692686426,1
device_23_faceswap_0006.obj,0.5666173334778475,1
device_23_faceswap_0007.obj,0.6875831301303593,1
device_23_faceswap_0008.obj,0.7109765546430487,1
device_23_faceswap_0009.obj,0.6479260314968851,1
device_23_faceswap_0010.obj,0.8314856862412374,1
device_23_faceswap_0011.obj,0.27282733429279726,1
device_23_faceswap_0012.obj,0.6535629423176884,1
device_23_faceswap_0013.obj,0.24644622256735793,1
device_23_faceswap_0014.obj,0.5760462140252568,1
device_23_faceswap_0015.obj,0.9231751509040725,1
device_23_faceswap_0016.obj,0.9863472605131228,1
device_23_faceswap_0017.obj,0.10310670322978677,1
device_23_faceswap_0018.obj,0.22423952512605116,1
device_23_faceswap_0019.obj,0.9743171547589583,1
device_23_faceswap_0020.obj,0.3717741558234997,1
device_23_faceswap_0021.obj,0.05328388595461975,1
device_23_faceswap_0022.obj,0.623787630353146,1
device_23_faceswap_0023.obj,0.06338016923955914,1
device_23_faceswap_0024.obj,0.5448274021355457,1
device_23_jitter_0000.obj,0.5332733339695529,1
device_23_jitter_0001.obj,0.6594657633775302,1
device_23_jitter_0002.obj,0.15037992934992195,1
device_23_jitter_0003.obj,0.5269477195802319,1
device_23_jitter_0004.obj,0.20665114155513653,1
device_23_jitter_0005.obj,0.1358427232159145,1
device_23_jitter_0006.obj,0.7171850175201039,1
device_23_jitter_0007.obj,0.5578534392898572,1
device_23_jitter_0008.obj,0.680249868336246,1
device_23_jitter_0009.obj,0.9417207409729782,1
device_23_jitter_0010.obj,0.0963460614195154,1
device_23_jitter_0011.obj,0.06989039696689858,1
device_23_jitter_0012.obj,0.5445048756913135,1
device_23_jitter_0013.obj,0.8367154316642538,1
device_23_jitter_0014.obj,0.45374902699902453,1
device_23_jitter_0015.obj,0.09412069327083261,1
device_23_jitter_0016.obj,0.5013007006278695,1
device_23_jitter_0017.obj,0.5645134427801487,1
device_23_jitter_0018.obj,0.5059693974896449,1
device_23_jitter_0019.obj,0.6523059646738475,1
device_23_jitter_0020.obj,0.9995571780546052,1
device_23_jitter_0021.obj,0.9973876764785266,1
device_23_jitter_0022.obj,0.4206701089790682,1
device_23_jitter_0023.obj,0.33468676510215434,1
device_23_jitter_0024.obj,0.5687065049924009,1
device_23_rigid_0000.obj,0.0953700955618294,1
device_23_rigid_0001.obj,0.6884061599761971,1
device_23_rigid_0002.obj,0.4734007966752676,1
device_23_rigid_0003.obj,0.25454546302832526,1
device_23_rigid_0004.obj,0.029156622710265534,1
device_23_rigid_0005.obj,0.3803113097695996,1
device_23_rigid_0006.obj,0.15803708076990197,1
device_23_rigid_0007.obj,0.11268286598669808,1
device_23_rigid_0008.obj,0.43074783328163646,1
device_23_rigid_0009.obj,0.6140244386610385,1
device_23_rigid_0010.obj,0.6554303101786335,1
device_23_rigid_0011.obj,0.11886408568812368,1
device_23_rigid_0012.obj,0.1284251566856821,1
device_23_rigid_0013.obj,0.462843047033736,1
device_23_rigid_0014.obj,0.8164417486008437,1
device_23_rigid_0015.obj,0.5849382870536969,1
device_23_rigid_0016.obj,0.6248199413327485,1
device_23_rigid_0017.obj,0.6864519632788634,1
device_23_rigid_0018.obj,0.184924571160326,1
device_23_rigid_0019.obj,0.6543072839410482,1
device_23_rigid_0020.obj,0.2518758633052197,1
device_23_rigid_0021.obj,0.6122190916825151,1
device_23_rigid_0022.obj,0.246918335587757,1
device_23_rigid_0023.obj,0.47687939690038705,1
device_23_rigid_0024.obj,0.38264278400225293,1
device_23_tetwild_0000.obj,0.4951240733618927,1
device_23_tetwild_0001.obj,0.18580696645804995,1
device_23_tetwild_0002.obj,0.5516857435435736,1
device_23_tetwild_0003.obj,0.28577886055526336,1
device_23_tetwild_0004.obj,0.2619484510634609,1
device_23_tetwild_0005.obj,0.03978339876650372,1
device_23_tetwild_0006.obj,0.3173028980284729,1
device_23_tetwild_0007.obj,0.8623123598533107,1
device_23_tetwild_0008.obj,0.3902154162692687,1
device_23_tetwild_0009.obj,0.93955149452016,1
device_23_tetwild_0010.obj,0.6575249268046911,1
device_23_tetwild_0011.obj,0.5381723583457807,1
device_23_tetwild_0012.obj,0.5444180633209966,1
device_23_tetwild_0013.obj,0.6259141790894699,1
device_23_tetwild_0014.obj,0.20884249964516344,1
device_23_tetwild_0015.obj,0.1433226261823053,1
device_23_tetwild_0016.obj,0.9774682661708969,1
device_23_tetwild_0017.obj,0.956857274731922,1
device_23_tetwild_0018.obj,0.004361388120626697,1
device_23_tetwild_0019.obj,0.45300357070460384,1
device_23_tetwild_0020.obj,0.4051280724211833,1
device_23_tetwild_0021.obj,0.25897596803401024,1
device_23_tetwild_0022.obj,0.7232607513847797,1
device_23_tetwild_0023.obj,0.6589418054415047,1
device_23_tetwild_0024.obj,0.2205447177616452,1
device_09_degenerate_0000.obj,0.23680710460700982,1
device_09_degenerate_0001.obj,0.8685871559926779,1
device_09_degenerate_0002.obj,0.04995063509359088,1
device_09_degenerate_0003.obj,0.8528050653043426,1
device_09_degenerate_0004.obj,0.7719157790604055,1
device_09_degenerate_0005.obj,0.5101909203569507,1
device_09_degenerate_0006.obj,0.6198921578666483,1
device_09_degenerate_0007.obj,0.1954882219917492,1
device_09_degenerate_0008.obj,0.9600484671943819,1
device_09_degenerate_0009.obj,0.7990004978574683,1
device_09_degenerate_0010.obj,0.4641939749845526,1
device_09_degenerate_0011.obj,0.608543976346687,1
device_09_degenerate_0012.obj,0.6282717036736521,1
device_09_degenerate_0013.obj,0.04887288441831372,1
device_09_degenerate_0014.obj,0.3796913239216724,1
device_09_degenerate_0015.obj,0.0543652445207653,1
device_09_degenerate_0016.obj,0.11449201058861935,1
device_09_degenerate_0017.obj,0.45567932058992244,1
device_09_degenerate_0018.obj,0.07850407762766076,1
device_09_degenerate_0019.obj,0.7288295270317496,1
device_09_degenerate_0020.obj,0.9421066144247352,1
device_09_degenerate_0021.obj,0.3943453567425821,1
device_09_degenerate_0022.obj,0.7927678174295061,1
device_09_degenerate_0023.obj,0.6121901977068107,1
device_09_degenerate_0024.obj,0.805831385299625,1
device_09_disconnected_0000.obj,0.04979727824138103,1
device_09_disconnected_0001.obj,0.6994029397993243,1
device_09_disconnected_0002.obj,0.23099260686496992,1
device_09_disconnected_0003.obj,0.8050991515019208,1
device_09_disconnected_0004.obj,0.20946583150447995,1
device_09_disconnected_0005.obj,0.9558259679712346,1
device_09_disconnected_0006.obj,0.15592947667672596,1
device_09_disconnected_0007.obj,0.5483196932155772,1
device_09_disconnected_0008.obj,0.6122015869649761,1
device_09_disconnected_0009.obj,0.5799576289685883,1
device_09_disconnected_0010.obj,0.5002978461694965,1
device_09_disconnected_0011.obj,0.29485456468786886,1
device_09_disconnected_0012.obj,0.7632762264212515,1
device_09_disconnected_0013.obj,0.6267483915271634,1
device_09_disconnected_0014.obj,0.737893263208672,1
device_09_disconnected_0015.obj,0.8185757687752585,1
device_09_disconnected_0016.obj,0.7036595927603281,1
device_09_disconnected_0017.obj,0.6763660450188453,1
device_09_disconnected_0018.obj,0.3907106363543644,1
device_09_disconnected_0019.obj,0.9042706101377072,1
device_09_disconnected_0020.obj,0.9117167349631927,1
device_09_disconnected_0021.obj,0.9824165143309562,1
device_09_disconnected_0022.obj,0.619465430324294,1
device_09_disconnected_0023.obj,0.05617153879054715,1
device_09_disconnected_0024.obj,0.5682853413972143,1
device_09_faceswap_0000.obj,0.09431622083814095,1
device_09_faceswap_0001.obj,0.6486600365052543,1
device_09_faceswap_0002.obj,0.8073506192246629,1
device_09_faceswap_0003.obj,0.5009399265845945,1
device_09_faceswap_0004.obj,0.9579724276558257,1
device_09_faceswap_0005.obj,0.6679419494056856,1
device_09_faceswap_0006.obj,0.2244149215996064,1
device_09_faceswap_0007.obj,0.8678562448904372,1
device_09_faceswap_0008.obj,0.21857373402197433,1
device_09_faceswap_0009.obj,0.5558039631288236,1
device_09_faceswap_0010.obj,0.4461616957784954,1
device_09_faceswap_0011.obj,0.3529767365609938,1
device_09_faceswap_0012.obj,0.4522851241206943,1
device_09_faceswap_0013.obj,0.558060145227245,1
device_09_faceswap_0014.obj,0.0828165818265465,1
device_09_faceswap_0015.obj,0.9897898637128125,1
device_09_faceswap_0016.obj,0.9898067791905582,1
device_09_faceswap_0017.obj,0.5263284431587727,1
device_09_faceswap_0018.obj,0.7078420327836557,1
device_09_faceswap_0019.obj,0.6274551982673081,1
device_09_faceswap_0020.obj,0.9393900202551491,1
device_09_faceswap_0021.obj,0.8868173029991356,1
device_09_faceswap_0022.obj,0.2480983766590713,1
device_09_faceswap_0023.obj,0.29023698711403045,1
device_09_faceswap_0024.obj,0.44607643932580965,1
device_09_jitter_0000.obj,0.9989108467030442,1
device_09_jitter_0001.obj,0.12574508056193845,1
device_09_jitter_0002.obj,0.4309689369416315,1
device_09_jitter_0003.obj,0.9878837222332396,1
device_09_jitter_0004.obj,0.03530255196133891,1
device_09_jitter_0005.obj,0.9377534575050281,1
device_09_jitter_0006.obj,0.7851161573541726,1
device_09_jitter_0007.obj,0.3670388086663443,1
device_09_jitter_0008.obj,0.10731683577068052,1
device_09_jitter_0009.obj,0.05663175201070647,1
device_09_jitter_0010.obj,0.798259423439692,1
device_09_jitter_0011.obj,0.557389481722706,1
device_09_jitter_0012.obj,0.6703812900837319,1
device_09_jitter_0013.obj,0.598937400960385,1
device_09_jitter_0014.obj,0.21558161430822476,1
device_09_jitter_0015.obj,0.5573466604153604,1
device_09_jitter_0016.obj,0.9461323208989316,1
device_09_jitter_0017.obj,0.15045504513179253,1
device_09_jitter_0018.obj,0.34168202284357974,1
device_09_jitter_0019.obj,0.6282183861396825,1
device_09_jitter_0020.obj,0.5555007897036338,1
device_09_jitter_0021.obj,0.47928597255250516,1
device_09_jitter_0022.obj,0.6525101232334164,1
device_09_jitter_0023.obj,0.5850277935702295,1
device_09_jitter_0024.obj,0.3864327937428105,1
device_09_rigid_0000.obj,0.42937767309035024,1
device_09_rigid_0001.obj,0.33410133554308763,1
device_09_rigid_0002.obj,0.7282877108162168,1
device_09_rigid_0003.obj,0.331580696075498,1
device_09_rigid_0004.obj,0.48179951662194787,1
device_09_rigid_0005.obj,0.5032874030962451,1
device_09_rigid_0006.obj,0.191153459425227,1
device_09_rigid_0007.obj,0.002588161766172492,1
device_09_rigid_0008.obj,0.5330109321428734,1
device_09_rigid_0009.obj,0.006039911819093802,1
device_09_rigid_0010.obj,0.8048425394389099,1
device_09_rigid_0011.obj,0.28724394439106005,1
device_09_rigid_0012.obj,0.21828004249565802,1
device_09_rigid_0013.obj,0.12431442406254889,1
device_09_rigid_0014.obj,0.08094932117203724,1
device_09_rigid_0015.obj,0.7109981848402945,1
device_09_rigid_0016.obj,0.9699072926662663,1
device_09_rigid_0017.obj,0.054154827821166984,1
device_09_rigid_0018.obj,0.2737281593732348,1
device_09_rigid_0019.obj,0.6553800968938643,1
device_09_rigid_0020.obj,0.9625250943435044,1
device_09_rigid_0021.obj,0.47099361595836564,1
device_09_rigid_0022.obj,0.6839912327151567,1
device_09_rigid_0023.obj,0.7238241282600534,1
device_09_rigid_0024.obj,0.7862672483700582,1
device_09_tetwild_0000.obj,0.13671689073751547,1
device_09_tetwild_0001.obj,0.5979176801430991,1
device_09_tetwild_0003.obj,0.0815655884541564,1
device_09_tetwild_0004.obj,0.7302647634806592,1
device_09_tetwild_0005.obj,0.5852488216665847,1
device_09_tetwild_0006.obj,0.5506867328567504,1
device_09_tetwild_0007.obj,0.9270001537527337,1
device_09_tetwild_0008.obj,0.31368889297870584,1
device_09_tetwild_0009.obj,0.7069930723406035,1
device_09_tetwild_0010.obj,0.5944062464008097,1
device_09_tetwild_0011.obj,0.35741049665816194,1
device_09_tetwild_0012.obj,0.42182665242283224,1
device_09_tetwild_0013.obj,0.10706979185424559,1
device_09_tetwild_0014.obj,0.9571252160513418,1
device_09_tetwild_0015.obj,0.02218302858670429,1
device_09_tetwild_0016.obj,0.5389223505646218,1
device_09_tetwild_0017.obj,0.7404741379300871,1
device_09_tetwild_0018.obj,0.12531762980684225,1
device_09_tetwild_0019.obj,0.7825179257520679,1
device_09_tetwild_0020.obj,0.7995904797451351,1
device_09_tetwild_0021.obj,0.5062640766945165,1
device_09_tetwild_0022.obj,0.2652678840777827,1
device_09_tetwild_0023.obj,0.2531698213410305,1
device_09_tetwild_0024.obj,0.2148958037780596,1
device_24_degenerate_0000.obj,0.08614547346101487,1
device_24_degenerate_0001.obj,0.5833740372080043,1
device_24_degenerate_0002.obj,0.27657214068018743,1
device_24_degenerate_0003.obj,0.6108446493958427,1
device_24_degenerate_0004.obj,0.4107196315815912,1
device_24_degenerate_0005.obj,0.14445676337500624,1
device_24_degenerate_0006.obj,0.032494419064132196,1
device_24_degenerate_0007.obj,0.8028665233769597,1
device_24_degenerate_0008.obj,0.9690101979907403,1
device_24_degenerate_0009.obj,0.5998875034983776,1
device_24_degenerate_0010.obj,0.7841067612385227,1
device_24_degenerate_0011.obj,0.30832521950133984,1
device_24_degenerate_0012.obj,0.13621530416739835,1
device_24_degenerate_0013.obj,0.8175860045226616,1
device_24_degenerate_0014.obj,0.7530651166636106,1
device_24_degenerate_0015.obj,0.014608533583716388,1
device_24_degenerate_0016.obj,0.7857337234084142,1
device_24_degenerate_0017.obj,0.15306112017485196,1
device_24_degenerate_0018.obj,0.06293381775557927,1
device_24_degenerate_0019.obj,0.5464926495524771,1
device_24_degenerate_0020.obj,0.4598476090118895,1
device_24_degenerate_0021.obj,0.33175259269137725,1
device_24_degenerate_0022.obj,0.7538911407032545,1
device_24_degenerate_0023.obj,0.8776810409123734,1
device_24_degenerate_0024.obj,0.290813623036391,1
device_24_disconnected_0000.obj,0.015432826670509603,1
device_24_disconnected_0001.obj,0.3831992192916751,1
device_24_disconnected_0002.obj,0.5493209553643782,1
device_24_disconnected_0003.obj,0.11019259963271888,1
device_24_disconnected_0004.obj,0.6131928072321042,1
device_24_disconnected_0005.obj,0.26989842681093656,1
device_24_disconnected_0006.obj,0.03254592864628025,1
device_24_disconnected_0007.obj,0.027646034473202796,1
device_24_disconnected_0008.obj,0.07733419893544946,1
device_24_disconnected_0009.obj,0.8032033734296796,1
device_24_disconnected_0010.obj,0.7989638250477933,1
device_24_disconnected_0011.obj,0.8994572890334296,1
device_24_disconnected_0012.obj,0.6604161073810002,1
device_24_disconnected_0013.obj,0.010189482940057837,1
device_24_disconnected_0014.obj,0.8917602646053724,1
device_24_disconnected_0015.obj,0.9014072251186572,1
device_24_disconnected_0016.obj,0.98208544123388,1
device_24_disconnected_0017.obj,0.9618376458809003,1
device_24_disconnected_0018.obj,0.35044679725267514,1
device_24_disconnected_0019.obj,0.6051997514948476,1
device_24_disconnected_0020.obj,0.1778802738453732,1
device_24_disconnected_0021.obj,0.8583175058458519,1
device_24_disconnected_0022.obj,0.5890836032784051,1
device_24_disconnected_0023.obj,0.7053666558254618,1
device_24_disconnected_0024.obj,0.5356776252608182,1
device_24_faceswap_0000.obj,0.43913867576038823,1
device_24_faceswap_0001.obj,0.8888399047508101,1
device_24_faceswap_0002.obj,0.7696663134937449,1
device_24_faceswap_0003.obj,0.2805109591943885,1
device_24_faceswap_0004.obj,0.11903401287060722,1
device_24_faceswap_0005.obj,0.19719289598329992,1
device_24_faceswap_0006.obj,0.4401698015595338,1
device_24_faceswap_0007.obj,0.36355552803191205,1
device_24_faceswap_0008.obj,0.4972955765858844,1
device_24_faceswap_0009.obj,0.6283251660239507,1
device_24_faceswap_0010.obj,0.08755048244827224,1
device_24_faceswap_0011.obj,0.520963920876717,1
device_24_faceswap_0012.obj,0.6276778276009428,1
device_24_faceswap_0013.obj,0.5081084153278214,1
device_24_faceswap_0014.obj,0.24350345327929834,1
device_24_faceswap_0015.obj,0.31221329683019705,1
device_24_faceswap_0016.obj,0.8524805086577207,1
device_24_faceswap_0017.obj,0.1790643417866381,1
device_24_faceswap_0018.obj,0.5357417869431008,1
device_24_faceswap_0019.obj,0.6214309751738873,1
device_24_faceswap_0020.obj,0.6173070200715159,1
device_24_faceswap_0021.obj,0.9454594747844569,1
device_24_faceswap_0022.obj,0.5023840810742811,1
device_24_faceswap_0023.obj,0.8474141750252706,1
device_24_faceswap_0024.obj,0.8076806836426451,1
device_24_jitter_0000.obj,0.6322104679356337,1
device_24_jitter_0001.obj,0.6922738726411496,1
device_24_jitter_0002.obj,0.9099485149161939,1
device_24_jitter_0003.obj,0.4797361432864037,1
device_24_jitter_0004.obj,0.0519610074420771,1
device_24_jitter_0005.obj,0.638482805033057,1
device_24_jitter_0006.obj,0.49310058084050423,1
device_24_jitter_0007.obj,0.13131942960220155,1
device_24_jitter_0008.obj,0.8150511597002724,1
device_24_jitter_0009.obj,0.10192071132060698,1
device_24_jitter_0010.obj,0.7104413851732408,1
device_24_jitter_0011.obj,0.7904231016569511,1
device_24_jitter_0012.obj,0.2720837112375054,1
device_24_jitter_0013.obj,0.0402936750177838,1
device_24_jitter_0014.obj,0.6188215544390444,1
device_24_jitter_0015.obj,0.00292120481480862,1
device_24_jitter_0016.obj,0.21472831537409187,1
device_24_jitter_0017.obj,0.9469831285954341,1
device_24_jitter_0018.obj,0.6103050607427484,1
device_24_jitter_0019.obj,0.5157001461050795,1
device_24_jitter_0020.obj,0.013654036836760253,1
device_24_jitter_0021.obj,0.6334962593880993,1
device_24_jitter_0022.obj,0.10796481464118435,1
device_24_jitter_0023.obj,0.2958177464266881,1
device_24_jitter_0024.obj,0.9762285003199315,1
device_24_rigid_0000.obj,0.8662241839571451,1
device_24_rigid_0001.obj,0.8119047429740467,1
device_24_rigid_0002.obj,0.8413106747407596,1
device_24_rigid_0003.obj,0.17116211597753705,1
device_24_rigid_0004.obj,0.957233047742367,1
device_24_rigid_0005.obj,0.7357080899784368,1
device_24_rigid_0006.obj,0.8531151756521231,1
device_24_rigid_0007.obj,0.226744669323373,1
device_24_rigid_0008.obj,0.44795616118985426,1
device_24_rigid_0009.obj,0.353164432581631,1
device_24_rigid_0010.obj,0.5008410827839533,1
device_24_rigid_0011.obj,0.38750432991449624,1
device_24_rigid_0012.obj,0.9898897628463892,1
device_24_rigid_0013.obj,0.1759772151269744,1
device_24_rigid_0014.obj,0.7473363641394358,1
device_24_rigid_0015.obj,0.2945532653155186,1
device_24_rigid_0016.obj,0.16702170851628195,1
device_24_rigid_0017.obj,0.11430418597263126,1
device_24_rigid_0018.obj,0.07362259628546375,1
device_24_rigid_0019.obj,0.6185760257550847,1
device_24_rigid_0020.obj,0.09203624039331504,1
device_24_rigid_0021.obj,0.1042214970667601,1
device_24_rigid_0022.obj,0.7626899498986649,1
device_24_rigid_0023.obj,0.018688112171016846,1
device_24_rigid_0024.obj,0.7115638406460647,1
device_24_tetwild_0000.obj,0.5224147952713664,1
device_24_tetwild_0001.obj,0.5188438359314422,1
device_24_tetwild_0002.obj,0.684967356495983,1
device_24_tetwild_0003.obj,0.8097154533531631,1
device_24_tetwild_0004.obj,0.23072077424033088,1
device_24_tetwild_0005.obj,0.7599394953994657,1
device_24_tetwild_0006.obj,0.02994865129463309,1
device_24_tetwild_0007.obj,0.9874325867573288,1
device_24_tetwild_0008.obj,0.09791200769105934,1
device_24_tetwild_0009.obj,0.8785380851075805,1
device_24_tetwild_0010.obj,0.13906083492811105,1
device_24_tetwild_0011.obj,0.4947470350163219,1
device_24_tetwild_0012.obj,0.9914427587299576,1
device_24_tetwild_0013.obj,0.9722203268233979,1
device_24_tetwild_0014.obj,0.020290663050150592,1
device_24_tetwild_0015.obj,0.17323963717301072,1
device_24_tetwild_0016.obj,0.6960893657723782,1
device_24_tetwild_0017.obj,0.7891682559988685,1
device_24_tetwild_0018.obj,0.9991981917252333,1
device_24_tetwild_0019.obj,0.2258650495247022,1
device_24_tetwild_0020.obj,0.4858311863316136,1
device_24_tetwild_0021.obj,0.12467345554615084,1
device_24_tetwild_0022.obj,0.3265300948526343,1
device_24_tetwild_0023.obj,0.8812440757879456,1
device_24_tetwild_0024.obj,0.14041468247854372,1
device_08_degenerate_0000.obj,0.7999178992677759,1
device_08_degenerate_0001.obj,0.23592411444219974,1
device_08_degenerate_0002.obj,0.013899314559419396,1
device_08_degenerate_0003.obj,0.10217778431730484,1
device_08_degenerate_0004.obj,0.5204014767130671,1
device_08_degenerate_0005.obj,0.6205925414727381,1
device_08_degenerate_0006.obj,0.5523169278556977,1
device_08_degenerate_0007.obj,0.27279799561123597,1
device_08_degenerate_0008.obj,0.109270878264762,1
device_08_degenerate_0009.obj,0.3441193382496066,1
device_08_degenerate_0010.obj,0.32373136432709315,1
device_08_degenerate_0011.obj,0.40091895465107086,1
device_08_degenerate_0012.obj,0.7878955161657522,1
device_08_degenerate_0013.obj,0.3872849162451347,1
device_08_degenerate_0014.obj,0.1560081968847562,1
device_08_degenerate_0015.obj,0.05301184474873233,1
device_08_degenerate_0016.obj,0.6773006865899264,1
device_08_degenerate_0017.obj,0.16010972486268726,1
device_08_degenerate_0018.obj,0.06788457200988995,1
device_08_degenerate_0019.obj,0.455521089984674,1
device_08_degenerate_0020.obj,0.7080132790179665,1
device_08_degenerate_0021.obj,0.6265550490173446,1
device_08_degenerate_0022.obj,0.08206679254977167,1
device_08_degenerate_0023.obj,0.3665434276747166,1
device_08_degenerate_0024.obj,0.6099431819087388,1
device_08_disconnected_0000.obj,0.30635200275405416,1
device_08_disconnected_0001.obj,0.2914233576029057,1
device_08_disconnected_0002.obj,0.8068660307988545,1
device_08_disconnected_0003.obj,0.43549445795625696,1
device_08_disconnected_0004.obj,0.04640301634608912,1
device_08_disconnected_0005.obj,0.4906814911162646,1
device_08_disconnected_0006.obj,0.9662367720296772,1
device_08_disconnected_0007.obj,0.7111048160045563,1
device_08_disconnected_0008.obj,0.2582631739360337,1
device_08_disconnected_0009.obj,0.7271302857369696,1
device_08_disconnected_0010.obj,0.9808857247128319,1
device_08_disconnected_0011.obj,0.00521776960128284,1
device_08_disconnected_0012.obj,0.05642202224589854,1
device_08_disconnected_0013.obj,0.3836897774060113,1
device_08_disconnected_0014.obj,0.870170729377162,1
device_08_disconnected_0015.obj,0.9009452584270295,1
device_08_disconnected_0016.obj,0.3960069335189591,1
device_08_disconnected_0017.obj,0.06178671837248839,1
device_08_disconnected_0018.obj,0.9816959903301233,1
device_08_disconnected_0019.obj,0.9303942530552057,1
device_08_disconnected_0020.obj,0.48264723290377265,1
device_08_disconnected_0021.obj,0.04305274911499701,1
device_08_disconnected_0022.obj,0.7192519217916433,1
device_08_disconnected_0023.obj,0.713866593661662,1
device_08_disconnected_0024.obj,0.8057321650518257,1
device_08_faceswap_0000.obj,0.7924843474092518,1
device_08_faceswap_0001.obj,0.32998719808262567,1
device_08_faceswap_0002.obj,0.2320357856296058,1
device_08_faceswap_0003.obj,0.8693238260022416,1
device_08_faceswap_0004.obj,0.45043126080150653,1
device_08_faceswap_0005.obj,0.5107572193642341,1
device_08_faceswap_0006.obj,0.22342768336956353,1
device_08_faceswap_0007.obj,0.2871171039817001,1
device_08_faceswap_0008.obj,0.6326607759199524,1
device_08_faceswap_0009.obj,0.5473019008068464,1
device_08_faceswap_0010.obj,0.7876689962427733,1
device_08_faceswap_0011.obj,0.025146269326600024,1
device_08_faceswap_0012.obj,0.12051949834133202,1
device_08_faceswap_0013.obj,0.41613125808244056,1
device_08_faceswap_0014.obj,0.7548413453516178,1
device_08_faceswap_0015.obj,0.6657390336848051,1
device_08_faceswap_0016.obj,0.6787183616083734,1
device_08_faceswap_0017.obj,0.7927474912883348,1
device_08_faceswap_0018.obj,0.6497681055148746,1
device_08_faceswap_0019.obj,0.41918988659017764,1
device_08_faceswap_0020.obj,0.70829533393106,1
device_08_faceswap_0021.obj,0.14841217027153575,1
device_08_faceswap_0022.obj,0.8662643443717151,1
device_08_faceswap_0023.obj,0.025141181284591307,1
device_08_faceswap_0024.obj,0.7982275454869036,1
device_08_jitter_0000.obj,0.8149303916174812,1
device_08_jitter_0001.obj,0.16184659951065095,1
device_08_jitter_0002.obj,0.04861043702252421,1
device_08_jitter_0003.obj,0.8370755620842769,1
device_08_jitter_0004.obj,0.36201272872203705,1
device_08_jitter_0005.obj,0.05972133403442981,1
device_08_jitter_0006.obj,0.4325257540155045,1
device_08_jitter_0007.obj,0.7882359174560168,1
device_08_jitter_0008.obj,0.45447790447847347,1
device_08_jitter_0009.obj,0.30448596080615287,1
device_08_jitter_0010.obj,0.21043114307063304,1
device_08_jitter_0011.obj,0.9000877398664855,1
device_08_jitter_0012.obj,0.559576970647719,1
device_08_jitter_0013.obj,0.32259955098649473,1
device_08_jitter_0014.obj,0.06844654913155768,1
device_08_jitter_0015.obj,0.4761294190817875,1
device_08_jitter_0016.obj,0.8597848371800297,1
device_08_jitter_0017.obj,0.677930765071414,1
device_08_jitter_0018.obj,0.36077308836471134,1
device_08_jitter_0019.obj,0.40947113992606954,1
device_08_jitter_0020.obj,0.9538924493379678,1
device_08_jitter_0021.obj,0.7407628782917015,1
device_08_jitter_0022.obj,0.19417444547454843,1
device_08_jitter_0023.obj,0.2726864249999563,1
device_08_jitter_0024.obj,0.012707978149493981,1
device_08_rigid_0000.obj,0.7630307412121929,1
device_08_rigid_0001.obj,0.4168394628581291,1
device_08_rigid_0002.obj,0.059292068619493876,1
device_08_rigid_0003.obj,0.3275111173070049,1
device_08_rigid_0004.obj,0.05209159299426647,1
device_08_rigid_0005.obj,0.8125066269060318,1
device_08_rigid_0006.obj,0.9049163936848188,1
device_08_rigid_0007.obj,0.3541688790076636,1
device_08_rigid_0008.obj,0.8600776213116476,1
device_08_rigid_0009.obj,0.9783403702075499,1
device_08_rigid_0010.obj,0.5453048998205795,1
device_08_rigid_0011.obj,0.7499409351461686,1
device_08_rigid_0012.obj,0.2626343305253246,1
device_08_rigid_0013.obj,0.3358697160862303,1
device_08_rigid_0014.obj,0.46714867597508536,1
device_08_rigid_0015.obj,0.2730626567653651,1
device_08_rigid_0016.obj,0.5415499045209448,1
device_08_rigid_0017.obj,0.6264482582577976,1
device_08_rigid_0018.obj,0.9538840216853824,1
device_08_rigid_0019.obj,0.5154179059398413,1
device_08_rigid_0020.obj,0.876056539296445,1
device_08_rigid_0021.obj,0.3416402443297284,1
device_08_rigid_0022.obj,0.7083763224405654,1
device_08_rigid_0023.obj,0.32120072564338775,1
device_08_rigid_0024.obj,0.5693432748871438,1
device_08_tetwild_0000.obj,0.32048367829075897,1
device_08_tetwild_0001.obj,0.38108786532075356,1
device_08_tetwild_0002.obj,0.7002100914375721,1
device_08_tetwild_0003.obj,0.3756651876704833,1
device_08_tetwild_0004.obj,0.8322327785094997,1
device_08_tetwild_0005.obj,0.21269406219673626,1
device_08_tetwild_0006.obj,0.5881766273832402,1
device_08_tetwild_0007.obj,0.24019143684869892,1
device_08_tetwild_0008.obj,0.9736742635992245,1
device_08_tetwild_0009.obj,0.6784660320091258,1
device_08_tetwild_0010.obj,0.2540801272468095,1
device_08_tetwild_0011.obj,0.22343241929106694,1
device_08_tetwild_0012.obj,0.2903541459419068,1
device_08_tetwild_0013.obj,0.7637948391319868,1
device_08_tetwild_0014.obj,0.31668142249611964,1
device_08_tetwild_0015.obj,0.27453074507027586,1
device_08_tetwild_0016.obj,0.8551886065330576,1
device_08_tetwild_0017.obj,0.3042267361138723,1
device_08_tetwild_0018.obj,0.622415452422325,1
device_08_tetwild_0019.obj,0.5688605930863059,1
device_08_tetwild_0020.obj,0.07686935623401514,1
device_08_tetwild_0021.obj,0.8061485273182811,1
device_08_tetwild_0022.obj,0.52115673807522,1
device_08_tetwild_0023.obj,0.6254444144899571,1
device_08_tetwild_0024.obj,0.26532077958004985,1
device_19_degenerate_0000.obj,0.3916978680860136,1
device_19_degenerate_0001.obj,0.7806470081866766,1
device_19_degenerate_0002.obj,0.9464179702980733,1
device_19_degenerate_0003.obj,0.7784462215266992,1
device_19_degenerate_0004.obj,0.614117773144354,1
device_19_degenerate_0005.obj,0.5490981767724091,1
device_19_degenerate_0006.obj,0.8886463523505107,1
device_19_degenerate_0007.obj,0.5826047125268897,1
device_19_degenerate_0008.obj,0.9090053329228629,1
device_19_degenerate_0009.obj,0.796123803342507,1
device_19_degenerate_0010.obj,0.021675576901580174,1
device_19_degenerate_0011.obj,0.9995732222232349,1
device_19_degenerate_0012.obj,0.495770315099753,1
device_19_degenerate_0013.obj,0.15783937820723992,1
device_19_degenerate_0014.obj,0.440029111680884,1
device_19_degenerate_0015.obj,0.24061338129586562,1
device_19_degenerate_0016.obj,0.3167478240191184,1
device_19_degenerate_0017.obj,0.10463218305576738,1
device_19_degenerate_0018.obj,0.477123038179758,1
device_19_degenerate_0019.obj,0.6733623396640556,1
device_19_degenerate_0020.obj,0.2611978385927236,1
device_19_degenerate_0021.obj,0.31605684818550284,1
device_19_degenerate_0022.obj,0.030058495356495407,1
device_19_degenerate_0023.obj,0.252020935114469,1
device_19_degenerate_0024.obj,0.0366361844904185,1
device_19_disconnected_0000.obj,0.6366934402784797,1
device_19_disconnected_0001.obj,0.9773839563934912,1
device_19_disconnected_0002.obj,0.18820919455955942,1
device_19_disconnected_0003.obj,0.3372920216509796,1
device_19_disconnected_0004.obj,0.9518625024517531,1
device_19_disconnected_0005.obj,0.006763992388467699,1
device_19_disconnected_0006.obj,0.14061202571826714,1
device_19_disconnected_0007.obj,0.4152676713904927,1
device_19_disconnected_0008.obj,0.29142432951853714,1
device_19_disconnected_0009.obj,0.9330106850565844,1
device_19_disconnected_0010.obj,0.6050337741790155,1
device_19_disconnected_0011.obj,0.5986871948950395,1
device_19_disconnected_0012.obj,0.89870825576966,1
device_19_disconnected_0013.obj,0.8393801685753253,1
device_19_disconnected_0014.obj,0.7587894787897965,1
device_19_disconnected_0015.obj,0.934488557638719,1
device_19_disconnected_0016.obj,0.9011472025176764,1
device_19_disconnected_0017.obj,0.5578341733109565,1
device_19_disconnected_0018.obj,0.9703623526524136,1
device_19_disconnected_0019.obj,0.712480634759902,1
device_19_disconnected_0020.obj,0.3306010846930758,1
device_19_disconnected_0021.obj,0.6942301005708896,1
device_19_disconnected_0022.obj,0.9813554892399091,1
device_19_disconnected_0023.obj,0.39903036011459725,1
device_19_disconnected_0024.obj,0.40618878608003506,1
device_19_faceswap_0000.obj,0.7866393313114559,1
device_19_faceswap_0001.obj,0.07542749672638205,1
device_19_faceswap_0002.obj,0.5853647215049945,1
device_19_faceswap_0003.obj,0.657044693115175,1
device_19_faceswap_0004.obj,0.5138940228155443,1
device_19_faceswap_0005.obj,0.9958096770540387,1
device_19_faceswap_0006.obj,0.1917845280217273,1
device_19_faceswap_0007.obj,0.33085358779571894,1
device_19_faceswap_0008.obj,0.8961715065769391,1
device_19_faceswap_0009.obj,0.7573617509251848,1
device_19_faceswap_0010.obj,0.4904409543662751,1
device_19_faceswap_0011.obj,0.04792121438818586,1
device_19_faceswap_0012.obj,0.008110161804082416,1
device_19_faceswap_0013.obj,0.20852531247052453,1
device_19_faceswap_0014.obj,0.28270985727151854,1
device_19_faceswap_0015.obj,0.5594096056935763,1
device_19_faceswap_0016.obj,0.6694885136229448,1
device_19_faceswap_0017.obj,0.22393693531308168,1
device_19_faceswap_0018.obj,0.44301282247776086,1
device_19_faceswap_0019.obj,0.6396302410605686,1
device_19_faceswap_0020.obj,0.9911033076034947,1
device_19_faceswap_0021.obj,0.4547917185641579,1
device_19_faceswap_0022.obj,0.9150283722616276,1
device_19_faceswap_0023.obj,0.7774640062437639,1
device_19_faceswap_0024.obj,0.555903131721978,1
device_19_jitter_0000.obj,0.2554483192554494,1
device_19_jitter_0001.obj,0.8252526292376471,1
device_19_jitter_0002.obj,0.5949931291636739,1
device_19_jitter_0003.obj,0.9156329424689764,1
device_19_jitter_0004.obj,0.6620444139732163,1
device_19_jitter_0005.obj,0.39205530795229593,1
device_19_jitter_0006.obj,0.9837357199914515,1
device_19_jitter_0007.obj,0.9388696192553466,1
device_19_jitter_0008.obj,0.5950923162195099,1
device_19_jitter_0009.obj,0.5897861215763143,1
device_19_jitter_0010.obj,0.45900631243682166,1
device_19_jitter_0011.obj,0.4869206764214128,1
device_19_jitter_0012.obj,0.6182515440559688,1
device_19_jitter_0013.obj,0.69697614932387,1
device_19_jitter_0014.obj,0.6306514527113752,1
device_19_jitter_0015.obj,0.8416174854758552,1
device_19_jitter_0016.obj,0.5397543537367525,1
device_19_jitter_0017.obj,0.03474111242364686,1
device_19_jitter_0018.obj,0.358178106577161,1
device_19_jitter_0019.obj,0.9901420059475963,1
device_19_jitter_0020.obj,0.8990405891302065,1
device_19_jitter_0021.obj,0.31687523319992994,1
device_19_jitter_0022.obj,0.0393946827729017,1
device_19_jitter_0023.obj,0.7505423520199408,1
device_19_jitter_0024.obj,0.6663679034519193,1
device_19_rigid_0000.obj,0.6413886265274127,1
device_19_rigid_0001.obj,0.9187498825458563,1
device_19_rigid_0002.obj,0.5483494521252185,1
device_19_rigid_0003.obj,0.6110208473797987,1
device_19_rigid_0004.obj,0.33061325250068674,1
device_19_rigid_0005.obj,0.5440668811468179,1
device_19_rigid_0006.obj,0.5605531284820692,1
device_19_rigid_0007.obj,0.9292184317249498,1
device_19_rigid_0008.obj,0.5303560747993538,1
device_19_rigid_0009.obj,0.7174287566826798,1
device_19_rigid_0010.obj,0.39833087371520537,1
device_19_rigid_0011.obj,0.9204604873162663,1
device_19_rigid_0012.obj,0.8843561896898833,1
device_19_rigid_0013.obj,0.05108717249484551,1
device_19_rigid_0014.obj,0.6320383365860435,1
device_19_rigid_0015.obj,0.8018121787505481,1
device_19_rigid_0016.obj,0.7777468690187789,1
device_19_rigid_0017.obj,0.17137796725495602,1
device_19_rigid_0018.obj,0.2325789753983284,1
device_19_rigid_0019.obj,0.7123266630152751,1
device_19_rigid_0020.obj,0.6113818425332803,1
device_19_rigid_0021.obj,0.6194845269478206,1
device_19_rigid_0022.obj,0.9383228981113405,1
device_19_rigid_0023.obj,0.45977978888533577,1
device_19_rigid_0024.obj,0.25758024585734873,1
device_19_tetwild_0000.obj,0.06895206438040835,1
device_19_tetwild_0001.obj,0.3393805610450489,1
device_19_tetwild_0002.obj,0.2964558310274211,1
device_19_tetwild_0003.obj,0.47778231682548855,1
device_19_tetwild_0004.obj,0.35885464033710146,1
device_19_tetwild_0005.obj,0.8946650481400712,1
device_19_tetwild_0006.obj,0.4059654901598708,1
device_19_tetwild_0007.obj,0.7796740684548861,1
device_19_tetwild_0008.obj,0.5559704212356378,1
device_19_tetwild_0009.obj,0.4730995807378535,1
device_19_tetwild_0010.obj,0.22617761846946294,1
device_19_tetwild_0011.obj,0.3110657742616706,1
device_19_tetwild_0012.obj,0.6885185294421948,1
device_19_tetwild_0013.obj,0.06368949472238628,1
device_19_tetwild_0014.obj,0.5806782684888726,1
device_19_tetwild_0015.obj,0.13031090966900316,1
device_19_tetwild_0016.obj,0.0758006989164044,1
device_19_tetwild_0017.obj,0.8500838382490828,1
device_19_tetwild_0018.obj,0.5656406294693226,1
device_19_tetwild_0019.obj,0.5148394194878047,1
device_19_tetwild_0020.obj,0.3776896095691403,1
device_19_tetwild_0021.obj,0.3550039804039332,1
device_19_tetwild_0022.obj,0.40576316842385973,1
device_19_tetwild_0023.obj,0.4950277807671618,1
device_19_tetwild_0024.obj,0.35783579067196125,1
device_16_degenerate_0000.obj,0.8919153828338959,1
device_16_degenerate_0001.obj,0.6863889001220136,1
device_16_degenerate_0002.obj,0.19421570325141768,1
device_16_degenerate_0003.obj,0.29892745982183067,1
device_16_degenerate_0004.obj,0.9183396222958693,1
device_16_degenerate_0005.obj,0.23037041686049753,1
device_16_degenerate_0006.obj,0.8952834267300035,1
device_16_degenerate_0007.obj,0.3843255060813019,1
device_16_degenerate_0008.obj,0.5276361014163471,1
device_16_degenerate_0009.obj,0.49541129381800786,1
device_16_degenerate_0010.obj,0.6374929507987385,1
device_16_degenerate_0011.obj,0.4119899306420588,1
device_16_degenerate_0012.obj,0.727005006985772,1
device_16_degenerate_0013.obj,0.27633610591383984,1
device_16_degenerate_0014.obj,0.09455320217384244,1
device_16_degenerate_0015.obj,0.6548846118940973,1
device_16_degenerate_0016.obj,0.8491474884121688,1
device_16_degenerate_0017.obj,0.32255529580308295,1
device_16_degenerate_0018.obj,0.14820042085113772,1
device_16_degenerate_0019.obj,0.4566405947555263,1
device_16_degenerate_0020.obj,0.29622469296693743,1
device_16_degenerate_0021.obj,0.7892663875745581,1
device_16_degenerate_0022.obj,0.9764382261595415,1
device_16_degenerate_0023.obj,0.7140780931875843,1
device_16_degenerate_0024.obj,0.9948972554010453,1
device_16_disconnected_0000.obj,0.039851792724848956,1
device_16_disconnected_0001.obj,0.3332022879535784,1
device_16_disconnected_0002.obj,0.13208155100149854,1
device_16_disconnected_0003.obj,0.7565662672700898,1
device_16_disconnected_0004.obj,0.20884957638814206,1
device_16_disconnected_0005.obj,0.28466883807875276,1
device_16_disconnected_0006.obj,0.015113111487641828,1
device_16_disconnected_0007.obj,0.1527327943880027,1
device_16_disconnected_0008.obj,0.17416268582456218,1
device_16_disconnected_0009.obj,0.15760878101574838,1
device_16_disconnected_0010.obj,0.4062396832762877,1
device_16_disconnected_0011.obj,0.30286395021978607,1
device_16_disconnected_0012.obj,0.8059600208714772,1
device_16_disconnected_0013.obj,0.06277530084815974,1
device_16_disconnected_0014.obj,0.161317872745252,1
device_16_disconnected_0015.obj,0.748591901948582,1
device_16_disconnected_0016.obj,0.44256782143061413,1
device_16_disconnected_0017.obj,0.772021169052784,1
device_16_disconnected_0018.obj,0.7943114617546329,1
device_16_disconnected_0019.obj,0.3262546943152873,1
device_16_disconnected_0020.obj,0.7613412664233027,1
device_16_disconnected_0021.obj,0.3549991068813608,1
device_16_disconnected_0022.obj,0.20722242901232513,1
device_16_disconnected_0023.obj,0.5573110065292783,1
device_16_disconnected_0024.obj,0.2358930741402806,1
device_16_faceswap_0000.obj,0.6570940936199101,1
device_16_faceswap_0001.obj,0.5183548018483362,1
device_16_faceswap_0002.obj,0.06598302078814977,1
device_16_faceswap_0003.obj,0.0784731728262349,1
device_16_faceswap_0004.obj,0.3702440232668792,1
device_16_faceswap_0005.obj,0.29110617359649205,1
device_16_faceswap_0006.obj,0.27219250274654316,1
device_16_faceswap_0007.obj,0.7999526108743005,1
device_16_faceswap_0008.obj,0.4462299332652905,1
device_16_faceswap_0009.obj,0.5029396532419212,1
device_16_faceswap_0010.obj,0.6675198615623102,1
device_16_faceswap_0011.obj,0.7601880348506884,1
device_16_faceswap_0012.obj,0.2776843400899215,1
device_16_faceswap_0013.obj,0.8992389090346466,1
device_16_faceswap_0014.obj,0.664987121161317,1
device_16_faceswap_0015.obj,0.6783230103777392,1
device_16_faceswap_0016.obj,0.6048491835420471,1
device_16_faceswap_0017.obj,0.4127123176502274,1
device_16_faceswap_0018.obj,0.8762078906732835,1
device_16_faceswap_0019.obj,0.5472782141042205,1
device_16_faceswap_0020.obj,0.6567899538654367,1
device_16_faceswap_0021.obj,0.3403647742816306,1
device_16_faceswap_0022.obj,0.12433863448824123,1
device_16_faceswap_0023.obj,0.8830166359260936,1
device_16_faceswap_0024.obj,0.5050399804009946,1
device_16_jitter_0000.obj,0.4033572496475313,1
device_16_jitter_0001.obj,0.1845270204956424,1
device_16_jitter_0002.obj,0.4724375304002658,1
device_16_jitter_0003.obj,0.8499657009793113,1
device_16_jitter_0004.obj,0.30927823715897285,1
device_16_jitter_0005.obj,0.39773835436287797,1
device_16_jitter_0006.obj,0.7666917180463474,1
device_16_jitter_0007.obj,0.20488434159606383,1
device_16_jitter_0008.obj,0.002863938210233341,1
device_16_jitter_0009.obj,0.9892986647165962,1
device_16_jitter_0010.obj,0.8755301767087821,1
device_16_jitter_0011.obj,0.8892925744926272,1
device_16_jitter_0012.obj,0.7250196302832306,1
device_16_jitter_0013.obj,0.2069235059772363,1
device_16_jitter_0014.obj,0.28267642405181304,1
device_16_jitter_0015.obj,0.10740405039485112,1
device_16_jitter_0016.obj,0.6013759076174802,1
device_16_jitter_0017.obj,0.06441227976661612,1
device_16_jitter_0018.obj,0.8005474136375872,1
device_16_jitter_0019.obj,0.9644414402750848,1
device_16_jitter_0020.obj,0.13108727780383878,1
device_16_jitter_0021.obj,0.5698910051475181,1
device_16_jitter_0022.obj,0.9477023661108146,1
device_16_jitter_0023.obj,0.9609016910711932,1
device_16_jitter_0024.obj,0.9615690976564962,1
device_16_rigid_0000.obj,0.8682346480862773,1
device_16_rigid_0001.obj,0.84564114327079,1
device_16_rigid_0002.obj,0.8365702460400916,1
device_16_rigid_0003.obj,0.8764943845827656,1
device_16_rigid_0004.obj,0.5027720478958442,1
device_16_rigid_0005.obj,0.1828284638266765,1
device_16_rigid_0006.obj,0.3755988486790559,1
device_16_rigid_0007.obj,0.03124397315110572,1
device_16_rigid_0008.obj,0.2592032084388447,1
device_16_rigid_0009.obj,0.3806657583012081,1
device_16_rigid_0010.obj,0.1456687063841291,1
device_16_rigid_0011.obj,0.5300868213430802,1
device_16_rigid_0012.obj,0.013132995634431155,1
device_16_rigid_0013.obj,0.37521642103793296,1
device_16_rigid_0014.obj,0.36045952512349344,1
device_16_rigid_0015.obj,0.7103216767657312,1
device_16_rigid_0016.obj,0.6672221783021417,1
device_16_rigid_0017.obj,0.3834005265927143,1
device_16_rigid_0018.obj,0.3897063403143477,1
device_16_rigid_0019.obj,0.3722548475343259,1
device_16_rigid_0020.obj,0.22535859896597488,1
device_16_rigid_0021.obj,0.013178327394523404,1
device_16_rigid_0022.obj,0.35928122443947663,1
device_16_rigid_0023.obj,0.09410806926125992,1
device_16_rigid_0024.obj,0.3702823156136511,1
device_16_tetwild_0000.obj,0.7808192857769604,1
device_16_tetwild_0001.obj,0.7953963623471741,1
device_16_tetwild_0002.obj,0.9864196239849106,1
device_16_tetwild_0003.obj,0.21879155387497207,1
device_16_tetwild_0004.obj,0.38077606597141067,1
device_16_tetwild_0005.obj,0.8177762998954754,1
device_16_tetwild_0006.obj,0.48465347641963186,1
device_16_tetwild_0007.obj,0.17970082550393107,1
device_16_tetwild_0008.obj,0.3874916099545034,1
device_16_tetwild_0009.obj,0.5687013530946402,1
device_16_tetwild_0010.obj,0.44261781575286185,1
device_16_tetwild_0011.obj,0.36231646886970126,1
device_16_tetwild_0012.obj,0.6040759809784171,1
device_16_tetwild_0013.obj,0.08045383205709289,1
device_16_tetwild_0014.obj,0.4014768049471761,1
device_16_tetwild_0015.obj,0.8237100506407435,1
device_16_tetwild_0016.obj,0.5462310762055096,1
device_16_tetwild_0017.obj,0.6067082361733006,1
device_16_tetwild_0018.obj,0.15548786396988512,1
device_16_tetwild_0019.obj,0.14339049676614646,1
device_16_tetwild_0020.obj,0.26898207939376484,1
device_16_tetwild_0021.obj,0.22690016608382513,1
device_16_tetwild_0022.obj,0.0922451758691436,1
device_16_tetwild_0023.obj,0.5593319327240067,1
device_16_tetwild_0024.obj,0.4490550039948066,1
device_11_degenerate_0000.obj,0.47601340138969983,1
device_11_degenerate_0001.obj,0.2016198051729795,1
device_11_degenerate_0002.obj,0.8333941476817466,1
device_11_degenerate_0003.obj,0.8292870258900971,1
device_11_degenerate_0004.obj,0.9984029574952974,1
device_11_degenerate_0005.obj,0.9939398542578504,1
device_11_degenerate_0006.obj,0.23177250782842684,1
device_11_degenerate_0007.obj,0.34045774549432806,1
device_11_degenerate_0008.obj,0.1421698543029123,1
device_11_degenerate_0009.obj,0.7088487181812733,1
device_11_degenerate_0010.obj,0.2187456162646887,1
device_11_degenerate_0011.obj,0.6709344362439971,1
device_11_degenerate_0012.obj,0.52864881822282,1
device_11_degenerate_0013.obj,0.3871448108852318,1
device_11_degenerate_0014.obj,0.006152062851171203,1
device_11_degenerate_0015.obj,0.001733198883540621,1
device_11_degenerate_0016.obj,0.8434975863380646,1
device_11_degenerate_0017.obj,0.3303873240478087,1
device_11_degenerate_0018.obj,0.457333423355884,1
device_11_degenerate_0019.obj,0.9235161606681936,1
device_11_degenerate_0020.obj,0.8898545774028843,1
device_11_degenerate_0021.obj,0.3400229410677419,1
device_11_degenerate_0022.obj,0.723638395995356,1
device_11_degenerate_0023.obj,0.17775832250436607,1
device_11_degenerate_0024.obj,0.17136052892569964,1
device_11_disconnected_0000.obj,0.5985237632384159,1
device_11_disconnected_0001.obj,0.7775399895893522,1
device_11_disconnected_0002.obj,0.6639210096473653,1
device_11_disconnected_0003.obj,0.09266313730085185,1
device_11_disconnected_0004.obj,0.9132805619747096,1
device_11_disconnected_0005.obj,0.4563231136508952,1
device_11_disconnected_0006.obj,0.859411707085329,1
device_11_disconnected_0007.obj,0.39197950841142004,1
device_11_disconnected_0008.obj,0.1380119551430865,1
device_11_disconnected_0009.obj,0.7142229758124198,1
device_11_disconnected_0010.obj,0.1458297557068785,1
device_11_disconnected_0011.obj,0.5941951666832402,1
device_11_disconnected_0012.obj,0.26214860421156694,1
device_11_disconnected_0013.obj,0.3870884993157686,1
device_11_disconnected_0014.obj,0.12036479016657076,1
device_11_disconnected_0015.obj,0.4632280682099086,1
device_11_disconnected_0016.obj,0.9749314402476846,1
device_11_disconnected_0017.obj,0.8584652716372444,1
device_11_disconnected_0018.obj,0.9930312104470448,1
device_11_disconnected_0019.obj,0.8350481669957258,1
device_11_disconnected_0020.obj,0.2772421706386555,1
device_11_disconnected_0021.obj,0.4591073294495639,1
device_11_disconnected_0022.obj,0.19119660988709553,1
device_11_disconnected_0023.obj,0.6673480145038752,1
device_11_disconnected_0024.obj,0.2637569357929407,1
device_11_faceswap_0000.obj,0.21755085555637177,1
device_11_faceswap_0001.obj,0.2936811302634138,1
device_11_faceswap_0002.obj,0.8888912419527885,1
device_11_faceswap_0003.obj,0.6869439280555328,1
device_11_faceswap_0004.obj,0.21172147366076777,1
device_11_faceswap_0005.obj,0.9810709720191996,1
device_11_faceswap_0006.obj,0.7783404090986674,1
device_11_faceswap_0007.obj,0.6093667812285809,1
device_11_faceswap_0008.obj,0.963920993059962,1
device_11_faceswap_0009.obj,0.7033240771713446,1
device_11_faceswap_0010.obj,0.35259519465474276,1
device_11_faceswap_0011.obj,0.9058778122329959,1
device_11_faceswap_0012.obj,0.2033397785630381,1
device_11_faceswap_0013.obj,0.017668697580324078,1
device_11_faceswap_0014.obj,0.8648208709738698,1
device_11_faceswap_0015.obj,0.021454672422403176,1
device_11_faceswap_0016.obj,0.7589407185201981,1
device_11_faceswap_0017.obj,0.26693388864235923,1
device_11_faceswap_0018.obj,0.5436896051009155,1
device_11_faceswap_0019.obj,0.5220441362612104,1
device_11_faceswap_0020.obj,0.9024634595885105,1
device_11_faceswap_0021.obj,0.8142352900056107,1
device_11_faceswap_0022.obj,0.035248484522111934,1
device_11_faceswap_0023.obj,0.4343416563250512,1
device_11_faceswap_0024.obj,0.5367603637829154,1
device_11_jitter_0000.obj,0.08746380202804149,1
device_11_jitter_0001.obj,0.32780463650889213,1
device_11_jitter_0002.obj,0.7538582708994388,1
device_11_jitter_0003.obj,0.8443220118595397,1
device_11_jitter_0004.obj,0.4194258459484692,1
device_11_jitter_0005.obj,0.12122925076427304,1
device_11_jitter_0006.obj,0.8983517480941204,1
device_11_jitter_0007.obj,0.8411914649128747,1
device_11_jitter_0008.obj,0.43611969929604033,1
device_11_jitter_0009.obj,0.04730374755076183,1
device_11_jitter_0010.obj,0.0011336086311870552,1
device_11_jitter_0011.obj,0.84814294734,1
device_11_jitter_0012.obj,0.6460685481731124,1
device_11_jitter_0013.obj,0.8474901650074284,1
device_11_jitter_0014.obj,0.9959043757116931,1
device_11_jitter_0015.obj,0.28448785442119295,1
device_11_jitter_0016.obj,0.15600068203593342,1
device_11_jitter_0017.obj,0.3474331886834856,1
device_11_jitter_0018.obj,0.9723856276043767,1
device_11_jitter_0019.obj,0.3140536267893881,1
device_11_jitter_0020.obj,0.5727366217422714,1
device_11_jitter_0021.obj,0.5451703859210558,1
device_11_jitter_0022.obj,0.55417325949757,1
device_11_jitter_0023.obj,0.6800418527640931,1
device_11_jitter_0024.obj,0.34427023944817703,1
device_11_rigid_0000.obj,0.7456745205779368,1
device_11_rigid_0001.obj,0.09325565693316107,1
device_11_rigid_0002.obj,0.8704727255354735,1
device_11_rigid_0003.obj,0.34320179349362157,1
device_11_rigid_0004.obj,0.4764159948642437,1
device_11_rigid_0005.obj,0.6283048429052791,1
device_11_rigid_0006.obj,0.36884679965563427,1
device_11_rigid_0007.obj,0.5311235174750003,1
device_11_rigid_0008.obj,0.9090174054510323,1
device_11_rigid_0009.obj,0.10129519965895362,1
device_11_rigid_0010.obj,0.803620872434987,1
device_11_rigid_0011.obj,0.35342300677605143,1
device_11_rigid_0012.obj,0.3443842753791082,1
device_11_rigid_0013.obj,0.8850565994386336,1
device_11_rigid_0014.obj,0.8300204539044419,1
device_11_rigid_0015.obj,0.7174018240367338,1
device_11_rigid_0016.obj,0.039108834936394055,1
device_11_rigid_0017.obj,0.5901872091446003,1
device_11_rigid_0018.obj,0.46004484484352237,1
device_11_rigid_0019.obj,0.408439423489932,1
device_11_rigid_0020.obj,0.317909106583935,1
device_11_rigid_0021.obj,0.8105337214609012,1
device_11_rigid_0022.obj,0.6217777538350203,1
device_11_rigid_0023.obj,0.4346200851027877,1
device_11_rigid_0024.obj,0.49834691230968087,1
device_11_tetwild_0000.obj,0.4854011656506786,1
device_11_tetwild_0001.obj,0.1140668911182755,1
device_11_tetwild_0002.obj,0.0982764388739783,1
device_11_tetwild_0003.obj,0.08851729806320807,1
device_11_tetwild_0004.obj,0.183867139987563,1
device_11_tetwild_0005.obj,0.5235416137522361,1
device_11_tetwild_0006.obj,0.43009265923283646,1
device_11_tetwild_0007.obj,0.28964233520296134,1
device_11_tetwild_0008.obj,0.5714040235413663,1
device_11_tetwild_0009.obj,0.720212937605555,1
device_11_tetwild_0010.obj,0.6886922029766218,1
device_11_tetwild_0011.obj,0.8363269944242835,1
device_11_tetwild_0012.obj,0.4582047123649281,1
device_11_tetwild_0013.obj,0.008680464895389206,1
device_11_tetwild_0014.obj,0.2624511196116366,1
device_11_tetwild_0015.obj,0.48897367472058995,1
device_11_tetwild_0016.obj,0.6567213260045474,1
device_11_tetwild_0017.obj,0.9411957211842475,1
device_11_tetwild_0018.obj,0.00015253657424274536,1
device_11_tetwild_0019.obj,0.4839982368284418,1
device_11_tetwild_0020.obj,0.45611788021662414,1
device_11_tetwild_0021.obj,0.45363466571105615,1
device_11_tetwild_0022.obj,0.387730891883342,1
device_11_tetwild_0023.obj,0.3671156767023336,1
device_11_tetwild_0024.obj,0.4570787488146596,1
device_02_degenerate_0000.obj,0.08284152034274617,1
device_02_degenerate_0001.obj,0.09711141056712158,1
device_02_degenerate_0002.obj,0.1985148453896749,1
device_02_degenerate_0003.obj,0.9250961717779899,1
device_02_degenerate_0004.obj,0.4523740998798166,1
device_02_degenerate_0005.obj,0.41163962218638683,1
device_02_degenerate_0006.obj,0.9617313452583254,1
device_02_degenerate_0007.obj,0.9946173990676401,1
device_02_degenerate_0008.obj,0.6914022392588731,1
device_02_degenerate_0009.obj,0.06706573218655554,1
device_02_degenerate_0010.obj,0.476034207381409,1
device_02_degenerate_0011.obj,0.7574345448917872,1
device_02_degenerate_0012.obj,0.5856480341199836,1
device_02_degenerate_0013.obj,0.017423169739176902,1
device_02_degenerate_0014.obj,0.2985339489215084,1
device_02_degenerate_0015.obj,0.26987961372542,1
device_02_degenerate_0016.obj,0.9578521063080371,1
device_02_degenerate_0017.obj,0.13852036091701314,1
device_02_degenerate_0018.obj,0.4147024563404924,1
device_02_degenerate_0019.obj,0.4660900822294406,1
device_02_degenerate_0020.obj,0.4823914550185735,1
device_02_degenerate_0021.obj,0.49073035721644154,1
device_02_degenerate_0022.obj,0.5435993180476436,1
device_02_degenerate_0023.obj,0.22976716897959193,1
device_02_degenerate_0024.obj,0.19932563426298944,1
device_02_disconnected_0000.obj,0.7335168076892814,1
device_02_disconnected_0001.obj,0.811846764406458,1
device_02_disconnected_0002.obj,0.5658436309915665,1
device_02_disconnected_0003.obj,0.9479816455386585,1
device_02_disconnected_0004.obj,0.9710978791737616,1
device_02_disconnected_0005.obj,0.5713258522539755,1
device_02_disconnected_0006.obj,0.25476135660610977,1
device_02_disconnected_0007.obj,0.14433474643467936,1
device_02_disconnected_0008.obj,0.17033223429660238,1
device_02_disconnected_0009.obj,0.36942172968112774,1
device_02_disconnected_0010.obj,0.1497770041395654,1
device_02_disconnected_0011.obj,0.49146319021988005,1
device_02_disconnected_0012.obj,0.1059692125145213,1
device_02_disconnected_0013.obj,0.09265434326503486,1
device_02_disconnected_0014.obj,0.22210831687865285,1
device_02_disconnected_0015.obj,0.2959449895448528,1
device_02_disconnected_0016.obj,0.9816487690681398,1
device_02_disconnected_0017.obj,0.21545558983018887,1
device_02_disconnected_0018.obj,0.11272364454483097,1
device_02_disconnected_0019.obj,0.3872014612832212,1
device_02_disconnected_0020.obj,0.07641368713827479,1
device_02_disconnected_0021.obj,0.050918318340166024,1
device_02_disconnected_0022.obj,0.6402280043324734,1
device_02_disconnected_0023.obj,0.11535992650202309,1
device_02_disconnected_0024.obj,0.20368411727884572,1
device_02_faceswap_0000.obj,0.2053040434965857,1
device_02_faceswap_0001.obj,0.16698733723550085,1
device_02_faceswap_0002.obj,0.23137590775671846,1
device_02_faceswap_0003.obj,0.7349756585087444,1
device_02_faceswap_0004.obj,0.6547921524824353,1
device_02_faceswap_0005.obj,0.7836562198091015,1
device_02_faceswap_0006.obj,0.371146880907982,1
device_02_faceswap_0007.obj,0.4581329347882369,1
device_02_faceswap_0008.obj,0.5639401353815073,1
device_02_faceswap_0009.obj,0.5367365737489823,1
device_02_faceswap_0010.obj,0.8599009059435306,1
device_02_faceswap_0011.obj,0.3867200321090868,1
device_02_faceswap_0012.obj,0.16098466967388447,1
device_02_faceswap_0013.obj,0.8659704264532607,1
device_02_faceswap_0014.obj,0.32723961202761065,1
device_02_faceswap_0015.obj,0.7330613509820636,1
device_02_faceswap_0016.obj,0.40038655956102054,1
device_02_faceswap_0017.obj,0.1175626897435037,1
device_02_faceswap_0018.obj,0.6908329968843318,1
device_02_faceswap_0019.obj,0.08564195741157832,1
device_02_faceswap_0020.obj,0.07017776529843667,1
device_02_faceswap_0021.obj,0.6609786315582524,1
device_02_faceswap_0022.obj,0.5420299939758505,1
device_02_faceswap_0023.obj,0.07785368543561666,1
device_02_faceswap_0024.obj,0.8600361943749055,1
device_02_jitter_0000.obj,0.45942168124279414,1
device_02_jitter_0001.obj,0.9387233250194513,1
device_02_jitter_0002.obj,0.7834043342587736,1
device_02_jitter_0003.obj,0.6768802534401309,1
device_02_jitter_0004.obj,0.39372055837120745,1
device_02_jitter_0005.obj,0.7570086346888732,1
device_02_jitter_0006.obj,0.9504671121532191,1
device_02_jitter_0007.obj,0.021706798026397744,1
device_02_jitter_0008.obj,0.6441184430017663,1
device_02_jitter_0009.obj,0.15809684526806944,1
device_02_jitter_0010.obj,0.8627026640019592,1
device_02_jitter_0011.obj,0.4700433284783112,1
device_02_jitter_0012.obj,0.5061610813080345,1
device_02_jitter_0013.obj,0.5502345741711396,1
device_02_jitter_0014.obj,0.6600991292933576,1
device_02_jitter_0015.obj,0.6268859425868939,1
device_02_jitter_0016.obj,0.7196590204002556,1
device_02_jitter_0017.obj,0.3403784240477311,1
device_02_jitter_0018.obj,0.928440525249937,1
device_02_jitter_0019.obj,0.9711027441816643,1
device_02_jitter_0020.obj,0.892537134488132,1
device_02_jitter_0021.obj,0.13908005498783316,1
device_02_jitter_0022.obj,0.3984722038921833,1
device_02_jitter_0023.obj,0.6462115118921973,1
device_02_jitter_0024.obj,0.002068406518937138,1
device_02_rigid_0000.obj,0.031233018016478487,1
device_02_rigid_0001.obj,0.6156784554442869,1
device_02_rigid_0002.obj,0.636463104965319,1
device_02_rigid_0003.obj,0.8640613846218632,1
device_02_rigid_0004.obj,0.6384454173073881,1
device_02_rigid_0005.obj,0.46669302209254737,1
device_02_rigid_0006.obj,0.14995618511816267,1
device_02_rigid_0007.obj,0.18977273301682374,1
device_02_rigid_0008.obj,0.8597110974305034,1
device_02_rigid_0009.obj,0.8006083419957676,1
device_02_rigid_0010.obj,0.5916548310844482,1
device_02_rigid_0011.obj,0.9637632469977481,1
device_02_rigid_0012.obj,0.08883236065865885,1
device_02_rigid_0013.obj,0.1681806011325444,1
device_02_rigid_0014.obj,0.04605876360220418,1
device_02_rigid_0015.obj,0.9334512918340268,1
device_02_rigid_0016.obj,0.11523220057544215,1
device_02_rigid_0017.obj,0.3140755450549416,1
device_02_rigid_0018.obj,0.5790796978965663,1
device_02_rigid_0019.obj,0.6589855689563526,1
device_02_rigid_0020.obj,0.572183476486301,1
device_02_rigid_0021.obj,0.5525107325419152,1
device_02_rigid_0022.obj,0.5498369329407193,1
device_02_rigid_0023.obj,0.30852365796403824,1
device_02_rigid_0024.obj,0.7229249132802895,1
device_02_tetwild_0000.obj,0.9721021418400055,1
device_02_tetwild_0001.obj,0.3670344583728984,1
device_02_tetwild_0002.obj,0.15217990777544332,1
device_02_tetwild_0003.obj,0.055864954819498935,1
device_02_tetwild_0004.obj,0.7486207686979852,1
device_02_tetwild_0006.obj,0.9683133579386528,1
device_02_tetwild_0007.obj,0.9441837762601842,1
device_02_tetwild_0008.obj,0.7072237732080688,1
device_02_tetwild_0009.obj,0.8563118493172914,1
device_02_tetwild_0010.obj,0.5948048365097852,1
device_02_tetwild_0011.obj,0.10829493117594835,1
device_02_tetwild_0012.obj,0.07325925173868009,1
device_02_tetwild_0013.obj,0.9134576538587489,1
device_02_tetwild_0014.obj,0.06090771654181615,1
device_02_tetwild_0015.obj,0.9611122255942011,1
device_02_tetwild_0016.obj,0.06819997890424834,1
device_02_tetwild_0018.obj,0.4847814799531701,1
device_02_tetwild_0019.obj,0.6912444696158262,1
device_02_tetwild_0020.obj,0.6897540601050963,1
device_02_tetwild_0021.obj,0.301332657676455,1
device_02_tetwild_0022.obj,0.9577481421435498,1
device_02_tetwild_0023.obj,0.09713502992989442,1
device_02_tetwild_0024.obj,0.4551351097025904,1
device_27_degenerate_0000.obj,0.059635688662660336,1
device_27_degenerate_0001.obj,0.5224657691909415,1
device_27_degenerate_0002.obj,0.5563215921491128,1
device_27_degenerate_0003.obj,0.7205551366592139,1
device_27_degenerate_0004.obj,0.8452054750390731,1
device_27_degenerate_0005.obj,0.5716242914000871,1
device_27_degenerate_0006.obj,0.9790373115353758,1
device_27_degenerate_0007.obj,0.191632189604363,1
device_27_degenerate_0008.obj,0.03056788241233721,1
device_27_degenerate_0009.obj,0.8306501729871357,1
device_27_degenerate_0010.obj,0.3575266663743035,1
device_27_degenerate_0011.obj,0.6615936845993876,1
device_27_degenerate_0012.obj,0.9378671148298809,1
device_27_degenerate_0013.obj,0.07766003750297523,1
device_27_degenerate_0014.obj,0.11760010928454734,1
device_27_degenerate_0015.obj,0.31134389193249434,1
device_27_degenerate_0016.obj,0.06600141709162277,1
device_27_degenerate_0017.obj,0.7913888293364374,1
device_27_degenerate_0018.obj,0.5001097616385279,1
device_27_degenerate_0019.obj,0.5241500417380917,1
device_27_degenerate_0020.obj,0.5532108976822682,1
device_27_degenerate_0021.obj,0.8198275698709125,1
device_27_degenerate_0022.obj,0.7558539796559604,1
device_27_degenerate_0023.obj,0.35702197164754246,1
device_27_degenerate_0024.obj,0.337397979936333,1
device_27_disconnected_0000.obj,0.05176413373775601,1
device_27_disconnected_0001.obj,0.3354530172170854,1
device_27_disconnected_0002.obj,0.22715898327133666,1
device_27_disconnected_0003.obj,0.15524805712514456,1
device_27_disconnected_0004.obj,0.4686785146148369,1
device_27_disconnected_0005.obj,0.3304388091047492,1
device_27_disconnected_0006.obj,0.8478248188803962,1
device_27_disconnected_0007.obj,0.6396065657560466,1
device_27_disconnected_0008.obj,0.7856746206589077,1
device_27_disconnected_0009.obj,0.240814339506209,1
device_27_disconnected_0010.obj,0.3369068055820126,1
device_27_disconnected_0011.obj,0.6408035190150022,1
device_27_disconnected_0012.obj,0.7329124169017026,1
device_27_disconnected_0013.obj,0.8198630829098756,1
device_27_disconnected_0014.obj,0.6227479031201352,1
device_27_disconnected_0015.obj,0.9578576052173382,1
device_27_disconnected_0016.obj,0.11641043806089701,1
device_27_disconnected_0017.obj,0.6367077646160663,1
device_27_disconnected_0018.obj,0.6964732237552346,1
device_27_disconnected_0019.obj,0.3358318021328234,1
device_27_disconnected_0020.obj,0.18832659948262387,1
device_27_disconnected_0021.obj,0.9927635375249334,1
device_27_disconnected_0022.obj,0.2859271263617099,1
device_27_disconnected_0023.obj,0.06673391241491833,1
device_27_disconnected_0024.obj,0.7531462514026009,1
device_27_faceswap_0000.obj,0.391583756937126,1
device_27_faceswap_0001.obj,0.3854801743788716,1
device_27_faceswap_0002.obj,0.5951951157649923,1
device_27_faceswap_0003.obj,0.7623785310639671,1
device_27_faceswap_0004.obj,0.9424247647461477,1
device_27_faceswap_0005.obj,0.1520292182237979,1
device_27_faceswap_0006.obj,0.028898719387475236,1
device_27_faceswap_0007.obj,0.5745333736180145,1
device_27_faceswap_0008.obj,0.4958807472312341,1
device_27_faceswap_0009.obj,0.08788018263878006,1
device_27_faceswap_0010.obj,0.15489236167793108,1
device_27_faceswap_0011.obj,0.06327646285071442,1
device_27_faceswap_0012.obj,0.9500883613158241,1
device_27_faceswap_0013.obj,0.15098543154093313,1
device_27_faceswap_0014.obj,0.5541439675634647,1
device_27_faceswap_0015.obj,0.7764434028026673,1
device_27_faceswap_0016.obj,0.7777159139447627,1
device_27_faceswap_0017.obj,0.9815610719368896,1
device_27_faceswap_0018.obj,0.9672299782593249,1
device_27_faceswap_0019.obj,0.5090032455117879,1
device_27_faceswap_0020.obj,0.604796751195577,1
device_27_faceswap_0021.obj,0.6890636506992961,1
device_27_faceswap_0022.obj,0.5076573844919897,1
device_27_faceswap_0023.obj,0.21948452434643861,1
device_27_faceswap_0024.obj,0.7897706876525051,1
device_27_jitter_0000.obj,0.3428986092006542,1
device_27_jitter_0001.obj,0.4085967951170931,1
device_27_jitter_0002.obj,0.19887567312385734,1
device_27_jitter_0003.obj,0.186169230497512,1
device_27_jitter_0004.obj,0.6784343640518314,1
device_27_jitter_0005.obj,0.763643904577911,1
device_27_jitter_0006.obj,0.5510637236932348,1
device_27_jitter_0007.obj,0.4159899344539423,1
device_27_jitter_0008.obj,0.01588921092857487,1
device_27_jitter_0009.obj,0.780670199329722,1
device_27_jitter_0010.obj,0.3573281769328256,1
device_27_jitter_0011.obj,0.6499840859314445,1
device_27_jitter_0012.obj,0.17641722400734006,1
device_27_jitter_0013.obj,0.8187052777425727,1
device_27_jitter_0014.obj,0.5694187281284758,1
device_27_jitter_0015.obj,0.4979867789398166,1
device_27_jitter_0016.obj,0.25329689118478227,1
device_27_jitter_0017.obj,0.06367715636450255,1
device_27_jitter_0018.obj,0.25001091661666097,1
device_27_jitter_0019.obj,0.8049672280404225,1
device_27_jitter_0020.obj,0.1535074577852864,1
device_27_jitter_0021.obj,0.7092047188164394,1
device_27_jitter_0022.obj,0.4673605900786988,1
device_27_jitter_0023.obj,0.6622029410621896,1
device_27_jitter_0024.obj,0.8090706115602546,1
device_27_rigid_0000.obj,0.38714300641931665,1
device_27_rigid_0001.obj,0.9457537413212752,1
device_27_rigid_0002.obj,0.08891678695486993,1
device_27_rigid_0003.obj,0.4780798147892562,1
device_27_rigid_0004.obj,0.9576741577746444,1
device_27_rigid_0005.obj,0.04562613349521527,1
device_27_rigid_0006.obj,0.8340627213647009,1
device_27_rigid_0007.obj,0.5677800575223465,1
device_27_rigid_0008.obj,0.2510089627570451,1
device_27_rigid_0009.obj,0.4819007489939242,1
device_27_rigid_0010.obj,0.02511295038406014,1
device_27_rigid_0011.obj,0.1264745099017882,1
device_27_rigid_0012.obj,0.4419035382683517,1
device_27_rigid_0013.obj,0.7397776584246701,1
device_27_rigid_0014.obj,0.7612452948784267,1
device_27_rigid_0015.obj,0.8743205388554771,1
device_27_rigid_0016.obj,0.23403248072314287,1
device_27_rigid_0017.obj,0.9520100940337329,1
device_27_rigid_0018.obj,0.9143948805030503,1
device_27_rigid_0019.obj,0.7474899586767657,1
device_27_rigid_0020.obj,0.5463126107729511,1
device_27_rigid_0021.obj,0.9344225228079068,1
device_27_rigid_0022.obj,0.5669706802299148,1
device_27_rigid_0023.obj,0.09158758631149178,1
device_27_rigid_0024.obj,0.513479837273974,1
device_27_tetwild_0000.obj,0.3344943229365479,1
device_27_tetwild_0001.obj,0.6555653042375615,1
device_27_tetwild_0002.obj,0.27665019624366727,1
device_27_tetwild_0003.obj,0.6601397285113394,1
device_27_tetwild_0004.obj,0.7648452980814143,1
device_27_tetwild_0005.obj,0.005593491727334476,1
device_27_tetwild_0006.obj,0.3650700996893711,1
device_27_tetwild_0007.obj,0.4314639799189055,1
device_27_tetwild_0008.obj,0.014401697992816098,1
device_27_tetwild_0009.obj,0.26447385408089363,1
device_27_tetwild_0010.obj,0.3480032952099723,1
device_27_tetwild_0011.obj,0.4627984012835611,1
device_27_tetwild_0012.obj,0.8775287817986274,1
device_27_tetwild_0013.obj,0.43558099184787813,1
device_27_tetwild_0014.obj,0.21061785932637633,1
device_27_tetwild_0015.obj,0.6136246273116551,1
device_27_tetwild_0016.obj,0.7150097778339773,1
device_27_tetwild_0017.obj,0.31055193255540814,1
device_27_tetwild_0018.obj,0.22526423128583561,1
device_27_tetwild_0019.obj,0.5172032562126468,1
device_27_tetwild_0020.obj,0.6173040183278218,1
device_27_tetwild_0021.obj,0.10526264564838472,1
device_27_tetwild_0022.obj,0.3864664666094876,1
device_27_tetwild_0023.obj,0.22172404533160794,1
device_27_tetwild_0024.obj,0.25521891079983205,1
