name,score,label
abc_00000020_ad34a3f60c4a4caa99646600_trimesh_000.obj,2.2348685888573527e-06,0
abc_00000027_ad34a3f60c4a4caa99646600_trimesh_007.obj,0.00040964456275105476,0
abc_00000032_ad34a3f60c4a4caa99646600_trimesh_012.obj,3.931424998881994e-06,0
abc_00000061_767e4372b5f94a88a7a17d90_trimesh_002.obj,1.2758752632180403e-07,0
abc_00000063_767e4372b5f94a88a7a17d90_trimesh_004.obj,8.662072445986269e-07,0
abc_00000066_767e4372b5f94a88a7a17d90_trimesh_007.obj,8.081758551270468e-07,0
abc_00000098_72cf0f9ca5324822a4d41a80_trimesh_000.obj,0.00013975462934467942,0
abc_00000129_e18c7feacfb54f3880659b43_trimesh_004.obj,8.326946954184677e-08,0
abc_00000130_e18c7feacfb54f3880659b43_trimesh_005.obj,8.326946954184677e-08,0
abc_00000134_1418f3c3ca954e799c8860af_trimesh_000.obj,1.1500878827064298e-05,0
abc_00000140_2fc54fcd110d4f49969163c4_trimesh_003.obj,5.978715194032702e-07,0
abc_00000154_a951550b8a1043a68423c541_trimesh_004.obj,0.011162487789988518,0
abc_00000161_a583c6c3cdc143bab3f6c856_trimesh_000.obj,0.0005271806148812175,0
abc_00000168_bfdc19149a8b4e72b3d0f5c5_trimesh_000.obj,9.333794878330082e-06,0
abc_00000172_b21aa794b6b64d87a57c245e_trimesh_002.obj,6.589672466361662e-06,0
abc_00000243_4829bc0645d6414d9b5cec31_trimesh_006.obj,0.001103369751945138,0
abc_00000259_845fb06d7f2f4802a806a600_trimesh_004.obj,7.868718967074528e-06,0
abc_00000267_845fb06d7f2f4802a806a600_trimesh_012.obj,5.324546918927808e-07,0
abc_00000269_845fb06d7f2f4802a806a600_trimesh_014.obj,7.80568370828405e-06,0
abc_00000280_5a6ef3285b89452ea6b390e7_trimesh_001.obj,6.502102678496158e-06,0
abc_00000291_58f8ff46b7564e989f9695b7_trimesh_004.obj,0.00041347387013956904,0
abc_00000295_52a153d2417747b5926ff9df_trimesh_000.obj,2.7692312869476154e-06,0
abc_00000296_52a153d2417747b5926ff9df_trimesh_001.obj,1.5157419852585008e-07,0
abc_00000318_3062bccff48e47a2b9de05e3_trimesh_013.obj,3.0621733912994387e-06,0
abc_00000329_12a935cd9b684f879c0505fe_trimesh_000.obj,3.942197110973211e-07,0
abc_00000336_1a821c3883f7459a9615fca4_trimesh_000.obj,1.0859100257221144e-05,0
abc_00000342_fe70be720f7e49fa90ded969_trimesh_001.obj,3.184769411745947e-06,0
abc_00000352_4185972a944744d8a7a0f2b4_trimesh_008.obj,8.510963311891828e-08,0
abc_00000355_68d1a5c2319a4a419ff625c6_trimesh_001.obj,1.1755287410153414e-08,0
abc_00000357_68d1a5c2319a4a419ff625c6_trimesh_003.obj,1.1104026143016199e-08,0
abc_00000361_9ee540a56d79451e8026e1e6_trimesh_003.obj,9.153281439466809e-07,0
abc_00000362_9ee540a56d79451e8026e1e6_trimesh_004.obj,1.8093417111231247e-06,0
abc_00000369_23c957e8e7b2428282a13ae2_trimesh_002.obj,1.0516530437598703e-06,0
abc_00000377_23c957e8e7b2428282a13ae2_trimesh_010.obj,3.962512806765517e-08,0
abc_00000378_23c957e8e7b2428282a13ae2_trimesh_011.obj,1.1158743973282981e-07,0
abc_00000399_2a4de304cbd9449ba073b442_trimesh_003.obj,0.00033896020613610744,0
abc_00000420_bd0972033f464f8f961a150a_trimesh_001.obj,3.5949208267993527e-06,0
abc_00000461_516b1784884d4facbc4c0d74_trimesh_009.obj,1.141535449278308e-05,0
abc_00000486_a7d0c851b5f24a97a7cac950_trimesh_003.obj,0.00011748159158742055,0
abc_00000500_5499914343bd4f549b38046d_trimesh_001.obj,0.0001453207223676145,0
abc_00000501_5499914343bd4f549b38046d_trimesh_002.obj,9.969413440558128e-06,0
abc_00000526_f9d6559308dc4c85aab9fa38_trimesh_000.obj,1.00607112472062e-05,0
abc_00000541_ee945ee6b30a473d9b86447f_trimesh_000.obj,0.0005570352077484131,0
abc_00000566_2f2b015ef4904c1caef56154_trimesh_000.obj,2.2498562657347065e-07,0
abc_00000611_04e799936ae446b9a3d8d2b8_trimesh_002.obj,6.71283996780403e-05,0
abc_00000616_c710d414bbbc4340b682c58a_trimesh_002.obj,0.00013894171570427716,0
abc_00000632_4f322b34e87c43289916c298_trimesh_001.obj,0.0019551448058336973,0
abc_00000655_d87d11d9c3ca4ee5a88797ae_trimesh_003.obj,8.419089863309637e-05,0
abc_00000660_6fae5591b3034f949b7e8eae_trimesh_001.obj,5.0412900520768744e-08,0
abc_00000694_45f6100bfa3948e69405bb21_trimesh_000.obj,6.305093052105804e-07,0
abc_00000711_7ad02ca9009d40fd8c345639_trimesh_000.obj,4.6949204261181876e-05,0
abc_00000714_7ad02ca9009d40fd8c345639_trimesh_003.obj,8.838041139824782e-06,0
abc_00000719_4332e25d10a247f084c68cba_trimesh_002.obj,1.5320910762284257e-08,0
abc_00000733_4a23e5ff37ae4a19b5c7859d_trimesh_000.obj,1.6744884305808228e-06,0
abc_00000746_6cb3ddbb49974d7db0e97135_trimesh_001.obj,1.0424170682199474e-07,0
abc_00000752_6f0d90054d40400593050930_trimesh_001.obj,0.00025562397786416113,0
abc_00000806_05cadeb104be4c8aa75ccc71_trimesh_000.obj,8.578419397053949e-08,0
abc_00000813_36e6258346004cabb4c091b2_trimesh_001.obj,6.572914116986794e-06,0
abc_00000818_6bbad2756d7845bd8d731d60_trimesh_000.obj,1.4720958461111877e-05,0
abc_00000848_2c1efcc32d094e9fb9e1a88e_trimesh_008.obj,2.9167626962589566e-06,0
abc_00000850_2c1efcc32d094e9fb9e1a88e_trimesh_010.obj,5.728466931032017e-06,0
abc_00000852_2c1efcc32d094e9fb9e1a88e_trimesh_012.obj,2.8620655939448625e-05,0
abc_00000854_2c1efcc32d094e9fb9e1a88e_trimesh_014.obj,7.78575922595337e-05,0
abc_00000862_029c2575dd474650ba1b8d21_trimesh_002.obj,4.671033093472943e-05,0
abc_00000873_029c2575dd474650ba1b8d21_trimesh_013.obj,1.2704743312497158e-05,0
abc_00000876_029c2575dd474650ba1b8d21_trimesh_016.obj,0.00043986659147776663,0
abc_00000878_029c2575dd474650ba1b8d21_trimesh_018.obj,0.006576835177838802,0
abc_00000883_029c2575dd474650ba1b8d21_trimesh_023.obj,6.712800313835032e-06,0
abc_00000889_e2d3a4dc5f7c438bb240e9d1_trimesh_000.obj,9.768164943579905e-08,0
abc_00000912_c9400dcd7ae9428caffe2204_trimesh_005.obj,0.0002848909061867744,0
abc_00000948_f297a24e1a4446cf9d74efd9_trimesh_007.obj,0.07119624316692352,0
abc_00000949_f297a24e1a4446cf9d74efd9_trimesh_008.obj,0.00035642008879221976,0
abc_00000954_a741c7966d2c40a8a511263e_trimesh_000.obj,3.433810343267396e-05,0
abc_00000984_0dd1386597104265ab67e6cf_trimesh_007.obj,1.785869062587153e-05,0
abc_00000993_ac4ba032d4b5431ca04f542c_trimesh_000.obj,1.679429624346085e-05,0
abc_00000994_ac4ba032d4b5431ca04f542c_trimesh_001.obj,1.872272878244985e-05,0
abc_00001024_21adcacb9707488ea6655fd2_trimesh_000.obj,1.488530045890002e-07,0
abc_00001030_cde47df6e28543d1b434f206_trimesh_002.obj,4.3293715634717955e-07,0
abc_00001037_be3ed2c9696e4e6a91b34f79_trimesh_002.obj,0.0004134439514018595,0
abc_00001049_2b2638f82b3946b1867f2d11_trimesh_005.obj,4.689804882218596e-06,0
abc_00001129_c2db313c2ce749d784c610d2_trimesh_001.obj,0.2782633900642395,0
abc_00001173_0889c458f3f74dc288d2d531_trimesh_004.obj,4.983835992788954e-07,0
abc_00001192_c69a73fe64c84fa5a34c9f79_trimesh_000.obj,8.229961531469598e-05,0
abc_00001210_4be610c137ba42ae9933e69b_trimesh_000.obj,0.0001424182701157406,0
abc_00001212_4be610c137ba42ae9933e69b_trimesh_002.obj,3.76969649940051e-10,0
abc_00001225_5b328344bcd7429b89dba948_trimesh_000.obj,2.3205926481750794e-05,0
abc_00001245_96503b6a26c64074ad598927_trimesh_007.obj,1.3387635817707633e-06,0
abc_00001246_96503b6a26c64074ad598927_trimesh_008.obj,0.005459440406411886,0
abc_00001247_96503b6a26c64074ad598927_trimesh_009.obj,5.551809226744808e-05,0
abc_00001249_96503b6a26c64074ad598927_trimesh_011.obj,1.2345873301455867e-06,0
abc_00001289_b53ece83d8964b44bbf1f8ed_trimesh_025.obj,0.003859135787934065,0
abc_00001345_d8d97699a52842539e08d117_trimesh_003.obj,1.0769886102934834e-06,0
abc_00001376_2e314c6e080b40fcb6a6db96_trimesh_019.obj,0.020589692518115044,0
abc_00001386_be5d90220c204022acecd5f5_trimesh_000.obj,0.00010105146066052839,0
abc_00001389_21b525da345e4e62aebd906b_trimesh_000.obj,0.0002728508843574673,0
abc_00001401_49414db2dd594dc6a3907cf3_trimesh_004.obj,2.6457072976882046e-07,0
abc_00001402_49414db2dd594dc6a3907cf3_trimesh_005.obj,9.715799933474045e-07,0
abc_00001403_49414db2dd594dc6a3907cf3_trimesh_006.obj,7.93183789937757e-05,0
abc_00001404_49414db2dd594dc6a3907cf3_trimesh_007.obj,1.6525780210940866e-07,0
abc_00001417_a45f6c99e2154f3b94955175_trimesh_001.obj,0.001724344794638455,0
abc_00001432_a45f6c99e2154f3b94955175_trimesh_016.obj,1.6683292187735788e-06,0
abc_00001450_a45f6c99e2154f3b94955175_trimesh_034.obj,2.0225927073624916e-05,0
abc_00001468_a45f6c99e2154f3b94955175_trimesh_052.obj,0.0069611575454473495,0
abc_00001469_a45f6c99e2154f3b94955175_trimesh_053.obj,3.306366124888882e-06,0
abc_00001486_a45f6c99e2154f3b94955175_trimesh_070.obj,8.891349807527149e-07,0
abc_00001490_6c8ef6d2f5564d139a5077f8_trimesh_001.obj,1.1564703328303949e-07,0
abc_00001495_6c8ef6d2f5564d139a5077f8_trimesh_006.obj,6.6406078076397534e-06,0
abc_00001497_eb4e2b01aaca4131bfc64adb_trimesh_001.obj,5.880497610633029e-06,0
abc_00001500_eb4e2b01aaca4131bfc64adb_trimesh_004.obj,5.336842150427401e-06,0
abc_00001517_5696c053883042c4b316adf0_trimesh_001.obj,0.0017882251413539052,0
abc_00001535_e1d62958d7ca4ad18fefd54d_trimesh_002.obj,5.0405592446622904e-06,0
abc_00001542_e1d62958d7ca4ad18fefd54d_trimesh_009.obj,1.4151386494631879e-05,0
abc_00001550_a94d978cf62948ce80b417a9_trimesh_000.obj,3.368703573869425e-07,0
abc_00001560_b76a69da5d3445f9bf397a98_trimesh_000.obj,5.204687454352097e-07,0
abc_00001563_2e9dc7e9a1a54dd7ab901478_trimesh_000.obj,4.0370302656356216e-08,0
abc_00001567_9280741c840d4aa1af32658e_trimesh_002.obj,1.4211498466920602e-07,0
abc_00001598_c118664e9f6f4943855293fa_trimesh_000.obj,4.202986019663513e-06,0
abc_00001600_c118664e9f6f4943855293fa_trimesh_002.obj,1.1216747225262225e-05,0
abc_00001614_8c3b97c1382c43bab3eb1b48_trimesh_002.obj,7.138564978959039e-05,0
abc_00001628_403be38599f04115b74521a6_trimesh_000.obj,1.1472823757685546e-07,0
abc_00001630_c1de5979807b4b6a8c5b0e49_trimesh_001.obj,0.00030275509925559163,0
abc_00001649_07f31e6ec73a4ba68df19f1f_trimesh_002.obj,4.877740593656199e-06,0
abc_00001665_2d7a230277ef4271b7ffd737_trimesh_000.obj,3.726052355546017e-08,0
abc_00001677_de1d70dc0e3b4652b6cfce4f_trimesh_004.obj,4.331098170951009e-05,0
abc_00001679_de1d70dc0e3b4652b6cfce4f_trimesh_006.obj,0.04653916135430336,0
abc_00001683_41da72eee5ca4a5492178124_trimesh_000.obj,4.324811868627876e-07,0
abc_00001694_2d229d781dc9461a9375c9af_trimesh_003.obj,1.0016377018473577e-05,0
abc_00001703_46556a3837274c098a5fc60a_trimesh_000.obj,0.00021968342480249703,0
abc_00001705_46556a3837274c098a5fc60a_trimesh_002.obj,0.0014642472378909588,0
abc_00001722_ad7be758db3641a5a3e62d00_trimesh_000.obj,2.0282725472497987e-06,0
abc_00001729_2e4d39f311304cfcab975e6a_trimesh_002.obj,1.6433465077625442e-07,0
abc_00001735_ee1c39157f2e4a089c90e7e8_trimesh_000.obj,2.1423116777441464e-05,0
abc_00001736_58088030d4b7419b8ad214f6_trimesh_000.obj,4.680054743744222e-08,0
abc_00001749_74905c964c8c4708bf6e2e44_trimesh_012.obj,9.197189676513062e-09,0
abc_00001779_b8592e9925204df1805bd0c3_trimesh_004.obj,3.615230889408849e-05,0
abc_00001794_23e6efbdae254d48b914d347_trimesh_012.obj,1.9343291569384746e-05,0
abc_00001805_23e6efbdae254d48b914d347_trimesh_023.obj,2.6645500838640146e-05,0
abc_00001812_eb80cc3405004d2aadfec0d3_trimesh_001.obj,0.00010558268695604056,0
abc_00001813_eb80cc3405004d2aadfec0d3_trimesh_002.obj,1.6851250620675273e-05,0
abc_00001828_f8ce225b03b045e1a8743a75_trimesh_000.obj,1.2993363043278805e-06,0
abc_00001830_9588ed6efa3c45dca239e256_trimesh_000.obj,4.505292963585816e-06,0
abc_00001858_161dbdd1389245c6aa183461_trimesh_001.obj,0.00011758302571251988,0
abc_00001871_e6274ed08407419d8a719730_trimesh_001.obj,5.265627009976015e-07,0
abc_00001876_7dff003bccb549eca063340e_trimesh_002.obj,1.8272949375841563e-07,0
abc_00001877_7dff003bccb549eca063340e_trimesh_003.obj,4.454850568436086e-07,0
abc_00001879_7dff003bccb549eca063340e_trimesh_005.obj,2.440543322990152e-09,0
abc_00001881_7dff003bccb549eca063340e_trimesh_007.obj,2.6945176645476465e-10,0
abc_00001885_7dff003bccb549eca063340e_trimesh_011.obj,4.473362878343323e-06,0
abc_00001894_7dff003bccb549eca063340e_trimesh_020.obj,0.0006663465755991638,0
abc_00001895_7dff003bccb549eca063340e_trimesh_021.obj,0.0005854054470546544,0
abc_00001905_84deecba8b6449b5988f2e56_trimesh_001.obj,1.0302470343503956e-07,0
abc_00001906_84deecba8b6449b5988f2e56_trimesh_002.obj,6.372046073011006e-07,0
abc_00001909_84deecba8b6449b5988f2e56_trimesh_005.obj,3.0775846281139163e-12,0
abc_00001913_9912faaee57b4176b1deb5d4_trimesh_001.obj,0.0006779028917662799,0
abc_00001924_bad445004ddc447b83171224_trimesh_003.obj,5.769019253420993e-07,0
abc_00001926_bad445004ddc447b83171224_trimesh_005.obj,8.119224730762653e-06,0
abc_00001931_d686c9d7503a42478530b382_trimesh_000.obj,1.3889453498450166e-07,0
abc_00001969_72af61802aeb4e91b1b1b37b_trimesh_000.obj,1.3857799352479105e-08,0
abc_00001984_72af61802aeb4e91b1b1b37b_trimesh_015.obj,0.007886949926614761,0
abc_00001992_79a5e839b001428dbc772925_trimesh_000.obj,0.0002356003678869456,0
abc_00001998_b53d499a5d5c42dfade565bf_trimesh_000.obj,6.15596354691661e-06,0
abc_00002008_be2dc79cac834a8895f8aa60_trimesh_000.obj,1.8084981547872303e-06,0
abc_00002023_f024db94f83d4bbb94358624_trimesh_000.obj,7.0358646553358994e-06,0
abc_00002056_fb7d8749f7824fc9a0b49831_trimesh_000.obj,4.8515696107642725e-05,0
abc_00002065_ec9ce2bb0d20437dad4533a2_trimesh_001.obj,2.6643176624929765e-06,0
abc_00002066_ec9ce2bb0d20437dad4533a2_trimesh_002.obj,1.765903675732261e-06,0
abc_00002067_4ad58d9a4088415b9e0dbf18_trimesh_000.obj,5.182888571653166e-07,0
abc_00002138_05091350f8cd4cdda2981cab_trimesh_008.obj,4.88283262711775e-08,0
abc_00002153_b82d66be3f1244d1a6e9b75a_trimesh_000.obj,9.553595958777805e-08,0
abc_00002155_cde1f6a0f70c4897a0016114_trimesh_000.obj,0.23009337484836578,0
abc_00002165_af3af6b131e747f38dbcb2c5_trimesh_000.obj,0.22620685398578644,0
abc_00002169_af3af6b131e747f38dbcb2c5_trimesh_004.obj,1.1768511285481509e-06,0
abc_00002195_c66535496d9741e3baa4a85c_trimesh_001.obj,1.3569532484325464e-06,0
abc_00002223_e38471b78a2f45118e2e8a1e_trimesh_003.obj,4.80772314404021e-06,0
abc_00002235_c0346d7e928247129c7f105e_trimesh_000.obj,2.8700841703255264e-09,0
abc_00002237_70fc984390f94560b7b9dafa_trimesh_000.obj,1.083923507394502e-05,0
abc_00002257_ee36ce2e0fc6420195435501_trimesh_000.obj,1.3604236848152595e-08,0
abc_00002262_ee36ce2e0fc6420195435501_trimesh_005.obj,1.6841472643136512e-06,0
abc_00002275_d78016eb44004ecb82bdbaa7_trimesh_000.obj,3.276657298556529e-05,0
abc_00002280_d78016eb44004ecb82bdbaa7_trimesh_005.obj,1.3864660104445647e-05,0
abc_00002283_d78016eb44004ecb82bdbaa7_trimesh_008.obj,8.832792809698731e-05,0
abc_00002287_008ac7621b8c4a199f5780f1_trimesh_000.obj,3.1216291773716875e-08,0
abc_00002291_121bc109bb5a40869e7cb6e3_trimesh_000.obj,0.00019269910990260541,0
abc_00002298_e81bd6e8eea447f9ad6f246d_trimesh_000.obj,0.00015013043594080955,0
abc_00002301_4809f34e75cd44d393946d41_trimesh_001.obj,1.2934590813529212e-05,0
abc_00002306_4809f34e75cd44d393946d41_trimesh_006.obj,8.245974640885834e-06,0
abc_00002321_1e1145d05fff4ed3934ed4df_trimesh_000.obj,0.988165020942688,0
abc_00002333_f48c116e43104b4bb10898e9_trimesh_002.obj,1.593117076481576e-06,0
abc_00002334_f48c116e43104b4bb10898e9_trimesh_003.obj,8.11477548268158e-07,0
abc_00002335_f48c116e43104b4bb10898e9_trimesh_004.obj,1.6533930420337128e-06,0
abc_00002338_a60f038f2b574004ad1f6f50_trimesh_000.obj,1.2029786375933327e-06,0
abc_00002340_f5a5af9c002e4bfba983a31d_trimesh_001.obj,2.5369622562720906e-06,0
abc_00002347_634ba60fb4fc40f89c56cb4a_trimesh_004.obj,2.537557520554401e-06,0
abc_00002364_470c2865307645c78ae7a0cb_trimesh_007.obj,0.00015028683992568403,0
abc_00002366_470c2865307645c78ae7a0cb_trimesh_009.obj,0.00046519446186721325,0
abc_00002407_c13dc1fdb43348c4a4298958_trimesh_004.obj,4.893059667665511e-06,0
abc_00002409_c13dc1fdb43348c4a4298958_trimesh_006.obj,1.3864660104445647e-05,0
abc_00002412_50cd9407596747729fc8d773_trimesh_001.obj,0.0001477257173974067,0
abc_00002418_f439002a18b84d8798439932_trimesh_002.obj,0.00020466939895413816,0
abc_00002438_179a8df075c94d0596b1f20d_trimesh_007.obj,0.0006519628223031759,0
abc_00002443_ece945968068453ab36dc00a_trimesh_000.obj,3.9408101315530075e-07,0
abc_00002450_8c12611557a543f99907ee82_trimesh_000.obj,1.2275480187895482e-08,0
abc_00002455_7d5c3882272742b980293bcd_trimesh_000.obj,1.165056573881884e-06,0
abc_00002459_86f90a9ff5c5414cba6b0b14_trimesh_000.obj,1.4826504468601343e-07,0
abc_00002478_4e29879a16ed4dadab2750bc_trimesh_003.obj,0.0007020161719992757,0
abc_00002481_6eda6b73d6ea4472bea05e8f_trimesh_001.obj,4.633885509974789e-06,0
abc_00002496_61afe52ce5764b8bb0531667_trimesh_003.obj,3.868282510666177e-05,0
abc_00002498_a6da4aea6b0047b6abb890a7_trimesh_000.obj,5.1129252824466676e-05,0
abc_00002505_e6ff054993ae478686179d0f_trimesh_001.obj,2.178260729124304e-06,0
abc_00002530_8d3bbea092534341a45dd40c_trimesh_000.obj,9.799141480471008e-06,0
abc_00002533_6f7f8f03941c4d5d8882c21a_trimesh_001.obj,1.6848346149345161e-06,0
abc_00002572_800b457b0b614ceabc56bdea_trimesh_000.obj,0.04265536740422249,0
abc_00002577_8556c200606545a8bcf28a5e_trimesh_000.obj,2.0735735688504064e-06,0
abc_00002610_770f033464d542f88ec04d0f_trimesh_004.obj,0.0007000983459874988,0
abc_00002612_770f033464d542f88ec04d0f_trimesh_006.obj,6.499579285446089e-06,0
abc_00002616_0f526e008933416b8fbfdc0e_trimesh_000.obj,1.7410098735126667e-05,0
abc_00002626_89e4911a99ba40bfa29de7c4_trimesh_005.obj,0.0011126709869131446,0
abc_00002646_b018db4e207246979202dbc2_trimesh_000.obj,2.5591991743567633e-06,0
abc_00002648_407d3a51eb214752976de9e9_trimesh_001.obj,0.0003725105198100209,0
abc_00002649_d97b4345cb5b41b4b6729b21_trimesh_000.obj,9.174167644232512e-06,0
abc_00002653_185cf3437add427ba643feb3_trimesh_000.obj,2.797549143451761e-07,0
abc_00002665_f161f588b3fc4bd39c387901_trimesh_000.obj,4.805398816642992e-07,0
abc_00002678_5e64117cf77b4072b9b1ab29_trimesh_001.obj,2.159711038984824e-05,0
abc_00002680_5e64117cf77b4072b9b1ab29_trimesh_003.obj,0.004818831104785204,0
abc_00002682_5e64117cf77b4072b9b1ab29_trimesh_005.obj,1.0932439181488007e-05,0
abc_00002690_294dc55ca19943afbe7b9ca2_trimesh_000.obj,1.3004337233724073e-05,0
abc_00002695_57d0ed693e5f43db94b48a6c_trimesh_004.obj,8.712409460542858e-09,0
abc_00002698_57d0ed693e5f43db94b48a6c_trimesh_007.obj,5.311973083621524e-08,0
abc_00002706_57d0ed693e5f43db94b48a6c_trimesh_015.obj,0.2690032422542572,0
abc_00002712_6aaf2a59f56d47e4a209d1b5_trimesh_000.obj,3.193005113644176e-06,0
abc_00002728_98d8f78b1bb5495f9a193852_trimesh_014.obj,1.3059803677606396e-05,0
abc_00002730_98d8f78b1bb5495f9a193852_trimesh_016.obj,1.7114912509441638e-07,0
abc_00002786_2150a50d7ae54ec1ab562d25_trimesh_012.obj,1.8223821825813502e-05,0
abc_00002800_a13cab04d1224f3badc910a3_trimesh_000.obj,3.5460552680888213e-06,0
abc_00002840_b108e5f7e4f34918bd31b5de_trimesh_000.obj,4.9629999665512514e-08,0
abc_00002853_fd92ba86ea354cce817faf60_trimesh_000.obj,0.00024746658164076507,0
abc_00002855_86a580f378754e7ea677bb55_trimesh_000.obj,1.706576881588262e-06,0
abc_00002859_0b97dd9849a14df99ab286a8_trimesh_002.obj,4.657933416751803e-08,0
abc_00002876_441b788f697449128e3c8032_trimesh_009.obj,3.4095062346750638e-06,0
abc_00002885_e435fac25ee84f3697893a36_trimesh_001.obj,9.3575554274139e-06,0
abc_00002899_635bf5c85753420fbc65a4c5_trimesh_001.obj,3.6820495097344974e-06,0
abc_00002919_bc8a6e930c404316833d09a5_trimesh_004.obj,6.18693851706098e-09,0
abc_00002958_1212f04812bc4821bfd87412_trimesh_002.obj,1.567107865696471e-08,0
abc_00002965_1212f04812bc4821bfd87412_trimesh_009.obj,3.540665784385055e-05,0
abc_00002966_1212f04812bc4821bfd87412_trimesh_010.obj,1.3193487575335894e-05,0
abc_00002984_c80dedb4f61e401889b609e2_trimesh_000.obj,3.102974369539879e-05,0
abc_00003008_42b012d55efa4bd480adc003_trimesh_000.obj,2.7723768653231673e-05,0
abc_00003027_623a6f12d0724d62a351e2a1_trimesh_014.obj,1.0803847544593737e-05,0
abc_00003036_623a6f12d0724d62a351e2a1_trimesh_023.obj,8.289357356261462e-05,0
abc_00003043_623a6f12d0724d62a351e2a1_trimesh_030.obj,6.503176700789481e-05,0
abc_00003049_623a6f12d0724d62a351e2a1_trimesh_036.obj,1.279268144571688e-05,0
abc_00003059_623a6f12d0724d62a351e2a1_trimesh_046.obj,1.906767465698067e-06,0
abc_00003071_a7d9266fc0a542148831dbb5_trimesh_000.obj,0.00017248485528398305,0
abc_00003072_a7d9266fc0a542148831dbb5_trimesh_001.obj,6.5716922108549625e-06,0
abc_00003073_a7d9266fc0a542148831dbb5_trimesh_002.obj,5.565191258938285e-07,0
abc_00003075_a7d9266fc0a542148831dbb5_trimesh_004.obj,0.0001317479182034731,0
abc_00003095_5b5eaab14b374d1992e2fe9e_trimesh_008.obj,0.00016108265845105052,0
abc_00003118_9212fac3cdd24372892212d1_trimesh_018.obj,3.360380276262731e-07,0
abc_00003124_89e6a825d21e4fafaa8b314a_trimesh_000.obj,0.00012051166413584724,0
abc_00003143_bb4de5fef0c444bf9cde6caf_trimesh_000.obj,0.00027157505974173546,0
abc_00003151_9a1eacce39a7456ba698b8ff_trimesh_000.obj,4.648491540137911e-06,0
abc_00003156_dc2953ffcb9b4720b6486292_trimesh_000.obj,1.2879692803835496e-05,0
abc_00003159_e08de079271d427e8898090c_trimesh_001.obj,7.859947072574869e-05,0
abc_00003198_7bec57689ee04fb4aecca452_trimesh_003.obj,1.655554660828784e-05,0
abc_00003199_7bec57689ee04fb4aecca452_trimesh_004.obj,7.526033732574433e-05,0
abc_00003203_7bec57689ee04fb4aecca452_trimesh_008.obj,1.4108185496297665e-05,0
abc_00003210_7bec57689ee04fb4aecca452_trimesh_015.obj,2.0232639144524e-05,0
abc_00003219_04893ba73e6f4c298353bb57_trimesh_000.obj,2.1792728148284368e-05,0
abc_00003220_04893ba73e6f4c298353bb57_trimesh_001.obj,1.1844787877635099e-05,0
abc_00003232_96b00fb447eb427290194a85_trimesh_002.obj,1.3957730971014826e-07,0
abc_00003245_64bf0eb2d82b4b9aac59e530_trimesh_009.obj,0.00020772138668689877,0
abc_00003260_31738bd32847475590f7ef21_trimesh_000.obj,2.6658478873287095e-06,0
abc_00003265_85a3fae4f6be46b9a1c7c5df_trimesh_001.obj,0.0006186391110531986,0
abc_00003283_684f83cd472b461789191511_trimesh_001.obj,5.335406967788003e-06,0
abc_00003286_684f83cd472b461789191511_trimesh_004.obj,0.033147890120744705,0
abc_00003291_9500471d9e5c4cae8725de9c_trimesh_000.obj,5.0213631766382605e-05,0
abc_00003292_d068cf20730349eba1ada81b_trimesh_000.obj,3.9114162063924596e-05,0
abc_00003294_4c6dd8316dae41b58f49afa2_trimesh_000.obj,4.404501396493288e-06,0
abc_00003315_0397a0a89fda483c9ea0eea7_trimesh_003.obj,6.17658588453196e-06,0
abc_00003336_361fb11574184c04a2dc34be_trimesh_000.obj,3.7196300581854302e-06,0
abc_00003338_ba3d8e31b77647b3a32b2e24_trimesh_001.obj,1.3503785112334299e-06,0
abc_00003346_dd2281fd5b874c50b5930664_trimesh_003.obj,5.921019692323171e-06,0
abc_00003347_ad2574e1c85d4b07afe7076c_trimesh_000.obj,0.005091697908937931,0
abc_00003359_9b231e07646740d3aa893236_trimesh_006.obj,6.36041067991755e-06,0
abc_00003377_e1bb8b6758e4454a93c2b3e7_trimesh_001.obj,2.1454677607835038e-06,0
abc_00003392_ef8394ce96624d5984cc9e2a_trimesh_000.obj,1.003755158990316e-07,0
abc_00003395_2dba1a55cece44d888641f5c_trimesh_000.obj,0.00019074058218393475,0
abc_00003400_a77cf5d003fc4ab09e843c54_trimesh_002.obj,5.0675698304303296e-08,0
abc_00003408_a77cf5d003fc4ab09e843c54_trimesh_010.obj,1.6813163483675453e-06,0
abc_00003418_86545cc828ee4b3392520977_trimesh_003.obj,1.1111975339872515e-07,0
abc_00003434_a23c770ac676468bac18a14e_trimesh_002.obj,0.0005168985808268189,0
abc_00003437_41db336d07d34605b95e17f8_trimesh_000.obj,8.95565335667925e-06,0
abc_00003456_a51abce06a2e4071ae9cd533_trimesh_007.obj,6.427233529393561e-06,0
abc_00003458_a51abce06a2e4071ae9cd533_trimesh_009.obj,4.613803866959643e-06,0
abc_00003501_86be4eefc6eb459e9a9370bc_trimesh_005.obj,5.445783244795166e-05,0
abc_00003524_1a90c3eacd054ae79754b726_trimesh_000.obj,0.0001745859335642308,0
abc_00003540_f8a70fd3c80a412bb0c040b9_trimesh_000.obj,5.298162795952521e-05,0
abc_00003542_f8a70fd3c80a412bb0c040b9_trimesh_002.obj,2.551170155129512e-06,0
abc_00003564_eda85e7e50824947bc393fff_trimesh_002.obj,1.375313587459459e-07,0
abc_00003567_eda85e7e50824947bc393fff_trimesh_005.obj,2.71403587248642e-05,0
abc_00003569_b1a7c5bc57e448b68bfa699c_trimesh_000.obj,8.388469723286107e-05,0
abc_00003587_08d53a45d78c4d88a2ca2ff3_trimesh_001.obj,0.003247914370149374,0
abc_00003588_b2e8be17a0874c08a01ba1c0_trimesh_000.obj,1.0149689160243724e-06,0
abc_00003633_7ef2498822ef47b796e03092_trimesh_004.obj,0.0015789939789101481,0
abc_00003640_809676ace5bb40fea5802468_trimesh_000.obj,0.0006572369602508843,0
abc_00003666_ca90483ed4144d6db48c58b6_trimesh_000.obj,4.092945528100245e-05,0
abc_00003676_a2b0fad560234fbbbe012494_trimesh_001.obj,2.4750315787969157e-05,0
abc_00003679_dd039a28e007439aa01edbad_trimesh_002.obj,0.0014899704838171601,0
abc_00003686_5818fd8428ed43a399bce519_trimesh_000.obj,3.459027553276428e-08,0
abc_00003690_f45beab3d58b42c4b87ee28e_trimesh_000.obj,9.071939530258533e-06,0
abc_00003712_939d7f2bcd8443da97eddf78_trimesh_000.obj,1.0605140232655685e-06,0
abc_00003731_1d05af96ba5b40bc88f9959f_trimesh_001.obj,2.188475991715677e-05,0
abc_00003749_1d05af96ba5b40bc88f9959f_trimesh_019.obj,8.607506606495008e-05,0
abc_00003750_1d05af96ba5b40bc88f9959f_trimesh_020.obj,0.003442787565290928,0
abc_00003765_c781c748bead4016bf75490d_trimesh_001.obj,2.0642666243020358e-08,0
abc_00003778_d1d459383d9b43d59df3de80_trimesh_004.obj,0.00024949523503892124,0
abc_00003781_d1d459383d9b43d59df3de80_trimesh_007.obj,0.0004647037712857127,0
abc_00003788_d1d459383d9b43d59df3de80_trimesh_014.obj,0.0019267795141786337,0
abc_00003801_78fee7c279f441e2939f6833_trimesh_000.obj,2.1756304704467766e-06,0
abc_00003805_83b7cdf86a9a4630a9217b6a_trimesh_002.obj,0.017663706094026566,0
abc_00003807_83b7cdf86a9a4630a9217b6a_trimesh_004.obj,0.0023448450956493616,0
abc_00003824_81b3bd441a5a497789f6c818_trimesh_001.obj,0.0005078039830550551,0
abc_00003843_4b36a963a4b74718ba5af25b_trimesh_002.obj,1.4521068806061521e-05,0
abc_00003844_4b36a963a4b74718ba5af25b_trimesh_003.obj,2.1419516542664496e-06,0
abc_00003877_29a72d867dcb4b8ca6aa51eb_trimesh_005.obj,3.722859673871426e-06,0
abc_00003878_29a72d867dcb4b8ca6aa51eb_trimesh_006.obj,5.003151954952045e-07,0
abc_00003882_29a72d867dcb4b8ca6aa51eb_trimesh_010.obj,1.8801794794853777e-05,0
abc_00003895_0f131d41320541f4928a8004_trimesh_003.obj,1.9756875190068968e-05,0
abc_00003896_0f131d41320541f4928a8004_trimesh_004.obj,4.8970898205880076e-05,0
abc_00003915_1f103ae876d64e4b88f94d77_trimesh_005.obj,1.2234980204084422e-05,0
abc_00003919_1f103ae876d64e4b88f94d77_trimesh_009.obj,1.6838223018567078e-05,0
abc_00003920_1f103ae876d64e4b88f94d77_trimesh_010.obj,4.078416895936243e-05,0
abc_00003956_cb29926b8a244c868ae5ed86_trimesh_006.obj,1.665354830038268e-05,0
abc_00003957_cb29926b8a244c868ae5ed86_trimesh_007.obj,0.0019663237035274506,0
abc_00003960_0ea41122faa643aebd0b25e8_trimesh_000.obj,0.0001652139180805534,0
abc_00003974_30214440d29b401c8b860c42_trimesh_009.obj,0.00024413314531557262,0
abc_00003988_30214440d29b401c8b860c42_trimesh_023.obj,3.6675057344837114e-05,0
abc_00004006_690490b212df4d5eacc6635c_trimesh_002.obj,8.397218493882974e-07,0
abc_00004021_690490b212df4d5eacc6635c_trimesh_017.obj,0.004549606703221798,0
abc_00004038_f619073c02f94b0e8502739a_trimesh_003.obj,2.5554702460794942e-06,0
abc_00004062_561b15139c044a0ba3e09633_trimesh_001.obj,6.037481580278836e-05,0
abc_00004070_99288b53db2442e39f5956e4_trimesh_003.obj,6.856841139324388e-08,0
abc_00004085_45986d8635e748b49f3d9f7a_trimesh_000.obj,4.3237974978183047e-07,0
abc_00004106_58cfb48e5d6440d28a263e2f_trimesh_001.obj,0.0008123205625452101,0
abc_00004131_640a2eb433a34aae908420ed_trimesh_001.obj,8.586196599935647e-06,0
abc_00004132_640a2eb433a34aae908420ed_trimesh_002.obj,2.1185057903494453e-06,0
abc_00004134_640a2eb433a34aae908420ed_trimesh_004.obj,7.170557637437014e-06,0
abc_00004138_640a2eb433a34aae908420ed_trimesh_008.obj,1.1675218956952449e-05,0
abc_00004156_a051c8775c1b4f7e94096d2c_trimesh_001.obj,5.4292107961373404e-05,0
abc_00004226_b75d70544ce4433fa538f2a2_trimesh_008.obj,1.3403068805928342e-06,0
abc_00004253_ee78e0a2efef4b598e976993_trimesh_006.obj,0.0004103111568838358,0
abc_00004256_ee78e0a2efef4b598e976993_trimesh_009.obj,0.0007504698587581515,0
abc_00004258_ee78e0a2efef4b598e976993_trimesh_011.obj,0.0006982233608141541,0
abc_00004279_f69bf34d6f7e4eb887450aa2_trimesh_005.obj,6.830284746683901e-06,0
abc_00004280_f69bf34d6f7e4eb887450aa2_trimesh_006.obj,1.5464334865100682e-05,0
abc_00004283_f69bf34d6f7e4eb887450aa2_trimesh_009.obj,1.386127587466035e-05,0
abc_00004286_f69bf34d6f7e4eb887450aa2_trimesh_012.obj,0.0005933764041401446,0
abc_00004293_00e12f076c9f44728924a007_trimesh_005.obj,1.6176192730199546e-05,0
abc_00004296_00e12f076c9f44728924a007_trimesh_008.obj,0.00038815601146779954,0
abc_00004306_00e12f076c9f44728924a007_trimesh_018.obj,0.00014337616448756307,0
abc_00004313_00e12f076c9f44728924a007_trimesh_025.obj,0.0001265357423108071,0
abc_00004323_00e12f076c9f44728924a007_trimesh_035.obj,0.019990872591733932,0
abc_00004342_c290684bc7264c05b2054a59_trimesh_003.obj,1.6420179235865362e-05,0
abc_00004346_c290684bc7264c05b2054a59_trimesh_007.obj,0.9998493194580078,0
abc_00004355_c290684bc7264c05b2054a59_trimesh_016.obj,1.1076062946813181e-05,0
abc_00004386_d82c8accf5f948f9b9935f36_trimesh_000.obj,3.530277126628789e-06,0
abc_00004389_478cd71be49144f0bb3ff944_trimesh_000.obj,0.00028640154050663114,0
abc_00004393_147a0707012c4408b79a6041_trimesh_003.obj,6.583528829651186e-06,0
abc_00004396_af6d85fa924447d6a5d0db39_trimesh_001.obj,1.9511890059220605e-07,0
abc_00004397_af6d85fa924447d6a5d0db39_trimesh_002.obj,3.8019452404114418e-06,0
abc_00004398_af6d85fa924447d6a5d0db39_trimesh_003.obj,1.174926751446037e-06,0
abc_00004408_2f3c47ebc0054b4f8e0e4cf4_trimesh_006.obj,0.00025457862648181617,0
abc_00004415_2f3c47ebc0054b4f8e0e4cf4_trimesh_013.obj,4.689698471338488e-05,0
abc_00004420_2f3c47ebc0054b4f8e0e4cf4_trimesh_018.obj,2.7133728597306117e-10,0
abc_00004435_e100ebaee82a4a1ca7c82468_trimesh_002.obj,1.368538687529508e-05,0
abc_00004447_50a5c011c1d44d7ca5c90fbf_trimesh_001.obj,7.861893209337723e-06,0
abc_00004449_50a5c011c1d44d7ca5c90fbf_trimesh_003.obj,0.0010882957139983773,0
abc_00004452_50a5c011c1d44d7ca5c90fbf_trimesh_006.obj,0.0009513242985121906,0
abc_00004477_dd1a875303094c76b5517535_trimesh_000.obj,1.6954551256276318e-06,0
abc_00004480_f18ebc9adf1b48c3afba1b4c_trimesh_001.obj,0.0004619040701072663,0
abc_00004488_36e0a0ff049b4877b70b421a_trimesh_000.obj,1.1077182534791064e-05,0
abc_00004496_abc1a655d48842ae9f5adc64_trimesh_000.obj,2.4071438019745983e-05,0
abc_00004511_b6350639195e4a19957904f9_trimesh_000.obj,1.3366761208999378e-07,0
abc_00004527_f94525731d404b9ba25613f4_trimesh_000.obj,3.248763505325769e-06,0
abc_00004529_f930e8d581954005adfd5d39_trimesh_000.obj,0.0007075779139995575,0
abc_00004537_671ca20207bf44269953cc33_trimesh_003.obj,8.586237527197227e-06,0
abc_00004539_a9de53e862dd4ad197873cc0_trimesh_001.obj,8.527693353244103e-06,0
abc_00004551_7d8ef6c508d649a3bd208a47_trimesh_002.obj,6.324074774965993e-08,0
abc_00004554_7d8ef6c508d649a3bd208a47_trimesh_005.obj,8.29011810310476e-08,0
abc_00004573_044763f9258c48bb92a22aa8_trimesh_000.obj,0.005439375527203083,0
abc_00004594_ee924c64f16c4e15bc14d8ab_trimesh_000.obj,8.380451532730149e-08,0
abc_00004618_3b6de5b6816c4a089c64ec20_trimesh_000.obj,1.3474849765771069e-05,0
abc_00004619_3dc4ec66fde64a1fb6527b4f_trimesh_000.obj,7.697877890677773e-08,0
abc_00004639_baf77661114341479c1cc071_trimesh_000.obj,5.014519956603181e-06,0
abc_00004640_b65138ec4a0b4cfcb5abe830_trimesh_000.obj,2.4676489829289494e-07,0
abc_00004642_0fb5a9a4791542bfbe291b8c_trimesh_001.obj,7.526845990923903e-08,0
abc_00004647_50c6a7655c3a4fc2bf31808e_trimesh_002.obj,0.004699273034930229,0
abc_00004656_d580779d75894bb291e63623_trimesh_007.obj,3.699259468703531e-05,0
abc_00004684_0f4d984eef2647c4a2fcd01f_trimesh_000.obj,1.7810614849622652e-07,0
abc_00004701_5e32955b6a6546a9a1d8f64b_trimesh_000.obj,1.184438815471367e-06,0
abc_00004706_ba569cff36cc4316b623ab23_trimesh_001.obj,1.1956998058337831e-08,0
abc_00004721_9c428a57184f47ec9235ae67_trimesh_001.obj,1.7287119362663361e-06,0
abc_00004733_7f37dc7e41c24893bbf01471_trimesh_000.obj,6.033074896549806e-06,0
abc_00004734_1c8688b494ca410495cced61_trimesh_000.obj,9.379537573295238e-07,0
abc_00004744_9381ca84764640298ab6da0d_trimesh_000.obj,6.071123425499536e-05,0
abc_00004776_29ce3eb9259f4becb9a5e526_trimesh_022.obj,0.00019308370247017592,0
abc_00004777_29ce3eb9259f4becb9a5e526_trimesh_023.obj,0.00010603167174849659,0
abc_00004790_29ce3eb9259f4becb9a5e526_trimesh_036.obj,0.00024076516274362803,0
abc_00004797_29ce3eb9259f4becb9a5e526_trimesh_043.obj,0.0003896207781508565,0
abc_00004805_29ce3eb9259f4becb9a5e526_trimesh_051.obj,0.0013371061068028212,0
abc_00004807_29ce3eb9259f4becb9a5e526_trimesh_053.obj,5.746407509832352e-07,0
abc_00004809_29ce3eb9259f4becb9a5e526_trimesh_055.obj,5.177898856345564e-07,0
abc_00004833_29ce3eb9259f4becb9a5e526_trimesh_079.obj,1.2356766092125326e-05,0
abc_00004835_29ce3eb9259f4becb9a5e526_trimesh_081.obj,2.3827287805033848e-05,0
abc_00004849_29ce3eb9259f4becb9a5e526_trimesh_095.obj,9.393668733537197e-06,0
abc_00004855_29ce3eb9259f4becb9a5e526_trimesh_101.obj,3.733053745236248e-05,0
abc_00004857_29ce3eb9259f4becb9a5e526_trimesh_103.obj,0.0009696401539258659,0
abc_00004870_29ce3eb9259f4becb9a5e526_trimesh_116.obj,9.288958244724199e-05,0
abc_00004883_29ce3eb9259f4becb9a5e526_trimesh_129.obj,0.00012203858204884455,0
abc_00004887_29ce3eb9259f4becb9a5e526_trimesh_133.obj,0.0005806197295896709,0
abc_00004893_29ce3eb9259f4becb9a5e526_trimesh_139.obj,1.3845131434209179e-05,0
abc_00004895_29ce3eb9259f4becb9a5e526_trimesh_141.obj,9.219191269949079e-05,0
abc_00004899_29ce3eb9259f4becb9a5e526_trimesh_145.obj,0.0004718357522506267,0
abc_00004900_29ce3eb9259f4becb9a5e526_trimesh_146.obj,0.00011115633969893679,0
abc_00004909_4d0817c82a684de48cbe9816_trimesh_000.obj,2.710590706556104e-05,0
abc_00004935_42840156b4aa4709ab90d3f9_trimesh_001.obj,6.008424315950833e-05,0
abc_00004938_d6f9da33017048c683ac514f_trimesh_002.obj,7.949689461383969e-06,0
abc_00004951_d6f9da33017048c683ac514f_trimesh_015.obj,4.995012659492204e-06,0
abc_00004952_d6f9da33017048c683ac514f_trimesh_016.obj,4.7359262680402026e-05,0
abc_00004957_d6f9da33017048c683ac514f_trimesh_021.obj,0.0004312494129408151,0
abc_00004970_d6f9da33017048c683ac514f_trimesh_034.obj,7.531561277573928e-05,0
abc_00004974_d6f9da33017048c683ac514f_trimesh_038.obj,1.8218065633845981e-06,0
abc_00004975_d6f9da33017048c683ac514f_trimesh_039.obj,8.311252486237208e-07,0
abc_00004985_d6f9da33017048c683ac514f_trimesh_049.obj,0.008481308817863464,0
abc_00004986_d6f9da33017048c683ac514f_trimesh_050.obj,1.1593579984037206e-05,0
abc_00004989_d6f9da33017048c683ac514f_trimesh_053.obj,3.753794590011239e-05,0
abc_00004996_d6f9da33017048c683ac514f_trimesh_060.obj,2.3992737624212168e-05,0
abc_00005010_97731583b3104939acf30c9a_trimesh_005.obj,0.00023063618573360145,0
abc_00005013_5001e2de07c44b8ab04f8ce7_trimesh_000.obj,0.0021612842101603746,0
abc_00005025_38e260715fbb4c19bab37a75_trimesh_001.obj,0.0008123205625452101,0
abc_00005040_51a7e299c47e4228b019c74b_trimesh_006.obj,2.840582283170079e-06,0
abc_00005041_51a7e299c47e4228b019c74b_trimesh_007.obj,0.0007027849205769598,0
abc_00005051_d29ff8e74a0f49809e533f48_trimesh_003.obj,3.5006137295567896e-06,0
abc_00005055_d29ff8e74a0f49809e533f48_trimesh_007.obj,8.73402677825652e-05,0
abc_00005066_d29ff8e74a0f49809e533f48_trimesh_018.obj,1.841008270275779e-05,0
abc_00005082_9a19028ec476443d95ce902a_trimesh_002.obj,5.526129029931326e-07,0
abc_00005092_c5feaa3ac05c4f43abf1e725_trimesh_002.obj,2.3144199076341465e-05,0
abc_00005099_c5feaa3ac05c4f43abf1e725_trimesh_009.obj,4.5291758397070225e-06,0
abc_00005103_f00fdbe69a2f4524a58ad1d6_trimesh_002.obj,2.0867117200396024e-05,0
abc_00005104_f00fdbe69a2f4524a58ad1d6_trimesh_003.obj,3.345914592500776e-05,0
abc_00005112_a4d13a0ea546408bb7e08479_trimesh_005.obj,7.163851842051372e-05,0
abc_00005116_8df83a229f094c96a1198497_trimesh_002.obj,1.3801526677070797e-07,0
abc_00005125_c4185a5498ce4a2f86e6f014_trimesh_004.obj,0.00010874540021177381,0
abc_00005126_c4185a5498ce4a2f86e6f014_trimesh_005.obj,1.1355429705872666e-05,0
abc_00005128_b1721210d59544ada810caa1_trimesh_001.obj,3.99500654779672e-09,0
abc_00005129_b1721210d59544ada810caa1_trimesh_002.obj,2.73855675914092e-07,0
abc_00005177_e85b98fbe73143b9b7ce7b73_trimesh_001.obj,1.2717520803562365e-05,0
abc_00005178_e85b98fbe73143b9b7ce7b73_trimesh_002.obj,7.06288919900544e-05,0
abc_00005180_e85b98fbe73143b9b7ce7b73_trimesh_004.obj,9.604121441952884e-05,0
abc_00005189_e85b98fbe73143b9b7ce7b73_trimesh_013.obj,1.5220837212837068e-07,0
abc_00005225_e85b98fbe73143b9b7ce7b73_trimesh_049.obj,7.47514332033461e-06,0
abc_00005255_bacfba9898a6423d833880ae_trimesh_004.obj,6.804884469602257e-05,0
abc_00005256_bacfba9898a6423d833880ae_trimesh_005.obj,2.4323911929968745e-05,0
abc_00005257_bacfba9898a6423d833880ae_trimesh_006.obj,0.00013832027616444975,0
abc_00005261_bacfba9898a6423d833880ae_trimesh_010.obj,6.480745014414424e-06,0
abc_00005268_a8ded82a1fd74021ac459ffb_trimesh_004.obj,1.0670808023860445e-06,0
abc_00005270_a8ded82a1fd74021ac459ffb_trimesh_006.obj,6.301859656332454e-08,0
abc_00005274_a8ded82a1fd74021ac459ffb_trimesh_010.obj,1.3004247421122272e-06,0
abc_00005278_a8ded82a1fd74021ac459ffb_trimesh_014.obj,3.0859077924105804e-06,0
abc_00005283_a8ded82a1fd74021ac459ffb_trimesh_019.obj,1.3897968528908677e-05,0
abc_00005288_8a58a06c9bba479a9127d831_trimesh_000.obj,6.198170865445718e-09,0
abc_00005292_7bf855de16b54fb6add38973_trimesh_002.obj,8.283230272354558e-06,0
abc_00005310_9eb3b088ee874600bb384ad5_trimesh_002.obj,9.958880400517955e-05,0
abc_00005311_9eb3b088ee874600bb384ad5_trimesh_003.obj,1.0477974683453795e-05,0
abc_00005312_9eb3b088ee874600bb384ad5_trimesh_004.obj,2.7062617391493404e-07,0
abc_00005314_9eb3b088ee874600bb384ad5_trimesh_006.obj,7.039208185233292e-07,0
abc_00005319_9eb3b088ee874600bb384ad5_trimesh_011.obj,1.0374586054240353e-05,0
abc_00005320_9eb3b088ee874600bb384ad5_trimesh_012.obj,0.00023846415570005774,0
abc_00005321_9eb3b088ee874600bb384ad5_trimesh_013.obj,2.7112368115922436e-05,0
abc_00005322_9eb3b088ee874600bb384ad5_trimesh_014.obj,1.4186355656420346e-05,0
abc_00005359_264a4d4786e34d9898f87b2d_trimesh_000.obj,3.3641932532191277e-05,0
abc_00005367_264a4d4786e34d9898f87b2d_trimesh_008.obj,0.02775699272751808,0
abc_00005370_264a4d4786e34d9898f87b2d_trimesh_011.obj,0.0017680478049442172,0
abc_00005377_264a4d4786e34d9898f87b2d_trimesh_018.obj,1.7960940512651291e-09,0
abc_00005383_264a4d4786e34d9898f87b2d_trimesh_024.obj,5.698614150007053e-11,0
abc_00005400_82e81ca0cde24645852f50f3_trimesh_004.obj,6.7215191847935785e-06,0
abc_00005402_82e81ca0cde24645852f50f3_trimesh_006.obj,7.712579827057198e-05,0
abc_00005414_6477e8ad02554200884775b4_trimesh_001.obj,0.14265021681785583,0
abc_00005422_6477e8ad02554200884775b4_trimesh_009.obj,7.623009423696203e-07,0
abc_00005439_19cdae3511744c81a1e86391_trimesh_000.obj,6.177012323860254e-08,0
abc_00005443_8a4327334ab1443dae44fd75_trimesh_000.obj,2.2068104499339825e-06,0
abc_00005445_3c849aec1cc940888a3d827b_trimesh_000.obj,2.3754051653668284e-05,0
abc_00005447_2ccd2dfb9ffc4cf29e94e0cf_trimesh_001.obj,2.2347674644151994e-07,0
abc_00005453_2ccd2dfb9ffc4cf29e94e0cf_trimesh_007.obj,2.3999834866117453e-06,0
abc_00005457_2ccd2dfb9ffc4cf29e94e0cf_trimesh_011.obj,4.256633303612034e-07,0
abc_00005461_2ccd2dfb9ffc4cf29e94e0cf_trimesh_015.obj,8.758339390624315e-06,0
abc_00005490_315403c3759345ca9b2768d7_trimesh_009.obj,1.8758529449769412e-06,0
abc_00005507_fe86467a300e4511abf78b3a_trimesh_000.obj,8.09948176083708e-07,0
abc_00005511_d4d5a3c91ba445c2b24cdf18_trimesh_003.obj,1.2558509787652383e-08,0
abc_00005513_d4d5a3c91ba445c2b24cdf18_trimesh_005.obj,5.613672442450479e-07,0
t10k_100330.obj,1.086513208292672e-07,0
t10k_1005287.obj,4.853433711105026e-05,0
t10k_100639.obj,1.6190988390007988e-06,0
t10k_100730.obj,0.00734805129468441,0
t10k_100831.obj,2.8359668391431114e-08,0
t10k_101340.obj,8.848929610394407e-06,0
t10k_1015841.obj,1.7397384226569557e-06,0
t10k_1015842.obj,0.021652821451425552,0
t10k_1017017.obj,1.0869457582884934e-06,0
t10k_1017019.obj,2.6217708182230126e-07,0
t10k_101864.obj,3.100962931057438e-05,0
t10k_101865.obj,1.4927321956292872e-07,0
t10k_1036309.obj,1.7988822875736332e-08,0
t10k_1036428.obj,2.231516418760293e-06,0
t10k_1037021.obj,4.753356108722073e-08,0
t10k_104187.obj,6.278805244619434e-07,0
t10k_104290.obj,1.7667105112195713e-06,0
t10k_104930.obj,1.700893449196883e-06,0
t10k_105103.obj,1.1409174476284534e-06,0
t10k_105326.obj,6.483167908299947e-06,0
t10k_1053874.obj,2.8077637992396376e-08,0
t10k_1055250.obj,3.4105335089407163e-06,0
t10k_105765.obj,0.0034684068523347378,0
t10k_105804.obj,3.505145684812305e-08,0
t10k_105862.obj,5.005413754588517e-07,0
t10k_105875.obj,1.763713953550905e-05,0
t10k_105924.obj,6.050806291568733e-07,0
t10k_1064467.obj,8.375018722972527e-08,0
t10k_106782.obj,7.585356343042804e-09,0
t10k_107069.obj,2.6261994207743555e-05,0
t10k_107071.obj,1.45564385434227e-07,0
t10k_1075457.obj,7.811019386849694e-09,0
t10k_107558.obj,8.997823897516355e-06,0
t10k_1079827.obj,1.5604928194079548e-06,0
t10k_108199.obj,1.1204922884644475e-05,0
t10k_1082149.obj,2.586251639513648e-07,0
t10k_108452.obj,5.75537478653132e-06,0
t10k_108517.obj,3.532769596858998e-06,0
t10k_1087135.obj,1.52030157352101e-08,0
t10k_1088056.obj,3.913287116574793e-08,0
t10k_1093140.obj,2.1977011783747002e-05,0
t10k_109344.obj,7.004345206951257e-06,0
t10k_109459.obj,7.471862062402579e-08,0
t10k_1099672.obj,2.078279067063704e-05,0
t10k_110025.obj,3.108267776497087e-07,0
t10k_110173.obj,7.621220099451875e-09,0
t10k_110445.obj,3.980689143645577e-05,0
t10k_110707.obj,1.6595270153629826e-06,0
t10k_110803.obj,2.5014587663463317e-06,0
t10k_110905.obj,0.0029458124190568924,0
t10k_110907.obj,5.637052709062118e-06,0
t10k_110911.obj,2.0143247070336656e-07,0
t10k_110955.obj,7.470522689345671e-08,0
t10k_111046.obj,2.560687244113069e-05,0
t10k_111048.obj,0.004743693396449089,0
t10k_111394.obj,2.693491114769131e-05,0
t10k_1120776.obj,8.168289156174069e-08,0
t10k_1120779.obj,1.14997510536341e-05,0
t10k_112542.obj,0.036367014050483704,0
t10k_112544.obj,0.7866931557655334,0
t10k_1126615.obj,0.0006012895028106868,0
t10k_112916.obj,1.8516676192348314e-08,0
t10k_112925.obj,2.7003500235878164e-06,0
t10k_112927.obj,1.9948076896980638e-06,0
t10k_112929.obj,7.96161600646883e-07,0
t10k_1129818.obj,2.73842601927754e-07,0
t10k_113125.obj,5.274616341921501e-06,0
t10k_113127.obj,3.003948222612962e-06,0
t10k_1131601.obj,6.999711331445724e-06,0
t10k_114020.obj,2.067274863293278e-06,0
t10k_114077.obj,0.0001336123823421076,0
t10k_1146171.obj,3.6223485722075566e-07,0
t10k_1146183.obj,1.185065485742598e-07,0
t10k_1174395.obj,0.00010049316188087687,0
t10k_1174397.obj,0.00021287963318172842,0
t10k_1176418.obj,4.782334144692868e-06,0
t10k_117951.obj,8.574033358854649e-07,0
t10k_118302.obj,0.0003129876859020442,0
t10k_118304.obj,5.9046506066806614e-06,0
t10k_118657.obj,1.0820976825698381e-07,0
t10k_119051.obj,2.571390723460354e-05,0
t10k_1207657.obj,1.3307146673469106e-07,0
t10k_122126.obj,9.709958249004558e-06,0
t10k_1224384.obj,7.224076398415491e-05,0
t10k_1228190.obj,1.7087722881115042e-06,0
t10k_124336.obj,0.00010896754247369245,0
t10k_124370.obj,6.143420705484459e-08,0
t10k_128482.obj,1.196395373881387e-06,0
t10k_129051.obj,1.4178916899254546e-05,0
t10k_130037.obj,0.0812491923570633,0
t10k_1307399.obj,2.7255759960098658e-06,0
t10k_130969.obj,5.324744415702298e-05,0
t10k_1312953.obj,0.0014333847211673856,0
t10k_131329.obj,1.6603281949301163e-07,0
t10k_1313542.obj,5.388360295910388e-05,0
t10k_131443.obj,5.1214115956099704e-05,0
t10k_1315843.obj,2.0385139578138478e-05,0
t10k_1315844.obj,9.560072840031353e-07,0
t10k_132056.obj,5.019783770876529e-07,0
t10k_1327299.obj,4.453206940979726e-07,0
t10k_133582.obj,0.0,0
t10k_1344041.obj,0.06288803368806839,0
t10k_1344059.obj,0.0004899822524748743,0
t10k_1344060.obj,0.0336771234869957,0
t10k_1356650.obj,1.4341959797548043e-07,0
t10k_1356651.obj,6.621154398089857e-07,0
t10k_1368076.obj,0.59610915184021,0
t10k_138197.obj,2.563378700415342e-07,0
t10k_1387346.obj,7.451649075562727e-09,0
t10k_139430.obj,2.7448056698631262e-06,0
t10k_1395585.obj,1.6691005910729473e-08,0
t10k_1396898.obj,0.0003473485994618386,0
t10k_139763.obj,2.2887416406547345e-09,0
t10k_140511.obj,1.1054767128371168e-05,0
t10k_1417963.obj,3.1462286642636172e-06,0
t10k_1451899.obj,5.6220310398202855e-06,0
t10k_1452677.obj,0.0019741321448236704,0
t10k_1452681.obj,0.0005816803895868361,0
t10k_145330.obj,4.835500294575468e-05,0
t10k_145419.obj,0.8903667330741882,0
t10k_1455627.obj,1.8164530501962872e-07,0
t10k_1458676.obj,1.0849928912648465e-05,0
t10k_1504272.obj,6.34206116956193e-07,0
t10k_1505017.obj,0.00047125251148827374,0
t10k_1505025.obj,0.00010621503315633163,0
t10k_1516886.obj,1.0467945088521446e-07,0
t10k_1527409.obj,9.379883522342425e-06,0
t10k_153961.obj,4.021113272756338e-05,0
t10k_1582376.obj,9.913637768477201e-06,0
t10k_1582420.obj,4.672403065342223e-06,0
t10k_1582428.obj,0.0001334520784439519,0
t10k_1582436.obj,0.003148609073832631,0
t10k_1601406.obj,0.01368548534810543,0
t10k_1614064.obj,2.843709712152531e-10,0
t10k_161717.obj,4.4327370574137603e-07,0
t10k_161718.obj,3.6897122868140286e-07,0
t10k_1628449.obj,0.0012023583985865116,0
t10k_1681118.obj,1.7755579619915807e-06,0
t10k_1681119.obj,3.838583229054393e-09,0
t10k_1681124.obj,2.8579893296409864e-07,0
t10k_1681235.obj,9.05923116079066e-06,0
t10k_1722413.obj,1.9071128463110654e-06,0
t10k_1722423.obj,0.0013839765451848507,0
t10k_1750620.obj,7.525196906499332e-06,0
t10k_1772593.obj,1.138194784289226e-05,0
t10k_178199.obj,1.3846697584085632e-06,0
t10k_186541.obj,6.192619252942677e-07,0
t10k_196211.obj,2.3535769742011325e-06,0
t10k_199660.obj,8.811454790702555e-06,0
t10k_200973.obj,6.17007099208422e-05,0
t10k_201962.obj,0.0001566825230838731,0
t10k_203284.obj,0.04434473067522049,0
t10k_203285.obj,0.0002083633007714525,0
t10k_203287.obj,5.861546014784835e-05,0
t10k_203983.obj,0.0011584481690078974,0
t10k_204392.obj,6.5079711930593476e-06,0
t10k_206492.obj,6.807413683418417e-06,0
t10k_208721.obj,1.1108685612271074e-05,0
t10k_211915.obj,1.6869966202648357e-05,0
t10k_212094.obj,0.0023780365008860826,0
t10k_217020.obj,0.00010417020530439913,0
t10k_222140.obj,7.595617717015557e-06,0
t10k_225966.obj,0.00014234495756682009,0
t10k_225969.obj,6.924440185684944e-07,0
t10k_239188.obj,0.04764440655708313,0
t10k_242222.obj,5.628564281323634e-07,0
t10k_247069.obj,0.0014126199530437589,0
t10k_247517.obj,2.699083324841922e-06,0
t10k_250767.obj,2.1908539427073492e-09,0
t10k_255237.obj,0.0001290197833441198,0
t10k_255496.obj,6.681662512164621e-07,0
t10k_257587.obj,6.8527092480508145e-06,0
t10k_257590.obj,3.268497266617487e-06,0
t10k_263995.obj,4.349230948719196e-05,0
t10k_265590.obj,5.1854872253898066e-06,0
t10k_267853.obj,0.00035181085695512593,0
t10k_269126.obj,3.5280022530059796e-06,0
t10k_278457.obj,0.821166455745697,0
t10k_280282.obj,0.00027722364757210016,0
t10k_280283.obj,0.007788068149238825,0
t10k_285605.obj,0.00015318463556468487,0
t10k_288801.obj,8.280854224551604e-09,0
t10k_288802.obj,9.78500036552532e-09,0
t10k_289665.obj,1.3902011986033358e-08,0
t10k_289691.obj,7.003598767596486e-08,0
t10k_294010.obj,1.4133486274658935e-06,0
t10k_298323.obj,0.0002477347443345934,0
t10k_301888.obj,2.9608927434310317e-06,0
t10k_301926.obj,6.994823343120515e-05,0
t10k_301933.obj,1.4565953279088717e-06,0
t10k_306466.obj,2.1999112505000085e-05,0
t10k_313444.obj,1.7564676454639994e-05,0
t10k_313879.obj,1.939785931881488e-07,0
t10k_313917.obj,3.2117299269884825e-05,0
t10k_314003.obj,2.2642878320766613e-05,0
t10k_316358.obj,3.033580469491426e-05,0
t10k_331754.obj,1.4185888019824233e-08,0
t10k_331784.obj,3.059692943452319e-08,0
t10k_338910.obj,1.3631422916660085e-05,0
t10k_343548.obj,4.9821210268419236e-08,0
t10k_34783.obj,0.000885021174326539,0
t10k_36075.obj,4.486264970182674e-06,0
t10k_366724.obj,0.0,0
t10k_367344.obj,0.0001936133485287428,0
t10k_369989.obj,0.0008350826683454216,0
t10k_370988.obj,1.7802923935050785e-07,0
t10k_375251.obj,4.8543090088060126e-05,0
t10k_376245.obj,1.215468842019618e-06,0
t10k_37868.obj,3.1895975553197786e-05,0
t10k_384098.obj,2.407428837614134e-06,0
t10k_385609.obj,2.4075378135535175e-08,0
t10k_38645.obj,2.619541703552386e-07,0
t10k_386839.obj,0.003399531589820981,0
t10k_387223.obj,2.8455897194135105e-08,0
t10k_388570.obj,1.6204902308913915e-08,0
t10k_388632.obj,2.8151532660558587e-08,0
t10k_39123.obj,1.175330726255197e-05,0
t10k_39208.obj,1.4301245983006083e-06,0
t10k_39347.obj,6.467023195000365e-05,0
t10k_39643.obj,0.0011265636421740055,0
t10k_40176.obj,1.3867836059944239e-05,0
t10k_40360.obj,1.601479482360446e-08,0
t10k_40361.obj,1.3358174328459427e-05,0
t10k_40583.obj,4.062315565533936e-05,0
t10k_40663.obj,1.819764889887665e-07,0
t10k_40986.obj,0.0004933756426908076,0
t10k_41081.obj,5.3294065764930565e-06,0
t10k_41089.obj,2.1041889340267517e-05,0
t10k_41521.obj,0.389737606048584,0
t10k_41929.obj,5.208823858993128e-05,0
t10k_41930.obj,2.5612262106733397e-06,0
t10k_42025.obj,1.8531146679379162e-06,0
t10k_42036.obj,1.1838207569780934e-07,0
t10k_42046.obj,2.252182184747653e-06,0
t10k_42192.obj,8.094402659253319e-08,0
t10k_422370.obj,1.5287553196685622e-06,0
t10k_42500.obj,5.453420044432278e-07,0
t10k_42721.obj,2.5930277369745625e-10,0
t10k_43188.obj,0.08324651420116425,0
t10k_43389.obj,1.1897090189449955e-05,0
t10k_43393.obj,4.166936093952245e-07,0
t10k_437347.obj,0.002530675381422043,0
t10k_437375.obj,5.208961283642566e-06,0
t10k_43769.obj,3.89425167668378e-06,0
t10k_439142.obj,0.00026681649615056813,0
t10k_44037.obj,6.302412458580875e-08,0
t10k_44384.obj,3.5288803701405413e-06,0
t10k_44396.obj,2.2005792743584607e-06,0
t10k_44398.obj,7.372447612397082e-07,0
t10k_44740.obj,0.0011892131296917796,0
t10k_44874.obj,0.00027460779529064894,0
t10k_45009.obj,5.325189704308286e-06,0
t10k_451676.obj,1.0468203726077263e-07,0
t10k_45514.obj,2.911183116793836e-07,0
t10k_462512.obj,6.646956052236419e-08,0
t10k_46541.obj,3.8091425835773407e-07,0
t10k_47088.obj,2.271591711178189e-06,0
t10k_47089.obj,6.471367441918119e-08,0
t10k_471994.obj,9.374052751809359e-06,0
t10k_472012.obj,1.5959387383190915e-05,0
t10k_472026.obj,5.228286681813188e-05,0
t10k_472039.obj,0.00030927135958336294,0
t10k_472043.obj,0.00024935966939665377,0
t10k_472056.obj,1.1769606089728768e-07,0
t10k_472083.obj,2.8969284926461114e-07,0
t10k_472092.obj,1.1193581030966016e-06,0
t10k_472131.obj,6.527015102619771e-06,0
t10k_472150.obj,0.0013309281785041094,0
t10k_472204.obj,0.0002909902832470834,0
t10k_474712.obj,0.00010141278471564874,0
t10k_48131.obj,1.3956203019915847e-06,0
t10k_482738.obj,4.922030072407324e-08,0
t10k_48495.obj,9.88783455113662e-08,0
t10k_48554.obj,2.5713777631608536e-06,0
t10k_48949.obj,4.736883784062229e-05,0
t10k_49546.obj,1.9414787999494365e-08,0
t10k_496673.obj,0.00012600714399013668,0
t10k_498431.obj,2.3336977506005496e-07,0
t10k_498461.obj,1.9352270896888513e-08,0
t10k_49886.obj,1.0338507308915723e-05,0
t10k_49888.obj,1.2887482625956181e-05,0
t10k_500112.obj,0.0003310036554466933,0
t10k_500117.obj,2.3416641852236353e-06,0
t10k_50098.obj,4.382138740766095e-08,0
t10k_501150.obj,5.88898838032037e-05,0
t10k_502009.obj,3.5850698623107746e-05,0
t10k_50410.obj,8.238241093749821e-07,0
t10k_50881.obj,1.811895572245703e-06,0
t10k_51142.obj,4.672099152003284e-08,0
t10k_51354.obj,0.0,0
t10k_51508.obj,1.6174367090115993e-07,0
t10k_51639.obj,1.463800032297513e-07,0
t10k_51643.obj,1.998335210373625e-05,0
t10k_51653.obj,0.0002439981617499143,0
t10k_518082.obj,9.591984962753486e-06,0
t10k_520644.obj,3.570269882402499e-06,0
t10k_520647.obj,2.0630110157071613e-05,0
t10k_52072.obj,2.354941557314305e-07,0
t10k_52858.obj,1.013015435091802e-06,0
t10k_52861.obj,1.0788168225417394e-07,0
t10k_53404.obj,2.2087127149461594e-07,0
t10k_53430.obj,5.0270607232505427e-08,0
t10k_53439.obj,9.939966361116603e-08,0
t10k_53520.obj,6.3583125431421195e-09,0
t10k_55092.obj,1.4668733001599321e-06,0
t10k_55583.obj,0.00025575465406291187,0
t10k_557388.obj,0.0004297660489100963,0
t10k_56095.obj,6.566559562770635e-08,0
t10k_56527.obj,0.0,0
t10k_56892.obj,3.816267417278141e-05,0
t10k_570154.obj,8.275113941635936e-06,0
t10k_57179.obj,9.080568270292133e-05,0
t10k_57420.obj,1.481016852267203e-06,0
t10k_57896.obj,0.0,0
t10k_579054.obj,4.547560456558131e-05,0
t10k_579055.obj,4.783695112564601e-05,0
t10k_57909.obj,1.3694173503608909e-05,0
t10k_579370.obj,6.741855713698897e-07,0
t10k_58007.obj,8.307545584784748e-08,0
t10k_58051.obj,0.000920953054446727,0
t10k_58053.obj,0.004427600186318159,0
t10k_58877.obj,1.0622494301060215e-05,0
t10k_591226.obj,1.2378905921650585e-05,0
t10k_591246.obj,1.6112036973936483e-05,0
t10k_59230.obj,8.676225888848421e-07,0
t10k_59766.obj,4.675315722124651e-05,0
t10k_601646.obj,0.00010598234075587243,0
t10k_60172.obj,7.98566088633379e-06,0
t10k_60246.obj,8.85953431861708e-06,0
t10k_60813.obj,5.286813575366978e-06,0
t10k_60843.obj,6.781029071589728e-08,0
t10k_60847.obj,2.4377072804782074e-07,0
t10k_60863.obj,4.12440250840973e-08,0
t10k_61194.obj,6.135219882708043e-05,0
t10k_61200.obj,0.007851686328649521,0
t10k_613661.obj,7.196431852207752e-06,0
t10k_61765.obj,1.0194740980296046e-06,0
t10k_619671.obj,1.6130315998452716e-05,0
t10k_622001.obj,0.00023486200370825827,0
t10k_62288.obj,4.376448032417102e-06,0
t10k_62592.obj,0.00031391618540510535,0
t10k_63461.obj,3.3957331879719277e-07,0
t10k_63556.obj,8.78953983374231e-07,0
t10k_635754.obj,2.8198132895340677e-07,0
t10k_63942.obj,3.5401558307057712e-06,0
t10k_64988.obj,1.022863102662086e-06,0
t10k_64989.obj,5.1283124776091427e-05,0
t10k_650186.obj,1.8329987142351456e-05,0
t10k_65444.obj,2.797687557176687e-06,0
t10k_65608.obj,0.0009479301515966654,0
t10k_66479.obj,8.769514352024999e-06,0
t10k_668419.obj,4.2407620640005916e-05,0
t10k_679618.obj,1.185476889986603e-07,0
t10k_68215.obj,6.104371277615428e-05,0
t10k_68334.obj,4.812447969015921e-07,0
t10k_68500.obj,1.1795073078246787e-06,0
t10k_68647.obj,0.0004138345248065889,0
t10k_68656.obj,5.99409588630806e-07,0
t10k_688370.obj,1.0573092367849313e-05,0
t10k_693468.obj,5.895495860386291e-07,0
t10k_69880.obj,3.4044114727294073e-06,0
t10k_700904.obj,1.2613259059435222e-07,0
t10k_700908.obj,7.404553343803855e-06,0
t10k_702398.obj,3.031247786111635e-07,0
t10k_702412.obj,0.0002868633600883186,0
t10k_702426.obj,0.028256068006157875,0
t10k_702427.obj,6.024830327078234e-06,0
t10k_70378.obj,7.248264921599912e-08,0
t10k_70558.obj,2.8111614938097773e-06,0
t10k_70833.obj,1.1687084366940326e-07,0
t10k_71157.obj,1.152451289954115e-08,0
t10k_71693.obj,6.553165439981967e-05,0
t10k_72016.obj,0.9998694658279419,0
t10k_72227.obj,0.0004968884168192744,0
t10k_72361.obj,1.9632599901342473e-07,0
t10k_723831.obj,0.9828757643699646,0
t10k_72607.obj,3.921229108527768e-06,0
t10k_72611.obj,0.0007257636752910912,0
t10k_73068.obj,1.6383046386181377e-07,0
t10k_73084.obj,5.974241048534168e-07,0
t10k_73160.obj,5.605845103673346e-07,0
t10k_73432.obj,8.982116924016736e-06,0
t10k_73470.obj,4.291867483630085e-08,0
t10k_73737.obj,6.129433671731022e-08,0
t10k_73739.obj,4.5041331759421155e-05,0
t10k_740251.obj,0.020252589136362076,0
t10k_74448.obj,3.419894483158714e-06,0
t10k_74470.obj,8.419659934588708e-06,0
t10k_74494.obj,0.0022523861844092607,0
t10k_74690.obj,0.0004599775711540133,0
t10k_75092.obj,2.2126976546132937e-05,0
t10k_75549.obj,0.0004845877701882273,0
t10k_75653.obj,1.6624780982965603e-06,0
t10k_75665.obj,6.00742241658736e-05,0
t10k_75991.obj,3.061897189127194e-07,0
t10k_76204.obj,1.526131683249332e-07,0
t10k_762589.obj,7.362252745224396e-07,0
t10k_763724.obj,0.0001379994791932404,0
t10k_76901.obj,2.0519091776805e-06,0
t10k_77463.obj,8.934591278375592e-06,0
t10k_77525.obj,1.0139820005861111e-05,0
t10k_779964.obj,1.1788679898927512e-07,0
t10k_779966.obj,7.703897075828081e-09,0
t10k_78299.obj,3.521789722071844e-06,0
t10k_78737.obj,4.383975920063676e-06,0
t10k_78738.obj,2.95811150863301e-05,0
t10k_789072.obj,1.4393714991456363e-05,0
t10k_79787.obj,1.390804982293048e-07,0
t10k_79960.obj,0.0001504557440057397,0
t10k_80364.obj,0.9074010848999023,0
t10k_804299.obj,1.9150469654505287e-07,0
t10k_80597.obj,1.5852742762945127e-06,0
t10k_80752.obj,1.6547543282285915e-06,0
t10k_80904.obj,2.64732661889866e-05,0
t10k_81130.obj,1.792918556020595e-05,0
t10k_81141.obj,6.978742135288485e-07,0
t10k_81145.obj,1.1482999440204367e-08,0
t10k_81259.obj,1.1967516911681741e-05,0
t10k_81307.obj,0.01417068112641573,0
t10k_81310.obj,4.332208902724233e-07,0
t10k_815478.obj,0.0001473248121328652,0
t10k_81776.obj,0.0034177806228399277,0
t10k_82063.obj,4.358548011396124e-08,0
t10k_82407.obj,0.005061813164502382,0
t10k_82722.obj,4.7272992560465354e-06,0
t10k_83005.obj,1.7032059318466963e-08,0
t10k_834595.obj,0.0004119462100788951,0
t10k_83490.obj,0.0011530667543411255,0
t10k_838515.obj,2.3016844352241606e-05,0
t10k_84625.obj,6.126055751565218e-08,0
t10k_84642.obj,1.6713753211661242e-05,0
t10k_84975.obj,4.149337109993212e-05,0
t10k_852175.obj,0.0026584272272884846,0
t10k_85440.obj,1.3067328836768866e-05,0
t10k_85493.obj,2.3118411263567396e-05,0
t10k_85534.obj,0.00031407602364197373,0
t10k_856328.obj,8.047418873502465e-07,0
t10k_85800.obj,1.3578262070268465e-08,0
t10k_858853.obj,1.164498371508671e-05,0
t10k_86236.obj,7.703739356657024e-06,0
t10k_87075.obj,7.318376304965568e-08,0
t10k_87519.obj,1.26895292851259e-06,0
t10k_88152.obj,3.0622155122728145e-07,0
t10k_88383.obj,2.6534346488915617e-06,0
t10k_88581.obj,0.1426554024219513,0
t10k_88615.obj,2.029344386755838e-06,0
t10k_888455.obj,2.4906088583520614e-05,0
t10k_894831.obj,1.476867623750877e-06,0
t10k_90283.obj,0.0067025418393313885,0
t10k_903533.obj,4.055842509842478e-06,0
t10k_90439.obj,2.4613373170723207e-05,0
t10k_90441.obj,2.3783260871823586e-07,0
t10k_90442.obj,2.9548170132898122e-08,0
t10k_904474.obj,3.166600436088629e-05,0
t10k_908460.obj,0.0028793320525437593,0
t10k_91139.obj,4.2540746107988525e-06,0
t10k_914685.obj,3.14134122163523e-05,0
t10k_91469.obj,6.369215270751738e-07,0
t10k_91588.obj,3.8188250073289964e-07,0
t10k_91610.obj,6.7173855313740205e-06,0
t10k_91659.obj,0.0011038806987926364,0
t10k_91917.obj,0.0010058407206088305,0
t10k_919992.obj,1.3775814267091846e-08,0
t10k_92068.obj,4.5011081084567195e-08,0
t10k_92116.obj,0.0001981588575290516,0
t10k_921797.obj,3.804128709816723e-06,0
t10k_92420.obj,1.2313876140979119e-05,0
t10k_93071.obj,0.07156924903392792,0
t10k_93101.obj,0.004480927251279354,0
t10k_931874.obj,6.336278612906199e-09,0
t10k_94148.obj,3.4522992791607976e-05,0
t10k_94675.obj,0.000308869406580925,0
t10k_953787.obj,3.6826211413654164e-08,0
t10k_95409.obj,0.0,0
t10k_95421.obj,0.0,0
t10k_95434.obj,0.0,0
t10k_95489.obj,8.043471461860463e-05,0
t10k_95500.obj,2.0619829399493028e-07,0
t10k_95797.obj,5.112051937317119e-08,0
t10k_958471.obj,2.0187866539345123e-05,0
t10k_96068.obj,0.9999996423721313,0
t10k_96123.obj,0.0003020611184183508,0
t10k_96269.obj,0.9999994039535522,0
t10k_96541.obj,0.00011709517275448889,0
t10k_96777.obj,9.265010703529697e-06,0
t10k_96779.obj,2.398866490693763e-05,0
t10k_97254.obj,2.7560226953937672e-05,0
t10k_97591.obj,3.33227876581077e-06,0
t10k_97595.obj,5.135615310791763e-07,0
t10k_976646.obj,2.175776003809915e-08,0
t10k_97866.obj,3.403731170692481e-05,0
t10k_98009.obj,7.319716388565212e-08,0
t10k_985159.obj,0.00010221852426184341,0
t10k_98657.obj,3.452034391671077e-08,0
t10k_98660.obj,4.303614176137671e-08,0
t10k_98667.obj,3.629887146416877e-07,0
t10k_98671.obj,1.2997361409361474e-07,0
t10k_98936.obj,1.355977815364895e-06,0
t10k_993954.obj,0.004020298831164837,0
t10k_99896.obj,3.926503566731299e-09,0
device_03_degenerate_0000.obj,1.0,1
device_03_degenerate_0001.obj,1.0,1
device_03_degenerate_0002.obj,1.0,1
device_03_degenerate_0003.obj,1.0,1
device_03_degenerate_0004.obj,1.0,1
device_03_degenerate_0005.obj,1.0,1
device_03_degenerate_0006.obj,1.0,1
device_03_degenerate_0007.obj,1.0,1
device_03_degenerate_0008.obj,1.0,1
device_03_degenerate_0009.obj,1.0,1
device_03_degenerate_0010.obj,1.0,1
device_03_degenerate_0011.obj,1.0,1
device_03_degenerate_0012.obj,1.0,1
device_03_degenerate_0013.obj,1.0,1
device_03_degenerate_0014.obj,1.0,1
device_03_degenerate_0015.obj,1.0,1
device_03_degenerate_0016.obj,1.0,1
device_03_degenerate_0017.obj,1.0,1
device_03_degenerate_0018.obj,1.0,1
device_03_degenerate_0019.obj,1.0,1
device_03_degenerate_0020.obj,1.0,1
device_03_degenerate_0021.obj,1.0,1
device_03_degenerate_0022.obj,1.0,1
device_03_degenerate_0023.obj,1.0,1
device_03_degenerate_0024.obj,1.0,1
device_03_disconnected_0000.obj,1.0,1
device_03_disconnected_0001.obj,0.9999995231628418,1
device_03_disconnected_0002.obj,0.999972939491272,1
device_03_disconnected_0003.obj,0.9997811913490295,1
device_03_disconnected_0004.obj,0.9999963045120239,1
device_03_disconnected_0005.obj,0.999339759349823,1
device_03_disconnected_0006.obj,0.9999978542327881,1
device_03_disconnected_0007.obj,1.0,1
device_03_disconnected_0008.obj,1.0,1
device_03_disconnected_0009.obj,1.0,1
device_03_disconnected_0010.obj,1.0,1
device_03_disconnected_0011.obj,0.9999936819076538,1
device_03_disconnected_0012.obj,1.0,1
device_03_disconnected_0013.obj,0.9999948740005493,1
device_03_disconnected_0014.obj,0.9999994039535522,1
device_03_disconnected_0015.obj,0.9999998807907104,1
device_03_disconnected_0016.obj,1.0,1
device_03_disconnected_0017.obj,1.0,1
device_03_disconnected_0018.obj,0.9999998807907104,1
device_03_disconnected_0019.obj,0.9999998807907104,1
device_03_disconnected_0020.obj,0.9998078942298889,1
device_03_disconnected_0021.obj,1.0,1
device_03_disconnected_0022.obj,0.9999998807907104,1
device_03_disconnected_0023.obj,0.9999513626098633,1
device_03_disconnected_0024.obj,1.0,1
device_03_faceswap_0000.obj,1.0,1
device_03_faceswap_0001.obj,1.0,1
device_03_faceswap_0002.obj,1.0,1
device_03_faceswap_0003.obj,1.0,1
device_03_faceswap_0004.obj,1.0,1
device_03_faceswap_0005.obj,1.0,1
device_03_faceswap_0006.obj,1.0,1
device_03_faceswap_0007.obj,1.0,1
device_03_faceswap_0008.obj,1.0,1
device_03_faceswap_0009.obj,1.0,1
device_03_faceswap_0010.obj,1.0,1
device_03_faceswap_0011.obj,1.0,1
device_03_faceswap_0012.obj,1.0,1
device_03_faceswap_0013.obj,1.0,1
device_03_faceswap_0014.obj,1.0,1
device_03_faceswap_0015.obj,1.0,1
device_03_faceswap_0016.obj,1.0,1
device_03_faceswap_0017.obj,1.0,1
device_03_faceswap_0018.obj,1.0,1
device_03_faceswap_0019.obj,1.0,1
device_03_faceswap_0020.obj,1.0,1
device_03_faceswap_0021.obj,1.0,1
device_03_faceswap_0022.obj,1.0,1
device_03_faceswap_0023.obj,1.0,1
device_03_faceswap_0024.obj,1.0,1
device_03_jitter_0000.obj,1.0,1
device_03_jitter_0001.obj,1.0,1
device_03_jitter_0002.obj,1.0,1
device_03_jitter_0003.obj,1.0,1
device_03_jitter_0004.obj,1.0,1
device_03_jitter_0005.obj,1.0,1
device_03_jitter_0006.obj,1.0,1
device_03_jitter_0007.obj,1.0,1
device_03_jitter_0008.obj,1.0,1
device_03_jitter_0009.obj,1.0,1
device_03_jitter_0010.obj,1.0,1
device_03_jitter_0011.obj,1.0,1
device_03_jitter_0012.obj,1.0,1
device_03_jitter_0013.obj,1.0,1
device_03_jitter_0014.obj,1.0,1
device_03_jitter_0015.obj,1.0,1
device_03_jitter_0016.obj,1.0,1
device_03_jitter_0017.obj,1.0,1
device_03_jitter_0018.obj,1.0,1
device_03_jitter_0019.obj,1.0,1
device_03_jitter_0020.obj,1.0,1
device_03_jitter_0021.obj,1.0,1
device_03_jitter_0022.obj,1.0,1
device_03_jitter_0023.obj,1.0,1
device_03_jitter_0024.obj,1.0,1
device_03_rigid_0000.obj,1.0,1
device_03_rigid_0001.obj,1.0,1
device_03_rigid_0002.obj,0.9999994039535522,1
device_03_rigid_0003.obj,1.0,1
device_03_rigid_0004.obj,0.9999964237213135,1
device_03_rigid_0005.obj,1.0,1
device_03_rigid_0006.obj,0.9999998807907104,1
device_03_rigid_0007.obj,0.9999998807907104,1
device_03_rigid_0008.obj,0.9998618364334106,1
device_03_rigid_0009.obj,0.9999998807907104,1
device_03_rigid_0010.obj,0.9999973773956299,1
device_03_rigid_0011.obj,0.9999172687530518,1
device_03_rigid_0012.obj,0.9999998807907104,1
device_03_rigid_0013.obj,1.0,1
device_03_rigid_0014.obj,0.9999994039535522,1
device_03_rigid_0015.obj,1.0,1
device_03_rigid_0016.obj,1.0,1
device_03_rigid_0017.obj,1.0,1
device_03_rigid_0018.obj,1.0,1
device_03_rigid_0019.obj,1.0,1
device_03_rigid_0020.obj,1.0,1
device_03_rigid_0021.obj,1.0,1
device_03_rigid_0022.obj,1.0,1
device_03_rigid_0023.obj,1.0,1
device_03_rigid_0024.obj,0.9999984502792358,1
device_03_tetwild_0000.obj,0.9999995231628418,1
device_03_tetwild_0001.obj,0.9999704360961914,1
device_03_tetwild_0002.obj,1.0,1
device_03_tetwild_0003.obj,1.0,1
device_03_tetwild_0004.obj,0.9999996423721313,1
device_03_tetwild_0005.obj,1.0,1
device_03_tetwild_0006.obj,1.0,1
device_03_tetwild_0007.obj,0.9999998807907104,1
device_03_tetwild_0008.obj,1.0,1
device_03_tetwild_0009.obj,1.0,1
device_03_tetwild_0010.obj,0.9999985694885254,1
device_03_tetwild_0011.obj,0.999995231628418,1
device_03_tetwild_0012.obj,0.9999959468841553,1
device_03_tetwild_0013.obj,0.9999998807907104,1
device_03_tetwild_0014.obj,1.0,1
device_03_tetwild_0015.obj,1.0,1
device_03_tetwild_0016.obj,1.0,1
device_03_tetwild_0017.obj,0.9999998807907104,1
device_03_tetwild_0018.obj,1.0,1
device_03_tetwild_0019.obj,1.0,1
device_03_tetwild_0020.obj,0.999945878982544,1
device_03_tetwild_0021.obj,0.9999997615814209,1
device_03_tetwild_0022.obj,1.0,1
device_03_tetwild_0023.obj,0.9999610185623169,1
device_03_tetwild_0024.obj,1.0,1
device_07_degenerate_0000.obj,1.0,1
device_07_degenerate_0001.obj,1.0,1
device_07_degenerate_0002.obj,1.0,1
device_07_degenerate_0003.obj,1.0,1
device_07_degenerate_0004.obj,1.0,1
device_07_degenerate_0005.obj,1.0,1
device_07_degenerate_0006.obj,1.0,1
device_07_degenerate_0007.obj,1.0,1
device_07_degenerate_0008.obj,1.0,1
device_07_degenerate_0009.obj,1.0,1
device_07_degenerate_0010.obj,1.0,1
device_07_degenerate_0011.obj,0.9999988079071045,1
device_07_degenerate_0012.obj,1.0,1
device_07_degenerate_0013.obj,1.0,1
device_07_degenerate_0014.obj,1.0,1
device_07_degenerate_0015.obj,1.0,1
device_07_degenerate_0016.obj,1.0,1
device_07_degenerate_0017.obj,1.0,1
device_07_degenerate_0018.obj,1.0,1
device_07_degenerate_0019.obj,1.0,1
device_07_degenerate_0020.obj,1.0,1
device_07_degenerate_0021.obj,1.0,1
device_07_degenerate_0022.obj,1.0,1
device_07_degenerate_0023.obj,1.0,1
device_07_degenerate_0024.obj,1.0,1
device_07_disconnected_0000.obj,0.9999995231628418,1
device_07_disconnected_0001.obj,0.9999995231628418,1
device_07_disconnected_0002.obj,0.9999998807907104,1
device_07_disconnected_0003.obj,1.0,1
device_07_disconnected_0004.obj,0.9999982118606567,1
device_07_disconnected_0005.obj,1.0,1
device_07_disconnected_0006.obj,0.9989515542984009,1
device_07_disconnected_0007.obj,1.0,1
device_07_disconnected_0008.obj,0.9999974966049194,1
device_07_disconnected_0009.obj,0.9999998807907104,1
device_07_disconnected_0010.obj,0.9999966621398926,1
device_07_disconnected_0011.obj,0.9999605417251587,1
device_07_disconnected_0012.obj,0.9999973773956299,1
device_07_disconnected_0013.obj,0.9999256134033203,1
device_07_disconnected_0014.obj,0.9999988079071045,1
device_07_disconnected_0015.obj,0.9819674491882324,1
device_07_disconnected_0016.obj,0.9999996423721313,1
device_07_disconnected_0017.obj,1.0,1
device_07_disconnected_0018.obj,0.9999810457229614,1
device_07_disconnected_0019.obj,0.9999997615814209,1
device_07_disconnected_0020.obj,0.99835205078125,1
device_07_disconnected_0021.obj,0.9999926090240479,1
device_07_disconnected_0022.obj,0.9998260140419006,1
device_07_disconnected_0023.obj,0.9999998807907104,1
device_07_disconnected_0024.obj,0.9999983310699463,1
device_07_faceswap_0000.obj,1.0,1
device_07_faceswap_0001.obj,1.0,1
device_07_faceswap_0002.obj,1.0,1
device_07_faceswap_0003.obj,1.0,1
device_07_faceswap_0004.obj,1.0,1
device_07_faceswap_0005.obj,1.0,1
device_07_faceswap_0006.obj,1.0,1
device_07_faceswap_0007.obj,1.0,1
device_07_faceswap_0008.obj,1.0,1
device_07_faceswap_0009.obj,1.0,1
device_07_faceswap_0010.obj,1.0,1
device_07_faceswap_0011.obj,1.0,1
device_07_faceswap_0012.obj,1.0,1
device_07_faceswap_0013.obj,1.0,1
device_07_faceswap_0014.obj,1.0,1
device_07_faceswap_0015.obj,1.0,1
device_07_faceswap_0016.obj,1.0,1
device_07_faceswap_0017.obj,1.0,1
device_07_faceswap_0018.obj,1.0,1
device_07_faceswap_0019.obj,1.0,1
device_07_faceswap_0020.obj,1.0,1
device_07_faceswap_0021.obj,1.0,1
device_07_faceswap_0022.obj,1.0,1
device_07_faceswap_0023.obj,1.0,1
device_07_faceswap_0024.obj,1.0,1
device_07_jitter_0000.obj,1.0,1
device_07_jitter_0001.obj,1.0,1
device_07_jitter_0002.obj,1.0,1
device_07_jitter_0003.obj,1.0,1
device_07_jitter_0004.obj,1.0,1
device_07_jitter_0005.obj,1.0,1
device_07_jitter_0006.obj,1.0,1
device_07_jitter_0007.obj,1.0,1
device_07_jitter_0008.obj,1.0,1
device_07_jitter_0009.obj,1.0,1
device_07_jitter_0010.obj,1.0,1
device_07_jitter_0011.obj,1.0,1
device_07_jitter_0012.obj,1.0,1
device_07_jitter_0013.obj,1.0,1
device_07_jitter_0014.obj,1.0,1
device_07_jitter_0015.obj,1.0,1
device_07_jitter_0016.obj,1.0,1
device_07_jitter_0017.obj,1.0,1
device_07_jitter_0018.obj,1.0,1
device_07_jitter_0019.obj,1.0,1
device_07_jitter_0020.obj,1.0,1
device_07_jitter_0021.obj,1.0,1
device_07_jitter_0022.obj,1.0,1
device_07_jitter_0023.obj,1.0,1
device_07_jitter_0024.obj,1.0,1
device_07_rigid_0000.obj,1.0,1
device_07_rigid_0001.obj,0.9984669089317322,1
device_07_rigid_0002.obj,0.9999943971633911,1
device_07_rigid_0003.obj,0.9999490976333618,1
device_07_rigid_0004.obj,0.9999394416809082,1
device_07_rigid_0005.obj,1.0,1
device_07_rigid_0006.obj,0.9996720552444458,1
device_07_rigid_0007.obj,0.9999713897705078,1
device_07_rigid_0008.obj,0.9999957084655762,1
device_07_rigid_0009.obj,0.9999996423721313,1
device_07_rigid_0010.obj,0.9999985694885254,1
device_07_rigid_0011.obj,0.9999970197677612,1
device_07_rigid_0012.obj,1.0,1
device_07_rigid_0013.obj,0.9999994039535522,1
device_07_rigid_0014.obj,0.9999724626541138,1
device_07_rigid_0015.obj,0.9999030828475952,1
device_07_rigid_0016.obj,0.9999172687530518,1
device_07_rigid_0017.obj,1.0,1
device_07_rigid_0018.obj,0.9999969005584717,1
device_07_rigid_0019.obj,0.9944983124732971,1
device_07_rigid_0020.obj,0.9997145533561707,1
device_07_rigid_0021.obj,0.9999537467956543,1
device_07_rigid_0022.obj,0.9999867677688599,1
device_07_rigid_0023.obj,0.9989166259765625,1
device_07_rigid_0024.obj,0.9999570846557617,1
device_07_tetwild_0000.obj,0.9999381303787231,1
device_07_tetwild_0001.obj,0.998900294303894,1
device_07_tetwild_0002.obj,0.9999116659164429,1
device_07_tetwild_0003.obj,0.9999990463256836,1
device_07_tetwild_0004.obj,0.999755322933197,1
device_07_tetwild_0005.obj,0.9999996423721313,1
device_07_tetwild_0006.obj,0.9999986886978149,1
device_07_tetwild_0007.obj,0.9999949932098389,1
device_07_tetwild_0008.obj,0.9985784292221069,1
device_07_tetwild_0009.obj,0.9999991655349731,1
device_07_tetwild_0010.obj,0.9999831914901733,1
device_07_tetwild_0011.obj,0.9999974966049194,1
device_07_tetwild_0012.obj,0.9995810389518738,1
device_07_tetwild_0013.obj,0.9999940395355225,1
device_07_tetwild_0014.obj,0.9999996423721313,1
device_07_tetwild_0015.obj,0.999993085861206,1
device_07_tetwild_0016.obj,0.9999063014984131,1
device_07_tetwild_0017.obj,0.9588215351104736,1
device_07_tetwild_0018.obj,1.0,1
device_07_tetwild_0019.obj,0.9974671602249146,1
device_07_tetwild_0020.obj,0.9999994039535522,1
device_07_tetwild_0021.obj,0.9999943971633911,1
device_07_tetwild_0022.obj,0.9999916553497314,1
device_07_tetwild_0023.obj,0.9999819993972778,1
device_07_tetwild_0024.obj,0.9999819993972778,1
device_00_degenerate_0000.obj,0.9999971389770508,1
device_00_degenerate_0001.obj,0.9999971389770508,1
device_00_degenerate_0002.obj,1.0,1
device_00_degenerate_0003.obj,0.9999971389770508,1
device_00_degenerate_0004.obj,1.0,1
device_00_degenerate_0005.obj,0.9999971389770508,1
device_00_degenerate_0006.obj,1.0,1
device_00_degenerate_0007.obj,0.9999971389770508,1
device_00_degenerate_0008.obj,1.0,1
device_00_degenerate_0009.obj,1.0,1
device_00_degenerate_0010.obj,1.0,1
device_00_degenerate_0011.obj,0.9999971389770508,1
device_00_degenerate_0012.obj,0.9999328851699829,1
device_00_degenerate_0013.obj,0.992294192314148,1
device_00_degenerate_0014.obj,1.0,1
device_00_degenerate_0015.obj,0.9999971389770508,1
device_00_degenerate_0016.obj,0.9999971389770508,1
device_00_degenerate_0017.obj,0.9999971389770508,1
device_00_degenerate_0018.obj,0.9999971389770508,1
device_00_degenerate_0019.obj,1.0,1
device_00_degenerate_0020.obj,0.9999978542327881,1
device_00_degenerate_0021.obj,0.9999971389770508,1
device_00_degenerate_0022.obj,0.9999971389770508,1
device_00_degenerate_0023.obj,1.0,1
device_00_degenerate_0024.obj,0.9999971389770508,1
device_00_disconnected_0000.obj,0.9999980926513672,1
device_00_disconnected_0001.obj,0.9999938011169434,1
device_00_disconnected_0002.obj,0.9999992847442627,1
device_00_disconnected_0003.obj,1.0,1
device_00_disconnected_0004.obj,0.9999998807907104,1
device_00_disconnected_0005.obj,0.9984679818153381,1
device_00_disconnected_0006.obj,1.0,1
device_00_disconnected_0007.obj,1.0,1
device_00_disconnected_0008.obj,0.999997615814209,1
device_00_disconnected_0009.obj,1.0,1
device_00_disconnected_0010.obj,0.9999997615814209,1
device_00_disconnected_0011.obj,0.9999895095825195,1
device_00_disconnected_0012.obj,0.9999995231628418,1
device_00_disconnected_0013.obj,0.9888472557067871,1
device_00_disconnected_0014.obj,0.9999996423721313,1
device_00_disconnected_0015.obj,0.9999997615814209,1
device_00_disconnected_0016.obj,0.9999560117721558,1
device_00_disconnected_0017.obj,0.9999982118606567,1
device_00_disconnected_0018.obj,0.9999485015869141,1
device_00_disconnected_0019.obj,1.0,1
device_00_disconnected_0020.obj,0.9999992847442627,1
device_00_disconnected_0021.obj,1.0,1
device_00_disconnected_0022.obj,0.9999979734420776,1
device_00_disconnected_0023.obj,0.9999995231628418,1
device_00_disconnected_0024.obj,0.9999985694885254,1
device_00_faceswap_0000.obj,1.0,1
device_00_faceswap_0001.obj,1.0,1
device_00_faceswap_0002.obj,1.0,1
device_00_faceswap_0003.obj,1.0,1
device_00_faceswap_0004.obj,1.0,1
device_00_faceswap_0005.obj,1.0,1
device_00_faceswap_0006.obj,1.0,1
device_00_faceswap_0007.obj,1.0,1
device_00_faceswap_0008.obj,1.0,1
device_00_faceswap_0009.obj,1.0,1
device_00_faceswap_0010.obj,1.0,1
device_00_faceswap_0011.obj,1.0,1
device_00_faceswap_0012.obj,1.0,1
device_00_faceswap_0013.obj,1.0,1
device_00_faceswap_0014.obj,1.0,1
device_00_faceswap_0015.obj,1.0,1
device_00_faceswap_0016.obj,1.0,1
device_00_faceswap_0017.obj,1.0,1
device_00_faceswap_0018.obj,1.0,1
device_00_faceswap_0019.obj,1.0,1
device_00_faceswap_0020.obj,1.0,1
device_00_faceswap_0021.obj,1.0,1
device_00_faceswap_0022.obj,1.0,1
device_00_faceswap_0023.obj,1.0,1
device_00_faceswap_0024.obj,1.0,1
device_00_jitter_0000.obj,1.0,1
device_00_jitter_0001.obj,1.0,1
device_00_jitter_0002.obj,1.0,1
device_00_jitter_0003.obj,1.0,1
device_00_jitter_0004.obj,1.0,1
device_00_jitter_0005.obj,1.0,1
device_00_jitter_0006.obj,1.0,1
device_00_jitter_0007.obj,1.0,1
device_00_jitter_0008.obj,1.0,1
device_00_jitter_0009.obj,1.0,1
device_00_jitter_0010.obj,1.0,1
device_00_jitter_0011.obj,1.0,1
device_00_jitter_0012.obj,1.0,1
device_00_jitter_0013.obj,1.0,1
device_00_jitter_0014.obj,1.0,1
device_00_jitter_0015.obj,1.0,1
device_00_jitter_0016.obj,1.0,1
device_00_jitter_0017.obj,1.0,1
device_00_jitter_0018.obj,1.0,1
device_00_jitter_0019.obj,1.0,1
device_00_jitter_0020.obj,1.0,1
device_00_jitter_0021.obj,1.0,1
device_00_jitter_0022.obj,1.0,1
device_00_jitter_0023.obj,1.0,1
device_00_jitter_0024.obj,1.0,1
device_00_rigid_0000.obj,1.0,1
device_00_rigid_0001.obj,0.9999960660934448,1
device_00_rigid_0002.obj,0.9585742354393005,1
device_00_rigid_0003.obj,0.9993952512741089,1
device_00_rigid_0004.obj,0.9999902248382568,1
device_00_rigid_0005.obj,0.9999995231628418,1
device_00_rigid_0006.obj,0.9999212026596069,1
device_00_rigid_0007.obj,0.9999642372131348,1
device_00_rigid_0008.obj,0.9999959468841553,1
device_00_rigid_0009.obj,0.9996981620788574,1
device_00_rigid_0010.obj,0.9999949932098389,1
device_00_rigid_0011.obj,0.9999896287918091,1
device_00_rigid_0012.obj,0.9999842643737793,1
device_00_rigid_0013.obj,0.9999842643737793,1
device_00_rigid_0014.obj,0.9944022297859192,1
device_00_rigid_0015.obj,0.9999958276748657,1
device_00_rigid_0016.obj,0.998087465763092,1
device_00_rigid_0017.obj,0.8656765818595886,1
device_00_rigid_0018.obj,0.9999908208847046,1
device_00_rigid_0019.obj,0.9988682270050049,1
device_00_rigid_0020.obj,0.9834381937980652,1
device_00_rigid_0021.obj,0.9644812941551208,1
device_00_rigid_0022.obj,0.9999936819076538,1
device_00_rigid_0023.obj,0.9993783235549927,1
device_00_rigid_0024.obj,0.9994326233863831,1
device_00_tetwild_0000.obj,0.9898622035980225,1
device_00_tetwild_0001.obj,0.968953549861908,1
device_00_tetwild_0002.obj,0.9999927282333374,1
device_00_tetwild_0003.obj,0.9999998807907104,1
device_00_tetwild_0004.obj,0.9082632064819336,1
device_00_tetwild_0005.obj,0.9999997615814209,1
device_00_tetwild_0006.obj,0.9999982118606567,1
device_00_tetwild_0007.obj,0.9999827146530151,1
device_00_tetwild_0008.obj,0.8475550413131714,1
device_00_tetwild_0009.obj,0.9278631806373596,1
device_00_tetwild_0010.obj,0.9999377727508545,1
device_00_tetwild_0011.obj,0.9999972581863403,1
device_00_tetwild_0012.obj,0.7995847463607788,1
device_00_tetwild_0013.obj,0.9997312426567078,1
device_00_tetwild_0014.obj,0.9981217980384827,1
device_00_tetwild_0015.obj,0.9998687505722046,1
device_00_tetwild_0016.obj,0.9999955892562866,1
device_00_tetwild_0017.obj,0.9993687272071838,1
device_00_tetwild_0018.obj,0.9998072981834412,1
device_00_tetwild_0019.obj,0.9999998807907104,1
device_00_tetwild_0020.obj,0.9999988079071045,1
device_00_tetwild_0021.obj,0.9999974966049194,1
device_00_tetwild_0022.obj,0.9965750575065613,1
device_00_tetwild_0023.obj,0.9843554496765137,1
device_00_tetwild_0024.obj,0.9997304081916809,1
device_17_degenerate_0000.obj,0.9999995231628418,1
device_17_degenerate_0001.obj,1.0,1
device_17_degenerate_0002.obj,1.0,1
device_17_degenerate_0003.obj,0.9999995231628418,1
device_17_degenerate_0004.obj,0.9999995231628418,1
device_17_degenerate_0005.obj,1.0,1
device_17_degenerate_0006.obj,0.9999995231628418,1
device_17_degenerate_0007.obj,0.9999995231628418,1
device_17_degenerate_0008.obj,1.0,1
device_17_degenerate_0009.obj,0.9999995231628418,1
device_17_degenerate_0010.obj,1.0,1
device_17_degenerate_0011.obj,0.9999995231628418,1
device_17_degenerate_0012.obj,1.0,1
device_17_degenerate_0013.obj,1.0,1
device_17_degenerate_0014.obj,1.0,1
device_17_degenerate_0015.obj,1.0,1
device_17_degenerate_0016.obj,0.9999995231628418,1
device_17_degenerate_0017.obj,0.9999995231628418,1
device_17_degenerate_0018.obj,1.0,1
device_17_degenerate_0019.obj,0.9999995231628418,1
device_17_degenerate_0020.obj,1.0,1
device_17_degenerate_0021.obj,1.0,1
device_17_degenerate_0022.obj,0.9999995231628418,1
device_17_degenerate_0023.obj,0.9999995231628418,1
device_17_degenerate_0024.obj,1.0,1
device_17_disconnected_0000.obj,0.9999661445617676,1
device_17_disconnected_0001.obj,1.0,1
device_17_disconnected_0002.obj,0.9999841451644897,1
device_17_disconnected_0003.obj,0.9999998807907104,1
device_17_disconnected_0004.obj,0.9996658563613892,1
device_17_disconnected_0005.obj,1.0,1
device_17_disconnected_0006.obj,0.9998577833175659,1
device_17_disconnected_0007.obj,0.9999997615814209,1
device_17_disconnected_0008.obj,0.9999998807907104,1
device_17_disconnected_0009.obj,0.9999978542327881,1
device_17_disconnected_0010.obj,0.9999452829360962,1
device_17_disconnected_0011.obj,0.9082865715026855,1
device_17_disconnected_0012.obj,0.9999971389770508,1
device_17_disconnected_0013.obj,1.0,1
device_17_disconnected_0014.obj,0.9999998807907104,1
device_17_disconnected_0015.obj,0.9998891353607178,1
device_17_disconnected_0016.obj,0.999976396560669,1
device_17_disconnected_0017.obj,0.9999949932098389,1
device_17_disconnected_0018.obj,0.9999992847442627,1
device_17_disconnected_0019.obj,0.9998949766159058,1
device_17_disconnected_0020.obj,0.9999973773956299,1
device_17_disconnected_0021.obj,1.0,1
device_17_disconnected_0022.obj,0.9999996423721313,1
device_17_disconnected_0023.obj,0.9999994039535522,1
device_17_disconnected_0024.obj,0.9997966885566711,1
device_17_faceswap_0000.obj,0.9999995231628418,1
device_17_faceswap_0001.obj,0.9999995231628418,1
device_17_faceswap_0002.obj,0.9999995231628418,1
device_17_faceswap_0003.obj,0.9999995231628418,1
device_17_faceswap_0004.obj,0.9999995231628418,1
device_17_faceswap_0005.obj,0.9999995231628418,1
device_17_faceswap_0006.obj,0.9999995231628418,1
device_17_faceswap_0007.obj,0.9999995231628418,1
device_17_faceswap_0008.obj,0.9999995231628418,1
device_17_faceswap_0009.obj,0.9999995231628418,1
device_17_faceswap_0010.obj,0.9999995231628418,1
device_17_faceswap_0011.obj,0.9999995231628418,1
device_17_faceswap_0012.obj,0.9999995231628418,1
device_17_faceswap_0013.obj,0.9999995231628418,1
device_17_faceswap_0014.obj,0.9999995231628418,1
device_17_faceswap_0015.obj,0.9999995231628418,1
device_17_faceswap_0016.obj,0.9999995231628418,1
device_17_faceswap_0017.obj,0.9999995231628418,1
device_17_faceswap_0018.obj,0.9999995231628418,1
device_17_faceswap_0019.obj,0.9999995231628418,1
device_17_faceswap_0020.obj,0.9999995231628418,1
device_17_faceswap_0021.obj,0.9999995231628418,1
device_17_faceswap_0022.obj,0.9999995231628418,1
device_17_faceswap_0023.obj,0.9999995231628418,1
device_17_faceswap_0024.obj,0.9999995231628418,1
device_17_jitter_0000.obj,0.9999998807907104,1
device_17_jitter_0001.obj,0.9999998807907104,1
device_17_jitter_0002.obj,0.9999997615814209,1
device_17_jitter_0003.obj,0.9999998807907104,1
device_17_jitter_0004.obj,0.9999996423721313,1
device_17_jitter_0005.obj,0.9999997615814209,1
device_17_jitter_0006.obj,0.9999998807907104,1
device_17_jitter_0007.obj,0.9999997615814209,1
device_17_jitter_0008.obj,0.9999996423721313,1
device_17_jitter_0009.obj,0.9999988079071045,1
device_17_jitter_0010.obj,0.9999998807907104,1
device_17_jitter_0011.obj,0.9999997615814209,1
device_17_jitter_0012.obj,0.9999995231628418,1
device_17_jitter_0013.obj,0.9999988079071045,1
device_17_jitter_0014.obj,0.9999997615814209,1
device_17_jitter_0015.obj,0.9999990463256836,1
device_17_jitter_0016.obj,0.9999998807907104,1
device_17_jitter_0017.obj,0.9999998807907104,1
device_17_jitter_0018.obj,0.9999996423721313,1
device_17_jitter_0019.obj,0.9999998807907104,1
device_17_jitter_0020.obj,0.9999997615814209,1
device_17_jitter_0021.obj,0.9999996423721313,1
device_17_jitter_0022.obj,0.9999998807907104,1
device_17_jitter_0023.obj,0.9999998807907104,1
device_17_jitter_0024.obj,0.9999998807907104,1
device_17_rigid_0000.obj,0.9999998807907104,1
device_17_rigid_0001.obj,0.9999985694885254,1
device_17_rigid_0002.obj,0.9998937845230103,1
device_17_rigid_0003.obj,1.0,1
device_17_rigid_0004.obj,0.999980092048645,1
device_17_rigid_0005.obj,0.9999997615814209,1
device_17_rigid_0006.obj,0.9999375343322754,1
device_17_rigid_0007.obj,1.0,1
device_17_rigid_0008.obj,0.9999970197677612,1
device_17_rigid_0009.obj,0.9999754428863525,1
device_17_rigid_0010.obj,0.9999936819076538,1
device_17_rigid_0011.obj,0.9999395608901978,1
device_17_rigid_0012.obj,1.0,1
device_17_rigid_0013.obj,0.9999972581863403,1
device_17_rigid_0014.obj,0.9999996423721313,1
device_17_rigid_0015.obj,0.9999998807907104,1
device_17_rigid_0016.obj,1.0,1
device_17_rigid_0017.obj,0.9999575614929199,1
device_17_rigid_0018.obj,1.0,1
device_17_rigid_0019.obj,0.9999994039535522,1
device_17_rigid_0020.obj,0.9999996423721313,1
device_17_rigid_0021.obj,0.9999998807907104,1
device_17_rigid_0022.obj,0.9999954700469971,1
device_17_rigid_0023.obj,1.0,1
device_17_rigid_0024.obj,1.0,1
device_17_tetwild_0000.obj,1.0,1
device_17_tetwild_0001.obj,0.9999979734420776,1
device_17_tetwild_0002.obj,0.9999974966049194,1
device_17_tetwild_0003.obj,1.0,1
device_17_tetwild_0004.obj,0.9999847412109375,1
device_17_tetwild_0005.obj,0.9999991655349731,1
device_17_tetwild_0007.obj,0.9999885559082031,1
device_17_tetwild_0008.obj,1.0,1
device_17_tetwild_0009.obj,1.0,1
device_17_tetwild_0010.obj,1.0,1
device_17_tetwild_0011.obj,1.0,1
device_17_tetwild_0012.obj,0.999997615814209,1
device_17_tetwild_0013.obj,0.9999992847442627,1
device_17_tetwild_0014.obj,0.9999681711196899,1
device_17_tetwild_0015.obj,0.9999994039535522,1
device_17_tetwild_0016.obj,1.0,1
device_17_tetwild_0017.obj,0.9999984502792358,1
device_17_tetwild_0018.obj,0.9999998807907104,1
device_17_tetwild_0019.obj,1.0,1
device_17_tetwild_0020.obj,1.0,1
device_17_tetwild_0021.obj,0.9999990463256836,1
device_17_tetwild_0022.obj,0.9999990463256836,1
device_17_tetwild_0023.obj,1.0,1
device_17_tetwild_0024.obj,0.9999912977218628,1
device_06_degenerate_0000.obj,1.0,1
device_06_degenerate_0001.obj,1.0,1
device_06_degenerate_0002.obj,1.0,1
device_06_degenerate_0003.obj,1.0,1
device_06_degenerate_0004.obj,1.0,1
device_06_degenerate_0005.obj,1.0,1
device_06_degenerate_0006.obj,1.0,1
device_06_degenerate_0007.obj,1.0,1
device_06_degenerate_0008.obj,1.0,1
device_06_degenerate_0009.obj,1.0,1
device_06_degenerate_0010.obj,1.0,1
device_06_degenerate_0011.obj,1.0,1
device_06_degenerate_0012.obj,1.0,1
device_06_degenerate_0013.obj,1.0,1
device_06_degenerate_0014.obj,1.0,1
device_06_degenerate_0015.obj,1.0,1
device_06_degenerate_0016.obj,1.0,1
device_06_degenerate_0017.obj,1.0,1
device_06_degenerate_0018.obj,1.0,1
device_06_degenerate_0019.obj,1.0,1
device_06_degenerate_0020.obj,1.0,1
device_06_degenerate_0021.obj,1.0,1
device_06_degenerate_0022.obj,1.0,1
device_06_degenerate_0023.obj,1.0,1
device_06_degenerate_0024.obj,1.0,1
device_06_disconnected_0000.obj,1.0,1
device_06_disconnected_0001.obj,1.0,1
device_06_disconnected_0002.obj,1.0,1
device_06_disconnected_0003.obj,0.9999969005584717,1
device_06_disconnected_0004.obj,0.9999992847442627,1
device_06_disconnected_0005.obj,1.0,1
device_06_disconnected_0006.obj,0.9999829530715942,1
device_06_disconnected_0007.obj,0.9953058362007141,1
device_06_disconnected_0008.obj,0.9999991655349731,1
device_06_disconnected_0009.obj,0.9999995231628418,1
device_06_disconnected_0010.obj,0.9999995231628418,1
device_06_disconnected_0011.obj,1.0,1
device_06_disconnected_0012.obj,0.9999972581863403,1
device_06_disconnected_0013.obj,0.9999998807907104,1
device_06_disconnected_0014.obj,0.9782006740570068,1
device_06_disconnected_0015.obj,0.999981164932251,1
device_06_disconnected_0016.obj,0.9999946355819702,1
device_06_disconnected_0017.obj,1.0,1
device_06_disconnected_0018.obj,0.9999886751174927,1
device_06_disconnected_0019.obj,0.9999997615814209,1
device_06_disconnected_0020.obj,0.9998462200164795,1
device_06_disconnected_0021.obj,1.0,1
device_06_disconnected_0022.obj,0.9998801946640015,1
device_06_disconnected_0023.obj,0.9999983310699463,1
device_06_disconnected_0024.obj,0.9999964237213135,1
device_06_faceswap_0000.obj,1.0,1
device_06_faceswap_0001.obj,1.0,1
device_06_faceswap_0002.obj,1.0,1
device_06_faceswap_0003.obj,1.0,1
device_06_faceswap_0004.obj,1.0,1
device_06_faceswap_0005.obj,1.0,1
device_06_faceswap_0006.obj,1.0,1
device_06_faceswap_0007.obj,1.0,1
device_06_faceswap_0008.obj,1.0,1
device_06_faceswap_0009.obj,1.0,1
device_06_faceswap_0010.obj,1.0,1
device_06_faceswap_0011.obj,1.0,1
device_06_faceswap_0012.obj,1.0,1
device_06_faceswap_0013.obj,1.0,1
device_06_faceswap_0014.obj,1.0,1
device_06_faceswap_0015.obj,1.0,1
device_06_faceswap_0016.obj,1.0,1
device_06_faceswap_0017.obj,1.0,1
device_06_faceswap_0018.obj,1.0,1
device_06_faceswap_0019.obj,1.0,1
device_06_faceswap_0020.obj,1.0,1
device_06_faceswap_0021.obj,1.0,1
device_06_faceswap_0022.obj,1.0,1
device_06_faceswap_0023.obj,1.0,1
device_06_faceswap_0024.obj,1.0,1
device_06_jitter_0000.obj,1.0,1
device_06_jitter_0001.obj,1.0,1
device_06_jitter_0002.obj,1.0,1
device_06_jitter_0003.obj,1.0,1
device_06_jitter_0004.obj,1.0,1
device_06_jitter_0005.obj,1.0,1
device_06_jitter_0006.obj,1.0,1
device_06_jitter_0007.obj,1.0,1
device_06_jitter_0008.obj,1.0,1
device_06_jitter_0009.obj,1.0,1
device_06_jitter_0010.obj,1.0,1
device_06_jitter_0011.obj,1.0,1
device_06_jitter_0012.obj,1.0,1
device_06_jitter_0013.obj,1.0,1
device_06_jitter_0014.obj,1.0,1
device_06_jitter_0015.obj,1.0,1
device_06_jitter_0016.obj,1.0,1
device_06_jitter_0017.obj,1.0,1
device_06_jitter_0018.obj,1.0,1
device_06_jitter_0019.obj,1.0,1
device_06_jitter_0020.obj,1.0,1
device_06_jitter_0021.obj,1.0,1
device_06_jitter_0022.obj,1.0,1
device_06_jitter_0023.obj,1.0,1
device_06_jitter_0024.obj,1.0,1
device_06_rigid_0000.obj,0.9999990463256836,1
device_06_rigid_0001.obj,0.9999997615814209,1
device_06_rigid_0002.obj,1.0,1
device_06_rigid_0003.obj,0.9999759197235107,1
device_06_rigid_0004.obj,0.9999998807907104,1
device_06_rigid_0005.obj,0.999998927116394,1
device_06_rigid_0006.obj,0.9999994039535522,1
device_06_rigid_0007.obj,1.0,1
device_06_rigid_0008.obj,0.9999998807907104,1
device_06_rigid_0009.obj,1.0,1
device_06_rigid_0010.obj,1.0,1
device_06_rigid_0011.obj,0.9999997615814209,1
device_06_rigid_0012.obj,1.0,1
device_06_rigid_0013.obj,1.0,1
device_06_rigid_0014.obj,0.9999345541000366,1
device_06_rigid_0015.obj,1.0,1
device_06_rigid_0016.obj,0.9999673366546631,1
device_06_rigid_0017.obj,0.9999998807907104,1
device_06_rigid_0018.obj,1.0,1
device_06_rigid_0019.obj,1.0,1
device_06_rigid_0020.obj,0.9999995231628418,1
device_06_rigid_0021.obj,0.9999994039535522,1
device_06_rigid_0022.obj,0.9999996423721313,1
device_06_rigid_0023.obj,0.9999995231628418,1
device_06_rigid_0024.obj,1.0,1
device_06_tetwild_0000.obj,0.9999779462814331,1
device_06_tetwild_0001.obj,0.9999998807907104,1
device_06_tetwild_0002.obj,0.9999998807907104,1
device_06_tetwild_0003.obj,1.0,1
device_06_tetwild_0004.obj,0.9999521970748901,1
device_06_tetwild_0005.obj,0.9999986886978149,1
device_06_tetwild_0006.obj,0.9999983310699463,1
device_06_tetwild_0007.obj,1.0,1
device_06_tetwild_0008.obj,0.9999997615814209,1
device_06_tetwild_0009.obj,1.0,1
device_06_tetwild_0010.obj,0.9999998807907104,1
device_06_tetwild_0011.obj,1.0,1
device_06_tetwild_0012.obj,0.9999284744262695,1
device_06_tetwild_0013.obj,0.9999992847442627,1
device_06_tetwild_0014.obj,0.9999984502792358,1
device_06_tetwild_0015.obj,0.9999997615814209,1
device_06_tetwild_0016.obj,0.9999938011169434,1
device_06_tetwild_0017.obj,1.0,1
device_06_tetwild_0018.obj,0.9999982118606567,1
device_06_tetwild_0019.obj,1.0,1
device_06_tetwild_0020.obj,1.0,1
device_06_tetwild_0021.obj,0.9999971389770508,1
device_06_tetwild_0022.obj,1.0,1
device_06_tetwild_0023.obj,1.0,1
device_06_tetwild_0024.obj,0.9999607801437378,1
device_01_degenerate_0000.obj,1.0,1
device_01_degenerate_0001.obj,1.0,1
device_01_degenerate_0002.obj,1.0,1
device_01_degenerate_0003.obj,1.0,1
device_01_degenerate_0004.obj,1.0,1
device_01_degenerate_0005.obj,1.0,1
device_01_degenerate_0006.obj,1.0,1
device_01_degenerate_0007.obj,1.0,1
device_01_degenerate_0008.obj,1.0,1
device_01_degenerate_0009.obj,1.0,1
device_01_degenerate_0010.obj,1.0,1
device_01_degenerate_0011.obj,1.0,1
device_01_degenerate_0012.obj,1.0,1
device_01_degenerate_0013.obj,1.0,1
device_01_degenerate_0014.obj,1.0,1
device_01_degenerate_0015.obj,1.0,1
device_01_degenerate_0016.obj,1.0,1
device_01_degenerate_0017.obj,1.0,1
device_01_degenerate_0018.obj,1.0,1
device_01_degenerate_0019.obj,1.0,1
device_01_degenerate_0020.obj,0.9999986886978149,1
device_01_degenerate_0021.obj,1.0,1
device_01_degenerate_0022.obj,1.0,1
device_01_degenerate_0023.obj,1.0,1
device_01_degenerate_0024.obj,1.0,1
device_01_disconnected_0000.obj,0.9999998807907104,1
device_01_disconnected_0001.obj,0.9999905824661255,1
device_01_disconnected_0002.obj,0.9999997615814209,1
device_01_disconnected_0003.obj,0.9961207509040833,1
device_01_disconnected_0004.obj,0.9999570846557617,1
device_01_disconnected_0005.obj,0.9999996423721313,1
device_01_disconnected_0006.obj,1.0,1
device_01_disconnected_0007.obj,0.9998540878295898,1
device_01_disconnected_0008.obj,0.9999996423721313,1
device_01_disconnected_0009.obj,0.9994860887527466,1
device_01_disconnected_0010.obj,1.0,1
device_01_disconnected_0011.obj,0.9999994039535522,1
device_01_disconnected_0012.obj,1.0,1
device_01_disconnected_0013.obj,0.9981251358985901,1
device_01_disconnected_0014.obj,0.9998952150344849,1
device_01_disconnected_0015.obj,1.0,1
device_01_disconnected_0016.obj,0.9999096393585205,1
device_01_disconnected_0017.obj,0.9999992847442627,1
device_01_disconnected_0018.obj,0.9990153312683105,1
device_01_disconnected_0019.obj,1.0,1
device_01_disconnected_0020.obj,0.999992847442627,1
device_01_disconnected_0021.obj,0.9999996423721313,1
device_01_disconnected_0022.obj,0.9999955892562866,1
device_01_disconnected_0023.obj,0.9999997615814209,1
device_01_disconnected_0024.obj,0.9999998807907104,1
device_01_faceswap_0000.obj,1.0,1
device_01_faceswap_0001.obj,1.0,1
device_01_faceswap_0002.obj,1.0,1
device_01_faceswap_0003.obj,1.0,1
device_01_faceswap_0004.obj,1.0,1
device_01_faceswap_0005.obj,1.0,1
device_01_faceswap_0006.obj,1.0,1
device_01_faceswap_0007.obj,1.0,1
device_01_faceswap_0008.obj,1.0,1
device_01_faceswap_0009.obj,1.0,1
device_01_faceswap_0010.obj,1.0,1
device_01_faceswap_0011.obj,1.0,1
device_01_faceswap_0012.obj,1.0,1
device_01_faceswap_0013.obj,1.0,1
device_01_faceswap_0014.obj,1.0,1
device_01_faceswap_0015.obj,1.0,1
device_01_faceswap_0016.obj,1.0,1
device_01_faceswap_0017.obj,1.0,1
device_01_faceswap_0018.obj,1.0,1
device_01_faceswap_0019.obj,1.0,1
device_01_faceswap_0020.obj,1.0,1
device_01_faceswap_0021.obj,1.0,1
device_01_faceswap_0022.obj,1.0,1
device_01_faceswap_0023.obj,1.0,1
device_01_faceswap_0024.obj,1.0,1
device_01_jitter_0000.obj,1.0,1
device_01_jitter_0001.obj,1.0,1
device_01_jitter_0002.obj,1.0,1
device_01_jitter_0003.obj,1.0,1
device_01_jitter_0004.obj,1.0,1
device_01_jitter_0005.obj,1.0,1
device_01_jitter_0006.obj,1.0,1
device_01_jitter_0007.obj,1.0,1
device_01_jitter_0008.obj,1.0,1
device_01_jitter_0009.obj,1.0,1
device_01_jitter_0010.obj,1.0,1
device_01_jitter_0011.obj,1.0,1
device_01_jitter_0012.obj,1.0,1
device_01_jitter_0013.obj,1.0,1
device_01_jitter_0014.obj,1.0,1
device_01_jitter_0015.obj,1.0,1
device_01_jitter_0016.obj,1.0,1
device_01_jitter_0017.obj,1.0,1
device_01_jitter_0018.obj,1.0,1
device_01_jitter_0019.obj,1.0,1
device_01_jitter_0020.obj,1.0,1
device_01_jitter_0021.obj,1.0,1
device_01_jitter_0022.obj,1.0,1
device_01_jitter_0023.obj,1.0,1
device_01_jitter_0024.obj,1.0,1
device_01_rigid_0000.obj,0.9999874830245972,1
device_01_rigid_0001.obj,0.9999996423721313,1
device_01_rigid_0002.obj,0.999968409538269,1
device_01_rigid_0003.obj,0.999849796295166,1
device_01_rigid_0004.obj,1.0,1
device_01_rigid_0005.obj,0.9998642206192017,1
device_01_rigid_0006.obj,0.9987668991088867,1
device_01_rigid_0007.obj,0.9999994039535522,1
device_01_rigid_0008.obj,1.0,1
device_01_rigid_0009.obj,0.9971076846122742,1
device_01_rigid_0010.obj,0.9999744892120361,1
device_01_rigid_0011.obj,0.9960131645202637,1
device_01_rigid_0012.obj,1.0,1
device_01_rigid_0013.obj,0.9999362230300903,1
device_01_rigid_0014.obj,0.9999419450759888,1
device_01_rigid_0015.obj,0.9999492168426514,1
device_01_rigid_0016.obj,0.9999972581863403,1
device_01_rigid_0017.obj,0.9999997615814209,1
device_01_rigid_0018.obj,0.9999918937683105,1
device_01_rigid_0019.obj,0.9999991655349731,1
device_01_rigid_0020.obj,0.9999997615814209,1
device_01_rigid_0021.obj,0.9999991655349731,1
device_01_rigid_0022.obj,1.0,1
device_01_rigid_0023.obj,0.9999246597290039,1
device_01_rigid_0024.obj,0.9992498755455017,1
device_01_tetwild_0000.obj,0.9999101161956787,1
device_01_tetwild_0001.obj,0.7700981497764587,1
device_01_tetwild_0002.obj,1.0,1
device_01_tetwild_0003.obj,0.9995321035385132,1
device_01_tetwild_0004.obj,0.9999994039535522,1
device_01_tetwild_0005.obj,0.9999959468841553,1
device_01_tetwild_0006.obj,0.9971268773078918,1
device_01_tetwild_0007.obj,0.9999997615814209,1
device_01_tetwild_0008.obj,1.0,1
device_01_tetwild_0009.obj,0.9999978542327881,1
device_01_tetwild_0011.obj,0.9999582767486572,1
device_01_tetwild_0012.obj,0.999972939491272,1
device_01_tetwild_0013.obj,0.9999866485595703,1
device_01_tetwild_0014.obj,1.0,1
device_01_tetwild_0015.obj,0.9999972581863403,1
device_01_tetwild_0016.obj,0.9999998807907104,1
device_01_tetwild_0017.obj,0.999962329864502,1
device_01_tetwild_0018.obj,1.0,1
device_01_tetwild_0019.obj,0.9998224377632141,1
device_01_tetwild_0020.obj,0.9993298053741455,1
device_01_tetwild_0021.obj,1.0,1
device_01_tetwild_0022.obj,0.9996199607849121,1
device_01_tetwild_0023.obj,0.9999954700469971,1
device_01_tetwild_0024.obj,0.9996820688247681,1
device_15_degenerate_0000.obj,1.0,1
device_15_degenerate_0001.obj,1.0,1
device_15_degenerate_0002.obj,1.0,1
device_15_degenerate_0003.obj,0.9964982271194458,1
device_15_degenerate_0004.obj,1.0,1
device_15_degenerate_0005.obj,0.9999122619628906,1
device_15_degenerate_0006.obj,1.0,1
device_15_degenerate_0007.obj,1.0,1
device_15_degenerate_0008.obj,1.0,1
device_15_degenerate_0009.obj,1.0,1
device_15_degenerate_0010.obj,1.0,1
device_15_degenerate_0011.obj,1.0,1
device_15_degenerate_0012.obj,1.0,1
device_15_degenerate_0013.obj,1.0,1
device_15_degenerate_0014.obj,1.0,1
device_15_degenerate_0015.obj,1.0,1
device_15_degenerate_0016.obj,1.0,1
device_15_degenerate_0017.obj,1.0,1
device_15_degenerate_0018.obj,1.0,1
device_15_degenerate_0019.obj,1.0,1
device_15_degenerate_0020.obj,1.0,1
device_15_degenerate_0021.obj,1.0,1
device_15_degenerate_0022.obj,1.0,1
device_15_degenerate_0023.obj,0.9999995231628418,1
device_15_degenerate_0024.obj,1.0,1
device_15_disconnected_0000.obj,0.9999997615814209,1
device_15_disconnected_0001.obj,0.9989427924156189,1
device_15_disconnected_0002.obj,0.9999995231628418,1
device_15_disconnected_0003.obj,0.9999963045120239,1
device_15_disconnected_0004.obj,0.9999994039535522,1
device_15_disconnected_0005.obj,0.9999977350234985,1
device_15_disconnected_0006.obj,0.9996656179428101,1
device_15_disconnected_0007.obj,0.9997658133506775,1
device_15_disconnected_0008.obj,0.9999997615814209,1
device_15_disconnected_0009.obj,0.46802225708961487,1
device_15_disconnected_0010.obj,0.9999594688415527,1
device_15_disconnected_0011.obj,0.9999986886978149,1
device_15_disconnected_0012.obj,0.9999995231628418,1
device_15_disconnected_0013.obj,0.9999994039535522,1
device_15_disconnected_0014.obj,0.9996101260185242,1
device_15_disconnected_0015.obj,0.9518278241157532,1
device_15_disconnected_0016.obj,0.999968409538269,1
device_15_disconnected_0017.obj,0.9999934434890747,1
device_15_disconnected_0018.obj,0.9998986721038818,1
device_15_disconnected_0019.obj,0.9999997615814209,1
device_15_disconnected_0020.obj,0.9999805688858032,1
device_15_disconnected_0021.obj,1.0,1
device_15_disconnected_0022.obj,1.0,1
device_15_disconnected_0023.obj,0.9999992847442627,1
device_15_disconnected_0024.obj,0.9999963045120239,1
device_15_faceswap_0000.obj,1.0,1
device_15_faceswap_0001.obj,1.0,1
device_15_faceswap_0002.obj,1.0,1
device_15_faceswap_0003.obj,1.0,1
device_15_faceswap_0004.obj,1.0,1
device_15_faceswap_0005.obj,1.0,1
device_15_faceswap_0006.obj,1.0,1
device_15_faceswap_0007.obj,1.0,1
device_15_faceswap_0008.obj,1.0,1
device_15_faceswap_0009.obj,1.0,1
device_15_faceswap_0010.obj,1.0,1
device_15_faceswap_0011.obj,1.0,1
device_15_faceswap_0012.obj,1.0,1
device_15_faceswap_0013.obj,1.0,1
device_15_faceswap_0014.obj,1.0,1
device_15_faceswap_0015.obj,1.0,1
device_15_faceswap_0016.obj,1.0,1
device_15_faceswap_0017.obj,1.0,1
device_15_faceswap_0018.obj,1.0,1
device_15_faceswap_0019.obj,1.0,1
device_15_faceswap_0020.obj,1.0,1
device_15_faceswap_0021.obj,1.0,1
device_15_faceswap_0022.obj,1.0,1
device_15_faceswap_0023.obj,1.0,1
device_15_faceswap_0024.obj,1.0,1
device_15_jitter_0000.obj,1.0,1
device_15_jitter_0001.obj,1.0,1
device_15_jitter_0002.obj,1.0,1
device_15_jitter_0003.obj,1.0,1
device_15_jitter_0004.obj,1.0,1
device_15_jitter_0005.obj,1.0,1
device_15_jitter_0006.obj,1.0,1
device_15_jitter_0007.obj,1.0,1
device_15_jitter_0008.obj,1.0,1
device_15_jitter_0009.obj,1.0,1
device_15_jitter_0010.obj,1.0,1
device_15_jitter_0011.obj,1.0,1
device_15_jitter_0012.obj,1.0,1
device_15_jitter_0013.obj,1.0,1
device_15_jitter_0014.obj,1.0,1
device_15_jitter_0015.obj,1.0,1
device_15_jitter_0016.obj,1.0,1
device_15_jitter_0017.obj,1.0,1
device_15_jitter_0018.obj,1.0,1
device_15_jitter_0019.obj,1.0,1
device_15_jitter_0020.obj,1.0,1
device_15_jitter_0021.obj,1.0,1
device_15_jitter_0022.obj,1.0,1
device_15_jitter_0023.obj,1.0,1
device_15_jitter_0024.obj,1.0,1
device_15_rigid_0000.obj,0.9999974966049194,1
device_15_rigid_0001.obj,0.9999896287918091,1
device_15_rigid_0002.obj,0.9996292591094971,1
device_15_rigid_0003.obj,0.9999665021896362,1
device_15_rigid_0004.obj,0.9999984502792358,1
device_15_rigid_0005.obj,0.9999966621398926,1
device_15_rigid_0006.obj,0.9999885559082031,1
device_15_rigid_0007.obj,0.9999722242355347,1
device_15_rigid_0008.obj,0.9999998807907104,1
device_15_rigid_0009.obj,0.9999361038208008,1
device_15_rigid_0010.obj,0.9999852180480957,1
device_15_rigid_0011.obj,1.0,1
device_15_rigid_0012.obj,0.9999992847442627,1
device_15_rigid_0013.obj,0.999800980091095,1
device_15_rigid_0014.obj,0.9979276657104492,1
device_15_rigid_0015.obj,0.9997524619102478,1
device_15_rigid_0016.obj,0.9999849796295166,1
device_15_rigid_0017.obj,0.9999923706054688,1
device_15_rigid_0018.obj,0.9999622106552124,1
device_15_rigid_0019.obj,0.9999998807907104,1
device_15_rigid_0020.obj,0.9999997615814209,1
device_15_rigid_0021.obj,0.9986199140548706,1
device_15_rigid_0022.obj,0.9999982118606567,1
device_15_rigid_0023.obj,0.9999818801879883,1
device_15_rigid_0024.obj,0.9999997615814209,1
device_15_tetwild_0000.obj,0.999994158744812,1
device_15_tetwild_0001.obj,0.999995231628418,1
device_15_tetwild_0002.obj,0.9999992847442627,1
device_15_tetwild_0003.obj,0.999990701675415,1
device_15_tetwild_0004.obj,0.9999997615814209,1
device_15_tetwild_0005.obj,0.9994078874588013,1
device_15_tetwild_0006.obj,0.967667818069458,1
device_15_tetwild_0007.obj,0.9957150816917419,1
device_15_tetwild_0008.obj,0.9999998807907104,1
device_15_tetwild_0009.obj,0.999996542930603,1
device_15_tetwild_0010.obj,0.9999990463256836,1
device_15_tetwild_0011.obj,1.0,1
device_15_tetwild_0012.obj,0.9999998807907104,1
device_15_tetwild_0013.obj,0.9999996423721313,1
device_15_tetwild_0014.obj,0.9998185038566589,1
device_15_tetwild_0015.obj,0.9999910593032837,1
device_15_tetwild_0016.obj,1.0,1
device_15_tetwild_0017.obj,0.995492696762085,1
device_15_tetwild_0018.obj,0.9999433755874634,1
device_15_tetwild_0019.obj,0.9999953508377075,1
device_15_tetwild_0021.obj,0.9996746778488159,1
device_15_tetwild_0022.obj,0.9989907145500183,1
device_15_tetwild_0023.obj,0.9999994039535522,1
device_15_tetwild_0024.obj,1.0,1
device_12_degenerate_0000.obj,0.9999908208847046,1
device_12_degenerate_0001.obj,0.9921741485595703,1
device_12_degenerate_0002.obj,1.0,1
device_12_degenerate_0003.obj,0.9999908208847046,1
device_12_degenerate_0004.obj,1.0,1
device_12_degenerate_0005.obj,0.9999908208847046,1
device_12_degenerate_0006.obj,1.0,1
device_12_degenerate_0007.obj,0.9999908208847046,1
device_12_degenerate_0008.obj,0.9999908208847046,1
device_12_degenerate_0009.obj,0.9999908208847046,1
device_12_degenerate_0010.obj,1.0,1
device_12_degenerate_0011.obj,0.9999908208847046,1
device_12_degenerate_0012.obj,0.9999908208847046,1
device_12_degenerate_0013.obj,0.9999908208847046,1
device_12_degenerate_0014.obj,0.9999908208847046,1
device_12_degenerate_0015.obj,1.0,1
device_12_degenerate_0016.obj,0.9999908208847046,1
device_12_degenerate_0017.obj,0.9999270439147949,1
device_12_degenerate_0018.obj,0.9999908208847046,1
device_12_degenerate_0019.obj,0.9999908208847046,1
device_12_degenerate_0020.obj,1.0,1
device_12_degenerate_0021.obj,0.9999908208847046,1
device_12_degenerate_0022.obj,0.9886704683303833,1
device_12_degenerate_0023.obj,1.0,1
device_12_degenerate_0024.obj,0.9999908208847046,1
device_12_disconnected_0000.obj,0.9999945163726807,1
device_12_disconnected_0001.obj,0.9998897314071655,1
device_12_disconnected_0002.obj,0.9999563694000244,1
device_12_disconnected_0003.obj,0.9998226761817932,1
device_12_disconnected_0004.obj,0.9999971389770508,1
device_12_disconnected_0005.obj,0.9999986886978149,1
device_12_disconnected_0006.obj,0.9999294281005859,1
device_12_disconnected_0007.obj,0.9999998807907104,1
device_12_disconnected_0008.obj,0.9631147384643555,1
device_12_disconnected_0009.obj,0.998941957950592,1
device_12_disconnected_0010.obj,0.9999997615814209,1
device_12_disconnected_0011.obj,0.9999409914016724,1
device_12_disconnected_0012.obj,0.9989703893661499,1
device_12_disconnected_0013.obj,0.9999964237213135,1
device_12_disconnected_0014.obj,1.0,1
device_12_disconnected_0015.obj,0.9999997615814209,1
device_12_disconnected_0016.obj,0.9999995231628418,1
device_12_disconnected_0017.obj,0.9999657869338989,1
device_12_disconnected_0018.obj,0.9999911785125732,1
device_12_disconnected_0019.obj,0.9999997615814209,1
device_12_disconnected_0020.obj,1.0,1
device_12_disconnected_0021.obj,0.9999998807907104,1
device_12_disconnected_0022.obj,0.9999963045120239,1
device_12_disconnected_0023.obj,0.9999986886978149,1
device_12_disconnected_0024.obj,0.9999994039535522,1
device_12_faceswap_0000.obj,1.0,1
device_12_faceswap_0001.obj,1.0,1
device_12_faceswap_0002.obj,1.0,1
device_12_faceswap_0003.obj,1.0,1
device_12_faceswap_0004.obj,1.0,1
device_12_faceswap_0005.obj,1.0,1
device_12_faceswap_0006.obj,1.0,1
device_12_faceswap_0007.obj,1.0,1
device_12_faceswap_0008.obj,1.0,1
device_12_faceswap_0009.obj,1.0,1
device_12_faceswap_0010.obj,1.0,1
device_12_faceswap_0011.obj,1.0,1
device_12_faceswap_0012.obj,1.0,1
device_12_faceswap_0013.obj,1.0,1
device_12_faceswap_0014.obj,1.0,1
device_12_faceswap_0015.obj,1.0,1
device_12_faceswap_0016.obj,1.0,1
device_12_faceswap_0017.obj,1.0,1
device_12_faceswap_0018.obj,1.0,1
device_12_faceswap_0019.obj,1.0,1
device_12_faceswap_0020.obj,1.0,1
device_12_faceswap_0021.obj,1.0,1
device_12_faceswap_0022.obj,1.0,1
device_12_faceswap_0023.obj,1.0,1
device_12_faceswap_0024.obj,1.0,1
device_12_jitter_0000.obj,1.0,1
device_12_jitter_0001.obj,1.0,1
device_12_jitter_0002.obj,1.0,1
device_12_jitter_0003.obj,1.0,1
device_12_jitter_0004.obj,1.0,1
device_12_jitter_0005.obj,1.0,1
device_12_jitter_0006.obj,1.0,1
device_12_jitter_0007.obj,1.0,1
device_12_jitter_0008.obj,1.0,1
device_12_jitter_0009.obj,1.0,1
device_12_jitter_0010.obj,1.0,1
device_12_jitter_0011.obj,1.0,1
device_12_jitter_0012.obj,1.0,1
device_12_jitter_0013.obj,1.0,1
device_12_jitter_0014.obj,1.0,1
device_12_jitter_0015.obj,1.0,1
device_12_jitter_0016.obj,1.0,1
device_12_jitter_0017.obj,1.0,1
device_12_jitter_0018.obj,1.0,1
device_12_jitter_0019.obj,1.0,1
device_12_jitter_0020.obj,1.0,1
device_12_jitter_0021.obj,1.0,1
device_12_jitter_0022.obj,1.0,1
device_12_jitter_0023.obj,1.0,1
device_12_jitter_0024.obj,1.0,1
device_12_rigid_0000.obj,1.0,1
device_12_rigid_0001.obj,0.6752700805664062,1
device_12_rigid_0002.obj,1.0,1
device_12_rigid_0003.obj,1.0,1
device_12_rigid_0004.obj,1.0,1
device_12_rigid_0005.obj,0.9999998807907104,1
device_12_rigid_0006.obj,0.9999998807907104,1
device_12_rigid_0007.obj,0.9999982118606567,1
device_12_rigid_0008.obj,1.0,1
device_12_rigid_0009.obj,1.0,1
device_12_rigid_0010.obj,1.0,1
device_12_rigid_0011.obj,1.0,1
device_12_rigid_0012.obj,0.9999997615814209,1
device_12_rigid_0013.obj,1.0,1
device_12_rigid_0014.obj,1.0,1
device_12_rigid_0015.obj,0.9999997615814209,1
device_12_rigid_0016.obj,0.9999979734420776,1
device_12_rigid_0017.obj,0.9999998807907104,1
device_12_rigid_0018.obj,1.0,1
device_12_rigid_0019.obj,0.9999996423721313,1
device_12_rigid_0020.obj,1.0,1
device_12_rigid_0021.obj,1.0,1
device_12_rigid_0022.obj,1.0,1
device_12_rigid_0023.obj,0.9999997615814209,1
device_12_rigid_0024.obj,1.0,1
device_12_tetwild_0000.obj,1.0,1
device_12_tetwild_0001.obj,1.0,1
device_12_tetwild_0002.obj,0.9999932050704956,1
device_12_tetwild_0003.obj,1.0,1
device_12_tetwild_0004.obj,0.9999818801879883,1
device_12_tetwild_0005.obj,0.9999911785125732,1
device_12_tetwild_0006.obj,1.0,1
device_12_tetwild_0007.obj,1.0,1
device_12_tetwild_0008.obj,1.0,1
device_12_tetwild_0009.obj,1.0,1
device_12_tetwild_0010.obj,1.0,1
device_12_tetwild_0011.obj,0.9999998807907104,1
device_12_tetwild_0012.obj,1.0,1
device_12_tetwild_0013.obj,1.0,1
device_12_tetwild_0014.obj,0.999995231628418,1
device_12_tetwild_0015.obj,1.0,1
device_12_tetwild_0016.obj,1.0,1
device_12_tetwild_0017.obj,1.0,1
device_12_tetwild_0018.obj,1.0,1
device_12_tetwild_0019.obj,1.0,1
device_12_tetwild_0020.obj,1.0,1
device_12_tetwild_0021.obj,0.9999994039535522,1
device_12_tetwild_0022.obj,1.0,1
device_12_tetwild_0023.obj,1.0,1
device_12_tetwild_0024.obj,0.9998948574066162,1
device_22_degenerate_0000.obj,0.9999997615814209,1
device_22_degenerate_0001.obj,0.9999997615814209,1
device_22_degenerate_0002.obj,0.9999988079071045,1
device_22_degenerate_0003.obj,0.9999948740005493,1
device_22_degenerate_0004.obj,1.0,1
device_22_degenerate_0005.obj,1.0,1
device_22_degenerate_0006.obj,1.0,1
device_22_degenerate_0007.obj,0.9999997615814209,1
device_22_degenerate_0008.obj,0.9999997615814209,1
device_22_degenerate_0009.obj,1.0,1
device_22_degenerate_0010.obj,0.9999841451644897,1
device_22_degenerate_0011.obj,1.0,1
device_22_degenerate_0012.obj,1.0,1
device_22_degenerate_0013.obj,0.9999997615814209,1
device_22_degenerate_0014.obj,1.0,1
device_22_degenerate_0015.obj,0.9999947547912598,1
device_22_degenerate_0016.obj,0.9999998807907104,1
device_22_degenerate_0017.obj,1.0,1
device_22_degenerate_0018.obj,0.9999997615814209,1
device_22_degenerate_0019.obj,0.9999997615814209,1
device_22_degenerate_0020.obj,0.9999997615814209,1
device_22_degenerate_0021.obj,1.0,1
device_22_degenerate_0022.obj,1.0,1
device_22_degenerate_0023.obj,1.0,1
device_22_degenerate_0024.obj,0.9999997615814209,1
device_22_disconnected_0000.obj,0.9999572038650513,1
device_22_disconnected_0001.obj,1.0,1
device_22_disconnected_0002.obj,0.9999997615814209,1
device_22_disconnected_0003.obj,0.9998592138290405,1
device_22_disconnected_0004.obj,0.9999927282333374,1
device_22_disconnected_0005.obj,0.9999778270721436,1
device_22_disconnected_0006.obj,0.9999998807907104,1
device_22_disconnected_0007.obj,1.0,1
device_22_disconnected_0008.obj,1.0,1
device_22_disconnected_0009.obj,1.0,1
device_22_disconnected_0010.obj,0.9999585151672363,1
device_22_disconnected_0011.obj,0.9999250173568726,1
device_22_disconnected_0012.obj,0.9999822378158569,1
device_22_disconnected_0013.obj,0.9998999834060669,1
device_22_disconnected_0014.obj,1.0,1
device_22_disconnected_0015.obj,1.0,1
device_22_disconnected_0016.obj,1.0,1
device_22_disconnected_0017.obj,0.999976634979248,1
device_22_disconnected_0018.obj,0.9999997615814209,1
device_22_disconnected_0019.obj,1.0,1
device_22_disconnected_0020.obj,0.9999816417694092,1
device_22_disconnected_0021.obj,0.9999996423721313,1
device_22_disconnected_0022.obj,0.99998939037323,1
device_22_disconnected_0023.obj,1.0,1
device_22_disconnected_0024.obj,0.9999734163284302,1
device_22_faceswap_0000.obj,1.0,1
device_22_faceswap_0001.obj,1.0,1
device_22_faceswap_0002.obj,1.0,1
device_22_faceswap_0003.obj,1.0,1
device_22_faceswap_0004.obj,1.0,1
device_22_faceswap_0005.obj,1.0,1
device_22_faceswap_0006.obj,1.0,1
device_22_faceswap_0007.obj,1.0,1
device_22_faceswap_0008.obj,1.0,1
device_22_faceswap_0009.obj,1.0,1
device_22_faceswap_0010.obj,1.0,1
device_22_faceswap_0011.obj,1.0,1
device_22_faceswap_0012.obj,1.0,1
device_22_faceswap_0013.obj,1.0,1
device_22_faceswap_0014.obj,1.0,1
device_22_faceswap_0015.obj,1.0,1
device_22_faceswap_0016.obj,1.0,1
device_22_faceswap_0017.obj,1.0,1
device_22_faceswap_0018.obj,1.0,1
device_22_faceswap_0019.obj,1.0,1
device_22_faceswap_0020.obj,1.0,1
device_22_faceswap_0021.obj,1.0,1
device_22_faceswap_0022.obj,1.0,1
device_22_faceswap_0023.obj,1.0,1
device_22_faceswap_0024.obj,1.0,1
device_22_jitter_0000.obj,1.0,1
device_22_jitter_0001.obj,1.0,1
device_22_jitter_0002.obj,1.0,1
device_22_jitter_0003.obj,1.0,1
device_22_jitter_0004.obj,1.0,1
device_22_jitter_0005.obj,1.0,1
device_22_jitter_0006.obj,1.0,1
device_22_jitter_0007.obj,1.0,1
device_22_jitter_0008.obj,1.0,1
device_22_jitter_0009.obj,1.0,1
device_22_jitter_0010.obj,1.0,1
device_22_jitter_0011.obj,1.0,1
device_22_jitter_0012.obj,1.0,1
device_22_jitter_0013.obj,1.0,1
device_22_jitter_0014.obj,1.0,1
device_22_jitter_0015.obj,1.0,1
device_22_jitter_0016.obj,1.0,1
device_22_jitter_0017.obj,1.0,1
device_22_jitter_0018.obj,1.0,1
device_22_jitter_0019.obj,1.0,1
device_22_jitter_0020.obj,1.0,1
device_22_jitter_0021.obj,1.0,1
device_22_jitter_0022.obj,1.0,1
device_22_jitter_0023.obj,1.0,1
device_22_jitter_0024.obj,1.0,1
device_22_rigid_0000.obj,0.9999998807907104,1
device_22_rigid_0001.obj,0.9999996423721313,1
device_22_rigid_0002.obj,1.0,1
device_22_rigid_0003.obj,0.9999986886978149,1
device_22_rigid_0004.obj,1.0,1
device_22_rigid_0005.obj,0.9999901056289673,1
device_22_rigid_0006.obj,0.9999983310699463,1
device_22_rigid_0007.obj,0.9999992847442627,1
device_22_rigid_0008.obj,0.9999994039535522,1
device_22_rigid_0009.obj,0.9999971389770508,1
device_22_rigid_0010.obj,1.0,1
device_22_rigid_0011.obj,0.9999991655349731,1
device_22_rigid_0012.obj,0.9999831914901733,1
device_22_rigid_0013.obj,0.9999704360961914,1
device_22_rigid_0014.obj,0.9999409914016724,1
device_22_rigid_0015.obj,0.999998927116394,1
device_22_rigid_0016.obj,0.999998927116394,1
device_22_rigid_0017.obj,1.0,1
device_22_rigid_0018.obj,0.9999996423721313,1
device_22_rigid_0019.obj,0.9999604225158691,1
device_22_rigid_0020.obj,0.9999998807907104,1
device_22_rigid_0021.obj,0.9999969005584717,1
device_22_rigid_0022.obj,0.9999998807907104,1
device_22_rigid_0023.obj,0.9999998807907104,1
device_22_rigid_0024.obj,0.999998927116394,1
device_22_tetwild_0000.obj,0.9999810457229614,1
device_22_tetwild_0001.obj,0.9999644756317139,1
device_22_tetwild_0002.obj,0.9999998807907104,1
device_22_tetwild_0003.obj,1.0,1
device_22_tetwild_0004.obj,1.0,1
device_22_tetwild_0005.obj,1.0,1
device_22_tetwild_0006.obj,1.0,1
device_22_tetwild_0007.obj,0.999934196472168,1
device_22_tetwild_0008.obj,0.9999992847442627,1
device_22_tetwild_0009.obj,1.0,1
device_22_tetwild_0010.obj,0.9999992847442627,1
device_22_tetwild_0011.obj,1.0,1
device_22_tetwild_0012.obj,0.9999995231628418,1
device_22_tetwild_0013.obj,0.9999340772628784,1
device_22_tetwild_0014.obj,1.0,1
device_22_tetwild_0015.obj,0.9995654225349426,1
device_22_tetwild_0016.obj,1.0,1
device_22_tetwild_0017.obj,0.9999998807907104,1
device_22_tetwild_0018.obj,0.9999881982803345,1
device_22_tetwild_0019.obj,1.0,1
device_22_tetwild_0020.obj,0.9999011754989624,1
device_22_tetwild_0021.obj,0.9999991655349731,1
device_22_tetwild_0022.obj,0.988462507724762,1
device_22_tetwild_0023.obj,0.9999791383743286,1
device_22_tetwild_0024.obj,1.0,1
device_21_degenerate_0000.obj,1.0,1
device_21_degenerate_0001.obj,1.0,1
device_21_degenerate_0002.obj,1.0,1
device_21_degenerate_0003.obj,1.0,1
device_21_degenerate_0004.obj,1.0,1
device_21_degenerate_0005.obj,1.0,1
device_21_degenerate_0006.obj,1.0,1
device_21_degenerate_0007.obj,1.0,1
device_21_degenerate_0008.obj,1.0,1
device_21_degenerate_0009.obj,1.0,1
device_21_degenerate_0010.obj,1.0,1
device_21_degenerate_0011.obj,1.0,1
device_21_degenerate_0012.obj,1.0,1
device_21_degenerate_0013.obj,1.0,1
device_21_degenerate_0014.obj,1.0,1
device_21_degenerate_0015.obj,1.0,1
device_21_degenerate_0016.obj,1.0,1
device_21_degenerate_0017.obj,1.0,1
device_21_degenerate_0018.obj,1.0,1
device_21_degenerate_0019.obj,1.0,1
device_21_degenerate_0020.obj,1.0,1
device_21_degenerate_0021.obj,1.0,1
device_21_degenerate_0022.obj,1.0,1
device_21_degenerate_0023.obj,1.0,1
device_21_degenerate_0024.obj,1.0,1
device_21_disconnected_0000.obj,0.9999969005584717,1
device_21_disconnected_0001.obj,1.0,1
device_21_disconnected_0002.obj,0.9999997615814209,1
device_21_disconnected_0003.obj,0.9996740818023682,1
device_21_disconnected_0004.obj,1.0,1
device_21_disconnected_0005.obj,0.9999806880950928,1
device_21_disconnected_0006.obj,0.9999741315841675,1
device_21_disconnected_0007.obj,1.0,1
device_21_disconnected_0008.obj,0.9998403787612915,1
device_21_disconnected_0009.obj,0.9999969005584717,1
device_21_disconnected_0010.obj,1.0,1
device_21_disconnected_0011.obj,1.0,1
device_21_disconnected_0012.obj,0.9999532699584961,1
device_21_disconnected_0013.obj,0.9994937181472778,1
device_21_disconnected_0014.obj,0.9999575614929199,1
device_21_disconnected_0015.obj,0.9999996423721313,1
device_21_disconnected_0016.obj,0.9999916553497314,1
device_21_disconnected_0017.obj,0.9999803304672241,1
device_21_disconnected_0018.obj,0.9999996423721313,1
device_21_disconnected_0019.obj,0.9999997615814209,1
device_21_disconnected_0020.obj,0.9999974966049194,1
device_21_disconnected_0021.obj,0.999981164932251,1
device_21_disconnected_0022.obj,0.9999997615814209,1
device_21_disconnected_0023.obj,0.9999998807907104,1
device_21_disconnected_0024.obj,0.9999998807907104,1
device_21_faceswap_0000.obj,1.0,1
device_21_faceswap_0001.obj,1.0,1
device_21_faceswap_0002.obj,1.0,1
device_21_faceswap_0003.obj,1.0,1
device_21_faceswap_0004.obj,1.0,1
device_21_faceswap_0005.obj,1.0,1
device_21_faceswap_0006.obj,1.0,1
device_21_faceswap_0007.obj,1.0,1
device_21_faceswap_0008.obj,1.0,1
device_21_faceswap_0009.obj,1.0,1
device_21_faceswap_0010.obj,1.0,1
device_21_faceswap_0011.obj,1.0,1
device_21_faceswap_0012.obj,1.0,1
device_21_faceswap_0013.obj,1.0,1
device_21_faceswap_0014.obj,1.0,1
device_21_faceswap_0015.obj,1.0,1
device_21_faceswap_0016.obj,1.0,1
device_21_faceswap_0017.obj,1.0,1
device_21_faceswap_0018.obj,1.0,1
device_21_faceswap_0019.obj,1.0,1
device_21_faceswap_0020.obj,1.0,1
device_21_faceswap_0021.obj,1.0,1
device_21_faceswap_0022.obj,1.0,1
device_21_faceswap_0023.obj,1.0,1
device_21_faceswap_0024.obj,1.0,1
device_21_jitter_0000.obj,1.0,1
device_21_jitter_0001.obj,1.0,1
device_21_jitter_0002.obj,1.0,1
device_21_jitter_0003.obj,1.0,1
device_21_jitter_0004.obj,1.0,1
device_21_jitter_0005.obj,1.0,1
device_21_jitter_0006.obj,1.0,1
device_21_jitter_0007.obj,1.0,1
device_21_jitter_0008.obj,1.0,1
device_21_jitter_0009.obj,1.0,1
device_21_jitter_0010.obj,1.0,1
device_21_jitter_0011.obj,1.0,1
device_21_jitter_0012.obj,1.0,1
device_21_jitter_0013.obj,1.0,1
device_21_jitter_0014.obj,1.0,1
device_21_jitter_0015.obj,1.0,1
device_21_jitter_0016.obj,1.0,1
device_21_jitter_0017.obj,1.0,1
device_21_jitter_0018.obj,1.0,1
device_21_jitter_0019.obj,1.0,1
device_21_jitter_0020.obj,1.0,1
device_21_jitter_0021.obj,1.0,1
device_21_jitter_0022.obj,1.0,1
device_21_jitter_0023.obj,1.0,1
device_21_jitter_0024.obj,1.0,1
device_21_rigid_0000.obj,1.0,1
device_21_rigid_0001.obj,1.0,1
device_21_rigid_0002.obj,1.0,1
device_21_rigid_0003.obj,0.9999831914901733,1
device_21_rigid_0004.obj,1.0,1
device_21_rigid_0005.obj,0.9999806880950928,1
device_21_rigid_0006.obj,1.0,1
device_21_rigid_0007.obj,0.9999822378158569,1
device_21_rigid_0008.obj,1.0,1
device_21_rigid_0009.obj,0.9999998807907104,1
device_21_rigid_0010.obj,0.9999991655349731,1
device_21_rigid_0011.obj,0.9999998807907104,1
device_21_rigid_0012.obj,1.0,1
device_21_rigid_0013.obj,1.0,1
device_21_rigid_0014.obj,0.9999998807907104,1
device_21_rigid_0015.obj,0.9999992847442627,1
device_21_rigid_0016.obj,0.999994158744812,1
device_21_rigid_0017.obj,1.0,1
device_21_rigid_0018.obj,0.9999924898147583,1
device_21_rigid_0019.obj,1.0,1
device_21_rigid_0020.obj,0.9999984502792358,1
device_21_rigid_0021.obj,0.9999998807907104,1
device_21_rigid_0022.obj,0.9999995231628418,1
device_21_rigid_0023.obj,1.0,1
device_21_rigid_0024.obj,0.9999576807022095,1
device_21_tetwild_0000.obj,0.9994978904724121,1
device_21_tetwild_0001.obj,0.9999984502792358,1
device_21_tetwild_0002.obj,1.0,1
device_21_tetwild_0003.obj,0.9999980926513672,1
device_21_tetwild_0004.obj,0.9999926090240479,1
device_21_tetwild_0005.obj,0.9999969005584717,1
device_21_tetwild_0006.obj,1.0,1
device_21_tetwild_0007.obj,0.9999990463256836,1
device_21_tetwild_0008.obj,0.9999996423721313,1
device_21_tetwild_0009.obj,0.9999994039535522,1
device_21_tetwild_0010.obj,1.0,1
device_21_tetwild_0011.obj,0.9999991655349731,1
device_21_tetwild_0012.obj,0.9999761581420898,1
device_21_tetwild_0013.obj,0.9999938011169434,1
device_21_tetwild_0014.obj,1.0,1
device_21_tetwild_0015.obj,1.0,1
device_21_tetwild_0016.obj,0.9999997615814209,1
device_21_tetwild_0017.obj,0.999923825263977,1
device_21_tetwild_0018.obj,0.9999886751174927,1
device_21_tetwild_0019.obj,1.0,1
device_21_tetwild_0020.obj,0.9999969005584717,1
device_21_tetwild_0021.obj,0.9999992847442627,1
device_21_tetwild_0022.obj,0.9999988079071045,1
device_21_tetwild_0023.obj,1.0,1
device_21_tetwild_0024.obj,0.9999995231628418,1
device_13_degenerate_0000.obj,0.9999992847442627,1
device_13_degenerate_0001.obj,0.9999992847442627,1
device_13_degenerate_0002.obj,0.9999992847442627,1
device_13_degenerate_0003.obj,0.9999992847442627,1
device_13_degenerate_0004.obj,0.9999992847442627,1
device_13_degenerate_0005.obj,0.9999992847442627,1
device_13_degenerate_0006.obj,0.9999992847442627,1
device_13_degenerate_0007.obj,0.9999992847442627,1
device_13_degenerate_0008.obj,0.9999992847442627,1
device_13_degenerate_0009.obj,0.9999992847442627,1
device_13_degenerate_0010.obj,0.9999992847442627,1
device_13_degenerate_0011.obj,0.9999992847442627,1
device_13_degenerate_0012.obj,0.9999992847442627,1
device_13_degenerate_0013.obj,0.9999992847442627,1
device_13_degenerate_0014.obj,0.9999992847442627,1
device_13_degenerate_0015.obj,0.9999992847442627,1
device_13_degenerate_0016.obj,0.9999992847442627,1
device_13_degenerate_0017.obj,0.9999992847442627,1
device_13_degenerate_0018.obj,0.9999992847442627,1
device_13_degenerate_0019.obj,0.9999992847442627,1
device_13_degenerate_0020.obj,0.9999992847442627,1
device_13_degenerate_0021.obj,0.9999992847442627,1
device_13_degenerate_0022.obj,0.9999992847442627,1
device_13_degenerate_0023.obj,0.9999992847442627,1
device_13_degenerate_0024.obj,0.9999992847442627,1
device_13_disconnected_0000.obj,0.9999110698699951,1
device_13_disconnected_0001.obj,0.9999991655349731,1
device_13_disconnected_0002.obj,0.9999933242797852,1
device_13_disconnected_0003.obj,0.9993065595626831,1
device_13_disconnected_0004.obj,0.9996117949485779,1
device_13_disconnected_0005.obj,1.0,1
device_13_disconnected_0006.obj,0.9991403818130493,1
device_13_disconnected_0007.obj,0.9999978542327881,1
device_13_disconnected_0008.obj,0.9999986886978149,1
device_13_disconnected_0009.obj,1.0,1
device_13_disconnected_0010.obj,1.0,1
device_13_disconnected_0011.obj,0.9999995231628418,1
device_13_disconnected_0012.obj,0.9997825026512146,1
device_13_disconnected_0013.obj,0.9999654293060303,1
device_13_disconnected_0014.obj,0.9995408058166504,1
device_13_disconnected_0015.obj,0.9997206330299377,1
device_13_disconnected_0016.obj,0.9999979734420776,1
device_13_disconnected_0017.obj,0.9979776740074158,1
device_13_disconnected_0018.obj,0.9996742010116577,1
device_13_disconnected_0019.obj,0.9999992847442627,1
device_13_disconnected_0020.obj,0.999991774559021,1
device_13_disconnected_0021.obj,0.9999998807907104,1
device_13_disconnected_0022.obj,0.9997408986091614,1
device_13_disconnected_0023.obj,0.9999995231628418,1
device_13_disconnected_0024.obj,0.9999991655349731,1
device_13_faceswap_0000.obj,0.9999992847442627,1
device_13_faceswap_0001.obj,0.9999992847442627,1
device_13_faceswap_0002.obj,0.9999992847442627,1
device_13_faceswap_0003.obj,0.9999992847442627,1
device_13_faceswap_0004.obj,0.9999992847442627,1
device_13_faceswap_0005.obj,0.9999992847442627,1
device_13_faceswap_0006.obj,0.9999992847442627,1
device_13_faceswap_0007.obj,0.9999992847442627,1
device_13_faceswap_0008.obj,0.9999992847442627,1
device_13_faceswap_0009.obj,0.9999992847442627,1
device_13_faceswap_0010.obj,0.9999992847442627,1
device_13_faceswap_0011.obj,0.9999992847442627,1
device_13_faceswap_0012.obj,0.9999992847442627,1
device_13_faceswap_0013.obj,0.9999992847442627,1
device_13_faceswap_0014.obj,0.9999992847442627,1
device_13_faceswap_0015.obj,0.9999992847442627,1
device_13_faceswap_0016.obj,0.9999992847442627,1
device_13_faceswap_0017.obj,0.9999992847442627,1
device_13_faceswap_0018.obj,0.9999992847442627,1
device_13_faceswap_0019.obj,0.9999992847442627,1
device_13_faceswap_0020.obj,0.9999992847442627,1
device_13_faceswap_0021.obj,0.9999992847442627,1
device_13_faceswap_0022.obj,0.9999992847442627,1
device_13_faceswap_0023.obj,0.9999992847442627,1
device_13_faceswap_0024.obj,0.9999992847442627,1
device_13_jitter_0000.obj,0.9999992847442627,1
device_13_jitter_0001.obj,0.9999983310699463,1
device_13_jitter_0002.obj,0.9999982118606567,1
device_13_jitter_0003.obj,0.999998927116394,1
device_13_jitter_0004.obj,0.9999995231628418,1
device_13_jitter_0005.obj,0.9999986886978149,1
device_13_jitter_0006.obj,0.9999994039535522,1
device_13_jitter_0007.obj,0.9999986886978149,1
device_13_jitter_0008.obj,0.9999990463256836,1
device_13_jitter_0009.obj,0.9999995231628418,1
device_13_jitter_0010.obj,0.9999995231628418,1
device_13_jitter_0011.obj,0.9999996423721313,1
device_13_jitter_0012.obj,0.9999986886978149,1
device_13_jitter_0013.obj,0.9999992847442627,1
device_13_jitter_0014.obj,0.9999995231628418,1
device_13_jitter_0015.obj,0.9999992847442627,1
device_13_jitter_0016.obj,0.9999985694885254,1
device_13_jitter_0017.obj,0.9999991655349731,1
device_13_jitter_0018.obj,0.9999992847442627,1
device_13_jitter_0019.obj,0.9999995231628418,1
device_13_jitter_0020.obj,0.9999992847442627,1
device_13_jitter_0021.obj,0.9999995231628418,1
device_13_jitter_0022.obj,0.9999994039535522,1
device_13_jitter_0023.obj,0.9999991655349731,1
device_13_jitter_0024.obj,0.9999996423721313,1
device_13_rigid_0000.obj,0.9997039437294006,1
device_13_rigid_0001.obj,0.6732838153839111,1
device_13_rigid_0002.obj,0.9996962547302246,1
device_13_rigid_0003.obj,0.9999994039535522,1
device_13_rigid_0004.obj,0.9964924454689026,1
device_13_rigid_0005.obj,0.9999998807907104,1
device_13_rigid_0006.obj,0.9998624324798584,1
device_13_rigid_0007.obj,0.9998754262924194,1
device_13_rigid_0008.obj,0.9999421834945679,1
device_13_rigid_0009.obj,0.9999845027923584,1
device_13_rigid_0010.obj,0.9999991655349731,1
device_13_rigid_0011.obj,0.9997497200965881,1
device_13_rigid_0012.obj,0.9999951124191284,1
device_13_rigid_0013.obj,0.9998055100440979,1
device_13_rigid_0014.obj,0.9999996423721313,1
device_13_rigid_0015.obj,0.9999945163726807,1
device_13_rigid_0016.obj,0.9999964237213135,1
device_13_rigid_0017.obj,0.9764427542686462,1
device_13_rigid_0018.obj,0.9996356964111328,1
device_13_rigid_0019.obj,0.9994885921478271,1
device_13_rigid_0020.obj,0.9651583433151245,1
device_13_rigid_0021.obj,0.9923115372657776,1
device_13_rigid_0022.obj,0.9999946355819702,1
device_13_rigid_0023.obj,0.9999985694885254,1
device_13_rigid_0024.obj,0.9998399019241333,1
device_13_tetwild_0000.obj,0.9999994039535522,1
device_13_tetwild_0001.obj,0.998618483543396,1
device_13_tetwild_0002.obj,0.9966219663619995,1
device_13_tetwild_0003.obj,0.9998199343681335,1
device_13_tetwild_0004.obj,0.9999998807907104,1
device_13_tetwild_0005.obj,0.9999932050704956,1
device_13_tetwild_0006.obj,1.0,1
device_13_tetwild_0007.obj,0.9999887943267822,1
device_13_tetwild_0008.obj,0.9999959468841553,1
device_13_tetwild_0009.obj,1.0,1
device_13_tetwild_0010.obj,0.999993085861206,1
device_13_tetwild_0011.obj,0.9999440908432007,1
device_13_tetwild_0012.obj,0.9999947547912598,1
device_13_tetwild_0013.obj,0.9999401569366455,1
device_13_tetwild_0014.obj,0.9999948740005493,1
device_13_tetwild_0015.obj,0.9984980821609497,1
device_13_tetwild_0016.obj,0.9997958540916443,1
device_13_tetwild_0017.obj,0.9983670115470886,1
device_13_tetwild_0018.obj,0.9999774694442749,1
device_13_tetwild_0019.obj,0.9999995231628418,1
device_13_tetwild_0020.obj,0.9994875192642212,1
device_13_tetwild_0021.obj,0.9966405630111694,1
device_13_tetwild_0022.obj,0.9999995231628418,1
device_13_tetwild_0023.obj,0.9999990463256836,1
device_13_tetwild_0024.obj,0.9887790679931641,1
device_05_degenerate_0000.obj,0.9999980926513672,1
device_05_degenerate_0001.obj,0.9999980926513672,1
device_05_degenerate_0002.obj,0.9999980926513672,1
device_05_degenerate_0003.obj,0.9999980926513672,1
device_05_degenerate_0004.obj,0.9999980926513672,1
device_05_degenerate_0005.obj,0.9999980926513672,1
device_05_degenerate_0006.obj,0.9999998807907104,1
device_05_degenerate_0007.obj,0.9999998807907104,1
device_05_degenerate_0008.obj,0.9999998807907104,1
device_05_degenerate_0009.obj,0.9999980926513672,1
device_05_degenerate_0010.obj,0.9999998807907104,1
device_05_degenerate_0011.obj,0.9999998807907104,1
device_05_degenerate_0012.obj,0.9999980926513672,1
device_05_degenerate_0013.obj,0.9999998807907104,1
device_05_degenerate_0014.obj,0.9999980926513672,1
device_05_degenerate_0015.obj,0.9999998807907104,1
device_05_degenerate_0016.obj,0.9999998807907104,1
device_05_degenerate_0017.obj,0.9999997615814209,1
device_05_degenerate_0018.obj,0.9999998807907104,1
device_05_degenerate_0019.obj,0.9999980926513672,1
device_05_degenerate_0020.obj,0.9999980926513672,1
device_05_degenerate_0021.obj,0.9999980926513672,1
device_05_degenerate_0022.obj,0.9999998807907104,1
device_05_degenerate_0023.obj,0.9999980926513672,1
device_05_degenerate_0024.obj,0.9999980926513672,1
device_05_disconnected_0000.obj,0.9999977350234985,1
device_05_disconnected_0001.obj,0.9999434947967529,1
device_05_disconnected_0002.obj,1.0,1
device_05_disconnected_0003.obj,1.0,1
device_05_disconnected_0004.obj,0.9999988079071045,1
device_05_disconnected_0005.obj,0.9999531507492065,1
device_05_disconnected_0006.obj,0.9999852180480957,1
device_05_disconnected_0007.obj,0.9995681643486023,1
device_05_disconnected_0008.obj,0.9999871253967285,1
device_05_disconnected_0009.obj,0.9999998807907104,1
device_05_disconnected_0010.obj,0.9999920129776001,1
device_05_disconnected_0011.obj,0.9999997615814209,1
device_05_disconnected_0012.obj,0.9975284934043884,1
device_05_disconnected_0013.obj,0.9999998807907104,1
device_05_disconnected_0014.obj,0.9999996423721313,1
device_05_disconnected_0015.obj,0.9999942779541016,1
device_05_disconnected_0016.obj,0.9999794960021973,1
device_05_disconnected_0017.obj,0.9765098094940186,1
device_05_disconnected_0018.obj,1.0,1
device_05_disconnected_0019.obj,1.0,1
device_05_disconnected_0020.obj,0.999996542930603,1
device_05_disconnected_0021.obj,0.9999995231628418,1
device_05_disconnected_0022.obj,0.9998903274536133,1
device_05_disconnected_0023.obj,0.9999955892562866,1
device_05_disconnected_0024.obj,0.9999793767929077,1
device_05_faceswap_0000.obj,0.9999998807907104,1
device_05_faceswap_0001.obj,0.9999998807907104,1
device_05_faceswap_0002.obj,0.9999998807907104,1
device_05_faceswap_0003.obj,0.9999998807907104,1
device_05_faceswap_0004.obj,0.9999998807907104,1
device_05_faceswap_0005.obj,0.9999998807907104,1
device_05_faceswap_0006.obj,0.9999998807907104,1
device_05_faceswap_0007.obj,0.9999998807907104,1
device_05_faceswap_0008.obj,0.9999998807907104,1
device_05_faceswap_0009.obj,0.9999998807907104,1
device_05_faceswap_0010.obj,0.9999998807907104,1
device_05_faceswap_0011.obj,0.9999998807907104,1
device_05_faceswap_0012.obj,0.9999998807907104,1
device_05_faceswap_0013.obj,0.9999998807907104,1
device_05_faceswap_0014.obj,0.9999998807907104,1
device_05_faceswap_0015.obj,0.9999998807907104,1
device_05_faceswap_0016.obj,0.9999998807907104,1
device_05_faceswap_0017.obj,0.9999998807907104,1
device_05_faceswap_0018.obj,0.9999998807907104,1
device_05_faceswap_0019.obj,0.9999998807907104,1
device_05_faceswap_0020.obj,0.9999998807907104,1
device_05_faceswap_0021.obj,0.9999998807907104,1
device_05_faceswap_0022.obj,0.9999998807907104,1
device_05_faceswap_0023.obj,0.9999998807907104,1
device_05_faceswap_0024.obj,0.9999998807907104,1
device_05_jitter_0000.obj,1.0,1
device_05_jitter_0001.obj,1.0,1
device_05_jitter_0002.obj,1.0,1
device_05_jitter_0003.obj,1.0,1
device_05_jitter_0004.obj,1.0,1
device_05_jitter_0005.obj,1.0,1
device_05_jitter_0006.obj,1.0,1
device_05_jitter_0007.obj,1.0,1
device_05_jitter_0008.obj,1.0,1
device_05_jitter_0009.obj,1.0,1
device_05_jitter_0010.obj,1.0,1
device_05_jitter_0011.obj,1.0,1
device_05_jitter_0012.obj,1.0,1
device_05_jitter_0013.obj,1.0,1
device_05_jitter_0014.obj,1.0,1
device_05_jitter_0015.obj,1.0,1
device_05_jitter_0016.obj,1.0,1
device_05_jitter_0017.obj,1.0,1
device_05_jitter_0018.obj,1.0,1
device_05_jitter_0019.obj,1.0,1
device_05_jitter_0020.obj,1.0,1
device_05_jitter_0021.obj,1.0,1
device_05_jitter_0022.obj,1.0,1
device_05_jitter_0023.obj,1.0,1
device_05_jitter_0024.obj,1.0,1
device_05_rigid_0000.obj,1.0,1
device_05_rigid_0001.obj,0.9999872446060181,1
device_05_rigid_0002.obj,0.9999971389770508,1
device_05_rigid_0003.obj,1.0,1
device_05_rigid_0004.obj,0.9999990463256836,1
device_05_rigid_0005.obj,1.0,1
device_05_rigid_0006.obj,1.0,1
device_05_rigid_0007.obj,1.0,1
device_05_rigid_0008.obj,1.0,1
device_05_rigid_0009.obj,0.9998892545700073,1
device_05_rigid_0010.obj,0.9999911785125732,1
device_05_rigid_0011.obj,1.0,1
device_05_rigid_0012.obj,0.9999885559082031,1
device_05_rigid_0013.obj,1.0,1
device_05_rigid_0014.obj,1.0,1
device_05_rigid_0015.obj,0.9999980926513672,1
device_05_rigid_0016.obj,1.0,1
device_05_rigid_0017.obj,0.9999756813049316,1
device_05_rigid_0018.obj,1.0,1
device_05_rigid_0019.obj,1.0,1
device_05_rigid_0020.obj,0.9999998807907104,1
device_05_rigid_0021.obj,1.0,1
device_05_rigid_0022.obj,1.0,1
device_05_rigid_0023.obj,1.0,1
device_05_rigid_0024.obj,1.0,1
device_05_tetwild_0000.obj,1.0,1
device_05_tetwild_0001.obj,1.0,1
device_05_tetwild_0002.obj,1.0,1
device_05_tetwild_0003.obj,0.9999933242797852,1
device_05_tetwild_0004.obj,0.9999731779098511,1
device_05_tetwild_0005.obj,1.0,1
device_05_tetwild_0006.obj,0.9999998807907104,1
device_05_tetwild_0007.obj,1.0,1
device_05_tetwild_0008.obj,1.0,1
device_05_tetwild_0009.obj,0.9999759197235107,1
device_05_tetwild_0010.obj,1.0,1
device_05_tetwild_0011.obj,1.0,1
device_05_tetwild_0012.obj,1.0,1
device_05_tetwild_0013.obj,1.0,1
device_05_tetwild_0014.obj,1.0,1
device_05_tetwild_0015.obj,0.9999992847442627,1
device_05_tetwild_0016.obj,1.0,1
device_05_tetwild_0017.obj,0.999991774559021,1
device_05_tetwild_0018.obj,1.0,1
device_05_tetwild_0020.obj,1.0,1
device_05_tetwild_0021.obj,0.9999997615814209,1
device_05_tetwild_0022.obj,0.9999992847442627,1
device_05_tetwild_0023.obj,1.0,1
device_05_tetwild_0024.obj,0.9999997615814209,1
device_25_degenerate_0000.obj,1.0,1
device_25_degenerate_0001.obj,1.0,1
device_25_degenerate_0002.obj,1.0,1
device_25_degenerate_0003.obj,1.0,1
device_25_degenerate_0004.obj,1.0,1
device_25_degenerate_0005.obj,1.0,1
device_25_degenerate_0006.obj,1.0,1
device_25_degenerate_0007.obj,1.0,1
device_25_degenerate_0008.obj,1.0,1
device_25_degenerate_0009.obj,1.0,1
device_25_degenerate_0010.obj,1.0,1
device_25_degenerate_0011.obj,1.0,1
device_25_degenerate_0012.obj,1.0,1
device_25_degenerate_0013.obj,1.0,1
device_25_degenerate_0014.obj,1.0,1
device_25_degenerate_0015.obj,1.0,1
device_25_degenerate_0016.obj,1.0,1
device_25_degenerate_0017.obj,1.0,1
device_25_degenerate_0018.obj,1.0,1
device_25_degenerate_0019.obj,1.0,1
device_25_degenerate_0020.obj,1.0,1
device_25_degenerate_0021.obj,1.0,1
device_25_degenerate_0022.obj,1.0,1
device_25_degenerate_0023.obj,1.0,1
device_25_degenerate_0024.obj,1.0,1
device_25_disconnected_0000.obj,0.999991774559021,1
device_25_disconnected_0001.obj,0.9999892711639404,1
device_25_disconnected_0002.obj,1.0,1
device_25_disconnected_0003.obj,0.9991121888160706,1
device_25_disconnected_0004.obj,0.9999877214431763,1
device_25_disconnected_0005.obj,0.9999921321868896,1
device_25_disconnected_0006.obj,0.9999997615814209,1
device_25_disconnected_0007.obj,0.9999949932098389,1
device_25_disconnected_0008.obj,1.0,1
device_25_disconnected_0009.obj,0.9999998807907104,1
device_25_disconnected_0010.obj,1.0,1
device_25_disconnected_0011.obj,0.9995934367179871,1
device_25_disconnected_0012.obj,0.9999985694885254,1
device_25_disconnected_0013.obj,0.9999971389770508,1
device_25_disconnected_0014.obj,0.9999910593032837,1
device_25_disconnected_0015.obj,0.9999982118606567,1
device_25_disconnected_0016.obj,0.9999998807907104,1
device_25_disconnected_0017.obj,0.9999970197677612,1
device_25_disconnected_0018.obj,0.9999994039535522,1
device_25_disconnected_0019.obj,1.0,1
device_25_disconnected_0020.obj,0.9999998807907104,1
device_25_disconnected_0021.obj,0.9999998807907104,1
device_25_disconnected_0022.obj,1.0,1
device_25_disconnected_0023.obj,0.9999996423721313,1
device_25_disconnected_0024.obj,0.999998927116394,1
device_25_faceswap_0000.obj,1.0,1
device_25_faceswap_0001.obj,1.0,1
device_25_faceswap_0002.obj,1.0,1
device_25_faceswap_0003.obj,1.0,1
device_25_faceswap_0004.obj,1.0,1
device_25_faceswap_0005.obj,1.0,1
device_25_faceswap_0006.obj,1.0,1
device_25_faceswap_0007.obj,1.0,1
device_25_faceswap_0008.obj,1.0,1
device_25_faceswap_0009.obj,1.0,1
device_25_faceswap_0010.obj,1.0,1
device_25_faceswap_0011.obj,1.0,1
device_25_faceswap_0012.obj,1.0,1
device_25_faceswap_0013.obj,1.0,1
device_25_faceswap_0014.obj,1.0,1
device_25_faceswap_0015.obj,1.0,1
device_25_faceswap_0016.obj,1.0,1
device_25_faceswap_0017.obj,1.0,1
device_25_faceswap_0018.obj,1.0,1
device_25_faceswap_0019.obj,1.0,1
device_25_faceswap_0020.obj,1.0,1
device_25_faceswap_0021.obj,1.0,1
device_25_faceswap_0022.obj,1.0,1
device_25_faceswap_0023.obj,1.0,1
device_25_faceswap_0024.obj,1.0,1
device_25_jitter_0000.obj,1.0,1
device_25_jitter_0001.obj,1.0,1
device_25_jitter_0002.obj,1.0,1
device_25_jitter_0003.obj,1.0,1
device_25_jitter_0004.obj,1.0,1
device_25_jitter_0005.obj,1.0,1
device_25_jitter_0006.obj,1.0,1
device_25_jitter_0007.obj,1.0,1
device_25_jitter_0008.obj,1.0,1
device_25_jitter_0009.obj,1.0,1
device_25_jitter_0010.obj,1.0,1
device_25_jitter_0011.obj,1.0,1
device_25_jitter_0012.obj,1.0,1
device_25_jitter_0013.obj,1.0,1
device_25_jitter_0014.obj,1.0,1
device_25_jitter_0015.obj,1.0,1
device_25_jitter_0016.obj,1.0,1
device_25_jitter_0017.obj,1.0,1
device_25_jitter_0018.obj,1.0,1
device_25_jitter_0019.obj,1.0,1
device_25_jitter_0020.obj,1.0,1
device_25_jitter_0021.obj,1.0,1
device_25_jitter_0022.obj,1.0,1
device_25_jitter_0023.obj,1.0,1
device_25_jitter_0024.obj,1.0,1
device_25_rigid_0000.obj,0.9999996423721313,1
device_25_rigid_0001.obj,1.0,1
device_25_rigid_0002.obj,0.99998939037323,1
device_25_rigid_0003.obj,0.9996455907821655,1
device_25_rigid_0004.obj,0.9997105002403259,1
device_25_rigid_0005.obj,1.0,1
device_25_rigid_0006.obj,0.9997666478157043,1
device_25_rigid_0007.obj,1.0,1
device_25_rigid_0008.obj,0.9999982118606567,1
device_25_rigid_0009.obj,0.9999998807907104,1
device_25_rigid_0010.obj,0.9999383687973022,1
device_25_rigid_0011.obj,1.0,1
device_25_rigid_0012.obj,0.9999275207519531,1
device_25_rigid_0013.obj,0.9997913241386414,1
device_25_rigid_0014.obj,0.9998102784156799,1
device_25_rigid_0015.obj,1.0,1
device_25_rigid_0016.obj,0.9999839067459106,1
device_25_rigid_0017.obj,1.0,1
device_25_rigid_0018.obj,0.9994365572929382,1
device_25_rigid_0019.obj,0.9999940395355225,1
device_25_rigid_0020.obj,0.999875545501709,1
device_25_rigid_0021.obj,0.9999452829360962,1
device_25_rigid_0022.obj,0.9999955892562866,1
device_25_rigid_0023.obj,0.9999986886978149,1
device_25_rigid_0024.obj,0.9999799728393555,1
device_25_tetwild_0000.obj,0.9999830722808838,1
device_25_tetwild_0001.obj,0.9999065399169922,1
device_25_tetwild_0002.obj,1.0,1
device_25_tetwild_0003.obj,0.9999891519546509,1
device_25_tetwild_0004.obj,0.999984622001648,1
device_25_tetwild_0005.obj,0.9987872242927551,1
device_25_tetwild_0006.obj,0.9996663331985474,1
device_25_tetwild_0007.obj,0.9998369216918945,1
device_25_tetwild_0008.obj,0.9974464178085327,1
device_25_tetwild_0009.obj,1.0,1
device_25_tetwild_0010.obj,0.9999191761016846,1
device_25_tetwild_0011.obj,0.9997419714927673,1
device_25_tetwild_0012.obj,0.9997443556785583,1
device_25_tetwild_0013.obj,0.9984643459320068,1
device_25_tetwild_0014.obj,0.9999994039535522,1
device_25_tetwild_0015.obj,0.9999731779098511,1
device_25_tetwild_0016.obj,0.9999858140945435,1
device_25_tetwild_0017.obj,0.99997878074646,1
device_25_tetwild_0018.obj,0.9995836615562439,1
device_25_tetwild_0019.obj,1.0,1
device_25_tetwild_0020.obj,0.9992995262145996,1
device_25_tetwild_0021.obj,0.9999181032180786,1
device_25_tetwild_0022.obj,0.9991804957389832,1
device_25_tetwild_0023.obj,0.9999821186065674,1
device_25_tetwild_0024.obj,1.0,1
device_26_degenerate_0000.obj,0.9999935626983643,1
device_26_degenerate_0001.obj,0.9999935626983643,1
device_26_degenerate_0002.obj,0.9999935626983643,1
device_26_degenerate_0003.obj,1.0,1
device_26_degenerate_0004.obj,0.9999935626983643,1
device_26_degenerate_0005.obj,1.0,1
device_26_degenerate_0006.obj,1.0,1
device_26_degenerate_0007.obj,1.0,1
device_26_degenerate_0008.obj,0.9999935626983643,1
device_26_degenerate_0009.obj,0.9999935626983643,1
device_26_degenerate_0010.obj,0.9999935626983643,1
device_26_degenerate_0011.obj,0.9999935626983643,1
device_26_degenerate_0012.obj,0.9999935626983643,1
device_26_degenerate_0013.obj,0.9999935626983643,1
device_26_degenerate_0014.obj,1.0,1
device_26_degenerate_0015.obj,1.0,1
device_26_degenerate_0016.obj,0.9999935626983643,1
device_26_degenerate_0017.obj,0.9999935626983643,1
device_26_degenerate_0018.obj,1.0,1
device_26_degenerate_0019.obj,0.9999935626983643,1
device_26_degenerate_0020.obj,1.0,1
device_26_degenerate_0021.obj,0.9999935626983643,1
device_26_degenerate_0022.obj,0.9999935626983643,1
device_26_degenerate_0023.obj,0.9999935626983643,1
device_26_degenerate_0024.obj,0.9999935626983643,1
device_26_disconnected_0000.obj,0.9986816048622131,1
device_26_disconnected_0001.obj,0.9999998807907104,1
device_26_disconnected_0002.obj,0.9999992847442627,1
device_26_disconnected_0003.obj,0.9999998807907104,1
device_26_disconnected_0004.obj,0.9999927282333374,1
device_26_disconnected_0005.obj,0.9999998807907104,1
device_26_disconnected_0006.obj,0.9999969005584717,1
device_26_disconnected_0007.obj,0.9999998807907104,1
device_26_disconnected_0008.obj,0.9999935626983643,1
device_26_disconnected_0009.obj,0.9999992847442627,1
device_26_disconnected_0010.obj,1.0,1
device_26_disconnected_0011.obj,0.999995231628418,1
device_26_disconnected_0012.obj,0.9998036026954651,1
device_26_disconnected_0013.obj,1.0,1
device_26_disconnected_0014.obj,0.9999996423721313,1
device_26_disconnected_0015.obj,0.9995688796043396,1
device_26_disconnected_0016.obj,0.9998044371604919,1
device_26_disconnected_0017.obj,0.9999685287475586,1
device_26_disconnected_0018.obj,0.9998227953910828,1
device_26_disconnected_0019.obj,1.0,1
device_26_disconnected_0020.obj,0.9999818801879883,1
device_26_disconnected_0021.obj,0.9999897480010986,1
device_26_disconnected_0022.obj,1.0,1
device_26_disconnected_0023.obj,0.9999990463256836,1
device_26_disconnected_0024.obj,0.9998875856399536,1
device_26_faceswap_0000.obj,1.0,1
device_26_faceswap_0001.obj,1.0,1
device_26_faceswap_0002.obj,1.0,1
device_26_faceswap_0003.obj,1.0,1
device_26_faceswap_0004.obj,1.0,1
device_26_faceswap_0005.obj,1.0,1
device_26_faceswap_0006.obj,1.0,1
device_26_faceswap_0007.obj,1.0,1
device_26_faceswap_0008.obj,1.0,1
device_26_faceswap_0009.obj,1.0,1
device_26_faceswap_0010.obj,1.0,1
device_26_faceswap_0011.obj,1.0,1
device_26_faceswap_0012.obj,1.0,1
device_26_faceswap_0013.obj,1.0,1
device_26_faceswap_0014.obj,1.0,1
device_26_faceswap_0015.obj,1.0,1
device_26_faceswap_0016.obj,1.0,1
device_26_faceswap_0017.obj,1.0,1
device_26_faceswap_0018.obj,1.0,1
device_26_faceswap_0019.obj,1.0,1
device_26_faceswap_0020.obj,1.0,1
device_26_faceswap_0021.obj,1.0,1
device_26_faceswap_0022.obj,1.0,1
device_26_faceswap_0023.obj,1.0,1
device_26_faceswap_0024.obj,1.0,1
device_26_jitter_0000.obj,1.0,1
device_26_jitter_0001.obj,1.0,1
device_26_jitter_0002.obj,1.0,1
device_26_jitter_0003.obj,1.0,1
device_26_jitter_0004.obj,1.0,1
device_26_jitter_0005.obj,1.0,1
device_26_jitter_0006.obj,1.0,1
device_26_jitter_0007.obj,1.0,1
device_26_jitter_0008.obj,1.0,1
device_26_jitter_0009.obj,1.0,1
device_26_jitter_0010.obj,1.0,1
device_26_jitter_0011.obj,1.0,1
device_26_jitter_0012.obj,1.0,1
device_26_jitter_0013.obj,1.0,1
device_26_jitter_0014.obj,1.0,1
device_26_jitter_0015.obj,1.0,1
device_26_jitter_0016.obj,1.0,1
device_26_jitter_0017.obj,1.0,1
device_26_jitter_0018.obj,1.0,1
device_26_jitter_0019.obj,1.0,1
device_26_jitter_0020.obj,1.0,1
device_26_jitter_0021.obj,1.0,1
device_26_jitter_0022.obj,1.0,1
device_26_jitter_0023.obj,1.0,1
device_26_jitter_0024.obj,1.0,1
device_26_rigid_0000.obj,0.9999942779541016,1
device_26_rigid_0001.obj,0.9999895095825195,1
device_26_rigid_0002.obj,1.0,1
device_26_rigid_0003.obj,0.9999991655349731,1
device_26_rigid_0004.obj,1.0,1
device_26_rigid_0005.obj,0.9997599720954895,1
device_26_rigid_0006.obj,0.9999864101409912,1
device_26_rigid_0007.obj,0.9998877048492432,1
device_26_rigid_0008.obj,0.9999247789382935,1
device_26_rigid_0009.obj,0.999998927116394,1
device_26_rigid_0010.obj,0.9999904632568359,1
device_26_rigid_0011.obj,0.9999908208847046,1
device_26_rigid_0012.obj,1.0,1
device_26_rigid_0013.obj,0.9999948740005493,1
device_26_rigid_0014.obj,0.9999998807907104,1
device_26_rigid_0015.obj,0.9999961853027344,1
device_26_rigid_0016.obj,0.9999910593032837,1
device_26_rigid_0017.obj,0.9999815225601196,1
device_26_rigid_0018.obj,0.9999891519546509,1
device_26_rigid_0019.obj,1.0,1
device_26_rigid_0020.obj,0.9999966621398926,1
device_26_rigid_0021.obj,0.9999996423721313,1
device_26_rigid_0022.obj,1.0,1
device_26_rigid_0023.obj,1.0,1
device_26_rigid_0024.obj,0.9999430179595947,1
device_26_tetwild_0000.obj,0.9999977350234985,1
device_26_tetwild_0001.obj,0.9999967813491821,1
device_26_tetwild_0002.obj,1.0,1
device_26_tetwild_0003.obj,0.9999395608901978,1
device_26_tetwild_0004.obj,0.9999998807907104,1
device_26_tetwild_0005.obj,0.9890062808990479,1
device_26_tetwild_0006.obj,0.999984622001648,1
device_26_tetwild_0007.obj,0.9999991655349731,1
device_26_tetwild_0008.obj,0.9999986886978149,1
device_26_tetwild_0009.obj,0.9999982118606567,1
device_26_tetwild_0010.obj,1.0,1
device_26_tetwild_0011.obj,0.999995231628418,1
device_26_tetwild_0012.obj,0.9999929666519165,1
device_26_tetwild_0013.obj,0.9999673366546631,1
device_26_tetwild_0014.obj,0.9999991655349731,1
device_26_tetwild_0015.obj,0.9999996423721313,1
device_26_tetwild_0016.obj,1.0,1
device_26_tetwild_0017.obj,0.9999817609786987,1
device_26_tetwild_0018.obj,0.9999997615814209,1
device_26_tetwild_0019.obj,0.9999097585678101,1
device_26_tetwild_0020.obj,0.9999996423721313,1
device_26_tetwild_0021.obj,0.9999996423721313,1
device_26_tetwild_0022.obj,0.9999998807907104,1
device_26_tetwild_0023.obj,0.9999842643737793,1
device_10_degenerate_0000.obj,1.0,1
device_10_degenerate_0001.obj,1.0,1
device_10_degenerate_0002.obj,1.0,1
device_10_degenerate_0003.obj,1.0,1
device_10_degenerate_0004.obj,1.0,1
device_10_degenerate_0005.obj,1.0,1
device_10_degenerate_0006.obj,1.0,1
device_10_degenerate_0007.obj,1.0,1
device_10_degenerate_0008.obj,1.0,1
device_10_degenerate_0009.obj,1.0,1
device_10_degenerate_0010.obj,1.0,1
device_10_degenerate_0011.obj,0.34072574973106384,1
device_10_degenerate_0012.obj,1.0,1
device_10_degenerate_0013.obj,1.0,1
device_10_degenerate_0014.obj,1.0,1
device_10_degenerate_0015.obj,1.0,1
device_10_degenerate_0016.obj,1.0,1
device_10_degenerate_0017.obj,1.0,1
device_10_degenerate_0018.obj,1.0,1
device_10_degenerate_0019.obj,1.0,1
device_10_degenerate_0020.obj,1.0,1
device_10_degenerate_0021.obj,1.0,1
device_10_degenerate_0022.obj,1.0,1
device_10_degenerate_0023.obj,1.0,1
device_10_degenerate_0024.obj,1.0,1
device_10_disconnected_0000.obj,0.9971625208854675,1
device_10_disconnected_0001.obj,0.9999654293060303,1
device_10_disconnected_0002.obj,0.9969345331192017,1
device_10_disconnected_0003.obj,0.9821614027023315,1
device_10_disconnected_0004.obj,1.0,1
device_10_disconnected_0005.obj,0.9999868869781494,1
device_10_disconnected_0006.obj,1.0,1
device_10_disconnected_0007.obj,0.999962568283081,1
device_10_disconnected_0008.obj,0.999967098236084,1
device_10_disconnected_0009.obj,0.9999767541885376,1
device_10_disconnected_0010.obj,0.9999426603317261,1
device_10_disconnected_0011.obj,0.9999998807907104,1
device_10_disconnected_0012.obj,0.9999548196792603,1
device_10_disconnected_0013.obj,1.0,1
device_10_disconnected_0014.obj,0.9999911785125732,1
device_10_disconnected_0015.obj,0.9999414682388306,1
device_10_disconnected_0016.obj,0.8242904543876648,1
device_10_disconnected_0017.obj,1.0,1
device_10_disconnected_0018.obj,0.999995231628418,1
device_10_disconnected_0019.obj,0.9998774528503418,1
device_10_disconnected_0020.obj,0.9831019043922424,1
device_10_disconnected_0021.obj,0.9997474551200867,1
device_10_disconnected_0022.obj,0.9999996423721313,1
device_10_disconnected_0023.obj,0.9995030164718628,1
device_10_disconnected_0024.obj,0.9999854564666748,1
device_10_faceswap_0000.obj,1.0,1
device_10_faceswap_0001.obj,1.0,1
device_10_faceswap_0002.obj,1.0,1
device_10_faceswap_0003.obj,1.0,1
device_10_faceswap_0004.obj,1.0,1
device_10_faceswap_0005.obj,1.0,1
device_10_faceswap_0006.obj,1.0,1
device_10_faceswap_0007.obj,1.0,1
device_10_faceswap_0008.obj,1.0,1
device_10_faceswap_0009.obj,1.0,1
device_10_faceswap_0010.obj,1.0,1
device_10_faceswap_0011.obj,1.0,1
device_10_faceswap_0012.obj,1.0,1
device_10_faceswap_0013.obj,1.0,1
device_10_faceswap_0014.obj,1.0,1
device_10_faceswap_0015.obj,1.0,1
device_10_faceswap_0016.obj,1.0,1
device_10_faceswap_0017.obj,1.0,1
device_10_faceswap_0018.obj,1.0,1
device_10_faceswap_0019.obj,1.0,1
device_10_faceswap_0020.obj,1.0,1
device_10_faceswap_0021.obj,1.0,1
device_10_faceswap_0022.obj,1.0,1
device_10_faceswap_0023.obj,1.0,1
device_10_faceswap_0024.obj,1.0,1
device_10_jitter_0000.obj,1.0,1
device_10_jitter_0001.obj,1.0,1
device_10_jitter_0002.obj,1.0,1
device_10_jitter_0003.obj,1.0,1
device_10_jitter_0004.obj,1.0,1
device_10_jitter_0005.obj,1.0,1
device_10_jitter_0006.obj,1.0,1
device_10_jitter_0007.obj,1.0,1
device_10_jitter_0008.obj,1.0,1
device_10_jitter_0009.obj,1.0,1
device_10_jitter_0010.obj,1.0,1
device_10_jitter_0011.obj,1.0,1
device_10_jitter_0012.obj,1.0,1
device_10_jitter_0013.obj,1.0,1
device_10_jitter_0014.obj,1.0,1
device_10_jitter_0015.obj,1.0,1
device_10_jitter_0016.obj,1.0,1
device_10_jitter_0017.obj,1.0,1
device_10_jitter_0018.obj,1.0,1
device_10_jitter_0019.obj,1.0,1
device_10_jitter_0020.obj,1.0,1
device_10_jitter_0021.obj,1.0,1
device_10_jitter_0022.obj,1.0,1
device_10_jitter_0023.obj,1.0,1
device_10_jitter_0024.obj,1.0,1
device_10_rigid_0000.obj,1.0,1
device_10_rigid_0001.obj,0.9999998807907104,1
device_10_rigid_0002.obj,0.9999878406524658,1
device_10_rigid_0003.obj,1.0,1
device_10_rigid_0004.obj,0.9999983310699463,1
device_10_rigid_0005.obj,0.9999998807907104,1
device_10_rigid_0006.obj,0.9999969005584717,1
device_10_rigid_0007.obj,0.9999996423721313,1
device_10_rigid_0008.obj,0.9999998807907104,1
device_10_rigid_0009.obj,1.0,1
device_10_rigid_0010.obj,0.9999997615814209,1
device_10_rigid_0011.obj,0.9999337196350098,1
device_10_rigid_0012.obj,1.0,1
device_10_rigid_0013.obj,1.0,1
device_10_rigid_0014.obj,0.999786913394928,1
device_10_rigid_0015.obj,1.0,1
device_10_rigid_0016.obj,0.9996517896652222,1
device_10_rigid_0017.obj,1.0,1
device_10_rigid_0018.obj,0.9999653100967407,1
device_10_rigid_0019.obj,0.9999918937683105,1
device_10_rigid_0020.obj,0.9999865293502808,1
device_10_rigid_0021.obj,0.9999984502792358,1
device_10_rigid_0022.obj,0.9999858140945435,1
device_10_rigid_0023.obj,1.0,1
device_10_rigid_0024.obj,1.0,1
device_10_tetwild_0000.obj,0.9999991655349731,1
device_10_tetwild_0001.obj,0.9999997615814209,1
device_10_tetwild_0002.obj,1.0,1
device_10_tetwild_0003.obj,1.0,1
device_10_tetwild_0004.obj,1.0,1
device_10_tetwild_0005.obj,0.9994107484817505,1
device_10_tetwild_0006.obj,1.0,1
device_10_tetwild_0007.obj,0.9999997615814209,1
device_10_tetwild_0008.obj,0.9999997615814209,1
device_10_tetwild_0009.obj,0.999998927116394,1
device_10_tetwild_0010.obj,0.9999961853027344,1
device_10_tetwild_0011.obj,0.9999955892562866,1
device_10_tetwild_0012.obj,0.9999995231628418,1
device_10_tetwild_0013.obj,0.9971455931663513,1
device_10_tetwild_0014.obj,0.9999997615814209,1
device_10_tetwild_0015.obj,1.0,1
device_10_tetwild_0016.obj,0.9999994039535522,1
device_10_tetwild_0017.obj,1.0,1
device_10_tetwild_0018.obj,0.9999995231628418,1
device_10_tetwild_0019.obj,0.9999924898147583,1
device_10_tetwild_0020.obj,1.0,1
device_10_tetwild_0021.obj,1.0,1
device_10_tetwild_0022.obj,1.0,1
device_10_tetwild_0023.obj,0.9999988079071045,1
device_10_tetwild_0024.obj,1.0,1
device_20_degenerate_0000.obj,1.0,1
device_20_degenerate_0001.obj,1.0,1
device_20_degenerate_0002.obj,1.0,1
device_20_degenerate_0003.obj,1.0,1
device_20_degenerate_0004.obj,1.0,1
device_20_degenerate_0005.obj,1.0,1
device_20_degenerate_0006.obj,1.0,1
device_20_degenerate_0007.obj,1.0,1
device_20_degenerate_0008.obj,1.0,1
device_20_degenerate_0009.obj,1.0,1
device_20_degenerate_0010.obj,1.0,1
device_20_degenerate_0011.obj,0.9989455342292786,1
device_20_degenerate_0012.obj,1.0,1
device_20_degenerate_0013.obj,1.0,1
device_20_degenerate_0014.obj,0.9999797344207764,1
device_20_degenerate_0015.obj,1.0,1
device_20_degenerate_0016.obj,0.9999176263809204,1
device_20_degenerate_0017.obj,1.0,1
device_20_degenerate_0018.obj,1.0,1
device_20_degenerate_0019.obj,1.0,1
device_20_degenerate_0020.obj,1.0,1
device_20_degenerate_0021.obj,1.0,1
device_20_degenerate_0022.obj,1.0,1
device_20_degenerate_0023.obj,1.0,1
device_20_degenerate_0024.obj,1.0,1
device_20_disconnected_0000.obj,1.0,1
device_20_disconnected_0001.obj,0.9999985694885254,1
device_20_disconnected_0002.obj,1.0,1
device_20_disconnected_0003.obj,0.9999942779541016,1
device_20_disconnected_0004.obj,0.9999728202819824,1
device_20_disconnected_0005.obj,0.999998927116394,1
device_20_disconnected_0006.obj,0.9999982118606567,1
device_20_disconnected_0007.obj,0.9999582767486572,1
device_20_disconnected_0008.obj,0.9999924898147583,1
device_20_disconnected_0009.obj,1.0,1
device_20_disconnected_0010.obj,0.9999983310699463,1
device_20_disconnected_0011.obj,0.9999369382858276,1
device_20_disconnected_0012.obj,0.9997116923332214,1
device_20_disconnected_0013.obj,0.9999990463256836,1
device_20_disconnected_0014.obj,0.9999924898147583,1
device_20_disconnected_0015.obj,1.0,1
device_20_disconnected_0016.obj,0.9999998807907104,1
device_20_disconnected_0017.obj,1.0,1
device_20_disconnected_0018.obj,0.900259792804718,1
device_20_disconnected_0019.obj,0.9999992847442627,1
device_20_disconnected_0020.obj,0.9995627999305725,1
device_20_disconnected_0021.obj,0.9995692372322083,1
device_20_disconnected_0022.obj,0.9999988079071045,1
device_20_disconnected_0023.obj,0.1819348931312561,1
device_20_disconnected_0024.obj,0.9999943971633911,1
device_20_faceswap_0000.obj,1.0,1
device_20_faceswap_0001.obj,1.0,1
device_20_faceswap_0002.obj,1.0,1
device_20_faceswap_0003.obj,1.0,1
device_20_faceswap_0004.obj,1.0,1
device_20_faceswap_0005.obj,1.0,1
device_20_faceswap_0006.obj,1.0,1
device_20_faceswap_0007.obj,1.0,1
device_20_faceswap_0008.obj,1.0,1
device_20_faceswap_0009.obj,1.0,1
device_20_faceswap_0010.obj,1.0,1
device_20_faceswap_0011.obj,1.0,1
device_20_faceswap_0012.obj,1.0,1
device_20_faceswap_0013.obj,1.0,1
device_20_faceswap_0014.obj,1.0,1
device_20_faceswap_0015.obj,1.0,1
device_20_faceswap_0016.obj,1.0,1
device_20_faceswap_0017.obj,1.0,1
device_20_faceswap_0018.obj,1.0,1
device_20_faceswap_0019.obj,1.0,1
device_20_faceswap_0020.obj,1.0,1
device_20_faceswap_0021.obj,1.0,1
device_20_faceswap_0022.obj,1.0,1
device_20_faceswap_0023.obj,1.0,1
device_20_faceswap_0024.obj,1.0,1
device_20_jitter_0000.obj,1.0,1
device_20_jitter_0001.obj,1.0,1
device_20_jitter_0002.obj,1.0,1
device_20_jitter_0003.obj,1.0,1
device_20_jitter_0004.obj,1.0,1
device_20_jitter_0005.obj,1.0,1
device_20_jitter_0006.obj,1.0,1
device_20_jitter_0007.obj,1.0,1
device_20_jitter_0008.obj,1.0,1
device_20_jitter_0009.obj,1.0,1
device_20_jitter_0010.obj,1.0,1
device_20_jitter_0011.obj,1.0,1
device_20_jitter_0012.obj,1.0,1
device_20_jitter_0013.obj,1.0,1
device_20_jitter_0014.obj,1.0,1
device_20_jitter_0015.obj,1.0,1
device_20_jitter_0016.obj,1.0,1
device_20_jitter_0017.obj,1.0,1
device_20_jitter_0018.obj,1.0,1
device_20_jitter_0019.obj,1.0,1
device_20_jitter_0020.obj,1.0,1
device_20_jitter_0021.obj,1.0,1
device_20_jitter_0022.obj,1.0,1
device_20_jitter_0023.obj,1.0,1
device_20_jitter_0024.obj,1.0,1
device_20_rigid_0000.obj,0.9998996257781982,1
device_20_rigid_0001.obj,0.99998939037323,1
device_20_rigid_0002.obj,0.9999998807907104,1
device_20_rigid_0003.obj,0.9999963045120239,1
device_20_rigid_0004.obj,0.9998891353607178,1
device_20_rigid_0005.obj,0.999997615814209,1
device_20_rigid_0006.obj,0.9999611377716064,1
device_20_rigid_0007.obj,1.0,1
device_20_rigid_0008.obj,0.9999617338180542,1
device_20_rigid_0009.obj,0.9902423024177551,1
device_20_rigid_0010.obj,0.9999986886978149,1
device_20_rigid_0011.obj,1.0,1
device_20_rigid_0012.obj,0.9999961853027344,1
device_20_rigid_0013.obj,0.9999996423721313,1
device_20_rigid_0014.obj,0.9999767541885376,1
device_20_rigid_0015.obj,0.9999932050704956,1
device_20_rigid_0016.obj,0.9996368885040283,1
device_20_rigid_0017.obj,0.9999953508377075,1
device_20_rigid_0018.obj,1.0,1
device_20_rigid_0019.obj,0.9994986057281494,1
device_20_rigid_0020.obj,0.9989896416664124,1
device_20_rigid_0021.obj,0.9999977350234985,1
device_20_rigid_0022.obj,0.9999984502792358,1
device_20_rigid_0023.obj,0.9964731335639954,1
device_20_rigid_0024.obj,0.999885082244873,1
device_20_tetwild_0000.obj,0.9999886751174927,1
device_20_tetwild_0001.obj,0.9995456337928772,1
device_20_tetwild_0002.obj,0.9999655485153198,1
device_20_tetwild_0003.obj,1.0,1
device_20_tetwild_0004.obj,1.0,1
device_20_tetwild_0005.obj,0.9998645782470703,1
device_20_tetwild_0006.obj,0.9999818801879883,1
device_20_tetwild_0007.obj,1.0,1
device_20_tetwild_0008.obj,0.9998219609260559,1
device_20_tetwild_0009.obj,0.9308203458786011,1
device_20_tetwild_0010.obj,1.0,1
device_20_tetwild_0011.obj,0.9999977350234985,1
device_20_tetwild_0012.obj,0.9999945163726807,1
device_20_tetwild_0014.obj,0.9999580383300781,1
device_20_tetwild_0015.obj,0.9999970197677612,1
device_20_tetwild_0016.obj,1.0,1
device_20_tetwild_0017.obj,0.999970555305481,1
device_20_tetwild_0018.obj,0.9999903440475464,1
device_20_tetwild_0019.obj,0.999991774559021,1
device_20_tetwild_0020.obj,1.0,1
device_20_tetwild_0021.obj,0.999991774559021,1
device_20_tetwild_0022.obj,1.0,1
device_20_tetwild_0023.obj,0.9999709129333496,1
device_20_tetwild_0024.obj,1.0,1
device_18_degenerate_0000.obj,1.0,1
device_18_degenerate_0001.obj,1.0,1
device_18_degenerate_0002.obj,1.0,1
device_18_degenerate_0003.obj,1.0,1
device_18_degenerate_0004.obj,1.0,1
device_18_degenerate_0005.obj,1.0,1
device_18_degenerate_0006.obj,1.0,1
device_18_degenerate_0007.obj,0.9999998807907104,1
device_18_degenerate_0008.obj,1.0,1
device_18_degenerate_0009.obj,1.0,1
device_18_degenerate_0010.obj,1.0,1
device_18_degenerate_0011.obj,1.0,1
device_18_degenerate_0012.obj,1.0,1
device_18_degenerate_0013.obj,1.0,1
device_18_degenerate_0014.obj,1.0,1
device_18_degenerate_0015.obj,1.0,1
device_18_degenerate_0016.obj,0.9099879264831543,1
device_18_degenerate_0017.obj,1.0,1
device_18_degenerate_0018.obj,1.0,1
device_18_degenerate_0019.obj,0.8767738938331604,1
device_18_degenerate_0020.obj,0.9999996423721313,1
device_18_degenerate_0021.obj,0.9999995231628418,1
device_18_degenerate_0022.obj,1.0,1
device_18_degenerate_0023.obj,1.0,1
device_18_degenerate_0024.obj,1.0,1
device_18_disconnected_0000.obj,0.9999812841415405,1
device_18_disconnected_0001.obj,1.0,1
device_18_disconnected_0002.obj,0.9999655485153198,1
device_18_disconnected_0003.obj,0.9998650550842285,1
device_18_disconnected_0004.obj,1.0,1
device_18_disconnected_0005.obj,0.9999942779541016,1
device_18_disconnected_0006.obj,1.0,1
device_18_disconnected_0007.obj,0.9998674392700195,1
device_18_disconnected_0008.obj,1.0,1
device_18_disconnected_0009.obj,0.9999772310256958,1
device_18_disconnected_0010.obj,0.9999978542327881,1
device_18_disconnected_0011.obj,0.9966147541999817,1
device_18_disconnected_0012.obj,1.0,1
device_18_disconnected_0013.obj,0.9999533891677856,1
device_18_disconnected_0014.obj,0.9999997615814209,1
device_18_disconnected_0015.obj,0.9999974966049194,1
device_18_disconnected_0016.obj,1.0,1
device_18_disconnected_0017.obj,0.9999387264251709,1
device_18_disconnected_0018.obj,0.9999982118606567,1
device_18_disconnected_0019.obj,0.9999927282333374,1
device_18_disconnected_0020.obj,0.9999616146087646,1
device_18_disconnected_0021.obj,0.9993792772293091,1
device_18_disconnected_0022.obj,0.999772846698761,1
device_18_disconnected_0023.obj,0.9999986886978149,1
device_18_disconnected_0024.obj,0.9999997615814209,1
device_18_faceswap_0000.obj,1.0,1
device_18_faceswap_0001.obj,1.0,1
device_18_faceswap_0002.obj,1.0,1
device_18_faceswap_0003.obj,1.0,1
device_18_faceswap_0004.obj,1.0,1
device_18_faceswap_0005.obj,1.0,1
device_18_faceswap_0006.obj,1.0,1
device_18_faceswap_0007.obj,1.0,1
device_18_faceswap_0008.obj,1.0,1
device_18_faceswap_0009.obj,1.0,1
device_18_faceswap_0010.obj,1.0,1
device_18_faceswap_0011.obj,1.0,1
device_18_faceswap_0012.obj,1.0,1
device_18_faceswap_0013.obj,1.0,1
device_18_faceswap_0014.obj,1.0,1
device_18_faceswap_0015.obj,1.0,1
device_18_faceswap_0016.obj,1.0,1
device_18_faceswap_0017.obj,1.0,1
device_18_faceswap_0018.obj,1.0,1
device_18_faceswap_0019.obj,1.0,1
device_18_faceswap_0020.obj,1.0,1
device_18_faceswap_0021.obj,1.0,1
device_18_faceswap_0022.obj,1.0,1
device_18_faceswap_0023.obj,1.0,1
device_18_faceswap_0024.obj,1.0,1
device_18_jitter_0000.obj,1.0,1
device_18_jitter_0001.obj,1.0,1
device_18_jitter_0002.obj,1.0,1
device_18_jitter_0003.obj,1.0,1
device_18_jitter_0004.obj,1.0,1
device_18_jitter_0005.obj,1.0,1
device_18_jitter_0006.obj,1.0,1
device_18_jitter_0007.obj,1.0,1
device_18_jitter_0008.obj,1.0,1
device_18_jitter_0009.obj,1.0,1
device_18_jitter_0010.obj,1.0,1
device_18_jitter_0011.obj,1.0,1
device_18_jitter_0012.obj,1.0,1
device_18_jitter_0013.obj,1.0,1
device_18_jitter_0014.obj,1.0,1
device_18_jitter_0015.obj,1.0,1
device_18_jitter_0016.obj,1.0,1
device_18_jitter_0017.obj,1.0,1
device_18_jitter_0018.obj,1.0,1
device_18_jitter_0019.obj,1.0,1
device_18_jitter_0020.obj,1.0,1
device_18_jitter_0021.obj,1.0,1
device_18_jitter_0022.obj,1.0,1
device_18_jitter_0023.obj,1.0,1
device_18_jitter_0024.obj,1.0,1
device_18_rigid_0000.obj,1.0,1
device_18_rigid_0001.obj,0.9995430707931519,1
device_18_rigid_0002.obj,1.0,1
device_18_rigid_0003.obj,0.9999943971633911,1
device_18_rigid_0004.obj,0.9999991655349731,1
device_18_rigid_0005.obj,0.9999998807907104,1
device_18_rigid_0006.obj,0.9992849230766296,1
device_18_rigid_0007.obj,0.9999994039535522,1
device_18_rigid_0008.obj,1.0,1
device_18_rigid_0009.obj,0.9998518228530884,1
device_18_rigid_0010.obj,0.999984622001648,1
device_18_rigid_0011.obj,1.0,1
device_18_rigid_0012.obj,1.0,1
device_18_rigid_0013.obj,1.0,1
device_18_rigid_0014.obj,0.9999973773956299,1
device_18_rigid_0015.obj,0.9999998807907104,1
device_18_rigid_0016.obj,0.9999988079071045,1
device_18_rigid_0017.obj,0.9999992847442627,1
device_18_rigid_0018.obj,1.0,1
device_18_rigid_0019.obj,1.0,1
device_18_rigid_0020.obj,0.9967558979988098,1
device_18_rigid_0021.obj,0.9999998807907104,1
device_18_rigid_0022.obj,0.9999998807907104,1
device_18_rigid_0023.obj,0.9999998807907104,1
device_18_rigid_0024.obj,0.999988317489624,1
device_18_tetwild_0000.obj,1.0,1
device_18_tetwild_0001.obj,0.9999997615814209,1
device_18_tetwild_0002.obj,0.9999996423721313,1
device_18_tetwild_0003.obj,1.0,1
device_18_tetwild_0004.obj,0.9999967813491821,1
device_18_tetwild_0005.obj,0.9999998807907104,1
device_18_tetwild_0006.obj,0.9999973773956299,1
device_18_tetwild_0007.obj,0.9999972581863403,1
device_18_tetwild_0008.obj,0.9999997615814209,1
device_18_tetwild_0009.obj,0.9999996423721313,1
device_18_tetwild_0010.obj,0.9999034404754639,1
device_18_tetwild_0011.obj,0.9999998807907104,1
device_18_tetwild_0012.obj,0.9999997615814209,1
device_18_tetwild_0013.obj,0.9999997615814209,1
device_18_tetwild_0014.obj,0.9999985694885254,1
device_18_tetwild_0015.obj,0.9999709129333496,1
device_18_tetwild_0016.obj,1.0,1
device_18_tetwild_0017.obj,0.9999935626983643,1
device_18_tetwild_0018.obj,0.9999723434448242,1
device_18_tetwild_0019.obj,0.9999645948410034,1
device_18_tetwild_0020.obj,0.9981706142425537,1
device_18_tetwild_0021.obj,0.9994908571243286,1
device_18_tetwild_0022.obj,0.999993085861206,1
device_18_tetwild_0023.obj,1.0,1
device_18_tetwild_0024.obj,0.9999996423721313,1
device_04_degenerate_0000.obj,1.0,1
device_04_degenerate_0001.obj,1.0,1
device_04_degenerate_0002.obj,1.0,1
device_04_degenerate_0003.obj,0.9973881840705872,1
device_04_degenerate_0004.obj,1.0,1
device_04_degenerate_0005.obj,1.0,1
device_04_degenerate_0006.obj,1.0,1
device_04_degenerate_0007.obj,1.0,1
device_04_degenerate_0008.obj,1.0,1
device_04_degenerate_0009.obj,1.0,1
device_04_degenerate_0010.obj,1.0,1
device_04_degenerate_0011.obj,0.9999911785125732,1
device_04_degenerate_0012.obj,1.0,1
device_04_degenerate_0013.obj,0.9999997615814209,1
device_04_degenerate_0014.obj,1.0,1
device_04_degenerate_0015.obj,0.9999189376831055,1
device_04_degenerate_0016.obj,1.0,1
device_04_degenerate_0017.obj,1.0,1
device_04_degenerate_0018.obj,0.9997323155403137,1
device_04_degenerate_0019.obj,1.0,1
device_04_degenerate_0020.obj,1.0,1
device_04_degenerate_0021.obj,1.0,1
device_04_degenerate_0022.obj,1.0,1
device_04_degenerate_0023.obj,0.9997627139091492,1
device_04_degenerate_0024.obj,1.0,1
device_04_disconnected_0000.obj,0.9999933242797852,1
device_04_disconnected_0001.obj,0.9999881982803345,1
device_04_disconnected_0002.obj,0.9999998807907104,1
device_04_disconnected_0003.obj,0.9999943971633911,1
device_04_disconnected_0004.obj,0.9999998807907104,1
device_04_disconnected_0005.obj,0.9999998807907104,1
device_04_disconnected_0006.obj,0.9999653100967407,1
device_04_disconnected_0007.obj,0.9999929666519165,1
device_04_disconnected_0008.obj,0.9982106685638428,1
device_04_disconnected_0009.obj,0.9999867677688599,1
device_04_disconnected_0010.obj,0.9948582649230957,1
device_04_disconnected_0011.obj,0.9999624490737915,1
device_04_disconnected_0012.obj,0.9999872446060181,1
device_04_disconnected_0013.obj,0.9997846484184265,1
device_04_disconnected_0014.obj,0.9999998807907104,1
device_04_disconnected_0015.obj,1.0,1
device_04_disconnected_0016.obj,0.9999935626983643,1
device_04_disconnected_0017.obj,0.9999932050704956,1
device_04_disconnected_0018.obj,0.9999994039535522,1
device_04_disconnected_0019.obj,0.9999996423721313,1
device_04_disconnected_0020.obj,0.9999426603317261,1
device_04_disconnected_0021.obj,0.9999802112579346,1
device_04_disconnected_0022.obj,0.9999995231628418,1
device_04_disconnected_0023.obj,0.9963034391403198,1
device_04_disconnected_0024.obj,0.9996232986450195,1
device_04_faceswap_0000.obj,1.0,1
device_04_faceswap_0001.obj,1.0,1
device_04_faceswap_0002.obj,1.0,1
device_04_faceswap_0003.obj,1.0,1
device_04_faceswap_0004.obj,1.0,1
device_04_faceswap_0005.obj,1.0,1
device_04_faceswap_0006.obj,1.0,1
device_04_faceswap_0007.obj,1.0,1
device_04_faceswap_0008.obj,1.0,1
device_04_faceswap_0009.obj,1.0,1
device_04_faceswap_0010.obj,1.0,1
device_04_faceswap_0011.obj,1.0,1
device_04_faceswap_0012.obj,1.0,1
device_04_faceswap_0013.obj,1.0,1
device_04_faceswap_0014.obj,1.0,1
device_04_faceswap_0015.obj,1.0,1
device_04_faceswap_0016.obj,1.0,1
device_04_faceswap_0017.obj,1.0,1
device_04_faceswap_0018.obj,1.0,1
device_04_faceswap_0019.obj,1.0,1
device_04_faceswap_0020.obj,1.0,1
device_04_faceswap_0021.obj,1.0,1
device_04_faceswap_0022.obj,1.0,1
device_04_faceswap_0023.obj,1.0,1
device_04_faceswap_0024.obj,1.0,1
device_04_jitter_0000.obj,1.0,1
device_04_jitter_0001.obj,1.0,1
device_04_jitter_0002.obj,1.0,1
device_04_jitter_0003.obj,1.0,1
device_04_jitter_0004.obj,1.0,1
device_04_jitter_0005.obj,1.0,1
device_04_jitter_0006.obj,1.0,1
device_04_jitter_0007.obj,1.0,1
device_04_jitter_0008.obj,1.0,1
device_04_jitter_0009.obj,1.0,1
device_04_jitter_0010.obj,1.0,1
device_04_jitter_0011.obj,1.0,1
device_04_jitter_0012.obj,1.0,1
device_04_jitter_0013.obj,1.0,1
device_04_jitter_0014.obj,1.0,1
device_04_jitter_0015.obj,1.0,1
device_04_jitter_0016.obj,1.0,1
device_04_jitter_0017.obj,1.0,1
device_04_jitter_0018.obj,1.0,1
device_04_jitter_0019.obj,1.0,1
device_04_jitter_0020.obj,1.0,1
device_04_jitter_0021.obj,1.0,1
device_04_jitter_0022.obj,1.0,1
device_04_jitter_0023.obj,1.0,1
device_04_jitter_0024.obj,1.0,1
device_04_rigid_0000.obj,1.0,1
device_04_rigid_0001.obj,0.9999994039535522,1
device_04_rigid_0002.obj,0.9999938011169434,1
device_04_rigid_0003.obj,1.0,1
device_04_rigid_0004.obj,0.9999998807907104,1
device_04_rigid_0005.obj,0.9999945163726807,1
device_04_rigid_0006.obj,0.9999997615814209,1
device_04_rigid_0007.obj,0.9999927282333374,1
device_04_rigid_0008.obj,0.9999986886978149,1
device_04_rigid_0009.obj,0.9999992847442627,1
device_04_rigid_0010.obj,1.0,1
device_04_rigid_0011.obj,0.9999964237213135,1
device_04_rigid_0012.obj,0.9999895095825195,1
device_04_rigid_0013.obj,1.0,1
device_04_rigid_0014.obj,1.0,1
device_04_rigid_0015.obj,0.9999998807907104,1
device_04_rigid_0016.obj,0.9999995231628418,1
device_04_rigid_0017.obj,1.0,1
device_04_rigid_0018.obj,1.0,1
device_04_rigid_0019.obj,1.0,1
device_04_rigid_0020.obj,0.9999969005584717,1
device_04_rigid_0021.obj,0.9999626874923706,1
device_04_rigid_0022.obj,0.9999998807907104,1
device_04_rigid_0023.obj,1.0,1
device_04_rigid_0024.obj,1.0,1
device_04_tetwild_0000.obj,1.0,1
device_04_tetwild_0001.obj,0.999994158744812,1
device_04_tetwild_0002.obj,0.9999932050704956,1
device_04_tetwild_0003.obj,0.999713122844696,1
device_04_tetwild_0004.obj,0.9997105002403259,1
device_04_tetwild_0005.obj,0.9999998807907104,1
device_04_tetwild_0006.obj,0.9999998807907104,1
device_04_tetwild_0007.obj,0.9999995231628418,1
device_04_tetwild_0008.obj,0.9999998807907104,1
device_04_tetwild_0009.obj,1.0,1
device_04_tetwild_0010.obj,1.0,1
device_04_tetwild_0011.obj,0.999995231628418,1
device_04_tetwild_0012.obj,1.0,1
device_04_tetwild_0013.obj,1.0,1
device_04_tetwild_0014.obj,1.0,1
device_04_tetwild_0015.obj,0.999982476234436,1
device_04_tetwild_0016.obj,0.9999973773956299,1
device_04_tetwild_0017.obj,0.9999781847000122,1
device_04_tetwild_0018.obj,0.9999995231628418,1
device_04_tetwild_0019.obj,1.0,1
device_04_tetwild_0020.obj,1.0,1
device_04_tetwild_0021.obj,1.0,1
device_04_tetwild_0022.obj,0.9999997615814209,1
device_04_tetwild_0023.obj,0.999992847442627,1
device_04_tetwild_0024.obj,0.9999998807907104,1
device_14_degenerate_0000.obj,0.9999992847442627,1
device_14_degenerate_0001.obj,0.9999992847442627,1
device_14_degenerate_0002.obj,0.9999992847442627,1
device_14_degenerate_0003.obj,0.9999992847442627,1
device_14_degenerate_0004.obj,0.9999992847442627,1
device_14_degenerate_0005.obj,0.9999992847442627,1
device_14_degenerate_0006.obj,0.9999992847442627,1
device_14_degenerate_0007.obj,0.9999992847442627,1
device_14_degenerate_0008.obj,0.9999992847442627,1
device_14_degenerate_0009.obj,0.9999992847442627,1
device_14_degenerate_0010.obj,0.9999992847442627,1
device_14_degenerate_0011.obj,0.9999992847442627,1
device_14_degenerate_0012.obj,0.9999992847442627,1
device_14_degenerate_0013.obj,0.9999992847442627,1
device_14_degenerate_0014.obj,0.9999992847442627,1
device_14_degenerate_0015.obj,0.9999992847442627,1
device_14_degenerate_0016.obj,0.9999992847442627,1
device_14_degenerate_0017.obj,0.9999992847442627,1
device_14_degenerate_0018.obj,0.9999992847442627,1
device_14_degenerate_0019.obj,0.9999992847442627,1
device_14_degenerate_0020.obj,0.9999992847442627,1
device_14_degenerate_0021.obj,0.9999992847442627,1
device_14_degenerate_0022.obj,0.9999992847442627,1
device_14_degenerate_0023.obj,0.9999992847442627,1
device_14_degenerate_0024.obj,0.9999992847442627,1
device_14_disconnected_0000.obj,0.9999984502792358,1
device_14_disconnected_0001.obj,1.0,1
device_14_disconnected_0002.obj,0.9999996423721313,1
device_14_disconnected_0003.obj,1.0,1
device_14_disconnected_0004.obj,0.9999821186065674,1
device_14_disconnected_0005.obj,0.9999988079071045,1
device_14_disconnected_0006.obj,0.9999992847442627,1
device_14_disconnected_0007.obj,1.0,1
device_14_disconnected_0008.obj,0.9999943971633911,1
device_14_disconnected_0009.obj,0.9999386072158813,1
device_14_disconnected_0010.obj,0.9999966621398926,1
device_14_disconnected_0011.obj,0.9999947547912598,1
device_14_disconnected_0012.obj,0.9998385906219482,1
device_14_disconnected_0013.obj,0.9999998807907104,1
device_14_disconnected_0014.obj,0.9999997615814209,1
device_14_disconnected_0015.obj,0.9999971389770508,1
device_14_disconnected_0016.obj,0.9999676942825317,1
device_14_disconnected_0017.obj,0.9999998807907104,1
device_14_disconnected_0018.obj,0.9998623132705688,1
device_14_disconnected_0019.obj,0.9999901056289673,1
device_14_disconnected_0020.obj,0.9999997615814209,1
device_14_disconnected_0021.obj,1.0,1
device_14_disconnected_0022.obj,0.9998583793640137,1
device_14_disconnected_0023.obj,0.9999998807907104,1
device_14_disconnected_0024.obj,0.9999996423721313,1
device_14_faceswap_0000.obj,0.9999992847442627,1
device_14_faceswap_0001.obj,0.9999992847442627,1
device_14_faceswap_0002.obj,0.9999992847442627,1
device_14_faceswap_0003.obj,0.9999992847442627,1
device_14_faceswap_0004.obj,0.9999992847442627,1
device_14_faceswap_0005.obj,0.9999992847442627,1
device_14_faceswap_0006.obj,0.9999992847442627,1
device_14_faceswap_0007.obj,0.9999992847442627,1
device_14_faceswap_0008.obj,0.9999992847442627,1
device_14_faceswap_0009.obj,0.9999992847442627,1
device_14_faceswap_0010.obj,0.9999992847442627,1
device_14_faceswap_0011.obj,0.9999992847442627,1
device_14_faceswap_0012.obj,0.9999992847442627,1
device_14_faceswap_0013.obj,0.9999992847442627,1
device_14_faceswap_0014.obj,0.9999992847442627,1
device_14_faceswap_0015.obj,0.9999992847442627,1
device_14_faceswap_0016.obj,0.9999992847442627,1
device_14_faceswap_0017.obj,0.9999992847442627,1
device_14_faceswap_0018.obj,0.9999992847442627,1
device_14_faceswap_0019.obj,0.9999992847442627,1
device_14_faceswap_0020.obj,0.9999992847442627,1
device_14_faceswap_0021.obj,0.9999992847442627,1
device_14_faceswap_0022.obj,0.9999992847442627,1
device_14_faceswap_0023.obj,0.9999992847442627,1
device_14_faceswap_0024.obj,0.9999992847442627,1
device_14_jitter_0000.obj,0.999998927116394,1
device_14_jitter_0001.obj,0.9999992847442627,1
device_14_jitter_0002.obj,0.999998927116394,1
device_14_jitter_0003.obj,0.9999991655349731,1
device_14_jitter_0004.obj,0.9999995231628418,1
device_14_jitter_0005.obj,0.9999996423721313,1
device_14_jitter_0006.obj,0.9999985694885254,1
device_14_jitter_0007.obj,0.9999994039535522,1
device_14_jitter_0008.obj,0.9999992847442627,1
device_14_jitter_0009.obj,0.9999994039535522,1
device_14_jitter_0010.obj,0.9999995231628418,1
device_14_jitter_0011.obj,0.9999984502792358,1
device_14_jitter_0012.obj,0.9999990463256836,1
device_14_jitter_0013.obj,0.999998927116394,1
device_14_jitter_0014.obj,0.9999978542327881,1
device_14_jitter_0015.obj,0.9999995231628418,1
device_14_jitter_0016.obj,0.9999995231628418,1
device_14_jitter_0017.obj,0.9999992847442627,1
device_14_jitter_0018.obj,0.9999967813491821,1
device_14_jitter_0019.obj,0.9999988079071045,1
device_14_jitter_0020.obj,0.9999991655349731,1
device_14_jitter_0021.obj,0.9999988079071045,1
device_14_jitter_0022.obj,0.9999995231628418,1
device_14_jitter_0023.obj,0.9999995231628418,1
device_14_jitter_0024.obj,0.9999991655349731,1
device_14_rigid_0000.obj,0.9999994039535522,1
device_14_rigid_0001.obj,0.9999973773956299,1
device_14_rigid_0002.obj,0.9987163543701172,1
device_14_rigid_0003.obj,0.991605281829834,1
device_14_rigid_0004.obj,0.9996885061264038,1
device_14_rigid_0005.obj,0.9999992847442627,1
device_14_rigid_0006.obj,0.9998151659965515,1
device_14_rigid_0007.obj,1.0,1
device_14_rigid_0008.obj,0.9690524935722351,1
device_14_rigid_0009.obj,0.45240092277526855,1
device_14_rigid_0010.obj,0.9998157620429993,1
device_14_rigid_0011.obj,0.9987285733222961,1
device_14_rigid_0012.obj,0.9999446868896484,1
device_14_rigid_0013.obj,0.9999996423721313,1
device_14_rigid_0014.obj,0.9999693632125854,1
device_14_rigid_0015.obj,0.9999997615814209,1
device_14_rigid_0016.obj,0.9999828338623047,1
device_14_rigid_0017.obj,0.9997557997703552,1
device_14_rigid_0018.obj,0.9999878406524658,1
device_14_rigid_0019.obj,0.9999904632568359,1
device_14_rigid_0020.obj,0.9998931884765625,1
device_14_rigid_0021.obj,0.9999933242797852,1
device_14_rigid_0022.obj,0.9782002568244934,1
device_14_rigid_0023.obj,0.9999624490737915,1
device_14_rigid_0024.obj,0.9999083280563354,1
device_14_tetwild_0000.obj,0.9999990463256836,1
device_14_tetwild_0001.obj,0.9996020197868347,1
device_14_tetwild_0002.obj,0.8521058559417725,1
device_14_tetwild_0003.obj,0.9999916553497314,1
device_14_tetwild_0004.obj,0.9999973773956299,1
device_14_tetwild_0005.obj,0.9968193769454956,1
device_14_tetwild_0006.obj,0.9998502731323242,1
device_14_tetwild_0007.obj,0.9999183416366577,1
device_14_tetwild_0008.obj,0.9971764087677002,1
device_14_tetwild_0009.obj,0.9999940395355225,1
device_14_tetwild_0010.obj,0.9994925260543823,1
device_14_tetwild_0011.obj,0.9999984502792358,1
device_14_tetwild_0012.obj,0.9999223947525024,1
device_14_tetwild_0013.obj,1.0,1
device_14_tetwild_0014.obj,0.9995393753051758,1
device_14_tetwild_0015.obj,0.9999994039535522,1
device_14_tetwild_0016.obj,0.9999961853027344,1
device_14_tetwild_0017.obj,0.9862674474716187,1
device_14_tetwild_0018.obj,0.9999309778213501,1
device_14_tetwild_0019.obj,0.9980210065841675,1
device_14_tetwild_0020.obj,0.9999940395355225,1
device_14_tetwild_0021.obj,0.9999617338180542,1
device_14_tetwild_0022.obj,0.9999998807907104,1
device_14_tetwild_0023.obj,1.0,1
device_14_tetwild_0024.obj,0.9999963045120239,1
device_23_degenerate_0000.obj,0.9989674091339111,1
device_23_degenerate_0001.obj,1.0,1
device_23_degenerate_0002.obj,1.0,1
device_23_degenerate_0003.obj,0.9989674091339111,1
device_23_degenerate_0004.obj,1.0,1
device_23_degenerate_0005.obj,0.9989674091339111,1
device_23_degenerate_0006.obj,0.9989674091339111,1
device_23_degenerate_0007.obj,0.9989674091339111,1
device_23_degenerate_0008.obj,0.9989674091339111,1
device_23_degenerate_0009.obj,0.9989674091339111,1
device_23_degenerate_0010.obj,1.0,1
device_23_degenerate_0011.obj,1.0,1
device_23_degenerate_0012.obj,0.9989674091339111,1
device_23_degenerate_0013.obj,1.0,1
device_23_degenerate_0014.obj,1.0,1
device_23_degenerate_0015.obj,0.9989674091339111,1
device_23_degenerate_0016.obj,1.0,1
device_23_degenerate_0017.obj,0.9989674091339111,1
device_23_degenerate_0018.obj,0.9989674091339111,1
device_23_degenerate_0019.obj,0.9989674091339111,1
device_23_degenerate_0020.obj,0.9989674091339111,1
device_23_degenerate_0021.obj,1.0,1
device_23_degenerate_0022.obj,0.9989674091339111,1
device_23_degenerate_0023.obj,0.9989674091339111,1
device_23_degenerate_0024.obj,1.0,1
device_23_disconnected_0000.obj,1.0,1
device_23_disconnected_0001.obj,0.999991774559021,1
device_23_disconnected_0002.obj,1.0,1
device_23_disconnected_0003.obj,1.0,1
device_23_disconnected_0004.obj,1.0,1
device_23_disconnected_0005.obj,0.9999963045120239,1
device_23_disconnected_0006.obj,1.0,1
device_23_disconnected_0007.obj,0.9999223947525024,1
device_23_disconnected_0008.obj,1.0,1
device_23_disconnected_0009.obj,0.9999988079071045,1
device_23_disconnected_0010.obj,1.0,1
device_23_disconnected_0011.obj,1.0,1
device_23_disconnected_0012.obj,0.9999768733978271,1
device_23_disconnected_0013.obj,0.9999997615814209,1
device_23_disconnected_0014.obj,1.0,1
device_23_disconnected_0015.obj,0.9999994039535522,1
device_23_disconnected_0016.obj,0.9999980926513672,1
device_23_disconnected_0017.obj,0.9999998807907104,1
device_23_disconnected_0018.obj,0.9999088048934937,1
device_23_disconnected_0019.obj,0.9999996423721313,1
device_23_disconnected_0020.obj,0.9999998807907104,1
device_23_disconnected_0021.obj,0.9999576807022095,1
device_23_disconnected_0022.obj,1.0,1
device_23_disconnected_0023.obj,0.9999755620956421,1
device_23_disconnected_0024.obj,0.9999998807907104,1
device_23_faceswap_0000.obj,1.0,1
device_23_faceswap_0001.obj,1.0,1
device_23_faceswap_0002.obj,1.0,1
device_23_faceswap_0003.obj,1.0,1
device_23_faceswap_0004.obj,1.0,1
device_23_faceswap_0005.obj,1.0,1
device_23_faceswap_0006.obj,1.0,1
device_23_faceswap_0007.obj,1.0,1
device_23_faceswap_0008.obj,1.0,1
device_23_faceswap_0009.obj,1.0,1
device_23_faceswap_0010.obj,1.0,1
device_23_faceswap_0011.obj,1.0,1
device_23_faceswap_0012.obj,1.0,1
device_23_faceswap_0013.obj,1.0,1
device_23_faceswap_0014.obj,1.0,1
device_23_faceswap_0015.obj,1.0,1
device_23_faceswap_0016.obj,1.0,1
device_23_faceswap_0017.obj,1.0,1
device_23_faceswap_0018.obj,1.0,1
device_23_faceswap_0019.obj,1.0,1
device_23_faceswap_0020.obj,1.0,1
device_23_faceswap_0021.obj,1.0,1
device_23_faceswap_0022.obj,1.0,1
device_23_faceswap_0023.obj,1.0,1
device_23_faceswap_0024.obj,1.0,1
device_23_jitter_0000.obj,1.0,1
device_23_jitter_0001.obj,1.0,1
device_23_jitter_0002.obj,1.0,1
device_23_jitter_0003.obj,1.0,1
device_23_jitter_0004.obj,1.0,1
device_23_jitter_0005.obj,1.0,1
device_23_jitter_0006.obj,1.0,1
device_23_jitter_0007.obj,1.0,1
device_23_jitter_0008.obj,1.0,1
device_23_jitter_0009.obj,1.0,1
device_23_jitter_0010.obj,1.0,1
device_23_jitter_0011.obj,1.0,1
device_23_jitter_0012.obj,1.0,1
device_23_jitter_0013.obj,1.0,1
device_23_jitter_0014.obj,1.0,1
device_23_jitter_0015.obj,1.0,1
device_23_jitter_0016.obj,1.0,1
device_23_jitter_0017.obj,1.0,1
device_23_jitter_0018.obj,1.0,1
device_23_jitter_0019.obj,1.0,1
device_23_jitter_0020.obj,1.0,1
device_23_jitter_0021.obj,1.0,1
device_23_jitter_0022.obj,1.0,1
device_23_jitter_0023.obj,1.0,1
device_23_jitter_0024.obj,1.0,1
device_23_rigid_0000.obj,1.0,1
device_23_rigid_0001.obj,1.0,1
device_23_rigid_0002.obj,0.9999998807907104,1
device_23_rigid_0003.obj,1.0,1
device_23_rigid_0004.obj,1.0,1
device_23_rigid_0005.obj,1.0,1
device_23_rigid_0006.obj,1.0,1
device_23_rigid_0007.obj,1.0,1
device_23_rigid_0008.obj,0.9999997615814209,1
device_23_rigid_0009.obj,1.0,1
device_23_rigid_0010.obj,0.9999939203262329,1
device_23_rigid_0011.obj,0.9999998807907104,1
device_23_rigid_0012.obj,0.9999983310699463,1
device_23_rigid_0013.obj,1.0,1
device_23_rigid_0014.obj,1.0,1
device_23_rigid_0015.obj,0.9999980926513672,1
device_23_rigid_0016.obj,1.0,1
device_23_rigid_0017.obj,1.0,1
device_23_rigid_0018.obj,0.9999996423721313,1
device_23_rigid_0019.obj,1.0,1
device_23_rigid_0020.obj,1.0,1
device_23_rigid_0021.obj,1.0,1
device_23_rigid_0022.obj,1.0,1
device_23_rigid_0023.obj,1.0,1
device_23_rigid_0024.obj,0.9999996423721313,1
device_23_tetwild_0000.obj,1.0,1
device_23_tetwild_0001.obj,0.9999998807907104,1
device_23_tetwild_0002.obj,1.0,1
device_23_tetwild_0003.obj,1.0,1
device_23_tetwild_0004.obj,0.9999996423721313,1
device_23_tetwild_0005.obj,1.0,1
device_23_tetwild_0006.obj,1.0,1
device_23_tetwild_0007.obj,0.9999961853027344,1
device_23_tetwild_0008.obj,1.0,1
device_23_tetwild_0009.obj,0.9999997615814209,1
device_23_tetwild_0010.obj,0.9999991655349731,1
device_23_tetwild_0011.obj,1.0,1
device_23_tetwild_0012.obj,0.8511993885040283,1
device_23_tetwild_0013.obj,1.0,1
device_23_tetwild_0014.obj,1.0,1
device_23_tetwild_0015.obj,0.9999998807907104,1
device_23_tetwild_0016.obj,1.0,1
device_23_tetwild_0017.obj,1.0,1
device_23_tetwild_0018.obj,0.9999997615814209,1
device_23_tetwild_0019.obj,1.0,1
device_23_tetwild_0020.obj,0.9999998807907104,1
device_23_tetwild_0021.obj,0.999957799911499,1
device_23_tetwild_0022.obj,1.0,1
device_23_tetwild_0023.obj,0.9999998807907104,1
device_23_tetwild_0024.obj,1.0,1
device_09_degenerate_0000.obj,0.9999991655349731,1
device_09_degenerate_0001.obj,0.9999991655349731,1
device_09_degenerate_0002.obj,0.9999991655349731,1
device_09_degenerate_0003.obj,0.9999984502792358,1
device_09_degenerate_0004.obj,1.0,1
device_09_degenerate_0005.obj,1.0,1
device_09_degenerate_0006.obj,0.9999991655349731,1
device_09_degenerate_0007.obj,0.9999991655349731,1
device_09_degenerate_0008.obj,1.0,1
device_09_degenerate_0009.obj,1.0,1
device_09_degenerate_0010.obj,0.9999991655349731,1
device_09_degenerate_0011.obj,0.9999991655349731,1
device_09_degenerate_0012.obj,0.9999991655349731,1
device_09_degenerate_0013.obj,0.9999991655349731,1
device_09_degenerate_0014.obj,1.0,1
device_09_degenerate_0015.obj,1.0,1
device_09_degenerate_0016.obj,1.0,1
device_09_degenerate_0017.obj,1.0,1
device_09_degenerate_0018.obj,0.9999991655349731,1
device_09_degenerate_0019.obj,0.9999991655349731,1
device_09_degenerate_0020.obj,1.0,1
device_09_degenerate_0021.obj,0.9999991655349731,1
device_09_degenerate_0022.obj,0.9999991655349731,1
device_09_degenerate_0023.obj,0.9999963045120239,1
device_09_degenerate_0024.obj,1.0,1
device_09_disconnected_0000.obj,0.9997110962867737,1
device_09_disconnected_0001.obj,1.0,1
device_09_disconnected_0002.obj,0.9999994039535522,1
device_09_disconnected_0003.obj,0.9999996423721313,1
device_09_disconnected_0004.obj,0.9997950196266174,1
device_09_disconnected_0005.obj,0.9998806715011597,1
device_09_disconnected_0006.obj,0.9837241172790527,1
device_09_disconnected_0007.obj,0.9999982118606567,1
device_09_disconnected_0008.obj,0.9999810457229614,1
device_09_disconnected_0009.obj,0.9995813965797424,1
device_09_disconnected_0010.obj,0.9999997615814209,1
device_09_disconnected_0011.obj,1.0,1
device_09_disconnected_0012.obj,0.9999576807022095,1
device_09_disconnected_0013.obj,0.9982500672340393,1
device_09_disconnected_0014.obj,1.0,1
device_09_disconnected_0015.obj,0.9999988079071045,1
device_09_disconnected_0016.obj,1.0,1
device_09_disconnected_0017.obj,0.9999998807907104,1
device_09_disconnected_0018.obj,0.9999927282333374,1
device_09_disconnected_0019.obj,0.9999750852584839,1
device_09_disconnected_0020.obj,0.9999997615814209,1
device_09_disconnected_0021.obj,1.0,1
device_09_disconnected_0022.obj,1.0,1
device_09_disconnected_0023.obj,0.9999589920043945,1
device_09_disconnected_0024.obj,0.9999982118606567,1
device_09_faceswap_0000.obj,1.0,1
device_09_faceswap_0001.obj,1.0,1
device_09_faceswap_0002.obj,1.0,1
device_09_faceswap_0003.obj,1.0,1
device_09_faceswap_0004.obj,1.0,1
device_09_faceswap_0005.obj,1.0,1
device_09_faceswap_0006.obj,1.0,1
device_09_faceswap_0007.obj,1.0,1
device_09_faceswap_0008.obj,1.0,1
device_09_faceswap_0009.obj,1.0,1
device_09_faceswap_0010.obj,1.0,1
device_09_faceswap_0011.obj,1.0,1
device_09_faceswap_0012.obj,1.0,1
device_09_faceswap_0013.obj,1.0,1
device_09_faceswap_0014.obj,1.0,1
device_09_faceswap_0015.obj,1.0,1
device_09_faceswap_0016.obj,1.0,1
device_09_faceswap_0017.obj,1.0,1
device_09_faceswap_0018.obj,1.0,1
device_09_faceswap_0019.obj,1.0,1
device_09_faceswap_0020.obj,1.0,1
device_09_faceswap_0021.obj,1.0,1
device_09_faceswap_0022.obj,1.0,1
device_09_faceswap_0023.obj,1.0,1
device_09_faceswap_0024.obj,1.0,1
device_09_jitter_0000.obj,1.0,1
device_09_jitter_0001.obj,1.0,1
device_09_jitter_0002.obj,1.0,1
device_09_jitter_0003.obj,1.0,1
device_09_jitter_0004.obj,1.0,1
device_09_jitter_0005.obj,1.0,1
device_09_jitter_0006.obj,1.0,1
device_09_jitter_0007.obj,1.0,1
device_09_jitter_0008.obj,1.0,1
device_09_jitter_0009.obj,1.0,1
device_09_jitter_0010.obj,1.0,1
device_09_jitter_0011.obj,1.0,1
device_09_jitter_0012.obj,1.0,1
device_09_jitter_0013.obj,1.0,1
device_09_jitter_0014.obj,1.0,1
device_09_jitter_0015.obj,1.0,1
device_09_jitter_0016.obj,1.0,1
device_09_jitter_0017.obj,1.0,1
device_09_jitter_0018.obj,1.0,1
device_09_jitter_0019.obj,1.0,1
device_09_jitter_0020.obj,1.0,1
device_09_jitter_0021.obj,1.0,1
device_09_jitter_0022.obj,1.0,1
device_09_jitter_0023.obj,1.0,1
device_09_jitter_0024.obj,1.0,1
device_09_rigid_0000.obj,0.999998927116394,1
device_09_rigid_0001.obj,0.99687659740448,1
device_09_rigid_0002.obj,0.9999995231628418,1
device_09_rigid_0003.obj,0.9999998807907104,1
device_09_rigid_0004.obj,0.9977082014083862,1
device_09_rigid_0005.obj,0.9999995231628418,1
device_09_rigid_0006.obj,0.8951532244682312,1
device_09_rigid_0007.obj,1.0,1
device_09_rigid_0008.obj,0.9999691247940063,1
device_09_rigid_0009.obj,0.9998397827148438,1
device_09_rigid_0010.obj,0.9999991655349731,1
device_09_rigid_0011.obj,0.999993085861206,1
device_09_rigid_0012.obj,0.9999909400939941,1
device_09_rigid_0013.obj,0.9999589920043945,1
device_09_rigid_0014.obj,0.9999963045120239,1
device_09_rigid_0015.obj,0.9997448325157166,1
device_09_rigid_0016.obj,0.9999873638153076,1
device_09_rigid_0017.obj,0.9999957084655762,1
device_09_rigid_0018.obj,0.9999706745147705,1
device_09_rigid_0019.obj,0.9999985694885254,1
device_09_rigid_0020.obj,0.998815655708313,1
device_09_rigid_0021.obj,0.9999790191650391,1
device_09_rigid_0022.obj,0.9999822378158569,1
device_09_rigid_0023.obj,0.9999866485595703,1
device_09_rigid_0024.obj,0.9999979734420776,1
device_09_tetwild_0000.obj,1.0,1
device_09_tetwild_0001.obj,0.999985933303833,1
device_09_tetwild_0003.obj,0.9980385899543762,1
device_09_tetwild_0004.obj,0.9972898960113525,1
device_09_tetwild_0005.obj,0.9999910593032837,1
device_09_tetwild_0006.obj,0.9999998807907104,1
device_09_tetwild_0007.obj,0.9999624490737915,1
device_09_tetwild_0008.obj,0.9999979734420776,1
device_09_tetwild_0009.obj,0.9999958276748657,1
device_09_tetwild_0010.obj,1.0,1
device_09_tetwild_0011.obj,0.9999973773956299,1
device_09_tetwild_0012.obj,0.9999988079071045,1
device_09_tetwild_0013.obj,0.9998047947883606,1
device_09_tetwild_0014.obj,0.9999992847442627,1
device_09_tetwild_0015.obj,0.9999992847442627,1
device_09_tetwild_0016.obj,1.0,1
device_09_tetwild_0017.obj,0.9999945163726807,1
device_09_tetwild_0018.obj,1.0,1
device_09_tetwild_0019.obj,0.9999998807907104,1
device_09_tetwild_0020.obj,0.9999966621398926,1
device_09_tetwild_0021.obj,0.9999923706054688,1
device_09_tetwild_0022.obj,0.9999997615814209,1
device_09_tetwild_0023.obj,0.9999487400054932,1
device_09_tetwild_0024.obj,0.9998708963394165,1
device_24_degenerate_0000.obj,0.9999923706054688,1
device_24_degenerate_0001.obj,1.0,1
device_24_degenerate_0002.obj,1.0,1
device_24_degenerate_0003.obj,0.9999886751174927,1
device_24_degenerate_0004.obj,1.0,1
device_24_degenerate_0005.obj,0.9999923706054688,1
device_24_degenerate_0006.obj,0.9999998807907104,1
device_24_degenerate_0007.obj,0.9999923706054688,1
device_24_degenerate_0008.obj,0.9999613761901855,1
device_24_degenerate_0009.obj,1.0,1
device_24_degenerate_0010.obj,0.9999923706054688,1
device_24_degenerate_0011.obj,1.0,1
device_24_degenerate_0012.obj,0.9999923706054688,1
device_24_degenerate_0013.obj,0.9999923706054688,1
device_24_degenerate_0014.obj,1.0,1
device_24_degenerate_0015.obj,0.9999923706054688,1
device_24_degenerate_0016.obj,0.9999923706054688,1
device_24_degenerate_0017.obj,1.0,1
device_24_degenerate_0018.obj,1.0,1
device_24_degenerate_0019.obj,1.0,1
device_24_degenerate_0020.obj,1.0,1
device_24_degenerate_0021.obj,1.0,1
device_24_degenerate_0022.obj,1.0,1
device_24_degenerate_0023.obj,0.9999994039535522,1
device_24_degenerate_0024.obj,0.9999923706054688,1
device_24_disconnected_0000.obj,1.0,1
device_24_disconnected_0001.obj,0.999983549118042,1
device_24_disconnected_0002.obj,0.9999996423721313,1
device_24_disconnected_0003.obj,0.9999963045120239,1
device_24_disconnected_0004.obj,0.9999998807907104,1
device_24_disconnected_0005.obj,0.9996336698532104,1
device_24_disconnected_0006.obj,0.9999998807907104,1
device_24_disconnected_0007.obj,0.9917184114456177,1
device_24_disconnected_0008.obj,0.9999982118606567,1
device_24_disconnected_0009.obj,0.9999407529830933,1
device_24_disconnected_0010.obj,1.0,1
device_24_disconnected_0011.obj,0.9997852444648743,1
device_24_disconnected_0012.obj,0.9999997615814209,1
device_24_disconnected_0013.obj,0.9999862909317017,1
device_24_disconnected_0014.obj,0.9999948740005493,1
device_24_disconnected_0015.obj,1.0,1
device_24_disconnected_0016.obj,0.999998927116394,1
device_24_disconnected_0017.obj,0.9990895986557007,1
device_24_disconnected_0018.obj,0.9999842643737793,1
device_24_disconnected_0019.obj,0.9996778964996338,1
device_24_disconnected_0020.obj,1.0,1
device_24_disconnected_0021.obj,1.0,1
device_24_disconnected_0022.obj,0.9699062705039978,1
device_24_disconnected_0023.obj,0.9999961853027344,1
device_24_disconnected_0024.obj,0.9999740123748779,1
device_24_faceswap_0000.obj,1.0,1
device_24_faceswap_0001.obj,1.0,1
device_24_faceswap_0002.obj,1.0,1
device_24_faceswap_0003.obj,1.0,1
device_24_faceswap_0004.obj,1.0,1
device_24_faceswap_0005.obj,1.0,1
device_24_faceswap_0006.obj,1.0,1
device_24_faceswap_0007.obj,1.0,1
device_24_faceswap_0008.obj,1.0,1
device_24_faceswap_0009.obj,1.0,1
device_24_faceswap_0010.obj,1.0,1
device_24_faceswap_0011.obj,1.0,1
device_24_faceswap_0012.obj,1.0,1
device_24_faceswap_0013.obj,1.0,1
device_24_faceswap_0014.obj,1.0,1
device_24_faceswap_0015.obj,1.0,1
device_24_faceswap_0016.obj,1.0,1
device_24_faceswap_0017.obj,1.0,1
device_24_faceswap_0018.obj,1.0,1
device_24_faceswap_0019.obj,1.0,1
device_24_faceswap_0020.obj,1.0,1
device_24_faceswap_0021.obj,1.0,1
device_24_faceswap_0022.obj,1.0,1
device_24_faceswap_0023.obj,1.0,1
device_24_faceswap_0024.obj,1.0,1
device_24_jitter_0000.obj,1.0,1
device_24_jitter_0001.obj,1.0,1
device_24_jitter_0002.obj,1.0,1
device_24_jitter_0003.obj,1.0,1
device_24_jitter_0004.obj,1.0,1
device_24_jitter_0005.obj,1.0,1
device_24_jitter_0006.obj,1.0,1
device_24_jitter_0007.obj,1.0,1
device_24_jitter_0008.obj,1.0,1
device_24_jitter_0009.obj,1.0,1
device_24_jitter_0010.obj,1.0,1
device_24_jitter_0011.obj,1.0,1
device_24_jitter_0012.obj,1.0,1
device_24_jitter_0013.obj,1.0,1
device_24_jitter_0014.obj,1.0,1
device_24_jitter_0015.obj,1.0,1
device_24_jitter_0016.obj,1.0,1
device_24_jitter_0017.obj,1.0,1
device_24_jitter_0018.obj,1.0,1
device_24_jitter_0019.obj,1.0,1
device_24_jitter_0020.obj,1.0,1
device_24_jitter_0021.obj,1.0,1
device_24_jitter_0022.obj,1.0,1
device_24_jitter_0023.obj,1.0,1
device_24_jitter_0024.obj,1.0,1
device_24_rigid_0000.obj,0.9999922513961792,1
device_24_rigid_0001.obj,0.9999567270278931,1
device_24_rigid_0002.obj,0.9999998807907104,1
device_24_rigid_0003.obj,1.0,1
device_24_rigid_0004.obj,0.9998842477798462,1
device_24_rigid_0005.obj,0.9999954700469971,1
device_24_rigid_0006.obj,0.9999921321868896,1
device_24_rigid_0007.obj,0.9999905824661255,1
device_24_rigid_0008.obj,0.9999998807907104,1
device_24_rigid_0009.obj,0.9999175071716309,1
device_24_rigid_0010.obj,0.9999970197677612,1
device_24_rigid_0011.obj,1.0,1
device_24_rigid_0012.obj,0.9999990463256836,1
device_24_rigid_0013.obj,0.9999994039535522,1
device_24_rigid_0014.obj,0.999972939491272,1
device_24_rigid_0015.obj,1.0,1
device_24_rigid_0016.obj,1.0,1
device_24_rigid_0017.obj,0.9998956918716431,1
device_24_rigid_0018.obj,0.9999988079071045,1
device_24_rigid_0019.obj,0.9999998807907104,1
device_24_rigid_0020.obj,0.9999998807907104,1
device_24_rigid_0021.obj,0.9999955892562866,1
device_24_rigid_0022.obj,1.0,1
device_24_rigid_0023.obj,0.999997615814209,1
device_24_rigid_0024.obj,0.9999996423721313,1
device_24_tetwild_0000.obj,0.9999916553497314,1
device_24_tetwild_0001.obj,0.9999902248382568,1
device_24_tetwild_0002.obj,0.9999991655349731,1
device_24_tetwild_0003.obj,0.9999998807907104,1
device_24_tetwild_0004.obj,0.9989129304885864,1
device_24_tetwild_0005.obj,0.9999473094940186,1
device_24_tetwild_0006.obj,0.9996519088745117,1
device_24_tetwild_0007.obj,1.0,1
device_24_tetwild_0008.obj,1.0,1
device_24_tetwild_0009.obj,0.9999529123306274,1
device_24_tetwild_0010.obj,0.9999834299087524,1
device_24_tetwild_0011.obj,0.9999994039535522,1
device_24_tetwild_0012.obj,0.9999973773956299,1
device_24_tetwild_0013.obj,0.9511071443557739,1
device_24_tetwild_0014.obj,0.9999996423721313,1
device_24_tetwild_0015.obj,0.9980073571205139,1
device_24_tetwild_0016.obj,0.9999990463256836,1
device_24_tetwild_0017.obj,1.0,1
device_24_tetwild_0018.obj,1.0,1
device_24_tetwild_0019.obj,1.0,1
device_24_tetwild_0020.obj,0.9999961853027344,1
device_24_tetwild_0021.obj,0.9999998807907104,1
device_24_tetwild_0022.obj,0.9997919201850891,1
device_24_tetwild_0023.obj,0.9999998807907104,1
device_24_tetwild_0024.obj,0.9999996423721313,1
device_08_degenerate_0000.obj,0.9999971389770508,1
device_08_degenerate_0001.obj,0.9999971389770508,1
device_08_degenerate_0002.obj,0.9999971389770508,1
device_08_degenerate_0003.obj,1.0,1
device_08_degenerate_0004.obj,1.0,1
device_08_degenerate_0005.obj,0.9999971389770508,1
device_08_degenerate_0006.obj,0.9999971389770508,1
device_08_degenerate_0007.obj,1.0,1
device_08_degenerate_0008.obj,1.0,1
device_08_degenerate_0009.obj,1.0,1
device_08_degenerate_0010.obj,0.999995231628418,1
device_08_degenerate_0011.obj,0.9999971389770508,1
device_08_degenerate_0012.obj,1.0,1
device_08_degenerate_0013.obj,0.9999971389770508,1
device_08_degenerate_0014.obj,1.0,1
device_08_degenerate_0015.obj,0.9999971389770508,1
device_08_degenerate_0016.obj,0.9999971389770508,1
device_08_degenerate_0017.obj,0.9999971389770508,1
device_08_degenerate_0018.obj,1.0,1
device_08_degenerate_0019.obj,0.9999971389770508,1
device_08_degenerate_0020.obj,1.0,1
device_08_degenerate_0021.obj,0.9999971389770508,1
device_08_degenerate_0022.obj,0.9999971389770508,1
device_08_degenerate_0023.obj,0.9999971389770508,1
device_08_degenerate_0024.obj,1.0,1
device_08_disconnected_0000.obj,0.9999988079071045,1
device_08_disconnected_0001.obj,1.0,1
device_08_disconnected_0002.obj,0.9998296499252319,1
device_08_disconnected_0003.obj,0.9999232292175293,1
device_08_disconnected_0004.obj,0.9999966621398926,1
device_08_disconnected_0005.obj,0.9999969005584717,1
device_08_disconnected_0006.obj,0.9997227787971497,1
device_08_disconnected_0007.obj,1.0,1
device_08_disconnected_0008.obj,0.9999994039535522,1
device_08_disconnected_0009.obj,0.9998223185539246,1
device_08_disconnected_0010.obj,0.9999983310699463,1
device_08_disconnected_0011.obj,0.998997151851654,1
device_08_disconnected_0012.obj,0.9999891519546509,1
device_08_disconnected_0013.obj,0.9999792575836182,1
device_08_disconnected_0014.obj,0.9999998807907104,1
device_08_disconnected_0015.obj,0.9999982118606567,1
device_08_disconnected_0016.obj,1.0,1
device_08_disconnected_0017.obj,0.9999971389770508,1
device_08_disconnected_0018.obj,0.9999799728393555,1
device_08_disconnected_0019.obj,0.9999992847442627,1
device_08_disconnected_0020.obj,0.9915904402732849,1
device_08_disconnected_0021.obj,0.9999977350234985,1
device_08_disconnected_0022.obj,0.9999940395355225,1
device_08_disconnected_0023.obj,1.0,1
device_08_disconnected_0024.obj,0.999998927116394,1
device_08_faceswap_0000.obj,1.0,1
device_08_faceswap_0001.obj,1.0,1
device_08_faceswap_0002.obj,1.0,1
device_08_faceswap_0003.obj,1.0,1
device_08_faceswap_0004.obj,1.0,1
device_08_faceswap_0005.obj,1.0,1
device_08_faceswap_0006.obj,1.0,1
device_08_faceswap_0007.obj,1.0,1
device_08_faceswap_0008.obj,1.0,1
device_08_faceswap_0009.obj,1.0,1
device_08_faceswap_0010.obj,1.0,1
device_08_faceswap_0011.obj,1.0,1
device_08_faceswap_0012.obj,1.0,1
device_08_faceswap_0013.obj,1.0,1
device_08_faceswap_0014.obj,1.0,1
device_08_faceswap_0015.obj,1.0,1
device_08_faceswap_0016.obj,1.0,1
device_08_faceswap_0017.obj,1.0,1
device_08_faceswap_0018.obj,1.0,1
device_08_faceswap_0019.obj,1.0,1
device_08_faceswap_0020.obj,1.0,1
device_08_faceswap_0021.obj,1.0,1
device_08_faceswap_0022.obj,1.0,1
device_08_faceswap_0023.obj,1.0,1
device_08_faceswap_0024.obj,1.0,1
device_08_jitter_0000.obj,1.0,1
device_08_jitter_0001.obj,1.0,1
device_08_jitter_0002.obj,1.0,1
device_08_jitter_0003.obj,1.0,1
device_08_jitter_0004.obj,1.0,1
device_08_jitter_0005.obj,1.0,1
device_08_jitter_0006.obj,1.0,1
device_08_jitter_0007.obj,1.0,1
device_08_jitter_0008.obj,1.0,1
device_08_jitter_0009.obj,1.0,1
device_08_jitter_0010.obj,1.0,1
device_08_jitter_0011.obj,1.0,1
device_08_jitter_0012.obj,1.0,1
device_08_jitter_0013.obj,1.0,1
device_08_jitter_0014.obj,1.0,1
device_08_jitter_0015.obj,1.0,1
device_08_jitter_0016.obj,1.0,1
device_08_jitter_0017.obj,1.0,1
device_08_jitter_0018.obj,1.0,1
device_08_jitter_0019.obj,1.0,1
device_08_jitter_0020.obj,1.0,1
device_08_jitter_0021.obj,1.0,1
device_08_jitter_0022.obj,1.0,1
device_08_jitter_0023.obj,1.0,1
device_08_jitter_0024.obj,1.0,1
device_08_rigid_0000.obj,0.9999815225601196,1
device_08_rigid_0001.obj,1.0,1
device_08_rigid_0002.obj,0.9999998807907104,1
device_08_rigid_0003.obj,1.0,1
device_08_rigid_0004.obj,0.9999998807907104,1
device_08_rigid_0005.obj,1.0,1
device_08_rigid_0006.obj,0.9999992847442627,1
device_08_rigid_0007.obj,0.9999998807907104,1
device_08_rigid_0008.obj,0.9999998807907104,1
device_08_rigid_0009.obj,0.9999945163726807,1
device_08_rigid_0010.obj,0.9999994039535522,1
device_08_rigid_0011.obj,0.999992847442627,1
device_08_rigid_0012.obj,0.9999998807907104,1
device_08_rigid_0013.obj,0.9999995231628418,1
device_08_rigid_0014.obj,0.9999957084655762,1
device_08_rigid_0015.obj,0.9999990463256836,1
device_08_rigid_0016.obj,0.9999992847442627,1
device_08_rigid_0017.obj,0.19284312427043915,1
device_08_rigid_0018.obj,0.9999998807907104,1
device_08_rigid_0019.obj,0.9952170848846436,1
device_08_rigid_0020.obj,1.0,1
device_08_rigid_0021.obj,0.9999949932098389,1
device_08_rigid_0022.obj,0.9993820190429688,1
device_08_rigid_0023.obj,0.9995573163032532,1
device_08_rigid_0024.obj,0.9999955892562866,1
device_08_tetwild_0000.obj,0.9999983310699463,1
device_08_tetwild_0001.obj,0.9999979734420776,1
device_08_tetwild_0002.obj,0.36448967456817627,1
device_08_tetwild_0003.obj,0.9996535778045654,1
device_08_tetwild_0004.obj,0.9999315738677979,1
device_08_tetwild_0005.obj,1.0,1
device_08_tetwild_0006.obj,0.9999926090240479,1
device_08_tetwild_0007.obj,0.9999898672103882,1
device_08_tetwild_0008.obj,0.860044538974762,1
device_08_tetwild_0009.obj,0.8900157809257507,1
device_08_tetwild_0010.obj,0.9999852180480957,1
device_08_tetwild_0011.obj,0.9992274045944214,1
device_08_tetwild_0012.obj,0.9993144273757935,1
device_08_tetwild_0013.obj,0.9990506768226624,1
device_08_tetwild_0014.obj,0.9999922513961792,1
device_08_tetwild_0015.obj,0.9999842643737793,1
device_08_tetwild_0016.obj,0.9999997615814209,1
device_08_tetwild_0017.obj,1.0,1
device_08_tetwild_0018.obj,0.9999878406524658,1
device_08_tetwild_0019.obj,1.0,1
device_08_tetwild_0020.obj,0.9993206262588501,1
device_08_tetwild_0021.obj,0.9999969005584717,1
device_08_tetwild_0022.obj,0.01699936017394066,1
device_08_tetwild_0023.obj,0.203961580991745,1
device_08_tetwild_0024.obj,0.9999985694885254,1
device_19_degenerate_0000.obj,0.9999967813491821,1
device_19_degenerate_0001.obj,0.9999967813491821,1
device_19_degenerate_0002.obj,0.9999992847442627,1
device_19_degenerate_0003.obj,1.0,1
device_19_degenerate_0004.obj,1.0,1
device_19_degenerate_0005.obj,0.9999967813491821,1
device_19_degenerate_0006.obj,0.9999967813491821,1
device_19_degenerate_0007.obj,1.0,1
device_19_degenerate_0008.obj,1.0,1
device_19_degenerate_0009.obj,0.9999967813491821,1
device_19_degenerate_0010.obj,0.9999983310699463,1
device_19_degenerate_0011.obj,0.9999967813491821,1
device_19_degenerate_0012.obj,1.0,1
device_19_degenerate_0013.obj,1.0,1
device_19_degenerate_0014.obj,0.9999967813491821,1
device_19_degenerate_0015.obj,0.9999967813491821,1
device_19_degenerate_0016.obj,0.9999967813491821,1
device_19_degenerate_0017.obj,0.9999967813491821,1
device_19_degenerate_0018.obj,0.9999967813491821,1
device_19_degenerate_0019.obj,1.0,1
device_19_degenerate_0020.obj,0.9999967813491821,1
device_19_degenerate_0021.obj,0.9999967813491821,1
device_19_degenerate_0022.obj,0.9999967813491821,1
device_19_degenerate_0023.obj,1.0,1
device_19_degenerate_0024.obj,0.9999967813491821,1
device_19_disconnected_0000.obj,1.0,1
device_19_disconnected_0001.obj,1.0,1
device_19_disconnected_0002.obj,0.9842509031295776,1
device_19_disconnected_0003.obj,1.0,1
device_19_disconnected_0004.obj,0.9999997615814209,1
device_19_disconnected_0005.obj,0.9999996423721313,1
device_19_disconnected_0006.obj,1.0,1
device_19_disconnected_0007.obj,0.9999830722808838,1
device_19_disconnected_0008.obj,1.0,1
device_19_disconnected_0009.obj,1.0,1
device_19_disconnected_0010.obj,0.9999998807907104,1
device_19_disconnected_0011.obj,0.9999964237213135,1
device_19_disconnected_0012.obj,0.9999998807907104,1
device_19_disconnected_0013.obj,0.9999998807907104,1
device_19_disconnected_0014.obj,1.0,1
device_19_disconnected_0015.obj,0.9999998807907104,1
device_19_disconnected_0016.obj,1.0,1
device_19_disconnected_0017.obj,1.0,1
device_19_disconnected_0018.obj,0.9999996423721313,1
device_19_disconnected_0019.obj,0.9971146583557129,1
device_19_disconnected_0020.obj,1.0,1
device_19_disconnected_0021.obj,1.0,1
device_19_disconnected_0022.obj,0.9999986886978149,1
device_19_disconnected_0023.obj,0.9999853372573853,1
device_19_disconnected_0024.obj,0.9998384714126587,1
device_19_faceswap_0000.obj,1.0,1
device_19_faceswap_0001.obj,1.0,1
device_19_faceswap_0002.obj,1.0,1
device_19_faceswap_0003.obj,1.0,1
device_19_faceswap_0004.obj,1.0,1
device_19_faceswap_0005.obj,1.0,1
device_19_faceswap_0006.obj,1.0,1
device_19_faceswap_0007.obj,1.0,1
device_19_faceswap_0008.obj,1.0,1
device_19_faceswap_0009.obj,1.0,1
device_19_faceswap_0010.obj,1.0,1
device_19_faceswap_0011.obj,1.0,1
device_19_faceswap_0012.obj,1.0,1
device_19_faceswap_0013.obj,1.0,1
device_19_faceswap_0014.obj,1.0,1
device_19_faceswap_0015.obj,1.0,1
device_19_faceswap_0016.obj,1.0,1
device_19_faceswap_0017.obj,1.0,1
device_19_faceswap_0018.obj,1.0,1
device_19_faceswap_0019.obj,1.0,1
device_19_faceswap_0020.obj,1.0,1
device_19_faceswap_0021.obj,1.0,1
device_19_faceswap_0022.obj,1.0,1
device_19_faceswap_0023.obj,1.0,1
device_19_faceswap_0024.obj,1.0,1
device_19_jitter_0000.obj,1.0,1
device_19_jitter_0001.obj,1.0,1
device_19_jitter_0002.obj,1.0,1
device_19_jitter_0003.obj,1.0,1
device_19_jitter_0004.obj,1.0,1
device_19_jitter_0005.obj,1.0,1
device_19_jitter_0006.obj,1.0,1
device_19_jitter_0007.obj,1.0,1
device_19_jitter_0008.obj,1.0,1
device_19_jitter_0009.obj,1.0,1
device_19_jitter_0010.obj,1.0,1
device_19_jitter_0011.obj,1.0,1
device_19_jitter_0012.obj,1.0,1
device_19_jitter_0013.obj,1.0,1
device_19_jitter_0014.obj,1.0,1
device_19_jitter_0015.obj,1.0,1
device_19_jitter_0016.obj,1.0,1
device_19_jitter_0017.obj,1.0,1
device_19_jitter_0018.obj,1.0,1
device_19_jitter_0019.obj,1.0,1
device_19_jitter_0020.obj,1.0,1
device_19_jitter_0021.obj,1.0,1
device_19_jitter_0022.obj,1.0,1
device_19_jitter_0023.obj,1.0,1
device_19_jitter_0024.obj,1.0,1
device_19_rigid_0000.obj,1.0,1
device_19_rigid_0001.obj,1.0,1
device_19_rigid_0002.obj,0.9999995231628418,1
device_19_rigid_0003.obj,1.0,1
device_19_rigid_0004.obj,1.0,1
device_19_rigid_0005.obj,1.0,1
device_19_rigid_0006.obj,1.0,1
device_19_rigid_0007.obj,1.0,1
device_19_rigid_0008.obj,1.0,1
device_19_rigid_0009.obj,0.9999947547912598,1
device_19_rigid_0010.obj,1.0,1
device_19_rigid_0011.obj,1.0,1
device_19_rigid_0012.obj,1.0,1
device_19_rigid_0013.obj,1.0,1
device_19_rigid_0014.obj,1.0,1
device_19_rigid_0015.obj,0.9999998807907104,1
device_19_rigid_0016.obj,0.9999953508377075,1
device_19_rigid_0017.obj,0.9999997615814209,1
device_19_rigid_0018.obj,0.9999998807907104,1
device_19_rigid_0019.obj,1.0,1
device_19_rigid_0020.obj,0.9999896287918091,1
device_19_rigid_0021.obj,1.0,1
device_19_rigid_0022.obj,1.0,1
device_19_rigid_0023.obj,0.9999998807907104,1
device_19_rigid_0024.obj,0.9999997615814209,1
device_19_tetwild_0000.obj,1.0,1
device_19_tetwild_0001.obj,0.9999963045120239,1
device_19_tetwild_0002.obj,1.0,1
device_19_tetwild_0003.obj,0.999731719493866,1
device_19_tetwild_0004.obj,1.0,1
device_19_tetwild_0005.obj,0.9999998807907104,1
device_19_tetwild_0006.obj,1.0,1
device_19_tetwild_0007.obj,1.0,1
device_19_tetwild_0008.obj,0.9999998807907104,1
device_19_tetwild_0009.obj,0.9999916553497314,1
device_19_tetwild_0010.obj,0.9999830722808838,1
device_19_tetwild_0011.obj,1.0,1
device_19_tetwild_0012.obj,1.0,1
device_19_tetwild_0013.obj,0.9999998807907104,1
device_19_tetwild_0014.obj,1.0,1
device_19_tetwild_0015.obj,1.0,1
device_19_tetwild_0016.obj,1.0,1
device_19_tetwild_0017.obj,0.9999995231628418,1
device_19_tetwild_0018.obj,1.0,1
device_19_tetwild_0019.obj,0.9999985694885254,1
device_19_tetwild_0020.obj,1.0,1
device_19_tetwild_0021.obj,1.0,1
device_19_tetwild_0022.obj,1.0,1
device_19_tetwild_0023.obj,1.0,1
device_19_tetwild_0024.obj,1.0,1
device_16_degenerate_0000.obj,0.9999982118606567,1
device_16_degenerate_0001.obj,0.9999982118606567,1
device_16_degenerate_0002.obj,0.9999982118606567,1
device_16_degenerate_0003.obj,0.9999814033508301,1
device_16_degenerate_0004.obj,0.9999982118606567,1
device_16_degenerate_0005.obj,0.9999982118606567,1
device_16_degenerate_0006.obj,0.9999982118606567,1
device_16_degenerate_0007.obj,0.9999982118606567,1
device_16_degenerate_0008.obj,1.0,1
device_16_degenerate_0009.obj,0.9999982118606567,1
device_16_degenerate_0010.obj,0.9999982118606567,1
device_16_degenerate_0011.obj,1.0,1
device_16_degenerate_0012.obj,0.9999982118606567,1
device_16_degenerate_0013.obj,0.9999982118606567,1
device_16_degenerate_0014.obj,1.0,1
device_16_degenerate_0015.obj,0.9999982118606567,1
device_16_degenerate_0016.obj,1.0,1
device_16_degenerate_0017.obj,1.0,1
device_16_degenerate_0018.obj,0.9999920129776001,1
device_16_degenerate_0019.obj,0.9999982118606567,1
device_16_degenerate_0020.obj,0.9999982118606567,1
device_16_degenerate_0021.obj,0.9999982118606567,1
device_16_degenerate_0022.obj,0.9999982118606567,1
device_16_degenerate_0023.obj,0.9999982118606567,1
device_16_degenerate_0024.obj,0.9999982118606567,1
device_16_disconnected_0000.obj,0.9999967813491821,1
device_16_disconnected_0001.obj,0.9999998807907104,1
device_16_disconnected_0002.obj,0.999900221824646,1
device_16_disconnected_0003.obj,0.9999867677688599,1
device_16_disconnected_0004.obj,0.9999450445175171,1
device_16_disconnected_0005.obj,0.9999892711639404,1
device_16_disconnected_0006.obj,0.9999992847442627,1
device_16_disconnected_0007.obj,0.9993699193000793,1
device_16_disconnected_0008.obj,0.9997302889823914,1
device_16_disconnected_0009.obj,0.9999977350234985,1
device_16_disconnected_0010.obj,0.9969730377197266,1
device_16_disconnected_0011.obj,0.9971285462379456,1
device_16_disconnected_0012.obj,0.9999998807907104,1
device_16_disconnected_0013.obj,0.9999613761901855,1
device_16_disconnected_0014.obj,0.9998728036880493,1
device_16_disconnected_0015.obj,1.0,1
device_16_disconnected_0016.obj,0.999998927116394,1
device_16_disconnected_0017.obj,0.9999642372131348,1
device_16_disconnected_0018.obj,0.9977425336837769,1
device_16_disconnected_0019.obj,0.6853525042533875,1
device_16_disconnected_0020.obj,0.9999994039535522,1
device_16_disconnected_0021.obj,0.9999984502792358,1
device_16_disconnected_0022.obj,0.9999995231628418,1
device_16_disconnected_0023.obj,0.9999996423721313,1
device_16_disconnected_0024.obj,0.9999921321868896,1
device_16_faceswap_0000.obj,1.0,1
device_16_faceswap_0001.obj,1.0,1
device_16_faceswap_0002.obj,1.0,1
device_16_faceswap_0003.obj,1.0,1
device_16_faceswap_0004.obj,1.0,1
device_16_faceswap_0005.obj,1.0,1
device_16_faceswap_0006.obj,1.0,1
device_16_faceswap_0007.obj,1.0,1
device_16_faceswap_0008.obj,1.0,1
device_16_faceswap_0009.obj,1.0,1
device_16_faceswap_0010.obj,1.0,1
device_16_faceswap_0011.obj,1.0,1
device_16_faceswap_0012.obj,1.0,1
device_16_faceswap_0013.obj,1.0,1
device_16_faceswap_0014.obj,1.0,1
device_16_faceswap_0015.obj,1.0,1
device_16_faceswap_0016.obj,1.0,1
device_16_faceswap_0017.obj,1.0,1
device_16_faceswap_0018.obj,1.0,1
device_16_faceswap_0019.obj,1.0,1
device_16_faceswap_0020.obj,1.0,1
device_16_faceswap_0021.obj,1.0,1
device_16_faceswap_0022.obj,1.0,1
device_16_faceswap_0023.obj,1.0,1
device_16_faceswap_0024.obj,1.0,1
device_16_jitter_0000.obj,1.0,1
device_16_jitter_0001.obj,1.0,1
device_16_jitter_0002.obj,1.0,1
device_16_jitter_0003.obj,1.0,1
device_16_jitter_0004.obj,1.0,1
device_16_jitter_0005.obj,1.0,1
device_16_jitter_0006.obj,1.0,1
device_16_jitter_0007.obj,1.0,1
device_16_jitter_0008.obj,1.0,1
device_16_jitter_0009.obj,1.0,1
device_16_jitter_0010.obj,1.0,1
device_16_jitter_0011.obj,1.0,1
device_16_jitter_0012.obj,1.0,1
device_16_jitter_0013.obj,1.0,1
device_16_jitter_0014.obj,1.0,1
device_16_jitter_0015.obj,1.0,1
device_16_jitter_0016.obj,1.0,1
device_16_jitter_0017.obj,1.0,1
device_16_jitter_0018.obj,1.0,1
device_16_jitter_0019.obj,1.0,1
device_16_jitter_0020.obj,1.0,1
device_16_jitter_0021.obj,1.0,1
device_16_jitter_0022.obj,1.0,1
device_16_jitter_0023.obj,1.0,1
device_16_jitter_0024.obj,1.0,1
device_16_rigid_0000.obj,1.0,1
device_16_rigid_0001.obj,1.0,1
device_16_rigid_0002.obj,0.9999996423721313,1
device_16_rigid_0003.obj,0.9999997615814209,1
device_16_rigid_0004.obj,1.0,1
device_16_rigid_0005.obj,0.9999967813491821,1
device_16_rigid_0006.obj,0.9998513460159302,1
device_16_rigid_0007.obj,0.9999442100524902,1
device_16_rigid_0008.obj,0.9999992847442627,1
device_16_rigid_0009.obj,0.9999904632568359,1
device_16_rigid_0010.obj,0.9998760223388672,1
device_16_rigid_0011.obj,0.9999711513519287,1
device_16_rigid_0012.obj,0.9999991655349731,1
device_16_rigid_0013.obj,0.9999995231628418,1
device_16_rigid_0014.obj,0.980847954750061,1
device_16_rigid_0015.obj,0.999998927116394,1
device_16_rigid_0016.obj,1.0,1
device_16_rigid_0017.obj,0.9982044696807861,1
device_16_rigid_0018.obj,0.9999675750732422,1
device_16_rigid_0019.obj,1.0,1
device_16_rigid_0020.obj,0.999990701675415,1
device_16_rigid_0021.obj,0.9997419714927673,1
device_16_rigid_0022.obj,0.9999998807907104,1
device_16_rigid_0023.obj,0.9999747276306152,1
device_16_rigid_0024.obj,0.9999675750732422,1
device_16_tetwild_0000.obj,0.9994851350784302,1
device_16_tetwild_0001.obj,0.9999154806137085,1
device_16_tetwild_0002.obj,0.9999761581420898,1
device_16_tetwild_0003.obj,1.0,1
device_16_tetwild_0004.obj,0.9999997615814209,1
device_16_tetwild_0005.obj,0.9999988079071045,1
device_16_tetwild_0006.obj,0.9999998807907104,1
device_16_tetwild_0007.obj,0.9999997615814209,1
device_16_tetwild_0008.obj,0.9999339580535889,1
device_16_tetwild_0009.obj,0.9999997615814209,1
device_16_tetwild_0010.obj,0.9999988079071045,1
device_16_tetwild_0011.obj,0.9999996423721313,1
device_16_tetwild_0012.obj,0.9999809265136719,1
device_16_tetwild_0013.obj,1.0,1
device_16_tetwild_0014.obj,0.9999998807907104,1
device_16_tetwild_0015.obj,1.0,1
device_16_tetwild_0016.obj,0.9999908208847046,1
device_16_tetwild_0017.obj,0.9999997615814209,1
device_16_tetwild_0018.obj,0.735278308391571,1
device_16_tetwild_0019.obj,1.0,1
device_16_tetwild_0020.obj,0.9999649524688721,1
device_16_tetwild_0021.obj,0.999940037727356,1
device_16_tetwild_0022.obj,1.0,1
device_16_tetwild_0023.obj,0.9998880624771118,1
device_16_tetwild_0024.obj,0.9999903440475464,1
device_11_degenerate_0000.obj,1.0,1
device_11_degenerate_0001.obj,1.0,1
device_11_degenerate_0002.obj,1.0,1
device_11_degenerate_0003.obj,1.0,1
device_11_degenerate_0004.obj,1.0,1
device_11_degenerate_0005.obj,1.0,1
device_11_degenerate_0006.obj,1.0,1
device_11_degenerate_0007.obj,1.0,1
device_11_degenerate_0008.obj,1.0,1
device_11_degenerate_0009.obj,1.0,1
device_11_degenerate_0010.obj,1.0,1
device_11_degenerate_0011.obj,1.0,1
device_11_degenerate_0012.obj,1.0,1
device_11_degenerate_0013.obj,1.0,1
device_11_degenerate_0014.obj,1.0,1
device_11_degenerate_0015.obj,1.0,1
device_11_degenerate_0016.obj,1.0,1
device_11_degenerate_0017.obj,1.0,1
device_11_degenerate_0018.obj,1.0,1
device_11_degenerate_0019.obj,1.0,1
device_11_degenerate_0020.obj,1.0,1
device_11_degenerate_0021.obj,1.0,1
device_11_degenerate_0022.obj,1.0,1
device_11_degenerate_0023.obj,1.0,1
device_11_degenerate_0024.obj,1.0,1
device_11_disconnected_0000.obj,1.0,1
device_11_disconnected_0001.obj,0.9999969005584717,1
device_11_disconnected_0002.obj,0.9998724460601807,1
device_11_disconnected_0003.obj,1.0,1
device_11_disconnected_0004.obj,1.0,1
device_11_disconnected_0005.obj,0.9999829530715942,1
device_11_disconnected_0006.obj,1.0,1
device_11_disconnected_0007.obj,0.9999998807907104,1
device_11_disconnected_0008.obj,0.9999986886978149,1
device_11_disconnected_0009.obj,0.999998927116394,1
device_11_disconnected_0010.obj,0.9999858140945435,1
device_11_disconnected_0011.obj,0.9998570680618286,1
device_11_disconnected_0012.obj,0.9999984502792358,1
device_11_disconnected_0013.obj,0.9999737739562988,1
device_11_disconnected_0014.obj,0.999998927116394,1
device_11_disconnected_0015.obj,0.9998595714569092,1
device_11_disconnected_0016.obj,0.999997615814209,1
device_11_disconnected_0017.obj,0.9990311861038208,1
device_11_disconnected_0018.obj,0.9999746084213257,1
device_11_disconnected_0019.obj,0.9999884366989136,1
device_11_disconnected_0020.obj,0.9999980926513672,1
device_11_disconnected_0021.obj,0.9999407529830933,1
device_11_disconnected_0022.obj,0.999907374382019,1
device_11_disconnected_0023.obj,0.9999986886978149,1
device_11_disconnected_0024.obj,1.0,1
device_11_faceswap_0000.obj,1.0,1
device_11_faceswap_0001.obj,1.0,1
device_11_faceswap_0002.obj,1.0,1
device_11_faceswap_0003.obj,1.0,1
device_11_faceswap_0004.obj,1.0,1
device_11_faceswap_0005.obj,1.0,1
device_11_faceswap_0006.obj,1.0,1
device_11_faceswap_0007.obj,1.0,1
device_11_faceswap_0008.obj,1.0,1
device_11_faceswap_0009.obj,1.0,1
device_11_faceswap_0010.obj,1.0,1
device_11_faceswap_0011.obj,1.0,1
device_11_faceswap_0012.obj,1.0,1
device_11_faceswap_0013.obj,1.0,1
device_11_faceswap_0014.obj,1.0,1
device_11_faceswap_0015.obj,1.0,1
device_11_faceswap_0016.obj,1.0,1
device_11_faceswap_0017.obj,1.0,1
device_11_faceswap_0018.obj,1.0,1
device_11_faceswap_0019.obj,1.0,1
device_11_faceswap_0020.obj,1.0,1
device_11_faceswap_0021.obj,1.0,1
device_11_faceswap_0022.obj,1.0,1
device_11_faceswap_0023.obj,1.0,1
device_11_faceswap_0024.obj,1.0,1
device_11_jitter_0000.obj,1.0,1
device_11_jitter_0001.obj,1.0,1
device_11_jitter_0002.obj,1.0,1
device_11_jitter_0003.obj,1.0,1
device_11_jitter_0004.obj,1.0,1
device_11_jitter_0005.obj,1.0,1
device_11_jitter_0006.obj,1.0,1
device_11_jitter_0007.obj,1.0,1
device_11_jitter_0008.obj,1.0,1
device_11_jitter_0009.obj,1.0,1
device_11_jitter_0010.obj,1.0,1
device_11_jitter_0011.obj,1.0,1
device_11_jitter_0012.obj,1.0,1
device_11_jitter_0013.obj,1.0,1
device_11_jitter_0014.obj,1.0,1
device_11_jitter_0015.obj,1.0,1
device_11_jitter_0016.obj,1.0,1
device_11_jitter_0017.obj,1.0,1
device_11_jitter_0018.obj,1.0,1
device_11_jitter_0019.obj,1.0,1
device_11_jitter_0020.obj,1.0,1
device_11_jitter_0021.obj,1.0,1
device_11_jitter_0022.obj,1.0,1
device_11_jitter_0023.obj,1.0,1
device_11_jitter_0024.obj,1.0,1
device_11_rigid_0000.obj,0.9999955892562866,1
device_11_rigid_0001.obj,0.9999998807907104,1
device_11_rigid_0002.obj,0.9999998807907104,1
device_11_rigid_0003.obj,0.9999998807907104,1
device_11_rigid_0004.obj,1.0,1
device_11_rigid_0005.obj,0.5961152911186218,1
device_11_rigid_0006.obj,0.9999979734420776,1
device_11_rigid_0007.obj,0.9999977350234985,1
device_11_rigid_0008.obj,1.0,1
device_11_rigid_0009.obj,0.9999996423721313,1
device_11_rigid_0010.obj,0.9999949932098389,1
device_11_rigid_0011.obj,1.0,1
device_11_rigid_0012.obj,0.9999887943267822,1
device_11_rigid_0013.obj,0.9999884366989136,1
device_11_rigid_0014.obj,1.0,1
device_11_rigid_0015.obj,0.9999372959136963,1
device_11_rigid_0016.obj,0.9998900890350342,1
device_11_rigid_0017.obj,0.9981789588928223,1
device_11_rigid_0018.obj,0.9999996423721313,1
device_11_rigid_0019.obj,0.9999997615814209,1
device_11_rigid_0020.obj,0.9632046222686768,1
device_11_rigid_0021.obj,0.9999594688415527,1
device_11_rigid_0022.obj,1.0,1
device_11_rigid_0023.obj,0.9999958276748657,1
device_11_rigid_0024.obj,0.9999943971633911,1
device_11_tetwild_0000.obj,0.9999834299087524,1
device_11_tetwild_0001.obj,0.9999967813491821,1
device_11_tetwild_0002.obj,0.9998397827148438,1
device_11_tetwild_0003.obj,0.9999992847442627,1
device_11_tetwild_0004.obj,0.999998927116394,1
device_11_tetwild_0005.obj,1.0,1
device_11_tetwild_0006.obj,0.9999884366989136,1
device_11_tetwild_0007.obj,0.9999986886978149,1
device_11_tetwild_0008.obj,0.9999814033508301,1
device_11_tetwild_0009.obj,0.9999994039535522,1
device_11_tetwild_0010.obj,0.9999980926513672,1
device_11_tetwild_0011.obj,0.9999924898147583,1
device_11_tetwild_0012.obj,0.9997109770774841,1
device_11_tetwild_0013.obj,0.9999245405197144,1
device_11_tetwild_0014.obj,0.999951958656311,1
device_11_tetwild_0015.obj,0.9999994039535522,1
device_11_tetwild_0016.obj,0.9999998807907104,1
device_11_tetwild_0017.obj,0.9999994039535522,1
device_11_tetwild_0018.obj,0.9999904632568359,1
device_11_tetwild_0019.obj,0.9998960494995117,1
device_11_tetwild_0020.obj,0.9999998807907104,1
device_11_tetwild_0021.obj,0.9999957084655762,1
device_11_tetwild_0022.obj,1.0,1
device_11_tetwild_0023.obj,0.9999861717224121,1
device_11_tetwild_0024.obj,0.9999939203262329,1
device_02_degenerate_0000.obj,1.0,1
device_02_degenerate_0001.obj,1.0,1
device_02_degenerate_0002.obj,1.0,1
device_02_degenerate_0003.obj,0.9999150037765503,1
device_02_degenerate_0004.obj,1.0,1
device_02_degenerate_0005.obj,0.9992249011993408,1
device_02_degenerate_0006.obj,0.999998927116394,1
device_02_degenerate_0007.obj,0.999998927116394,1
device_02_degenerate_0008.obj,0.9999980926513672,1
device_02_degenerate_0009.obj,1.0,1
device_02_degenerate_0010.obj,0.9999810457229614,1
device_02_degenerate_0011.obj,1.0,1
device_02_degenerate_0012.obj,1.0,1
device_02_degenerate_0013.obj,1.0,1
device_02_degenerate_0014.obj,1.0,1
device_02_degenerate_0015.obj,1.0,1
device_02_degenerate_0016.obj,1.0,1
device_02_degenerate_0017.obj,1.0,1
device_02_degenerate_0018.obj,1.0,1
device_02_degenerate_0019.obj,0.9998323917388916,1
device_02_degenerate_0020.obj,0.999998927116394,1
device_02_degenerate_0021.obj,0.999998927116394,1
device_02_degenerate_0022.obj,1.0,1
device_02_degenerate_0023.obj,1.0,1
device_02_degenerate_0024.obj,1.0,1
device_02_disconnected_0000.obj,0.9999901056289673,1
device_02_disconnected_0001.obj,0.9998065829277039,1
device_02_disconnected_0002.obj,0.9999997615814209,1
device_02_disconnected_0003.obj,0.999992847442627,1
device_02_disconnected_0004.obj,0.999997615814209,1
device_02_disconnected_0005.obj,0.9999698400497437,1
device_02_disconnected_0006.obj,0.999998927116394,1
device_02_disconnected_0007.obj,0.9999237060546875,1
device_02_disconnected_0008.obj,0.9999986886978149,1
device_02_disconnected_0009.obj,0.9999997615814209,1
device_02_disconnected_0010.obj,0.9999992847442627,1
device_02_disconnected_0011.obj,0.999998927116394,1
device_02_disconnected_0012.obj,0.9999926090240479,1
device_02_disconnected_0013.obj,1.0,1
device_02_disconnected_0014.obj,0.9999585151672363,1
device_02_disconnected_0015.obj,0.9999932050704956,1
device_02_disconnected_0016.obj,0.9999991655349731,1
device_02_disconnected_0017.obj,0.9999998807907104,1
device_02_disconnected_0018.obj,0.9996564388275146,1
device_02_disconnected_0019.obj,0.9952080845832825,1
device_02_disconnected_0020.obj,0.9999985694885254,1
device_02_disconnected_0021.obj,0.9999977350234985,1
device_02_disconnected_0022.obj,1.0,1
device_02_disconnected_0023.obj,0.9999991655349731,1
device_02_disconnected_0024.obj,0.9991427659988403,1
device_02_faceswap_0000.obj,0.999998927116394,1
device_02_faceswap_0001.obj,0.999998927116394,1
device_02_faceswap_0002.obj,0.999998927116394,1
device_02_faceswap_0003.obj,0.999998927116394,1
device_02_faceswap_0004.obj,0.999998927116394,1
device_02_faceswap_0005.obj,0.999998927116394,1
device_02_faceswap_0006.obj,0.999998927116394,1
device_02_faceswap_0007.obj,0.999998927116394,1
device_02_faceswap_0008.obj,0.999998927116394,1
device_02_faceswap_0009.obj,0.999998927116394,1
device_02_faceswap_0010.obj,0.999998927116394,1
device_02_faceswap_0011.obj,0.999998927116394,1
device_02_faceswap_0012.obj,0.999998927116394,1
device_02_faceswap_0013.obj,0.999998927116394,1
device_02_faceswap_0014.obj,0.999998927116394,1
device_02_faceswap_0015.obj,0.999998927116394,1
device_02_faceswap_0016.obj,0.999998927116394,1
device_02_faceswap_0017.obj,0.999998927116394,1
device_02_faceswap_0018.obj,0.999998927116394,1
device_02_faceswap_0019.obj,0.999998927116394,1
device_02_faceswap_0020.obj,0.999998927116394,1
device_02_faceswap_0021.obj,0.999998927116394,1
device_02_faceswap_0022.obj,0.999998927116394,1
device_02_faceswap_0023.obj,0.999998927116394,1
device_02_faceswap_0024.obj,0.999998927116394,1
device_02_jitter_0000.obj,0.9999991655349731,1
device_02_jitter_0001.obj,0.9999991655349731,1
device_02_jitter_0002.obj,0.9999995231628418,1
device_02_jitter_0003.obj,0.9999995231628418,1
device_02_jitter_0004.obj,0.9999992847442627,1
device_02_jitter_0005.obj,0.9999990463256836,1
device_02_jitter_0006.obj,0.9999996423721313,1
device_02_jitter_0007.obj,0.9999992847442627,1
device_02_jitter_0008.obj,0.9999977350234985,1
device_02_jitter_0009.obj,0.9999990463256836,1
device_02_jitter_0010.obj,0.9999995231628418,1
device_02_jitter_0011.obj,0.9999991655349731,1
device_02_jitter_0012.obj,0.9999994039535522,1
device_02_jitter_0013.obj,0.9999986886978149,1
device_02_jitter_0014.obj,0.9999994039535522,1
device_02_jitter_0015.obj,0.9999996423721313,1
device_02_jitter_0016.obj,0.9999996423721313,1
device_02_jitter_0017.obj,0.9999996423721313,1
device_02_jitter_0018.obj,0.9999995231628418,1
device_02_jitter_0019.obj,0.9999996423721313,1
device_02_jitter_0020.obj,0.9999992847442627,1
device_02_jitter_0021.obj,0.9999985694885254,1
device_02_jitter_0022.obj,0.9999994039535522,1
device_02_jitter_0023.obj,0.9999992847442627,1
device_02_jitter_0024.obj,0.9999994039535522,1
device_02_rigid_0000.obj,0.9999943971633911,1
device_02_rigid_0001.obj,0.999874472618103,1
device_02_rigid_0002.obj,0.9999507665634155,1
device_02_rigid_0003.obj,0.9999979734420776,1
device_02_rigid_0004.obj,0.9999983310699463,1
device_02_rigid_0005.obj,0.9999929666519165,1
device_02_rigid_0006.obj,0.9853657484054565,1
device_02_rigid_0007.obj,0.9999688863754272,1
device_02_rigid_0008.obj,0.9999874830245972,1
device_02_rigid_0009.obj,0.9999997615814209,1
device_02_rigid_0010.obj,0.9999940395355225,1
device_02_rigid_0011.obj,0.9998413324356079,1
device_02_rigid_0012.obj,0.997809112071991,1
device_02_rigid_0013.obj,0.9999189376831055,1
device_02_rigid_0014.obj,0.9999762773513794,1
device_02_rigid_0015.obj,0.9999988079071045,1
device_02_rigid_0016.obj,0.9926674962043762,1
device_02_rigid_0017.obj,0.9999977350234985,1
device_02_rigid_0018.obj,0.9999940395355225,1
device_02_rigid_0019.obj,0.9999964237213135,1
device_02_rigid_0020.obj,0.9998157620429993,1
device_02_rigid_0021.obj,0.9999891519546509,1
device_02_rigid_0022.obj,0.9999945163726807,1
device_02_rigid_0023.obj,0.9994082450866699,1
device_02_rigid_0024.obj,0.9997760653495789,1
device_02_tetwild_0000.obj,0.9999958276748657,1
device_02_tetwild_0001.obj,0.9999994039535522,1
device_02_tetwild_0002.obj,0.9999971389770508,1
device_02_tetwild_0003.obj,0.9999966621398926,1
device_02_tetwild_0004.obj,0.9999973773956299,1
device_02_tetwild_0006.obj,0.9999481439590454,1
device_02_tetwild_0007.obj,0.9999977350234985,1
device_02_tetwild_0008.obj,0.9999393224716187,1
device_02_tetwild_0009.obj,1.0,1
device_02_tetwild_0010.obj,0.9999898672103882,1
device_02_tetwild_0011.obj,0.9926364421844482,1
device_02_tetwild_0012.obj,0.9999932050704956,1
device_02_tetwild_0013.obj,0.9999328851699829,1
device_02_tetwild_0014.obj,0.9959542751312256,1
device_02_tetwild_0015.obj,0.999994158744812,1
device_02_tetwild_0016.obj,0.9999998807907104,1
device_02_tetwild_0018.obj,0.999981164932251,1
device_02_tetwild_0019.obj,0.9999593496322632,1
device_02_tetwild_0020.obj,0.9999793767929077,1
device_02_tetwild_0021.obj,0.9999779462814331,1
device_02_tetwild_0022.obj,0.9999996423721313,1
device_02_tetwild_0023.obj,0.9999991655349731,1
device_02_tetwild_0024.obj,0.9999978542327881,1
device_27_degenerate_0000.obj,1.0,1
device_27_degenerate_0001.obj,1.0,1
device_27_degenerate_0002.obj,1.0,1
device_27_degenerate_0003.obj,1.0,1
device_27_degenerate_0004.obj,1.0,1
device_27_degenerate_0005.obj,1.0,1
device_27_degenerate_0006.obj,1.0,1
device_27_degenerate_0007.obj,1.0,1
device_27_degenerate_0008.obj,1.0,1
device_27_degenerate_0009.obj,1.0,1
device_27_degenerate_0010.obj,1.0,1
device_27_degenerate_0011.obj,1.0,1
device_27_degenerate_0012.obj,1.0,1
device_27_degenerate_0013.obj,1.0,1
device_27_degenerate_0014.obj,1.0,1
device_27_degenerate_0015.obj,1.0,1
device_27_degenerate_0016.obj,1.0,1
device_27_degenerate_0017.obj,1.0,1
device_27_degenerate_0018.obj,1.0,1
device_27_degenerate_0019.obj,1.0,1
device_27_degenerate_0020.obj,1.0,1
device_27_degenerate_0021.obj,1.0,1
device_27_degenerate_0022.obj,1.0,1
device_27_degenerate_0023.obj,1.0,1
device_27_degenerate_0024.obj,1.0,1
device_27_disconnected_0000.obj,1.0,1
device_27_disconnected_0001.obj,0.9674791097640991,1
device_27_disconnected_0002.obj,0.999998927116394,1
device_27_disconnected_0003.obj,0.9998123049736023,1
device_27_disconnected_0004.obj,0.9999977350234985,1
device_27_disconnected_0005.obj,0.9999905824661255,1
device_27_disconnected_0006.obj,0.9999998807907104,1
device_27_disconnected_0007.obj,1.0,1
device_27_disconnected_0008.obj,0.997222900390625,1
device_27_disconnected_0009.obj,0.9999978542327881,1
device_27_disconnected_0010.obj,0.999998927116394,1
device_27_disconnected_0011.obj,0.9999507665634155,1
device_27_disconnected_0012.obj,0.9999933242797852,1
device_27_disconnected_0013.obj,0.9999860525131226,1
device_27_disconnected_0014.obj,0.9999970197677612,1
device_27_disconnected_0015.obj,0.9960758090019226,1
device_27_disconnected_0016.obj,0.9999904632568359,1
device_27_disconnected_0017.obj,0.9999998807907104,1
device_27_disconnected_0018.obj,0.9999958276748657,1
device_27_disconnected_0019.obj,0.9999990463256836,1
device_27_disconnected_0020.obj,0.9999998807907104,1
device_27_disconnected_0021.obj,1.0,1
device_27_disconnected_0022.obj,0.999954104423523,1
device_27_disconnected_0023.obj,0.9999995231628418,1
device_27_disconnected_0024.obj,1.0,1
device_27_faceswap_0000.obj,1.0,1
device_27_faceswap_0001.obj,1.0,1
device_27_faceswap_0002.obj,1.0,1
device_27_faceswap_0003.obj,1.0,1
device_27_faceswap_0004.obj,1.0,1
device_27_faceswap_0005.obj,1.0,1
device_27_faceswap_0006.obj,1.0,1
device_27_faceswap_0007.obj,1.0,1
device_27_faceswap_0008.obj,1.0,1
device_27_faceswap_0009.obj,1.0,1
device_27_faceswap_0010.obj,1.0,1
device_27_faceswap_0011.obj,1.0,1
device_27_faceswap_0012.obj,1.0,1
device_27_faceswap_0013.obj,1.0,1
device_27_faceswap_0014.obj,1.0,1
device_27_faceswap_0015.obj,1.0,1
device_27_faceswap_0016.obj,1.0,1
device_27_faceswap_0017.obj,1.0,1
device_27_faceswap_0018.obj,1.0,1
device_27_faceswap_0019.obj,1.0,1
device_27_faceswap_0020.obj,1.0,1
device_27_faceswap_0021.obj,1.0,1
device_27_faceswap_0022.obj,1.0,1
device_27_faceswap_0023.obj,1.0,1
device_27_faceswap_0024.obj,1.0,1
device_27_jitter_0000.obj,1.0,1
device_27_jitter_0001.obj,1.0,1
device_27_jitter_0002.obj,1.0,1
device_27_jitter_0003.obj,1.0,1
device_27_jitter_0004.obj,1.0,1
device_27_jitter_0005.obj,1.0,1
device_27_jitter_0006.obj,1.0,1
device_27_jitter_0007.obj,1.0,1
device_27_jitter_0008.obj,1.0,1
device_27_jitter_0009.obj,1.0,1
device_27_jitter_0010.obj,1.0,1
device_27_jitter_0011.obj,1.0,1
device_27_jitter_0012.obj,1.0,1
device_27_jitter_0013.obj,1.0,1
device_27_jitter_0014.obj,1.0,1
device_27_jitter_0015.obj,1.0,1
device_27_jitter_0016.obj,1.0,1
device_27_jitter_0017.obj,1.0,1
device_27_jitter_0018.obj,1.0,1
device_27_jitter_0019.obj,1.0,1
device_27_jitter_0020.obj,1.0,1
device_27_jitter_0021.obj,1.0,1
device_27_jitter_0022.obj,1.0,1
device_27_jitter_0023.obj,1.0,1
device_27_jitter_0024.obj,1.0,1
device_27_rigid_0000.obj,0.9999905824661255,1
device_27_rigid_0001.obj,0.6137489676475525,1
device_27_rigid_0002.obj,0.8673070669174194,1
device_27_rigid_0003.obj,0.9999995231628418,1
device_27_rigid_0004.obj,0.9999423027038574,1
device_27_rigid_0005.obj,0.9993577599525452,1
device_27_rigid_0006.obj,1.0,1
device_27_rigid_0007.obj,0.7177050113677979,1
device_27_rigid_0008.obj,0.999925971031189,1
device_27_rigid_0009.obj,0.9999992847442627,1
device_27_rigid_0010.obj,0.9989798665046692,1
device_27_rigid_0011.obj,0.9692007303237915,1
device_27_rigid_0012.obj,0.9969915151596069,1
device_27_rigid_0013.obj,0.9999895095825195,1
device_27_rigid_0014.obj,0.989809513092041,1
device_27_rigid_0015.obj,0.9997488856315613,1
device_27_rigid_0016.obj,0.9994915723800659,1
device_27_rigid_0017.obj,0.9999982118606567,1
device_27_rigid_0018.obj,0.9627923965454102,1
device_27_rigid_0019.obj,0.9999088048934937,1
device_27_rigid_0020.obj,0.9989054203033447,1
device_27_rigid_0021.obj,0.9999991655349731,1
device_27_rigid_0022.obj,0.999735414981842,1
device_27_rigid_0023.obj,0.9996740818023682,1
device_27_rigid_0024.obj,0.9974732995033264,1
device_27_tetwild_0000.obj,0.006419988349080086,1
device_27_tetwild_0001.obj,0.9966926574707031,1
device_27_tetwild_0002.obj,0.9999678134918213,1
device_27_tetwild_0003.obj,0.004308520350605249,1
device_27_tetwild_0004.obj,0.9999914169311523,1
device_27_tetwild_0005.obj,0.9999860525131226,1
device_27_tetwild_0006.obj,0.9999818801879883,1
device_27_tetwild_0007.obj,0.07282450795173645,1
device_27_tetwild_0008.obj,0.9999803304672241,1
device_27_tetwild_0009.obj,0.998367965221405,1
device_27_tetwild_0010.obj,1.0,1
device_27_tetwild_0011.obj,0.9999992847442627,1
device_27_tetwild_0012.obj,0.9993613362312317,1
device_27_tetwild_0013.obj,0.9993529915809631,1
device_27_tetwild_0014.obj,0.6164543032646179,1
device_27_tetwild_0015.obj,0.9999994039535522,1
device_27_tetwild_0016.obj,0.9999997615814209,1
device_27_tetwild_0017.obj,0.9999740123748779,1
device_27_tetwild_0018.obj,0.9996770620346069,1
device_27_tetwild_0019.obj,0.9999901056289673,1
device_27_tetwild_0020.obj,1.0,1
device_27_tetwild_0021.obj,0.9916831254959106,1
device_27_tetwild_0022.obj,0.9999963045120239,1
device_27_tetwild_0023.obj,0.9985248446464539,1
device_27_tetwild_0024.obj,0.9998055100440979,1
